model,protocol,fold,well_id,n_points,sse,rmse,max_abs_error,bias,prefix_len,suffix_len,gr_missing_frac,anchor_tvt,has_typewell,predict_seconds,target_min,target_max,target_range,scored_exact_suffix,trajectory_curvature_deg_per_1000ft,alignment_confidence_mean,alignment_confidence_p10,typewell_gr_correlation,alignment_ok,alignment_failure_reason,alignment_cache_hit,fallback_points,fallback_fraction,dip_fit_r2,particle_confidence_mean,particle_confidence_p10,particle_branch_spread_mean,particle_branch_spread_p90,particle_path_smoothness,particle_fallback_status,particle_fallback_fraction,particle_failure_reason,particle_cache_hit,beam_confidence_mean,beam_confidence_p10,beam_branch_spread_mean,beam_branch_spread_p90,beam_path_smoothness,beam_fallback_status,beam_fallback_fraction,beam_failure_reason,beam_cache_hit
ridge_default,same_well_masked,0,tr00064,3011,2146.1845384498065,0.8442637707866176,1.1395517183267572,-0.8097610213098412,200,3011,0.6922152088969041,26.56536087717637,True,0.01538396400064812,24.001088568132268,26.6452865128063,2.6441979446740334,True,669.9348929324711,,,,,,,0,,,,,,,,,,,,,,,,,,,,
ridge_affine_cal,same_well_masked,0,tr00064,3011,2916.7901824031524,0.9842314017258301,1.321984523254958,-0.9335857860513264,200,3011,0.6922152088969041,26.56536087717637,True,0.02284480100024666,24.001088568132268,26.6452865128063,2.6441979446740334,True,669.9348929324711,,,,,,,0,,,,,,,,,,,,,,,,,,,,
ridge_multibranch,same_well_masked,0,tr00064,3011,2148.334335287882,0.8446865073377655,1.180700409962899,-0.7901205758381131,200,3011,0.6922152088969041,26.56536087717637,True,0.02391996599999402,24.001088568132268,26.6452865128063,2.6441979446740334,True,669.9348929324711,,,,,,,0,,,,,,,,,,,,,,,,,,,,
ridge_affine_multibranch,same_well_masked,0,tr00064,3011,3201.518308440258,1.0311518306186513,1.4196079407205424,-0.9571278010096971,200,3011,0.6922152088969041,26.56536087717637,True,0.03152581399990595,24.001088568132268,26.6452865128063,2.6441979446740334,True,669.9348929324711,,,,,,,0,,,,,,,,,,,,,,,,,,,,
ridge_gated_gbdt,same_well_masked,0,tr00064,3011,2146.1845384498065,0.8442637707866176,1.1395517183267572,-0.8097610213098412,200,3011,0.6922152088969041,26.56536087717637,True,0.10750893099975656,24.001088568132268,26.6452865128063,2.6441979446740334,True,669.9348929324711,0.8788006099515935,1.0,,True,,,3011,1.0,,,,,,,,,,,,,,,,,,,
ridge_default,same_well_masked,0,tr000c8,1353,4695.347060847262,1.8628803050462581,3.3799437875882887,1.5532329467944483,2314,1353,0.07191235059760956,32.70530764717869,True,0.014546545000484912,32.25034865702367,32.82425659174903,0.5739079347253551,True,682.7035459134614,,,,,,,0,,,,,,,,,,,,,,,,,,,,
ridge_affine_cal,same_well_masked,0,tr000c8,1353,5950.810025962537,2.0971965988556462,3.6444352848579626,1.8261584148346863,2314,1353,0.07191235059760956,32.70530764717869,True,0.02278017499975249,32.25034865702367,32.82425659174903,0.5739079347253551,True,682.7035459134614,,,,,,,0,,,,,,,,,,,,,,,,,,,,
ridge_multibranch,same_well_masked,0,tr000c8,1353,5625.412954667121,2.0390520228793134,3.5905023160684237,1.755300581522862,2314,1353,0.07191235059760956,32.70530764717869,True,0.025632791000134603,32.25034865702367,32.82425659174903,0.5739079347253551,True,682.7035459134614,,,,,,,0,,,,,,,,,,,,,,,,,,,,
ridge_affine_multibranch,same_well_masked,0,tr000c8,1353,6415.598221289122,2.177557746493073,3.7299239803712823,1.9142770033941618,2314,1353,0.07191235059760956,32.70530764717869,True,0.0301920779993452,32.25034865702367,32.82425659174903,0.5739079347253551,True,682.7035459134614,,,,,,,0,,,,,,,,,,,,,,,,,,,,
ridge_gated_gbdt,same_well_masked,0,tr000c8,1353,347.1084297727003,0.5065049361914717,1.0265630764690599,0.4154632266003485,2314,1353,0.07191235059760956,32.70530764717869,True,0.13952575699931913,32.25034865702367,32.82425659174903,0.5739079347253551,True,682.7035459134614,0.8251732997648594,0.9,,True,,,0,0.0,,,,,,,,,,,,,,,,,,,
ridge_default,same_well_masked,0,tr00000,2913,15208.303837200005,2.284915521788405,4.230352067532301,1.8281282094686806,1249,2913,0.06148409893992933,54.95115876206781,True,0.016283321000628348,54.95286530790393,60.15668237673304,5.20381706882911,True,667.4722502222261,,,,,,,0,,,,,,,,,,,,,,,,,,,,
ridge_affine_cal,same_well_masked,0,tr00000,2913,9850.234053553066,1.8388784897558823,3.5983050271973696,1.180840917542682,1249,2913,0.06148409893992933,54.95115876206781,True,0.023813084999346756,54.95286530790393,60.15668237673304,5.20381706882911,True,667.4722502222261,,,,,,,0,,,,,,,,,,,,,,,,,,,,
ridge_multibranch,same_well_masked,0,tr00000,2913,15460.21416047529,2.3037614699800866,4.268016064279088,1.8348862820508236,1249,2913,0.06148409893992933,54.95115876206781,True,0.023586594000335026,54.95286530790393,60.15668237673304,5.20381706882911,True,667.4722502222261,,,,,,,0,,,,,,,,,,,,,,,,,,,,
ridge_affine_multibranch,same_well_masked,0,tr00000,2913,8843.946654579982,1.7424198693853807,3.4146706441817827,1.0196708450003569,1249,2913,0.06148409893992933,54.95115876206781,True,0.029991800999596308,54.95286530790393,60.15668237673304,5.20381706882911,True,667.4722502222261,,,,,,,0,,,,,,,,,,,,,,,,,,,,
ridge_gated_gbdt,same_well_masked,0,tr00000,2913,1663.101122555242,0.755595018498099,1.6405437596775414,-0.5909931790191105,1249,2913,0.06148409893992933,54.95115876206781,True,0.17502029000024777,54.95286530790393,60.15668237673304,5.20381706882911,True,667.4722502222261,0.9214135956996914,1.0,,True,,,0,0.0,,,,,,,,,,,,,,,,,,,
ridge_default,same_well_masked,0,tr000c1,1926,4095.9338260734567,1.4583048641766707,1.7431373144017854,-1.4522143400323735,664,1926,0.14570416297608504,34.529133684968656,True,0.015061131000038586,32.10851727457407,34.6352236136906,2.5267063391165294,True,680.5934507062915,,,,,,,0,,,,,,,,,,,,,,,,,,,,
ridge_affine_cal,same_well_masked,0,tr000c1,1926,6852.961392466522,1.886301026905608,2.275744185699029,-1.8752062380275611,664,1926,0.14570416297608504,34.529133684968656,True,0.022997730999122723,32.10851727457407,34.6352236136906,2.5267063391165294,True,680.5934507062915,,,,,,,0,,,,,,,,,,,,,,,,,,,,
ridge_multibranch,same_well_masked,0,tr000c1,1926,5000.936480757036,1.6113783630314185,1.910296371544785,-1.6051444309598883,664,1926,0.14570416297608504,34.529133684968656,True,0.02425675599988608,32.10851727457407,34.6352236136906,2.5267063391165294,True,680.5934507062915,,,,,,,0,,,,,,,,,,,,,,,,,,,,
ridge_affine_multibranch,same_well_masked,0,tr000c1,1926,8196.44554392843,2.0629306931196134,2.580263728665681,-2.048896362890059,664,1926,0.14570416297608504,34.529133684968656,True,0.03111714100032259,32.10851727457407,34.6352236136906,2.5267063391165294,True,680.5934507062915,,,,,,,0,,,,,,,,,,,,,,,,,,,,
ridge_gated_gbdt,same_well_masked,0,tr000c1,1926,7.70023123300109,0.06323008157098209,0.18566495909243486,0.023285157326390117,664,1926,0.14570416297608504,34.529133684968656,True,0.13046568000027037,32.10851727457407,34.6352236136906,2.5267063391165294,True,680.5934507062915,0.8661196756170016,1.0,,True,,,0,0.0,,,,,,,,,,,,,,,,,,,
ridge_default,same_well_masked,0,tr000d6,2057,68567.0616706207,5.773519322084207,7.854502760654782,-5.592493292023378,1782,2057,0.0,17.05682242688337,True,0.015024276999611175,15.77579271385146,37.18682474630656,21.411032032455104,True,688.6833937145938,,,,,,,0,,,,,,,,,,,,,,,,,,,,
ridge_affine_cal,same_well_masked,0,tr000d6,2057,59516.31863973571,5.378991825400254,8.213025518564919,-5.187485338910903,1782,2057,0.0,17.05682242688337,True,0.023178915999778837,15.77579271385146,37.18682474630656,21.411032032455104,True,688.6833937145938,,,,,,,0,,,,,,,,,,,,,,,,,,,,
ridge_multibranch,same_well_masked,0,tr000d6,2057,53639.289476323174,5.106512065216705,6.848338654600209,-4.922958027440817,1782,2057,0.0,17.05682242688337,True,0.02345877300012944,15.77579271385146,37.18682474630656,21.411032032455104,True,688.6833937145938,,,,,,,0,,,,,,,,,,,,,,,,,,,,
ridge_affine_multibranch,same_well_masked,0,tr000d6,2057,58416.54684589489,5.329062266542571,8.300092057834718,-5.134904876280343,1782,2057,0.0,17.05682242688337,True,0.030991895000624936,15.77579271385146,37.18682474630656,21.411032032455104,True,688.6833937145938,,,,,,,0,,,,,,,,,,,,,,,,,,,,
ridge_gated_gbdt,same_well_masked,0,tr000d6,2057,798497.772020732,19.70242615795922,21.6463780718371,-18.3682571569333,1782,2057,0.0,17.05682242688337,True,0.1627092469998388,15.77579271385146,37.18682474630656,21.411032032455104,True,688.6833937145938,0.5450298034355935,1.0,,True,,,0,0.0,,,,,,,,,,,,,,,,,,,
ridge_default,same_well_masked,0,tr000e6,1605,1940.7373238483374,1.099628179540175,2.281909058525777,-0.8120134181452506,2018,1605,0.12834736036725325,-15.524617002562174,True,0.01461698000002798,-27.0957007714814,-15.516812710480266,11.578888061001134,True,676.909550013473,,,,,,,0,,,,,,,,,,,,,,,,,,,,
ridge_affine_cal,same_well_masked,0,tr000e6,1605,3225.585321727492,1.417642578659056,2.2581378646972894,-1.197469957851447,2018,1605,0.12834736036725325,-15.524617002562174,True,0.024808655999549956,-27.0957007714814,-15.516812710480266,11.578888061001134,True,676.909550013473,,,,,,,0,,,,,,,,,,,,,,,,,,,,
ridge_multibranch,same_well_masked,0,tr000e6,1605,1958.4345715346838,1.1046304611881974,2.1322906648888775,-0.8393406962361917,2018,1605,0.12834736036725325,-15.524617002562174,True,0.02484703900063323,-27.0957007714814,-15.516812710480266,11.578888061001134,True,676.909550013473,,,,,,,0,,,,,,,,,,,,,,,,,,,,
ridge_affine_multibranch,same_well_masked,0,tr000e6,1605,2368.4271045822516,1.2147656221978282,2.5013731183696244,-0.9472010867269959,2018,1605,0.12834736036725325,-15.524617002562174,True,0.030030916000214347,-27.0957007714814,-15.516812710480266,11.578888061001134,True,676.909550013473,,,,,,,0,,,,,,,,,,,,,,,,,,,,
ridge_gated_gbdt,same_well_masked,0,tr000e6,1605,10239.42923100232,2.5258081253299416,8.719786910090509,0.6285777194338871,2018,1605,0.12834736036725325,-15.524617002562174,True,0.1470578199996453,-27.0957007714814,-15.516812710480266,11.578888061001134,True,676.909550013473,0.8594148442555695,1.0,,True,,,0,0.0,,,,,,,,,,,,,,,,,,,
ridge_default,same_well_masked,0,tr00036,4230,1097.412111887877,0.5093481004617005,0.8732528206022927,0.17196470872206857,448,4230,0.0,21.32807573247936,True,0.015757457000290742,9.559327950876662,21.3238477027191,11.764519751842437,True,647.2083439473979,,,,,,,0,,,,,,,,,,,,,,,,,,,,
ridge_affine_cal,same_well_masked,0,tr00036,4230,697.2867144028162,0.4060088606105571,0.979760694287453,-0.0732424970940032,448,4230,0.0,21.32807573247936,True,0.02176240799963125,9.559327950876662,21.3238477027191,11.764519751842437,True,647.2083439473979,,,,,,,0,,,,,,,,,,,,,,,,,,,,
ridge_multibranch,same_well_masked,0,tr00036,4230,1575.6693377925524,0.6103266841755152,0.9747164805724182,0.4183759205803702,448,4230,0.0,21.32807573247936,True,0.02335313000003225,9.559327950876662,21.3238477027191,11.764519751842437,True,647.2083439473979,,,,,,,0,,,,,,,,,,,,,,,,,,,,
ridge_affine_multibranch,same_well_masked,0,tr00036,4230,596.6279702066643,0.3755619808597464,0.8779168479082564,0.029331331450697152,448,4230,0.0,21.32807573247936,True,0.02718782000010833,9.559327950876662,21.3238477027191,11.764519751842437,True,647.2083439473979,,,,,,,0,,,,,,,,,,,,,,,,,,,,
ridge_gated_gbdt,same_well_masked,0,tr00036,4230,111.06617972713778,0.16203943988220132,0.3628754306323536,-0.11274404030057662,448,4230,0.0,21.32807573247936,True,0.1864311989993439,9.559327950876662,21.3238477027191,11.764519751842437,True,647.2083439473979,0.0,0.0,,False,affine_calibration_unusable,,0,0.0,,,,,,,,,,,,,,,,,,,
ridge_default,same_well_masked,0,tr00074,2043,23700.542634963615,3.4060024924308605,5.567910530897009,2.887161274710048,200,2043,0.20623206232062322,14.231031721316516,True,0.01443867199941451,6.091002069417741,14.288196360928014,8.197194291510272,True,711.7937905367853,,,,,,,0,,,,,,,,,,,,,,,,,,,,
ridge_affine_cal,same_well_masked,0,tr00074,2043,30011.455383445646,3.8327398751143487,6.793920113962395,3.216548103117023,200,2043,0.20623206232062322,14.231031721316516,True,0.021055995000097028,6.091002069417741,14.288196360928014,8.197194291510272,True,711.7937905367853,,,,,,,0,,,,,,,,,,,,,,,,,,,,
ridge_multibranch,same_well_masked,0,tr00074,2043,24428.79978847025,3.457935448581163,5.5272417270302,2.996396139908907,200,2043,0.20623206232062322,14.231031721316516,True,0.02072693700029049,6.091002069417741,14.288196360928014,8.197194291510272,True,711.7937905367853,,,,,,,0,,,,,,,,,,,,,,,,,,,,
ridge_affine_multibranch,same_well_masked,0,tr00074,2043,28391.481311174328,3.7278621352524572,6.593526101420251,3.1493083920008194,200,2043,0.20623206232062322,14.231031721316516,True,0.026328887000090617,6.091002069417741,14.288196360928014,8.197194291510272,True,711.7937905367853,,,,,,,0,,,,,,,,,,,,,,,,,,,,
ridge_gated_gbdt,same_well_masked,0,tr00074,2043,23700.542634963615,3.4060024924308605,5.567910530897009,2.887161274710048,200,2043,0.20623206232062322,14.231031721316516,True,0.08438020699941262,6.091002069417741,14.288196360928014,8.197194291510272,True,711.7937905367853,0.0,0.0,,False,affine_calibration_unusable,,2043,1.0,,,,,,,,,,,,,,,,,,,
ridge_default,same_well_masked,0,tr000e1,2058,7328.190687461393,1.8870164911397898,3.317434312611383,1.5751695742076617,272,2058,0.1390154968094804,2.8262674831531216,True,0.014654923000307463,0.4665344122313879,2.816550348176066,2.350015935944678,True,667.8332856712759,,,,,,,0,,,,,,,,,,,,,,,,,,,,
ridge_affine_cal,same_well_masked,0,tr000e1,2058,12243.510084470005,2.4391038203185444,4.102487191580968,2.179154931576482,272,2058,0.1390154968094804,2.8262674831531216,True,0.022395207000045048,0.4665344122313879,2.816550348176066,2.350015935944678,True,667.8332856712759,,,,,,,0,,,,,,,,,,,,,,,,,,,,
ridge_multibranch,same_well_masked,0,tr000e1,2058,6593.624793576985,1.7899439423084993,3.2047385295527397,1.4472046223188744,272,2058,0.1390154968094804,2.8262674831531216,True,0.02254187099970295,0.4665344122313879,2.816550348176066,2.350015935944678,True,667.8332856712759,,,,,,,0,,,,,,,,,,,,,,,,,,,,
ridge_affine_multibranch,same_well_masked,0,tr000e1,2058,10894.023986690137,2.300760847946016,3.9884856292954236,2.0175796617861534,272,2058,0.1390154968094804,2.8262674831531216,True,0.029807528999299393,0.4665344122313879,2.816550348176066,2.350015935944678,True,667.8332856712759,,,,,,,0,,,,,,,,,,,,,,,,,,,,
ridge_gated_gbdt,same_well_masked,0,tr000e1,2058,178.45214926870398,0.29446806752744004,0.5544991647994411,-0.2674983264689702,272,2058,0.1390154968094804,2.8262674831531216,True,0.12096031999953993,0.4665344122313879,2.816550348176066,2.350015935944678,True,667.8332856712759,0.8700867056456271,1.0,,True,,,0,0.0,,,,,,,,,,,,,,,,,,,
ridge_default,same_well_masked,0,tr0009a,1936,921.7847255115526,0.6900206329677805,1.3357698866067906,-0.5714810861215177,2689,1936,0.0,0.9471048700883083,True,0.01448400400022365,0.8051516394738378,1.6277546189044023,0.8226029794305645,True,664.4368399915243,,,,,,,0,,,,,,,,,,,,,,,,,,,,
ridge_affine_cal,same_well_masked,0,tr0009a,1936,891.2190069623645,0.6784838952828919,1.3952307172546696,-0.5256378943988415,2689,1936,0.0,0.9471048700883083,True,0.022172320000208856,0.8051516394738378,1.6277546189044023,0.8226029794305645,True,664.4368399915243,,,,,,,0,,,,,,,,,,,,,,,,,,,,
ridge_multibranch,same_well_masked,0,tr0009a,1936,706.4713915468463,0.6040802172367856,1.2406080835836888,-0.4558427089162278,2689,1936,0.0,0.9471048700883083,True,0.0231788429991866,0.8051516394738378,1.6277546189044023,0.8226029794305645,True,664.4368399915243,,,,,,,0,,,,,,,,,,,,,,,,,,,,
ridge_affine_multibranch,same_well_masked,0,tr0009a,1936,502.2319549304001,0.5093302780045074,1.1674937620688448,-0.25930436527611733,2689,1936,0.0,0.9471048700883083,True,0.029919008000433678,0.8051516394738378,1.6277546189044023,0.8226029794305645,True,664.4368399915243,,,,,,,0,,,,,,,,,,,,,,,,,,,,
ridge_gated_gbdt,same_well_masked,0,tr0009a,1936,5.1466137358352455,0.05155943040367362,0.12235551572819969,0.025980075363354206,2689,1936,0.0,0.9471048700883083,True,0.16928341400034697,0.8051516394738378,1.6277546189044023,0.8226029794305645,True,664.4368399915243,0.9704871823239042,1.0,,True,,,0,0.0,,,,,,,,,,,,,,,,,,,
ridge_default,same_well_masked,0,tr00081,2946,12819.765082812395,2.0860449494594078,3.488246321797737,-1.926320032332969,200,2946,0.05757530790918534,16.9289334016243,True,0.015036908000183757,15.453594841499008,16.963688667718422,1.5100938262194141,True,670.5075345236875,,,,,,,0,,,,,,,,,,,,,,,,,,,,
ridge_affine_cal,same_well_masked,0,tr00081,2946,7872.011171810309,1.634656401776972,3.042294455625875,-1.4394016705483115,200,2946,0.05757530790918534,16.9289334016243,True,0.022117704000265803,15.453594841499008,16.963688667718422,1.5100938262194141,True,670.5075345236875,,,,,,,0,,,,,,,,,,,,,,,,,,,,
ridge_multibranch,same_well_masked,0,tr00081,2946,16291.849523588497,2.351629089937951,3.797370812008502,-2.2072979639451384,200,2946,0.05757530790918534,16.9289334016243,True,0.02270855999995547,15.453594841499008,16.963688667718422,1.5100938262194141,True,670.5075345236875,,,,,,,0,,,,,,,,,,,,,,,,,,,,
ridge_affine_multibranch,same_well_masked,0,tr00081,2946,7269.328534236071,1.5708357523002552,3.01562564781576,-1.3494068569024187,200,2946,0.05757530790918534,16.9289334016243,True,0.029528715999731503,15.453594841499008,16.963688667718422,1.5100938262194141,True,670.5075345236875,,,,,,,0,,,,,,,,,,,,,,,,,,,,
ridge_gated_gbdt,same_well_masked,0,tr00081,2946,12819.765082812395,2.0860449494594078,3.488246321797737,-1.926320032332969,200,2946,0.05757530790918534,16.9289334016243,True,0.11013366200040764,15.453594841499008,16.963688667718422,1.5100938262194141,True,670.5075345236875,0.9214468818908267,1.0,,True,,,2946,1.0,,,,,,,,,,,,,,,,,,,
ridge_default,same_well_masked,0,tr000d0,1235,867.0800543646404,0.8379075801339088,1.6098027148418197,0.4002883828470409,1495,1235,0.11046658259773014,28.40089158982835,True,0.014086928000324406,26.036506995650917,28.387820205234704,2.351313209583786,True,660.4731905082577,,,,,,,0,,,,,,,,,,,,,,,,,,,,
ridge_affine_cal,same_well_masked,0,tr000d0,1235,944.3260699226558,0.8744349569090308,1.6984242581332794,0.44381239000729955,1495,1235,0.11046658259773014,28.40089158982835,True,0.02181962100075907,26.036506995650917,28.387820205234704,2.351313209583786,True,660.4731905082577,,,,,,,0,,,,,,,,,,,,,,,,,,,,
ridge_multibranch,same_well_masked,0,tr000d0,1235,1255.3510818042298,1.0082056381256574,1.8936099031148075,0.6892086317369828,1495,1235,0.11046658259773014,28.40089158982835,True,0.02305923099993379,26.036506995650917,28.387820205234704,2.351313209583786,True,660.4731905082577,,,,,,,0,,,,,,,,,,,,,,,,,,,,
ridge_affine_multibranch,same_well_masked,0,tr000d0,1235,1057.6341389118118,0.925410135100765,1.7874153953001333,0.5400235910156158,1495,1235,0.11046658259773014,28.40089158982835,True,0.028828728000007686,26.036506995650917,28.387820205234704,2.351313209583786,True,660.4731905082577,,,,,,,0,,,,,,,,,,,,,,,,,,,,
ridge_gated_gbdt,same_well_masked,0,tr000d0,1235,14.304465597614318,0.10762231755976392,0.18793658736002072,-0.09870460040078541,1495,1235,0.11046658259773014,28.40089158982835,True,0.12934087199937494,26.036506995650917,28.387820205234704,2.351313209583786,True,660.4731905082577,0.7782747738155671,1.0,,True,,,0,0.0,,,,,,,,,,,,,,,,,,,
ridge_default,same_well_masked,0,tr0008d,3861,120756.78582805584,5.592498440366816,10.112508465958847,-4.410510887619047,803,3861,0.03401759530791789,42.25041135629083,True,0.015532184000221605,42.24593039333973,60.458478079495634,18.212547686155908,True,681.2673575620072,,,,,,,0,,,,,,,,,,,,,,,,,,,,
ridge_affine_cal,same_well_masked,0,tr0008d,3861,115928.45678421587,5.479552931819551,9.890136444516017,-4.341481119922762,803,3861,0.03401759530791789,42.25041135629083,True,0.023085535000063828,42.24593039333973,60.458478079495634,18.212547686155908,True,681.2673575620072,,,,,,,0,,,,,,,,,,,,,,,,,,,,
ridge_multibranch,same_well_masked,0,tr0008d,3861,118782.80871946135,5.5466006006488975,10.082239793575631,-4.354292382689937,803,3861,0.03401759530791789,42.25041135629083,True,0.023711594999440422,42.24593039333973,60.458478079495634,18.212547686155908,True,681.2673575620072,,,,,,,0,,,,,,,,,,,,,,,,,,,,
ridge_affine_multibranch,same_well_masked,0,tr0008d,3861,112890.60113547948,5.407281658355159,9.893554739101546,-4.204379434839393,803,3861,0.03401759530791789,42.25041135629083,True,0.030127061999337457,42.24593039333973,60.458478079495634,18.212547686155908,True,681.2673575620072,,,,,,,0,,,,,,,,,,,,,,,,,,,,
ridge_gated_gbdt,same_well_masked,0,tr0008d,3861,11299.515498399618,1.7107242444832953,4.610426568593802,-0.8517610647545171,803,3861,0.03401759530791789,42.25041135629083,True,0.18364208899947698,42.24593039333973,60.458478079495634,18.212547686155908,True,681.2673575620072,0.920234442259001,1.0,,True,,,0,0.0,,,,,,,,,,,,,,,,,,,
ridge_default,same_well_masked,0,tr00046,2362,2845.6156865851253,1.0976103067639478,1.724794319106803,0.8780769777798474,648,2362,0.02475800446760983,3.378773950241253,True,0.014322494999760238,-3.003316109950358,3.405794970305056,6.409111080255414,True,649.1355049682953,,,,,,,0,,,,,,,,,,,,,,,,,,,,
ridge_affine_cal,same_well_masked,0,tr00046,2362,1475.1250779615652,0.7902681454595094,1.341450551295193,0.4456159519267867,648,2362,0.02475800446760983,3.378773950241253,True,0.02254266300042218,-3.003316109950358,3.405794970305056,6.409111080255414,True,649.1355049682953,,,,,,,0,,,,,,,,,,,,,,,,,,,,
ridge_multibranch,same_well_masked,0,tr00046,2362,2248.594509966075,0.9756984753516775,1.556773864628063,0.7117095372825384,648,2362,0.02475800446760983,3.378773950241253,True,0.02378036699974473,-3.003316109950358,3.405794970305056,6.409111080255414,True,649.1355049682953,,,,,,,0,,,,,,,,,,,,,,,,,,,,
ridge_affine_multibranch,same_well_masked,0,tr00046,2362,1251.9125037948852,0.7280262553871077,1.522216697207951,0.24564439013235212,648,2362,0.02475800446760983,3.378773950241253,True,0.029789778999656846,-3.003316109950358,3.405794970305056,6.409111080255414,True,649.1355049682953,,,,,,,0,,,,,,,,,,,,,,,,,,,,
ridge_gated_gbdt,same_well_masked,0,tr00046,2362,197.26200719029475,0.28898930948227886,0.5831746526940056,-0.2412799886042066,648,2362,0.02475800446760983,3.378773950241253,True,0.1398740100003124,-3.003316109950358,3.405794970305056,6.409111080255414,True,649.1355049682953,0.9496787538990356,1.0,,True,,,0,0.0,,,,,,,,,,,,,,,,,,,
ridge_default,same_well_masked,0,tr0005d,1735,309.86983679090423,0.42261013897264793,1.8240122812744382,-0.11259994118541086,200,1735,0.17435762978500263,11.580057198184514,True,0.014189563999934762,10.262432136570302,16.118426322660525,5.855994186090223,True,687.5096396902354,,,,,,,0,,,,,,,,,,,,,,,,,,,,
ridge_affine_cal,same_well_masked,0,tr0005d,1735,2218.876694841594,1.1308808366788647,3.1510404854788483,-1.0422926938883494,200,1735,0.17435762978500263,11.580057198184514,True,0.02159639099954802,10.262432136570302,16.118426322660525,5.855994186090223,True,687.5096396902354,,,,,,,0,,,,,,,,,,,,,,,,,,,,
ridge_multibranch,same_well_masked,0,tr0005d,1735,1237.1862833440007,0.8444380780338069,2.4026145930809477,-0.7462685079308641,200,1735,0.17435762978500263,11.580057198184514,True,0.025812208000388637,10.262432136570302,16.118426322660525,5.855994186090223,True,687.5096396902354,,,,,,,0,,,,,,,,,,,,,,,,,,,,
ridge_affine_multibranch,same_well_masked,0,tr0005d,1735,3100.1988553387027,1.3367341283434844,3.3882664768225013,-1.2613079382918515,200,1735,0.17435762978500263,11.580057198184514,True,0.028688616999716032,10.262432136570302,16.118426322660525,5.855994186090223,True,687.5096396902354,,,,,,,0,,,,,,,,,,,,,,,,,,,,
ridge_gated_gbdt,same_well_masked,0,tr0005d,1735,309.86983679090423,0.42261013897264793,1.8240122812744382,-0.11259994118541086,200,1735,0.17435762978500263,11.580057198184514,True,0.07816667600036453,10.262432136570302,16.118426322660525,5.855994186090223,True,687.5096396902354,0.9761839253400462,1.0,,True,,,1735,1.0,,,,,,,,,,,,,,,,,,,
ridge_default,same_well_masked,0,tr00023,2929,5154.016180853895,1.3265181696348611,2.094459880272524,1.2333228070031543,2255,2929,0.047331443362504624,24.67828119894791,True,0.015081243999702565,24.69907992466622,27.580277945847584,2.8811980211813655,True,652.6371761785564,,,,,,,0,,,,,,,,,,,,,,,,,,,,
ridge_affine_cal,same_well_masked,0,tr00023,2929,12308.803116828829,2.0499734042882407,3.158567036558189,1.9729809529864355,2255,2929,0.047331443362504624,24.67828119894791,True,0.022305429999505577,24.69907992466622,27.580277945847584,2.8811980211813655,True,652.6371761785564,,,,,,,0,,,,,,,,,,,,,,,,,,,,
ridge_multibranch,same_well_masked,0,tr00023,2929,1742.9164432920402,0.7713981584834045,1.4642551285243108,0.5927695548190225,2255,2929,0.047331443362504624,24.67828119894791,True,0.023449026000889717,24.69907992466622,27.580277945847584,2.8811980211813655,True,652.6371761785564,,,,,,,0,,,,,,,,,,,,,,,,,,,,
ridge_affine_multibranch,same_well_masked,0,tr00023,2929,2675.7881987007518,0.955798140252314,1.985536430808704,0.781612698979214,2255,2929,0.047331443362504624,24.67828119894791,True,0.030069571000240103,24.69907992466622,27.580277945847584,2.8811980211813655,True,652.6371761785564,,,,,,,0,,,,,,,,,,,,,,,,,,,,
ridge_gated_gbdt,same_well_masked,0,tr00023,2929,50.47780825761012,0.13127757901095102,0.2788118775913375,0.11614600327767213,2255,2929,0.047331443362504624,24.67828119894791,True,0.19609990900062257,24.69907992466622,27.580277945847584,2.8811980211813655,True,652.6371761785564,0.6283085829472939,1.0,,True,,,0,0.0,,,,,,,,,,,,,,,,,,,
ridge_default,same_well_masked,0,tr0008c,1264,559.7948159320636,0.6654890273444583,0.8970797980109495,-0.6618383345952211,1972,1264,0.0,50.80904588104336,True,0.014183088000208954,49.42790286180632,50.83531133082272,1.4074084690164028,True,633.8191225449148,,,,,,,0,,,,,,,,,,,,,,,,,,,,
ridge_affine_cal,same_well_masked,0,tr0008c,1264,905.2589570274113,0.846277663491255,1.0951369474460009,-0.8428691752565237,1972,1264,0.0,50.80904588104336,True,0.022360728999956336,49.42790286180632,50.83531133082272,1.4074084690164028,True,633.8191225449148,,,,,,,0,,,,,,,,,,,,,,,,,,,,
ridge_multibranch,same_well_masked,0,tr0008c,1264,818.6932069209352,0.8047983113371446,1.0588576595375372,-0.8015380178797389,1972,1264,0.0,50.80904588104336,True,0.022867851000228256,49.42790286180632,50.83531133082272,1.4074084690164028,True,633.8191225449148,,,,,,,0,,,,,,,,,,,,,,,,,,,,
ridge_affine_multibranch,same_well_masked,0,tr0008c,1264,846.5768313539854,0.818388753214294,1.1048929203922384,-0.8139129014868343,1972,1264,0.0,50.80904588104336,True,0.029470227000274463,49.42790286180632,50.83531133082272,1.4074084690164028,True,633.8191225449148,,,,,,,0,,,,,,,,,,,,,,,,,,,,
ridge_gated_gbdt,same_well_masked,0,tr0008c,1264,49.053341007231985,0.1969975201589083,0.4914979121593248,0.15056270995565713,1972,1264,0.0,50.80904588104336,True,0.1363272919998053,49.42790286180632,50.83531133082272,1.4074084690164028,True,633.8191225449148,0.9777199115722167,1.0,,True,,,0,0.0,,,,,,,,,,,,,,,,,,,
ridge_default,same_well_masked,0,tr00050,3264,61324.64237234381,4.334534231186879,7.837987309964035,3.456404784858903,2260,3264,0.06634046426945835,37.402097325662105,True,0.015769442000419076,30.731069145024023,37.40425706682005,6.673187921796028,True,654.8209899174623,,,,,,,0,,,,,,,,,,,,,,,,,,,,
ridge_affine_cal,same_well_masked,0,tr00050,3264,56438.51323312743,4.15827021273391,7.699474510737424,3.21820238642587,2260,3264,0.06634046426945835,37.402097325662105,True,0.02262167600019893,30.731069145024023,37.40425706682005,6.673187921796028,True,654.8209899174623,,,,,,,0,,,,,,,,,,,,,,,,,,,,
ridge_multibranch,same_well_masked,0,tr00050,3264,41099.000987539075,3.5484652590537964,6.779415198709103,2.404496611908046,2260,3264,0.06634046426945835,37.402097325662105,True,0.023533474000032584,30.731069145024023,37.40425706682005,6.673187921796028,True,654.8209899174623,,,,,,,0,,,,,,,,,,,,,,,,,,,,
ridge_affine_multibranch,same_well_masked,0,tr00050,3264,36293.9844463439,3.334588509682174,6.5302125224890375,2.067194414321628,2260,3264,0.06634046426945835,37.402097325662105,True,0.03126016699934553,30.731069145024023,37.40425706682005,6.673187921796028,True,654.8209899174623,,,,,,,0,,,,,,,,,,,,,,,,,,,,
ridge_gated_gbdt,same_well_masked,0,tr00050,3264,429.64278296405035,0.36280952934642474,0.7319600051629251,0.29873104237002335,2260,3264,0.06634046426945835,37.402097325662105,True,0.2083257690001119,30.731069145024023,37.40425706682005,6.673187921796028,True,654.8209899174623,0.9018991017849898,0.0,,True,,,0,0.0,,,,,,,,,,,,,,,,,,,
ridge_default,same_well_masked,0,tr000c0,1387,3785.824375977428,1.652121568900548,2.4373020220095807,1.6110572097953642,948,1387,0.2810317033852767,7.88231879127671,True,0.014114339999650838,2.2282480222895256,7.896872866338219,5.6686248440486935,True,693.2240847651562,,,,,,,0,,,,,,,,,,,,,,,,,,,,
ridge_affine_cal,same_well_masked,0,tr000c0,1387,4432.204447097945,1.7876054170211029,4.78740716427269,1.7024670011285161,948,1387,0.2810317033852767,7.88231879127671,True,0.021528778999709175,2.2282480222895256,7.896872866338219,5.6686248440486935,True,693.2240847651562,,,,,,,0,,,,,,,,,,,,,,,,,,,,
ridge_multibranch,same_well_masked,0,tr000c0,1387,2033.6051847604604,1.2108632255911533,4.2046214013161265,1.1187621450638257,948,1387,0.2810317033852767,7.88231879127671,True,0.022933862999707344,2.2282480222895256,7.896872866338219,5.6686248440486935,True,693.2240847651562,,,,,,,0,,,,,,,,,,,,,,,,,,,,
ridge_affine_multibranch,same_well_masked,0,tr000c0,1387,3422.3426087440566,1.570809472838659,3.805107090593271,1.5068246001046661,948,1387,0.2810317033852767,7.88231879127671,True,0.031508188999396225,2.2282480222895256,7.896872866338219,5.6686248440486935,True,693.2240847651562,,,,,,,0,,,,,,,,,,,,,,,,,,,,
ridge_gated_gbdt,same_well_masked,0,tr000c0,1387,31903.282190750353,4.79600306662796,5.7273207409477696,4.743149372265827,948,1387,0.2810317033852767,7.88231879127671,True,0.12302320399976452,2.2282480222895256,7.896872866338219,5.6686248440486935,True,693.2240847651562,0.9649306727639209,1.0,,True,,,0,0.0,,,,,,,,,,,,,,,,,,,
ridge_default,same_well_masked,0,tr000ee,1788,104.3352426494615,0.24156374725400037,0.5977974139662336,0.09734808889977842,3546,1788,0.6881493962370121,35.73243441784048,True,0.014937893000023905,35.71894539491672,39.15776901321175,3.438823618295025,True,640.6689850243723,,,,,,,0,,,,,,,,,,,,,,,,,,,,
ridge_affine_cal,same_well_masked,0,tr000ee,1788,215.72479398137193,0.3473491770143977,0.6496640697657625,-0.2858791625321975,3546,1788,0.6881493962370121,35.73243441784048,True,0.02237063400025363,35.71894539491672,39.15776901321175,3.438823618295025,True,640.6689850243723,,,,,,,0,,,,,,,,,,,,,,,,,,,,
ridge_multibranch,same_well_masked,0,tr000ee,1788,158.18672283169255,0.2974412908360828,0.7092221222642223,0.20406362621148078,3546,1788,0.6881493962370121,35.73243441784048,True,0.022720384999956877,35.71894539491672,39.15776901321175,3.438823618295025,True,640.6689850243723,,,,,,,0,,,,,,,,,,,,,,,,,,,,
ridge_affine_multibranch,same_well_masked,0,tr000ee,1788,126.92548880790387,0.26643462584247746,0.5518710406262599,-0.17561441614411671,3546,1788,0.6881493962370121,35.73243441784048,True,0.031767181999384775,35.71894539491672,39.15776901321175,3.438823618295025,True,640.6689850243723,,,,,,,0,,,,,,,,,,,,,,,,,,,,
ridge_gated_gbdt,same_well_masked,0,tr000ee,1788,104.3352426494615,0.24156374725400037,0.5977974139662336,0.09734808889977842,3546,1788,0.6881493962370121,35.73243441784048,True,0.17135959600000206,35.71894539491672,39.15776901321175,3.438823618295025,True,640.6689850243723,0.0,0.0,,False,insufficient_hidden_gr_rows,,1788,1.0,,,,,,,,,,,,,,,,,,,
ridge_default,same_well_masked,0,tr00063,2383,21380.12607226033,2.9953191957547203,5.566580805330322,2.125804829300371,200,2383,0.137567084078712,37.504589662038114,True,0.017137791000095604,28.78536643854908,37.4914201111976,8.706053672648519,True,658.1258287148269,,,,,,,0,,,,,,,,,,,,,,,,,,,,
ridge_affine_cal,same_well_masked,0,tr00063,2383,21333.53231865884,2.9920535628806526,5.397548388329014,2.0484438568995613,200,2383,0.137567084078712,37.504589662038114,True,0.02386345899958542,28.78536643854908,37.4914201111976,8.706053672648519,True,658.1258287148269,,,,,,,0,,,,,,,,,,,,,,,,,,,,
ridge_multibranch,same_well_masked,0,tr00063,2383,23506.07930138945,3.14071173561125,5.765930989668643,2.3418979622793215,200,2383,0.137567084078712,37.504589662038114,True,0.02245205400049599,28.78536643854908,37.4914201111976,8.706053672648519,True,658.1258287148269,,,,,,,0,,,,,,,,,,,,,,,,,,,,
ridge_affine_multibranch,same_well_masked,0,tr00063,2383,21521.268050837825,3.0051898074467998,5.387997814322986,2.0793940662911448,200,2383,0.137567084078712,37.504589662038114,True,0.028231880000021192,28.78536643854908,37.4914201111976,8.706053672648519,True,658.1258287148269,,,,,,,0,,,,,,,,,,,,,,,,,,,,
ridge_gated_gbdt,same_well_masked,0,tr00063,2383,21380.12607226033,2.9953191957547203,5.566580805330322,2.125804829300371,200,2383,0.137567084078712,37.504589662038114,True,0.09397202600030141,28.78536643854908,37.4914201111976,8.706053672648519,True,658.1258287148269,0.0,0.0,,False,affine_calibration_unusable,,2383,1.0,,,,,,,,,,,,,,,,,,,
ridge_default,same_well_masked,0,tr0009b,3346,10187.536813835155,1.7449043577010046,2.7360520976063114,1.6344838589101507,202,3346,0.01392515230635335,24.42686212770119,True,0.01580642299995816,24.213518727284978,25.466530654909008,1.25301192762403,True,651.5350855508575,,,,,,,0,,,,,,,,,,,,,,,,,,,,
ridge_affine_cal,same_well_masked,0,tr0009b,3346,22086.58835719635,2.5692203317987845,3.69545483477107,2.4813067964299997,202,3346,0.01392515230635335,24.42686212770119,True,0.022703063000335533,24.213518727284978,25.466530654909008,1.25301192762403,True,651.5350855508575,,,,,,,0,,,,,,,,,,,,,,,,,,,,
ridge_multibranch,same_well_masked,0,tr0009b,3346,4258.800599113946,1.1281859449284564,2.042745392778759,0.9509420485558295,202,3346,0.01392515230635335,24.42686212770119,True,0.023608730999512773,24.213518727284978,25.466530654909008,1.25301192762403,True,651.5350855508575,,,,,,,0,,,,,,,,,,,,,,,,,,,,
ridge_affine_multibranch,same_well_masked,0,tr0009b,3346,13222.10917120112,1.9878673517740035,3.058110145756043,1.8807670915396666,202,3346,0.01392515230635335,24.42686212770119,True,0.030110828999568184,24.213518727284978,25.466530654909008,1.25301192762403,True,651.5350855508575,,,,,,,0,,,,,,,,,,,,,,,,,,,,
ridge_gated_gbdt,same_well_masked,0,tr0009b,3346,10187.536813835155,1.7449043577010046,2.7360520976063114,1.6344838589101507,202,3346,0.01392515230635335,24.42686212770119,True,0.12136119600017992,24.213518727284978,25.466530654909008,1.25301192762403,True,651.5350855508575,0.9086900921272618,1.0,,True,,,3346,1.0,,,,,,,,,,,,,,,,,,,
ridge_default,same_well_masked,0,tr00069,3170,10355.316811225503,1.8073907863672618,4.195137802672793,1.5469468995545022,567,3170,0.0,18.150357151241344,True,0.01538416200037318,17.425840952394644,22.677671151443334,5.25183019904869,True,687.6362245578827,,,,,,,0,,,,,,,,,,,,,,,,,,,,
ridge_affine_cal,same_well_masked,0,tr00069,3170,14606.601191712494,2.1465695023223614,4.888860732305684,1.9172207841615991,567,3170,0.0,18.150357151241344,True,0.022802739999860933,17.425840952394644,22.677671151443334,5.25183019904869,True,687.6362245578827,,,,,,,0,,,,,,,,,,,,,,,,,,,,
ridge_multibranch,same_well_masked,0,tr00069,3170,14615.51039134575,2.147224045452849,4.542747295077319,1.9365292276336388,567,3170,0.0,18.150357151241344,True,0.0239323890000378,17.425840952394644,22.677671151443334,5.25183019904869,True,687.6362245578827,,,,,,,0,,,,,,,,,,,,,,,,,,,,
ridge_affine_multibranch,same_well_masked,0,tr00069,3170,17813.270431833305,2.370512225645503,5.126252977398224,2.171559423081283,567,3170,0.0,18.150357151241344,True,0.03174149499955092,17.425840952394644,22.677671151443334,5.25183019904869,True,687.6362245578827,,,,,,,0,,,,,,,,,,,,,,,,,,,,
ridge_gated_gbdt,same_well_masked,0,tr00069,3170,26269.963338080368,2.8787244885161294,7.472561695505533,1.770414533788618,567,3170,0.0,18.150357151241344,True,0.1767070350006179,17.425840952394644,22.677671151443334,5.25183019904869,True,687.6362245578827,0.7693947658716825,1.0,,True,,,0,0.0,,,,,,,,,,,,,,,,,,,
ridge_default,same_well_masked,0,tr00040,2042,3266.6620074619477,1.264806916673531,1.9628344616634124,1.2097439931734653,2055,2042,0.0,27.54272642795073,True,0.016289180000057968,27.533192045855685,31.806389240938724,4.273197195083039,True,670.7804434112135,,,,,,,0,,,,,,,,,,,,,,,,,,,,
ridge_affine_cal,same_well_masked,0,tr00040,2042,554.921523570165,0.5213002294939107,1.1259668376380674,0.38930251121750165,2055,2042,0.0,27.54272642795073,True,0.024636677999296808,27.533192045855685,31.806389240938724,4.273197195083039,True,670.7804434112135,,,,,,,0,,,,,,,,,,,,,,,,,,,,
ridge_multibranch,same_well_masked,0,tr00040,2042,5102.1194464217715,1.580692679468546,2.300983996078571,1.5347498337019416,2055,2042,0.0,27.54272642795073,True,0.02529301899994607,27.533192045855685,31.806389240938724,4.273197195083039,True,670.7804434112135,,,,,,,0,,,,,,,,,,,,,,,,,,,,
ridge_affine_multibranch,same_well_masked,0,tr00040,2042,913.4679349983596,0.6688346814028029,1.3035034886158172,0.5747946209108267,2055,2042,0.0,27.54272642795073,True,0.031501776999903086,27.533192045855685,31.806389240938724,4.273197195083039,True,670.7804434112135,,,,,,,0,,,,,,,,,,,,,,,,,,,,
ridge_gated_gbdt,same_well_masked,0,tr00040,2042,109.76625981728606,0.23184971387166556,0.3936111620203704,-0.21753585223727948,2055,2042,0.0,27.54272642795073,True,0.17244252399996185,27.533192045855685,31.806389240938724,4.273197195083039,True,670.7804434112135,0.839741229833266,1.0,,True,,,0,0.0,,,,,,,,,,,,,,,,,,,
ridge_default,same_well_masked,0,tr0001e,3226,12471.365726152922,1.9661870261046146,4.302747514069522,-1.489708269564117,200,3226,0.0,-11.814846917011788,True,0.015511799999330833,-11.861956895590426,-4.165659272152406,7.69629762343802,True,650.1623401903256,,,,,,,0,,,,,,,,,,,,,,,,,,,,
ridge_affine_cal,same_well_masked,0,tr0001e,3226,40799.81267555869,3.556287825589668,6.034687038019036,-3.326100686992755,200,3226,0.0,-11.814846917011788,True,0.0231587110001783,-11.861956895590426,-4.165659272152406,7.69629762343802,True,650.1623401903256,,,,,,,0,,,,,,,,,,,,,,,,,,,,
ridge_multibranch,same_well_masked,0,tr0001e,3226,26090.367698725582,2.8438580722112063,5.376842550958011,-2.533965425050154,200,3226,0.0,-11.814846917011788,True,0.023833579999518406,-11.861956895590426,-4.165659272152406,7.69629762343802,True,650.1623401903256,,,,,,,0,,,,,,,,,,,,,,,,,,,,
ridge_affine_multibranch,same_well_masked,0,tr0001e,3226,60389.27853516943,4.326609893751939,6.9218206524455725,-4.130830218664233,200,3226,0.0,-11.814846917011788,True,0.03088167100031569,-11.861956895590426,-4.165659272152406,7.69629762343802,True,650.1623401903256,,,,,,,0,,,,,,,,,,,,,,,,,,,,
ridge_gated_gbdt,same_well_masked,0,tr0001e,3226,12471.365726152922,1.9661870261046146,4.302747514069522,-1.489708269564117,200,3226,0.0,-11.814846917011788,True,0.11736973099959869,-11.861956895590426,-4.165659272152406,7.69629762343802,True,650.1623401903256,0.8767729190798136,1.0,,True,,,3226,1.0,,,,,,,,,,,,,,,,,,,
ridge_default,same_well_masked,0,tr0002c,2745,6824.2768936124,1.5767293271450236,2.5474549011971064,-1.3387195438654829,468,2745,0.03289694528365223,41.67982856054755,True,0.015166051000051084,41.64451579741142,45.90346017613177,4.258944378720351,True,686.17405591583,,,,,,,0,,,,,,,,,,,,,,,,,,,,
ridge_affine_cal,same_well_masked,0,tr0002c,2745,7168.145972209536,1.6159661004994508,2.5527278032076524,-1.4054038777107092,468,2745,0.03289694528365223,41.67982856054755,True,0.02250533499955054,41.64451579741142,45.90346017613177,4.258944378720351,True,686.17405591583,,,,,,,0,,,,,,,,,,,,,,,,,,,,
ridge_multibranch,same_well_masked,0,tr0002c,2745,5519.84369626534,1.4180521924447604,2.348791958803517,-1.150516029205145,468,2745,0.03289694528365223,41.67982856054755,True,0.023479406999285857,41.64451579741142,45.90346017613177,4.258944378720351,True,686.17405591583,,,,,,,0,,,,,,,,,,,,,,,,,,,,
ridge_affine_multibranch,same_well_masked,0,tr0002c,2745,3615.608249941934,1.1476765552143524,1.9835266995651324,-0.8188154468001763,468,2745,0.03289694528365223,41.67982856054755,True,0.03575903500041022,41.64451579741142,45.90346017613177,4.258944378720351,True,686.17405591583,,,,,,,0,,,,,,,,,,,,,,,,,,,,
ridge_gated_gbdt,same_well_masked,0,tr0002c,2745,2001.1011281499232,0.8538141422405428,1.810577362614275,0.7170291506318078,468,2745,0.03289694528365223,41.67982856054755,True,0.15255781899941212,41.64451579741142,45.90346017613177,4.258944378720351,True,686.17405591583,0.946888706126091,1.0,,True,,,0,0.0,,,,,,,,,,,,,,,,,,,
ridge_default,same_well_masked,0,tr000cc,3542,6605.9548649069375,1.365662935228099,1.9733924243407728,-1.173574153648074,1302,3542,0.08561888862389697,43.08631715451761,True,0.01642672400066658,43.0778855263092,54.524746131465925,11.446860605156722,True,689.6199401003595,,,,,,,0,,,,,,,,,,,,,,,,,,,,
ridge_affine_cal,same_well_masked,0,tr000cc,3542,7382.798287236791,1.4437308044034767,2.5281887409128814,-1.282795883230726,1302,3542,0.08561888862389697,43.08631715451761,True,0.02280197500022041,43.0778855263092,54.524746131465925,11.446860605156722,True,689.6199401003595,,,,,,,0,,,,,,,,,,,,,,,,,,,,
ridge_multibranch,same_well_masked,0,tr000cc,3542,1938.464489513966,0.7397835097569362,1.247855391041952,-0.30254427501443315,1302,3542,0.08561888862389697,43.08631715451761,True,0.023937515999932657,43.0778855263092,54.524746131465925,11.446860605156722,True,689.6199401003595,,,,,,,0,,,,,,,,,,,,,,,,,,,,
ridge_affine_multibranch,same_well_masked,0,tr000cc,3542,2038.3041312845653,0.7585954158046887,1.5675601644264887,-0.3545917925273395,1302,3542,0.08561888862389697,43.08631715451761,True,0.031201259000226855,43.0778855263092,54.524746131465925,11.446860605156722,True,689.6199401003595,,,,,,,0,,,,,,,,,,,,,,,,,,,,
ridge_gated_gbdt,same_well_masked,0,tr000cc,3542,69474.34823323096,4.428819311620574,6.923902651218668,-3.8356408319877984,1302,3542,0.08561888862389697,43.08631715451761,True,0.19388075900042168,43.0778855263092,54.524746131465925,11.446860605156722,True,689.6199401003595,0.9677723588574239,1.0,,True,,,0,0.0,,,,,,,,,,,,,,,,,,,
ridge_default,same_well_masked,0,tr000ab,2212,3561.9926761267193,1.2689775818080586,1.921958286067115,-1.230646236268268,200,2212,0.08590576766856214,13.91478317754229,True,0.014516080000248621,10.228603450833347,13.950176108030202,3.7215726571968553,True,671.6837298184867,,,,,,,0,,,,,,,,,,,,,,,,,,,,
ridge_affine_cal,same_well_masked,0,tr000ab,2212,4363.214871537463,1.404464412331328,2.080568500941016,-1.366166188050833,200,2212,0.08590576766856214,13.91478317754229,True,0.020865827999841713,10.228603450833347,13.950176108030202,3.7215726571968553,True,671.6837298184867,,,,,,,0,,,,,,,,,,,,,,,,,,,,
ridge_multibranch,same_well_masked,0,tr000ab,2212,2336.2050610298697,1.027691865339916,1.6998279145750441,-0.973867658569021,200,2212,0.08590576766856214,13.91478317754229,True,0.021089115999529895,10.228603450833347,13.950176108030202,3.7215726571968553,True,671.6837298184867,,,,,,,0,,,,,,,,,,,,,,,,,,,,
ridge_affine_multibranch,same_well_masked,0,tr000ab,2212,3690.6438426903123,1.2916906234378867,2.005775750570937,-1.2436572977641684,200,2212,0.08590576766856214,13.91478317754229,True,0.026770815000418224,10.228603450833347,13.950176108030202,3.7215726571968553,True,671.6837298184867,,,,,,,0,,,,,,,,,,,,,,,,,,,,
ridge_gated_gbdt,same_well_masked,0,tr000ab,2212,3561.9926761267193,1.2689775818080586,1.921958286067115,-1.230646236268268,200,2212,0.08590576766856214,13.91478317754229,True,0.1129216199997245,10.228603450833347,13.950176108030202,3.7215726571968553,True,671.6837298184867,0.0,0.0,,False,affine_calibration_unusable,,2212,1.0,,,,,,,,,,,,,,,,,,,
ridge_default,same_well_masked,0,tr00017,1666,3783.6890240723915,1.507024174719407,2.655614433932383,-1.2305610635276432,512,1666,0.05124869927159209,3.0849294136806007,True,0.024392612000156078,3.037056142036131,4.831272870395145,1.7942167283590136,True,647.1674399544746,,,,,,,0,,,,,,,,,,,,,,,,,,,,
ridge_affine_cal,same_well_masked,0,tr00017,1666,5319.898604747841,1.7869573160622714,2.901048328503336,-1.5700374668828772,512,1666,0.05124869927159209,3.0849294136806007,True,0.02275861199996143,3.037056142036131,4.831272870395145,1.7942167283590136,True,647.1674399544746,,,,,,,0,,,,,,,,,,,,,,,,,,,,
ridge_multibranch,same_well_masked,0,tr00017,1666,3858.3014255621983,1.5218105066744048,2.672018974331783,-1.2419674395701488,512,1666,0.05124869927159209,3.0849294136806007,True,0.02372607000052085,3.037056142036131,4.831272870395145,1.7942167283590136,True,647.1674399544746,,,,,,,0,,,,,,,,,,,,,,,,,,,,
ridge_affine_multibranch,same_well_masked,0,tr00017,1666,5158.246800624965,1.7595984073068995,2.876858541569497,-1.5263102646012499,512,1666,0.05124869927159209,3.0849294136806007,True,0.03058991200032324,3.037056142036131,4.831272870395145,1.7942167283590136,True,647.1674399544746,,,,,,,0,,,,,,,,,,,,,,,,,,,,
ridge_gated_gbdt,same_well_masked,0,tr00017,1666,45.549549664599866,0.16535013173622207,0.3175059943582461,0.1528436976765213,512,1666,0.05124869927159209,3.0849294136806007,True,0.13151704100073403,3.037056142036131,4.831272870395145,1.7942167283590136,True,647.1674399544746,0.968710105406323,1.0,,True,,,0,0.0,,,,,,,,,,,,,,,,,,,
ridge_default,same_well_masked,0,tr00014,1857,394.8507855139977,0.46111638168149455,0.8231415001762841,-0.37202099987717024,200,1857,0.1547250654606046,40.59255921251042,True,0.014192553000611952,40.24889593775952,40.68347710680238,0.4345811690428576,True,679.9780436185899,,,,,,,0,,,,,,,,,,,,,,,,,,,,
ridge_affine_cal,same_well_masked,0,tr00014,1857,112.92811460394793,0.24660114391646473,0.5967719383606678,0.1686593301451164,200,1857,0.1547250654606046,40.59255921251042,True,0.021795219000523502,40.24889593775952,40.68347710680238,0.4345811690428576,True,679.9780436185899,,,,,,,0,,,,,,,,,,,,,,,,,,,,
ridge_multibranch,same_well_masked,0,tr00014,1857,599.2121987230054,0.5680471316174645,1.0129237709515309,-0.47604521421023077,200,1857,0.1547250654606046,40.59255921251042,True,0.022378738000043086,40.24889593775952,40.68347710680238,0.4345811690428576,True,679.9780436185899,,,,,,,0,,,,,,,,,,,,,,,,,,,,
ridge_affine_multibranch,same_well_masked,0,tr00014,1857,403.52113327833,0.4661516120380476,0.8076313125968255,0.4262916899681123,200,1857,0.1547250654606046,40.59255921251042,True,0.02915511300034268,40.24889593775952,40.68347710680238,0.4345811690428576,True,679.9780436185899,,,,,,,0,,,,,,,,,,,,,,,,,,,,
ridge_gated_gbdt,same_well_masked,0,tr00014,1857,394.8507855139977,0.46111638168149455,0.8231415001762841,-0.37202099987717024,200,1857,0.1547250654606046,40.59255921251042,True,0.08106916499946237,40.24889593775952,40.68347710680238,0.4345811690428576,True,679.9780436185899,0.9866340709166166,1.0,,True,,,1857,1.0,,,,,,,,,,,,,,,,,,,
ridge_default,same_well_masked,0,tr00039,1678,5551.329970028706,1.8188736986394431,2.518290202589321,-1.7839533286885187,531,1678,0.293285310007718,-0.6747266563263974,True,0.014048938000087219,-1.3552429871210148,-0.6500827896420507,0.7051601974789641,True,692.2357276343815,,,,,,,0,,,,,,,,,,,,,,,,,,,,
ridge_affine_cal,same_well_masked,0,tr00039,1678,9080.313295255208,2.3262395666840083,3.158755162967469,-2.292150917379313,531,1678,0.293285310007718,-0.6747266563263974,True,0.021471825000844547,-1.3552429871210148,-0.6500827896420507,0.7051601974789641,True,692.2357276343815,,,,,,,0,,,,,,,,,,,,,,,,,,,,
ridge_multibranch,same_well_masked,0,tr00039,1678,7788.504153962876,2.15442336142182,2.9122779171552544,-2.1217364705242137,531,1678,0.293285310007718,-0.6747266563263974,True,0.022902742000042053,-1.3552429871210148,-0.6500827896420507,0.7051601974789641,True,692.2357276343815,,,,,,,0,,,,,,,,,,,,,,,,,,,,
ridge_affine_multibranch,same_well_masked,0,tr00039,1678,9935.39828403276,2.4333056387076337,3.3431808490767736,-2.392698610474644,531,1678,0.293285310007718,-0.6747266563263974,True,0.029301188999852457,-1.3552429871210148,-0.6500827896420507,0.7051601974789641,True,692.2357276343815,,,,,,,0,,,,,,,,,,,,,,,,,,,,
ridge_gated_gbdt,same_well_masked,0,tr00039,1678,62.28445349952693,0.19266101805540417,0.4316232496941521,-0.16265658046922699,531,1678,0.293285310007718,-0.6747266563263974,True,0.11667674599993916,-1.3552429871210148,-0.6500827896420507,0.7051601974789641,True,692.2357276343815,0.9797290614505451,1.0,,True,,,0,0.0,,,,,,,,,,,,,,,,,,,
ridge_default,same_well_masked,0,tr00016,3606,4128.644859024163,1.0700175535469256,1.2196975019023935,1.0681629283034022,395,3606,0.0,8.42212077117499,True,0.015365095000561269,8.411471192494318,12.043390537359445,3.6319193448651266,True,663.2148938112224,,,,,,,0,,,,,,,,,,,,,,,,,,,,
ridge_affine_cal,same_well_masked,0,tr00016,3606,3334.861248033214,0.9616699009251133,1.155227120981337,0.959987529500968,395,3606,0.0,8.42212077117499,True,0.023185338999610394,8.411471192494318,12.043390537359445,3.6319193448651266,True,663.2148938112224,,,,,,,0,,,,,,,,,,,,,,,,,,,,
ridge_multibranch,same_well_masked,0,tr00016,3606,1508.3373879237424,0.6467499248661761,0.7904125679441449,0.643546335741275,395,3606,0.0,8.42212077117499,True,0.024593250999714655,8.411471192494318,12.043390537359445,3.6319193448651266,True,663.2148938112224,,,,,,,0,,,,,,,,,,,,,,,,,,,,
ridge_affine_multibranch,same_well_masked,0,tr00016,3606,573.1856559622051,0.3986894976979639,0.6231673158836184,0.39328876512576494,395,3606,0.0,8.42212077117499,True,0.030616674000157218,8.411471192494318,12.043390537359445,3.6319193448651266,True,663.2148938112224,,,,,,,0,,,,,,,,,,,,,,,,,,,,
ridge_gated_gbdt,same_well_masked,0,tr00016,3606,266.885250734448,0.2720504355290775,0.8203091935150688,0.1832560108860231,395,3606,0.0,8.42212077117499,True,0.17401479900036065,8.411471192494318,12.043390537359445,3.6319193448651266,True,663.2148938112224,0.8769328329411483,1.0,,True,,,0,0.0,,,,,,,,,,,,,,,,,,,
ridge_default,same_well_masked,0,tr000ac,2101,413.4691817351218,0.4436173733990762,0.7155821690972601,0.3338183839815001,200,2101,0.0,13.654712049006957,True,0.014494539999759581,8.335874406765958,13.633078080665795,5.297203673899837,True,665.4112650719859,,,,,,,0,,,,,,,,,,,,,,,,,,,,
ridge_affine_cal,same_well_masked,0,tr000ac,2101,494.50017813081234,0.4851434809530952,0.9722949870514874,0.3042934155427522,200,2101,0.0,13.654712049006957,True,0.022588597000321897,8.335874406765958,13.633078080665795,5.297203673899837,True,665.4112650719859,,,,,,,0,,,,,,,,,,,,,,,,,,,,
ridge_multibranch,same_well_masked,0,tr000ac,2101,565.7812055411812,0.5189329317861198,0.7575777839237574,0.4395705543099867,200,2101,0.0,13.654712049006957,True,0.022467671999947925,8.335874406765958,13.633078080665795,5.297203673899837,True,665.4112650719859,,,,,,,0,,,,,,,,,,,,,,,,,,,,
ridge_affine_multibranch,same_well_masked,0,tr000ac,2101,469.1824674983444,0.47256098302137545,0.9234270897098344,0.32048149922951663,200,2101,0.0,13.654712049006957,True,0.028022993999911705,8.335874406765958,13.633078080665795,5.297203673899837,True,665.4112650719859,,,,,,,0,,,,,,,,,,,,,,,,,,,,
ridge_gated_gbdt,same_well_masked,0,tr000ac,2101,413.4691817351218,0.4436173733990762,0.7155821690972601,0.3338183839815001,200,2101,0.0,13.654712049006957,True,0.08927115099959337,8.335874406765958,13.633078080665795,5.297203673899837,True,665.4112650719859,0.0,0.0,,False,affine_calibration_unusable,,2101,1.0,,,,,,,,,,,,,,,,,,,
ridge_default,same_well_masked,0,tr00091,1568,559.0804247784574,0.597123432259703,1.9780548269217384,0.07224987755125899,200,1568,0.0,13.08572694499967,True,0.014313703999505378,12.912588723688284,20.681764363701703,7.769175640013419,True,683.5314454988719,,,,,,,0,,,,,,,,,,,,,,,,,,,,
ridge_affine_cal,same_well_masked,0,tr00091,1568,940.3183940387842,0.7743983815459982,1.8500242646569696,0.48246650099343347,200,1568,0.0,13.08572694499967,True,0.021652893999998923,12.912588723688284,20.681764363701703,7.769175640013419,True,683.5314454988719,,,,,,,0,,,,,,,,,,,,,,,,,,,,
ridge_multibranch,same_well_masked,0,tr00091,1568,559.6125705793257,0.597407542681829,2.121500356239217,-0.14323489413104112,200,1568,0.0,13.08572694499967,True,0.022595551000449632,12.912588723688284,20.681764363701703,7.769175640013419,True,683.5314454988719,,,,,,,0,,,,,,,,,,,,,,,,,,,,
ridge_affine_multibranch,same_well_masked,0,tr00091,1568,992.8526166088316,0.7957366535587367,1.8458320873165732,0.5046476496629134,200,1568,0.0,13.08572694499967,True,0.029019963999417087,12.912588723688284,20.681764363701703,7.769175640013419,True,683.5314454988719,,,,,,,0,,,,,,,,,,,,,,,,,,,,
ridge_gated_gbdt,same_well_masked,0,tr00091,1568,559.0804247784574,0.597123432259703,1.9780548269217384,0.07224987755125899,200,1568,0.0,13.08572694499967,True,0.07409569500032376,12.912588723688284,20.681764363701703,7.769175640013419,True,683.5314454988719,0.9474605317687905,1.0,,True,,,1568,1.0,,,,,,,,,,,,,,,,,,,
ridge_default,same_well_masked,0,tr0008f,2173,7916.185522725912,1.9086580076372428,3.1234418747362396,-1.7170113000024279,200,2173,0.6849863129079806,12.578206133445873,True,0.014694310000777477,9.961364788432386,12.652454394353365,2.691089605920979,True,651.7822504433169,,,,,,,0,,,,,,,,,,,,,,,,,,,,
ridge_affine_cal,same_well_masked,0,tr0008f,2173,2983.364337351837,1.1717184915139192,2.1820423565654847,-0.8789235756156281,200,2173,0.6849863129079806,12.578206133445873,True,0.021103805000166176,9.961364788432386,12.652454394353365,2.691089605920979,True,651.7822504433169,,,,,,,0,,,,,,,,,,,,,,,,,,,,
ridge_multibranch,same_well_masked,0,tr0008f,2173,8150.22140350436,1.9366664994279754,3.1988419671003783,-1.7326783924561873,200,2173,0.6849863129079806,12.578206133445873,True,0.021103086000039184,9.961364788432386,12.652454394353365,2.691089605920979,True,651.7822504433169,,,,,,,0,,,,,,,,,,,,,,,,,,,,
ridge_affine_multibranch,same_well_masked,0,tr0008f,2173,3358.1043471696707,1.243131955209275,2.316062853306933,-0.9414272688516749,200,2173,0.6849863129079806,12.578206133445873,True,0.027092095000625704,9.961364788432386,12.652454394353365,2.691089605920979,True,651.7822504433169,,,,,,,0,,,,,,,,,,,,,,,,,,,,
ridge_gated_gbdt,same_well_masked,0,tr0008f,2173,7916.185522725912,1.9086580076372428,3.1234418747362396,-1.7170113000024279,200,2173,0.6849863129079806,12.578206133445873,True,0.07965716699982295,9.961364788432386,12.652454394353365,2.691089605920979,True,651.7822504433169,0.0,0.0,,False,affine_calibration_unusable,,2173,1.0,,,,,,,,,,,,,,,,,,,
ridge_default,same_well_masked,0,tr0006b,1879,6094.1555279390095,1.800915669163773,3.3275879719785273,-1.41894327032603,2159,1879,0.09869866486395133,0.8438091010060607,True,0.014498339000056149,0.8106768443539263,4.406735519988748,3.596058675634822,True,697.1695411870911,,,,,,,0,,,,,,,,,,,,,,,,,,,,
ridge_affine_cal,same_well_masked,0,tr0006b,1879,4382.458010572047,1.5271985104603591,2.944488571599708,-1.1176775790721976,2159,1879,0.09869866486395133,0.8438091010060607,True,0.022326787000565673,0.8106768443539263,4.406735519988748,3.596058675634822,True,697.1695411870911,,,,,,,0,,,,,,,,,,,,,,,,,,,,
ridge_multibranch,same_well_masked,0,tr0006b,1879,6313.445908503976,1.8330311357131572,3.3886637787039815,-1.453609328651499,2159,1879,0.09869866486395133,0.8438091010060607,True,0.023670270000366145,0.8106768443539263,4.406735519988748,3.596058675634822,True,697.1695411870911,,,,,,,0,,,,,,,,,,,,,,,,,,,,
ridge_affine_multibranch,same_well_masked,0,tr0006b,1879,4547.257892127757,1.5556482423841411,3.021265059576666,-1.129163227576596,2159,1879,0.09869866486395133,0.8438091010060607,True,0.03139408100014407,0.8106768443539263,4.406735519988748,3.596058675634822,True,697.1695411870911,,,,,,,0,,,,,,,,,,,,,,,,,,,,
ridge_gated_gbdt,same_well_masked,0,tr0006b,1879,6094.1555279390095,1.800915669163773,3.3275879719785273,-1.41894327032603,2159,1879,0.09869866486395133,0.8438091010060607,True,0.16730676899987884,0.8106768443539263,4.406735519988748,3.596058675634822,True,697.1695411870911,0.9437575157009849,1.0,,True,,,1879,1.0,,,,,,,,,,,,,,,,,,,
ridge_default,same_well_masked,0,tr00043,2849,7193.913799548414,1.5890457100750004,3.608512387402385,-1.157189020975232,220,2849,0.14109496451503886,8.444251389969622,True,0.015386690000013914,8.432634381855959,14.471978091508646,6.039343709652687,True,717.3524778069084,,,,,,,0,,,,,,,,,,,,,,,,,,,,
ridge_affine_cal,same_well_masked,0,tr00043,2849,5109.869481109497,1.3392408227930535,3.2581044483004487,-0.8989494431942144,220,2849,0.14109496451503886,8.444251389969622,True,0.022984874000030686,8.432634381855959,14.471978091508646,6.039343709652687,True,717.3524778069084,,,,,,,0,,,,,,,,,,,,,,,,,,,,
ridge_multibranch,same_well_masked,0,tr00043,2849,10236.888016710882,1.8955609425752595,3.9927363965575022,-1.5612131481154918,220,2849,0.14109496451503886,8.444251389969622,True,0.023899768999399384,8.432634381855959,14.471978091508646,6.039343709652687,True,717.3524778069084,,,,,,,0,,,,,,,,,,,,,,,,,,,,
ridge_affine_multibranch,same_well_masked,0,tr00043,2849,6435.986493729154,1.5030081564424231,3.5203891920361876,-1.1201484367952539,220,2849,0.14109496451503886,8.444251389969622,True,0.03059269699951983,8.432634381855959,14.471978091508646,6.039343709652687,True,717.3524778069084,,,,,,,0,,,,,,,,,,,,,,,,,,,,
ridge_gated_gbdt,same_well_masked,0,tr00043,2849,7193.913799548414,1.5890457100750004,3.608512387402385,-1.157189020975232,220,2849,0.14109496451503886,8.444251389969622,True,0.10765520499990089,8.432634381855959,14.471978091508646,6.039343709652687,True,717.3524778069084,0.9009519851669444,1.0,,True,,,2849,1.0,,,,,,,,,,,,,,,,,,,
ridge_default,same_well_masked,0,tr000be,2375,3798.6405055794407,1.2646847754664428,2.207417967648352,-1.0745016250649735,1310,2375,0.0,4.164230278897332,True,0.014930897000340337,3.829610544734472,12.156075598480667,8.326465053746196,True,683.8407902569965,,,,,,,0,,,,,,,,,,,,,,,,,,,,
ridge_affine_cal,same_well_masked,0,tr000be,2375,5443.322651085329,1.5139106072594808,11.059409391846444,0.8791691546990704,1310,2375,0.0,4.164230278897332,True,0.022377477000190993,3.829610544734472,12.156075598480667,8.326465053746196,True,683.8407902569965,,,,,,,0,,,,,,,,,,,,,,,,,,,,
ridge_multibranch,same_well_masked,0,tr000be,2375,1146.0096084542915,0.6946440537818189,1.4066984802914089,-0.25177549485468254,1310,2375,0.0,4.164230278897332,True,0.023479714000131935,3.829610544734472,12.156075598480667,8.326465053746196,True,683.8407902569965,,,,,,,0,,,,,,,,,,,,,,,,,,,,
ridge_affine_multibranch,same_well_masked,0,tr000be,2375,8373.757486096096,1.8777094092869302,12.889462477971819,1.2728596515183164,1310,2375,0.0,4.164230278897332,True,0.030873687000166683,3.829610544734472,12.156075598480667,8.326465053746196,True,683.8407902569965,,,,,,,0,,,,,,,,,,,,,,,,,,,,
ridge_gated_gbdt,same_well_masked,0,tr000be,2375,3798.6405055794407,1.2646847754664428,2.207417967648352,-1.0745016250649735,1310,2375,0.0,4.164230278897332,True,0.16720990500016342,3.829610544734472,12.156075598480667,8.326465053746196,True,683.8407902569965,0.5645714946372966,1.0,,True,,,2375,1.0,,,,,,,,,,,,,,,,,,,
ridge_default,same_well_masked,0,tr0003e,1651,588.1747393329787,0.5968698582607173,1.083246801410084,-0.4965182578856085,200,1651,0.026977475117862755,16.344849387722817,True,0.014410908999707317,16.341911373942146,19.28732816311351,2.9454167891713645,True,663.4347955416928,,,,,,,0,,,,,,,,,,,,,,,,,,,,
ridge_affine_cal,same_well_masked,0,tr0003e,1651,4498.193698139447,1.6506140586238258,2.318656265829013,-1.607403006614785,200,1651,0.026977475117862755,16.344849387722817,True,0.021945285999208863,16.341911373942146,19.28732816311351,2.9454167891713645,True,663.4347955416928,,,,,,,0,,,,,,,,,,,,,,,,,,,,
ridge_multibranch,same_well_masked,0,tr0003e,1651,182.62035878426073,0.33258377556274693,0.6183652939891893,0.019340877456955768,200,1651,0.026977475117862755,16.344849387722817,True,0.023433311999724538,16.341911373942146,19.28732816311351,2.9454167891713645,True,663.4347955416928,,,,,,,0,,,,,,,,,,,,,,,,,,,,
ridge_affine_multibranch,same_well_masked,0,tr0003e,1651,1887.5127152809928,1.0692306667999922,1.7402842896448725,-0.997306074692368,200,1651,0.026977475117862755,16.344849387722817,True,0.028928708000421466,16.341911373942146,19.28732816311351,2.9454167891713645,True,663.4347955416928,,,,,,,0,,,,,,,,,,,,,,,,,,,,
ridge_gated_gbdt,same_well_masked,0,tr0003e,1651,588.1747393329787,0.5968698582607173,1.083246801410084,-0.4965182578856085,200,1651,0.026977475117862755,16.344849387722817,True,0.08266395399914472,16.341911373942146,19.28732816311351,2.9454167891713645,True,663.4347955416928,0.9475835639282264,1.0,,True,,,1651,1.0,,,,,,,,,,,,,,,,,,,
ridge_default,same_well_masked,0,tr0001a,2686,1168.2086289655008,0.6594884603986036,1.2740744094955616,-0.3004042605974968,3405,2686,0.09114731685086021,36.30018661255737,True,0.0173003530007918,36.14468087012642,40.53228692085982,4.387606050733396,True,662.3035657813798,,,,,,,0,,,,,,,,,,,,,,,,,,,,
ridge_affine_cal,same_well_masked,0,tr0001a,2686,755.9774155059949,0.530519567014362,0.992721427530995,-0.0366214191155462,3405,2686,0.09114731685086021,36.30018661255737,True,0.024759630000517063,36.14468087012642,40.53228692085982,4.387606050733396,True,662.3035657813798,,,,,,,0,,,,,,,,,,,,,,,,,,,,
ridge_multibranch,same_well_masked,0,tr0001a,2686,1411.054663162096,0.7248012188429482,1.4064178840211383,-0.4241520730854102,3405,2686,0.09114731685086021,36.30018661255737,True,0.025314273999356374,36.14468087012642,40.53228692085982,4.387606050733396,True,662.3035657813798,,,,,,,0,,,,,,,,,,,,,,,,,,,,
ridge_affine_multibranch,same_well_masked,0,tr0001a,2686,809.2475488753773,0.5488929998369979,0.9893239371946976,-0.005824818715898623,3405,2686,0.09114731685086021,36.30018661255737,True,0.0333475229999749,36.14468087012642,40.53228692085982,4.387606050733396,True,662.3035657813798,,,,,,,0,,,,,,,,,,,,,,,,,,,,
ridge_gated_gbdt,same_well_masked,0,tr0001a,2686,175.3897833085572,0.25553426380986133,0.7090761068953597,0.05159042461574161,3405,2686,0.09114731685086021,36.30018661255737,True,0.21180487099991296,36.14468087012642,40.53228692085982,4.387606050733396,True,662.3035657813798,0.9017842484166835,1.0,,True,,,0,0.0,,,,,,,,,,,,,,,,,,,
ridge_default,same_well_masked,0,tr000bb,1823,1753.5782010720866,0.980774655788596,2.0975819526145116,-0.44814796856916556,1209,1823,0.0,11.057239517683234,True,0.01435633399978542,11.048011130894285,15.489582875733197,4.441571744838912,True,656.8448256468685,,,,,,,0,,,,,,,,,,,,,,,,,,,,
ridge_affine_cal,same_well_masked,0,tr000bb,1823,1473.0284804709845,0.8989017741667336,1.9966714969395838,-0.3503707474719852,1209,1823,0.0,11.057239517683234,True,0.022300862999145465,11.048011130894285,15.489582875733197,4.441571744838912,True,656.8448256468685,,,,,,,0,,,,,,,,,,,,,,,,,,,,
ridge_multibranch,same_well_masked,0,tr000bb,1823,1923.1937580584838,1.0271129054261074,2.1973080634701283,-0.5378660289696912,1209,1823,0.0,11.057239517683234,True,0.023034128999825043,11.048011130894285,15.489582875733197,4.441571744838912,True,656.8448256468685,,,,,,,0,,,,,,,,,,,,,,,,,,,,
ridge_affine_multibranch,same_well_masked,0,tr000bb,1823,1497.255882516054,0.9062638978875864,2.040649306924152,-0.3355920700040897,1209,1823,0.0,11.057239517683234,True,0.02949318300034065,11.048011130894285,15.489582875733197,4.441571744838912,True,656.8448256468685,,,,,,,0,,,,,,,,,,,,,,,,,,,,
ridge_gated_gbdt,same_well_masked,0,tr000bb,1823,119.55501899420533,0.25608879232113774,0.4975694879551167,-0.2032059618665206,1209,1823,0.0,11.057239517683234,True,0.13950401900001452,11.048011130894285,15.489582875733197,4.441571744838912,True,656.8448256468685,0.9064653429330705,1.0,,True,,,0,0.0,,,,,,,,,,,,,,,,,,,
ridge_default,same_well_masked,0,tr0003d,1683,399.1055594840068,0.4869695779673716,1.2298209628714787,-0.14720254452048992,2441,1683,0.0990184260375409,43.09906638637878,True,0.014653747000011208,36.08720889324849,43.13806977219912,7.05086087895063,True,717.7197740724698,,,,,,,0,,,,,,,,,,,,,,,,,,,,
ridge_affine_cal,same_well_masked,0,tr0003d,1683,366.2164950125956,0.46647340982656255,1.7689286532417157,0.1876010940889835,2441,1683,0.0990184260375409,43.09906638637878,True,0.022353741999722843,36.08720889324849,43.13806977219912,7.05086087895063,True,717.7197740724698,,,,,,,0,,,,,,,,,,,,,,,,,,,,
ridge_multibranch,same_well_masked,0,tr0003d,1683,590.5309138688187,0.5923511838898822,1.318502681929644,-0.3830706375001485,2441,1683,0.0990184260375409,43.09906638637878,True,0.023098259000107646,36.08720889324849,43.13806977219912,7.05086087895063,True,717.7197740724698,,,,,,,0,,,,,,,,,,,,,,,,,,,,
ridge_affine_multibranch,same_well_masked,0,tr0003d,1683,1837.117854258544,1.0447838505027094,1.861406980982828,-0.9315201798502254,2441,1683,0.0990184260375409,43.09906638637878,True,0.02978756499942392,36.08720889324849,43.13806977219912,7.05086087895063,True,717.7197740724698,,,,,,,0,,,,,,,,,,,,,,,,,,,,
ridge_gated_gbdt,same_well_masked,0,tr0003d,1683,65652.01655605015,6.2457123287257446,6.942540265931932,6.027328539353383,2441,1683,0.0990184260375409,43.09906638637878,True,0.15381949200036615,36.08720889324849,43.13806977219912,7.05086087895063,True,717.7197740724698,0.5450570215415257,1.0,,True,,,0,0.0,,,,,,,,,,,,,,,,,,,
ridge_default,same_well_masked,0,tr0003a,2016,3560.454405614937,1.3289463553821876,2.279997593771199,-1.1487329836677966,200,2016,0.03838771593090211,43.3747059061164,True,0.014460256000347727,35.14672007182106,43.36333712347161,8.216617051650552,True,713.0771505490707,,,,,,,0,,,,,,,,,,,,,,,,,,,,
ridge_affine_cal,same_well_masked,0,tr0003a,2016,3916.5248942207086,1.3938151533317098,2.677181394787574,-1.1422650560995897,200,2016,0.03838771593090211,43.3747059061164,True,0.021639564999532013,35.14672007182106,43.36333712347161,8.216617051650552,True,713.0771505490707,,,,,,,0,,,,,,,,,,,,,,,,,,,,
ridge_multibranch,same_well_masked,0,tr0003a,2016,2347.010634067918,1.0789771928876832,2.0228090484989423,-0.8785016247546924,200,2016,0.03838771593090211,43.3747059061164,True,0.02191048199983925,35.14672007182106,43.36333712347161,8.216617051650552,True,713.0771505490707,,,,,,,0,,,,,,,,,,,,,,,,,,,,
ridge_affine_multibranch,same_well_masked,0,tr0003a,2016,3047.6964437795273,1.2295341346960247,2.4646086871908324,-0.9674675043496854,200,2016,0.03838771593090211,43.3747059061164,True,0.028460032000111823,35.14672007182106,43.36333712347161,8.216617051650552,True,713.0771505490707,,,,,,,0,,,,,,,,,,,,,,,,,,,,
ridge_gated_gbdt,same_well_masked,0,tr0003a,2016,3560.454405614937,1.3289463553821876,2.279997593771199,-1.1487329836677966,200,2016,0.03838771593090211,43.3747059061164,True,0.08533350099969539,35.14672007182106,43.36333712347161,8.216617051650552,True,713.0771505490707,0.0,0.0,,False,affine_calibration_unusable,,2016,1.0,,,,,,,,,,,,,,,,,,,
ridge_default,same_well_masked,0,tr000e5,1450,3356.378803330547,1.5214282770794452,2.764580585741374,-1.2730887706784422,1559,1450,0.0,27.875068174604408,True,0.014244701999814424,27.848363818225504,30.00895549260872,2.160591674383216,True,709.1957724614157,,,,,,,0,,,,,,,,,,,,,,,,,,,,
ridge_affine_cal,same_well_masked,0,tr000e5,1450,2552.4247618486916,1.3267603171658378,2.52600305719589,-1.0566935322678437,1559,1450,0.0,27.875068174604408,True,0.022040380000362347,27.848363818225504,30.00895549260872,2.160591674383216,True,709.1957724614157,,,,,,,0,,,,,,,,,,,,,,,,,,,,
ridge_multibranch,same_well_masked,0,tr000e5,1450,2971.5248518892613,1.4315472343103317,2.6687163116768176,-1.1625384190101076,1559,1450,0.0,27.875068174604408,True,0.022812958999566035,27.848363818225504,30.00895549260872,2.160591674383216,True,709.1957724614157,,,,,,,0,,,,,,,,,,,,,,,,,,,,
ridge_affine_multibranch,same_well_masked,0,tr000e5,1450,2412.5098819759824,1.2898836841374983,2.510805428365124,-1.0037118309971151,1559,1450,0.0,27.875068174604408,True,0.02927128899955278,27.848363818225504,30.00895549260872,2.160591674383216,True,709.1957724614157,,,,,,,0,,,,,,,,,,,,,,,,,,,,
ridge_gated_gbdt,same_well_masked,0,tr000e5,1450,3356.378803330547,1.5214282770794452,2.764580585741374,-1.2730887706784422,1559,1450,0.0,27.875068174604408,True,0.13806686699990678,27.848363818225504,30.00895549260872,2.160591674383216,True,709.1957724614157,0.8346784779461704,1.0,,True,,,1450,1.0,,,,,,,,,,,,,,,,,,,
ridge_default,same_well_masked,0,tr000b0,2525,323.5140742599059,0.3579446686926728,1.1266035956030684,-0.12986410285764835,500,2525,0.0,14.876191765541336,True,0.014782549999836192,6.244922792930782,14.903763268201786,8.658840475271003,True,670.9513949229723,,,,,,,0,,,,,,,,,,,,,,,,,,,,
ridge_affine_cal,same_well_masked,0,tr000b0,2525,574.2994810527294,0.47691229700101456,1.7565713755693189,-0.21211347847297313,500,2525,0.0,14.876191765541336,True,0.02198740500080021,6.244922792930782,14.903763268201786,8.658840475271003,True,670.9513949229723,,,,,,,0,,,,,,,,,,,,,,,,,,,,
ridge_multibranch,same_well_masked,0,tr000b0,2525,335.229942799828,0.36436840392947095,0.9938030098160144,-0.22254163892658707,500,2525,0.0,14.876191765541336,True,0.02283324700056255,6.244922792930782,14.903763268201786,8.658840475271003,True,670.9513949229723,,,,,,,0,,,,,,,,,,,,,,,,,,,,
ridge_affine_multibranch,same_well_masked,0,tr000b0,2525,702.5467366412622,0.5274811194185761,1.7861033212078912,-0.3583654220201226,500,2525,0.0,14.876191765541336,True,0.029431550000481366,6.244922792930782,14.903763268201786,8.658840475271003,True,670.9513949229723,,,,,,,0,,,,,,,,,,,,,,,,,,,,
ridge_gated_gbdt,same_well_masked,0,tr000b0,2525,25798.869534916717,3.1964627439146454,4.650583737047125,2.402371122794971,500,2525,0.0,14.876191765541336,True,0.14183106200016482,6.244922792930782,14.903763268201786,8.658840475271003,True,670.9513949229723,0.8289531708479512,1.0,,True,,,0,0.0,,,,,,,,,,,,,,,,,,,
ridge_default,same_well_masked,0,tr000ef,2253,698.6275821829399,0.5568551852804257,0.8714829247823919,0.5352872198593469,442,2253,0.19098625707356506,6.394815467398205,True,0.014203554000232543,1.764762020076049,6.434893488084372,4.670131468008323,True,673.6773968694861,,,,,,,0,,,,,,,,,,,,,,,,,,,,
ridge_affine_cal,same_well_masked,0,tr000ef,2253,1976.6929078775277,0.9366751664561344,1.251958290037877,0.9120474811983199,442,2253,0.19098625707356506,6.394815467398205,True,0.022519042000567424,1.764762020076049,6.434893488084372,4.670131468008323,True,673.6773968694861,,,,,,,0,,,,,,,,,,,,,,,,,,,,
ridge_multibranch,same_well_masked,0,tr000ef,2253,576.4993032559041,0.5058465560231933,0.7453058089899769,0.48406330804501313,442,2253,0.19098625707356506,6.394815467398205,True,0.022868816000482184,1.764762020076049,6.434893488084372,4.670131468008323,True,673.6773968694861,,,,,,,0,,,,,,,,,,,,,,,,,,,,
ridge_affine_multibranch,same_well_masked,0,tr000ef,2253,2842.192204273509,1.1231716324222965,1.5199477166629793,1.090133238501262,442,2253,0.19098625707356506,6.394815467398205,True,0.029516901000533835,1.764762020076049,6.434893488084372,4.670131468008323,True,673.6773968694861,,,,,,,0,,,,,,,,,,,,,,,,,,,,
ridge_gated_gbdt,same_well_masked,0,tr000ef,2253,10434.468243799713,2.1520609393416135,2.857264151105054,1.9318387487745323,442,2253,0.19098625707356506,6.394815467398205,True,0.1284936749998451,1.764762020076049,6.434893488084372,4.670131468008323,True,673.6773968694861,0.9770153478390734,1.0,,True,,,0,0.0,,,,,,,,,,,,,,,,,,,
ridge_default,same_well_masked,0,tr0004e,1813,10708.355375405416,2.43031454311817,2.8655020320724844,2.350106300568136,1797,1813,0.7717130739443112,20.214880731950124,True,0.014422184999602905,12.727175915404208,20.38600168651493,7.658825771110722,True,682.6302940562789,,,,,,,0,,,,,,,,,,,,,,,,,,,,
ridge_affine_cal,same_well_masked,0,tr0004e,1813,21354.715494259748,3.4320056396468788,3.9667872389594248,3.3721789731009806,1797,1813,0.7717130739443112,20.214880731950124,True,0.022438472999965597,12.727175915404208,20.38600168651493,7.658825771110722,True,682.6302940562789,,,,,,,0,,,,,,,,,,,,,,,,,,,,
ridge_multibranch,same_well_masked,0,tr0004e,1813,10903.682541476457,2.4523796138153826,2.910834118679549,2.3733518940421026,1797,1813,0.7717130739443112,20.214880731950124,True,0.021817855999870517,12.727175915404208,20.38600168651493,7.658825771110722,True,682.6302940562789,,,,,,,0,,,,,,,,,,,,,,,,,,,,
ridge_affine_multibranch,same_well_masked,0,tr0004e,1813,24196.813345605784,3.653256663607998,4.1583867188476,3.597885358285776,1797,1813,0.7717130739443112,20.214880731950124,True,0.02831751399935456,12.727175915404208,20.38600168651493,7.658825771110722,True,682.6302940562789,,,,,,,0,,,,,,,,,,,,,,,,,,,,
ridge_gated_gbdt,same_well_masked,0,tr0004e,1813,10708.355375405416,2.43031454311817,2.8655020320724844,2.350106300568136,1797,1813,0.7717130739443112,20.214880731950124,True,0.14444182599982014,12.727175915404208,20.38600168651493,7.658825771110722,True,682.6302940562789,0.0,0.0,,False,insufficient_hidden_gr_rows,,1813,1.0,,,,,,,,,,,,,,,,,,,
ridge_default,same_well_masked,0,tr000a9,1536,1705.6558488275193,1.0537803502535128,1.5982548602723456,0.9881334366635688,574,1536,0.19171695008228196,5.967210591545079,True,0.014267384999584465,5.963408647722304,10.262345774446173,4.298937126723869,True,667.5872725628994,,,,,,,0,,,,,,,,,,,,,,,,,,,,
ridge_affine_cal,same_well_masked,0,tr000a9,1536,6048.798590420555,1.9844444854009855,2.5272948520354497,1.957763076790216,574,1536,0.19171695008228196,5.967210591545079,True,0.02171156799977325,5.963408647722304,10.262345774446173,4.298937126723869,True,667.5872725628994,,,,,,,0,,,,,,,,,,,,,,,,,,,,
ridge_multibranch,same_well_masked,0,tr000a9,1536,2313.5915012013675,1.2272915166854097,1.7375530378076505,1.1777870288146806,574,1536,0.19171695008228196,5.967210591545079,True,0.02339845099959348,5.963408647722304,10.262345774446173,4.298937126723869,True,667.5872725628994,,,,,,,0,,,,,,,,,,,,,,,,,,,,
ridge_affine_multibranch,same_well_masked,0,tr000a9,1536,8228.860026810835,2.314590837841893,2.83805753013767,2.2949448499888034,574,1536,0.19171695008228196,5.967210591545079,True,0.0297780730006707,5.963408647722304,10.262345774446173,4.298937126723869,True,667.5872725628994,,,,,,,0,,,,,,,,,,,,,,,,,,,,
ridge_gated_gbdt,same_well_masked,0,tr000a9,1536,2.1162502599236,0.03711828520156107,0.11235972767338342,0.00615382020173584,574,1536,0.19171695008228196,5.967210591545079,True,0.11488411699974677,5.963408647722304,10.262345774446173,4.298937126723869,True,667.5872725628994,0.9069922388367334,1.0,,True,,,0,0.0,,,,,,,,,,,,,,,,,,,
ridge_default,same_well_masked,1,tr000c9,2680,14259.022491488302,2.306627577309801,3.8351084201654686,-1.8886549504331667,289,2680,0.18587360594795538,15.996072157599404,True,0.015500880000217876,16.002954487954803,24.237381599301244,8.234427111346442,True,689.163512198987,,,,,,,0,,,,,,,,,,,,,,,,,,,,
ridge_affine_cal,same_well_masked,1,tr000c9,2680,19781.55920871509,2.716832495613605,4.317935465263616,-2.3842695743050064,289,2680,0.18587360594795538,15.996072157599404,True,0.02309393599989562,16.002954487954803,24.237381599301244,8.234427111346442,True,689.163512198987,,,,,,,0,,,,,,,,,,,,,,,,,,,,
ridge_multibranch,same_well_masked,1,tr000c9,2680,17314.767824535276,2.5417974472578058,4.103198942752577,-2.168105486994008,289,2680,0.18587360594795538,15.996072157599404,True,0.023363821000202734,16.002954487954803,24.237381599301244,8.234427111346442,True,689.163512198987,,,,,,,0,,,,,,,,,,,,,,,,,,,,
ridge_affine_multibranch,same_well_masked,1,tr000c9,2680,24037.859392328188,2.9948873968023313,4.625361670493511,-2.692710596883718,289,2680,0.18587360594795538,15.996072157599404,True,0.031241868000506656,16.002954487954803,24.237381599301244,8.234427111346442,True,689.163512198987,,,,,,,0,,,,,,,,,,,,,,,,,,,,
ridge_gated_gbdt,same_well_masked,1,tr000c9,2680,14259.022491488302,2.306627577309801,3.8351084201654686,-1.8886549504331667,289,2680,0.18587360594795538,15.996072157599404,True,0.040902934000769164,16.002954487954803,24.237381599301244,8.234427111346442,True,689.163512198987,0.8272072953827042,1.0,,True,,,2680,1.0,,,,,,,,,,,,,,,,,,,
ridge_default,same_well_masked,1,tr000a4,1511,167.29473270202547,0.3327429797961043,1.6137116633679014,-0.22080367811730756,732,1511,0.0,36.21246828302915,True,0.015697811000791262,36.18992631591704,45.46390401836341,9.273977702446366,True,722.1911642288064,,,,,,,0,,,,,,,,,,,,,,,,,,,,
ridge_affine_cal,same_well_masked,1,tr000a4,1511,399.8017345004535,0.5143871428154874,2.999842264530571,0.42095179161026913,732,1511,0.0,36.21246828302915,True,0.024153291000402533,36.18992631591704,45.46390401836341,9.273977702446366,True,722.1911642288064,,,,,,,0,,,,,,,,,,,,,,,,,,,,
ridge_multibranch,same_well_masked,1,tr000a4,1511,96.63962069283942,0.2528979891455406,1.2827124774556964,0.08473536275843167,732,1511,0.0,36.21246828302915,True,0.024812055000438704,36.18992631591704,45.46390401836341,9.273977702446366,True,722.1911642288064,,,,,,,0,,,,,,,,,,,,,,,,,,,,
ridge_affine_multibranch,same_well_masked,1,tr000a4,1511,489.6259822653672,0.5692460106947066,3.10793172173468,0.4839524011382499,732,1511,0.0,36.21246828302915,True,0.031160001999523956,36.18992631591704,45.46390401836341,9.273977702446366,True,722.1911642288064,,,,,,,0,,,,,,,,,,,,,,,,,,,,
ridge_gated_gbdt,same_well_masked,1,tr000a4,1511,22723.016834278544,3.877937121270939,6.331568883755807,-2.539489847790254,732,1511,0.0,36.21246828302915,True,0.04088631400009035,36.18992631591704,45.46390401836341,9.273977702446366,True,722.1911642288064,0.5639947143037187,1.0,,True,,,0,0.0,,,,,,,,,,,,,,,,,,,
ridge_default,same_well_masked,1,tr00048,2125,571.2403333252366,0.5184775601589202,0.685977681753787,-0.4782383736291891,2522,2125,0.0,19.37988948603423,True,0.015165785999670334,19.340491728091795,21.53087546898769,2.1903837408958964,True,687.7405890462137,,,,,,,0,,,,,,,,,,,,,,,,,,,,
ridge_affine_cal,same_well_masked,1,tr00048,2125,500.5858562011381,0.48535534887635523,0.6857214355694516,-0.4506935550811055,2522,2125,0.0,19.37988948603423,True,0.02292381999995996,19.340491728091795,21.53087546898769,2.1903837408958964,True,687.7405890462137,,,,,,,0,,,,,,,,,,,,,,,,,,,,
ridge_multibranch,same_well_masked,1,tr00048,2125,277.0208960091135,0.361057854910434,0.5113714320743199,-0.299508579357297,2522,2125,0.0,19.37988948603423,True,0.024743438000768947,19.340491728091795,21.53087546898769,2.1903837408958964,True,687.7405890462137,,,,,,,0,,,,,,,,,,,,,,,,,,,,
ridge_affine_multibranch,same_well_masked,1,tr00048,2125,188.45272805514685,0.2977979797309475,0.5002024295038332,-0.2327065643286779,2522,2125,0.0,19.37988948603423,True,0.031901897999887296,19.340491728091795,21.53087546898769,2.1903837408958964,True,687.7405890462137,,,,,,,0,,,,,,,,,,,,,,,,,,,,
ridge_gated_gbdt,same_well_masked,1,tr00048,2125,571.2403333252366,0.5184775601589202,0.685977681753787,-0.4782383736291891,2522,2125,0.0,19.37988948603423,True,0.04382159499982663,19.340491728091795,21.53087546898769,2.1903837408958964,True,687.7405890462137,0.9202938328209416,1.0,,True,,,2125,1.0,,,,,,,,,,,,,,,,,,,
ridge_default,same_well_masked,1,tr0008e,2415,2429.1689022966607,1.0029292299501857,1.9476502160803904,0.7750914981753579,1068,2415,0.12800949474398102,24.09292587591736,True,0.015153745000134222,19.19183741384606,24.107427311763484,4.915589897917425,True,648.950721094261,,,,,,,0,,,,,,,,,,,,,,,,,,,,
ridge_affine_cal,same_well_masked,1,tr0008e,2415,3943.405790330241,1.277842026403563,2.5794969156738397,1.1251241470453202,1068,2415,0.12800949474398102,24.09292587591736,True,0.0230028059995675,19.19183741384606,24.107427311763484,4.915589897917425,True,648.950721094261,,,,,,,0,,,,,,,,,,,,,,,,,,,,
ridge_multibranch,same_well_masked,1,tr0008e,2415,1045.1196064662895,0.65784629041136,1.397747743257714,0.22290421917613915,1068,2415,0.12800949474398102,24.09292587591736,True,0.023955355999532912,19.19183741384606,24.107427311763484,4.915589897917425,True,648.950721094261,,,,,,,0,,,,,,,,,,,,,,,,,,,,
ridge_affine_multibranch,same_well_masked,1,tr0008e,2415,1463.3708170986963,0.7784283196943388,1.936385404458342,0.49167396175010314,1068,2415,0.12800949474398102,24.09292587591736,True,0.03123336799944809,19.19183741384606,24.107427311763484,4.915589897917425,True,648.950721094261,,,,,,,0,,,,,,,,,,,,,,,,,,,,
ridge_gated_gbdt,same_well_masked,1,tr0008e,2415,143.85181492027596,0.24406140397671927,0.35901233467521365,0.23988690756099407,1068,2415,0.12800949474398102,24.09292587591736,True,0.04113143800077523,19.19183741384606,24.107427311763484,4.915589897917425,True,648.950721094261,0.6963074151144953,1.0,,True,,,0,0.0,,,,,,,,,,,,,,,,,,,
ridge_default,same_well_masked,1,tr00067,1803,5129.794279301104,1.6867554073967568,2.546493106014811,-1.6103771668095568,1082,1803,0.1260665529010239,-7.782199281696679,True,0.014583126000616176,-11.556989825920844,-7.757315513412964,3.7996743125078805,True,692.6435828770318,,,,,,,0,,,,,,,,,,,,,,,,,,,,
ridge_affine_cal,same_well_masked,1,tr00067,1803,5590.44597924346,1.7608621739957127,2.558084914667516,-1.70001799663239,1082,1803,0.1260665529010239,-7.782199281696679,True,0.022120970000287343,-11.556989825920844,-7.757315513412964,3.7996743125078805,True,692.6435828770318,,,,,,,0,,,,,,,,,,,,,,,,,,,,
ridge_multibranch,same_well_masked,1,tr00067,1803,7141.754371526839,1.9902360625999758,2.8672462944567307,-1.9252905900166226,1082,1803,0.1260665529010239,-7.782199281696679,True,0.023195556000246143,-11.556989825920844,-7.757315513412964,3.7996743125078805,True,692.6435828770318,,,,,,,0,,,,,,,,,,,,,,,,,,,,
ridge_affine_multibranch,same_well_masked,1,tr00067,1803,7554.892407626217,2.0469926275683146,2.86510124955419,-1.9908021694816302,1082,1803,0.1260665529010239,-7.782199281696679,True,0.029835338999873784,-11.556989825920844,-7.757315513412964,3.7996743125078805,True,692.6435828770318,,,,,,,0,,,,,,,,,,,,,,,,,,,,
ridge_gated_gbdt,same_well_masked,1,tr00067,1803,357.83797072277196,0.44549757852276384,0.6620533023139537,0.3511875613715472,1082,1803,0.1260665529010239,-7.782199281696679,True,0.04039044799992553,-11.556989825920844,-7.757315513412964,3.7996743125078805,True,692.6435828770318,0.7908865861262582,1.0,,True,,,0,0.0,,,,,,,,,,,,,,,,,,,
ridge_default,same_well_masked,1,tr000da,3852,10061.370377028814,1.6161640013275655,3.584520536739852,0.9807526392302067,751,3852,0.0,34.181033933295254,True,0.01969056100006128,28.965404725048067,36.736756409332976,7.771351684284909,True,690.2232723640332,,,,,,,0,,,,,,,,,,,,,,,,,,,,
ridge_affine_cal,same_well_masked,1,tr000da,3852,11733.99371817896,1.7453389729128177,3.835798207684654,1.2140967556597941,751,3852,0.0,34.181033933295254,True,0.026950624999699357,28.965404725048067,36.736756409332976,7.771351684284909,True,690.2232723640332,,,,,,,0,,,,,,,,,,,,,,,,,,,,
ridge_multibranch,same_well_masked,1,tr000da,3852,8007.6460400900905,1.4418141876236832,3.2522620599850143,0.6947923031469556,751,3852,0.0,34.181033933295254,True,0.026239988999805064,28.965404725048067,36.736756409332976,7.771351684284909,True,690.2232723640332,,,,,,,0,,,,,,,,,,,,,,,,,,,,
ridge_affine_multibranch,same_well_masked,1,tr000da,3852,10572.174536196935,1.6566815014188891,3.672268261249073,1.1079747789519128,751,3852,0.0,34.181033933295254,True,0.033573660999536514,28.965404725048067,36.736756409332976,7.771351684284909,True,690.2232723640332,,,,,,,0,,,,,,,,,,,,,,,,,,,,
ridge_gated_gbdt,same_well_masked,1,tr000da,3852,76693.40605709818,4.462064806890122,6.229380124029095,-3.702870254976833,751,3852,0.0,34.181033933295254,True,0.04416514900003676,28.965404725048067,36.736756409332976,7.771351684284909,True,690.2232723640332,0.9785582814895419,1.0,,True,,,0,0.0,,,,,,,,,,,,,,,,,,,
ridge_default,same_well_masked,1,tr00024,2599,48514.52485023916,4.320487484173519,8.466090055431389,3.2385817518578968,2329,2599,0.06137903547229972,-12.838523219777963,True,0.015790024000125413,-20.85218760414956,-12.8461644145634,8.006023189586159,True,681.4770403524844,,,,,,,0,,,,,,,,,,,,,,,,,,,,
ridge_affine_cal,same_well_masked,1,tr00024,2599,53645.47611258597,4.543216283934873,8.649484811228513,3.5314824602694257,2329,2599,0.06137903547229972,-12.838523219777963,True,0.02406611399965186,-20.85218760414956,-12.8461644145634,8.006023189586159,True,681.4770403524844,,,,,,,0,,,,,,,,,,,,,,,,,,,,
ridge_multibranch,same_well_masked,1,tr00024,2599,43593.49146730659,4.0955071370962575,8.077108966837493,2.9590957887733507,2329,2599,0.06137903547229972,-12.838523219777963,True,0.02488729800006695,-20.85218760414956,-12.8461644145634,8.006023189586159,True,681.4770403524844,,,,,,,0,,,,,,,,,,,,,,,,,,,,
ridge_affine_multibranch,same_well_masked,1,tr00024,2599,47387.51408692587,4.270009325632352,8.207463435410416,3.2043481499998454,2329,2599,0.06137903547229972,-12.838523219777963,True,0.03379633399981685,-20.85218760414956,-12.8461644145634,8.006023189586159,True,681.4770403524844,,,,,,,0,,,,,,,,,,,,,,,,,,,,
ridge_gated_gbdt,same_well_masked,1,tr00024,2599,594.961898199746,0.47845537439405045,0.8518357553434583,0.41435452078880297,2329,2599,0.06137903547229972,-12.838523219777963,True,0.04481113599922537,-20.85218760414956,-12.8461644145634,8.006023189586159,True,681.4770403524844,0.6511712391798461,1.0,,True,,,0,0.0,,,,,,,,,,,,,,,,,,,
ridge_default,same_well_masked,1,tr00005,2969,1480.9080985242908,0.7062508040512723,1.556069381132886,0.47768733507128663,200,2969,0.0,14.634411356262628,True,0.015131609000491153,14.633150595585976,15.574955447898423,0.9418048523124476,True,646.3645154558034,,,,,,,0,,,,,,,,,,,,,,,,,,,,
ridge_affine_cal,same_well_masked,1,tr00005,2969,1415.2882168776935,0.6904263323020327,1.6258320484557078,0.4357500600638401,200,2969,0.0,14.634411356262628,True,0.021289479000188294,14.633150595585976,15.574955447898423,0.9418048523124476,True,646.3645154558034,,,,,,,0,,,,,,,,,,,,,,,,,,,,
ridge_multibranch,same_well_masked,1,tr00005,2969,1715.9372239169313,0.7602310421350271,1.6128886998993508,0.5710412819895678,200,2969,0.0,14.634411356262628,True,0.021728426000663603,14.633150595585976,15.574955447898423,0.9418048523124476,True,646.3645154558034,,,,,,,0,,,,,,,,,,,,,,,,,,,,
ridge_affine_multibranch,same_well_masked,1,tr00005,2969,1312.324738251075,0.6648375785185424,1.5661657957724113,0.4251729976264116,200,2969,0.0,14.634411356262628,True,0.02777182800036826,14.633150595585976,15.574955447898423,0.9418048523124476,True,646.3645154558034,,,,,,,0,,,,,,,,,,,,,,,,,,,,
ridge_gated_gbdt,same_well_masked,1,tr00005,2969,1480.9080985242908,0.7062508040512723,1.556069381132886,0.47768733507128663,200,2969,0.0,14.634411356262628,True,0.10990933600078279,14.633150595585976,15.574955447898423,0.9418048523124476,True,646.3645154558034,0.0,0.0,,False,affine_calibration_unusable,,2969,1.0,,,,,,,,,,,,,,,,,,,
ridge_default,same_well_masked,1,tr00083,1248,85008.96626478161,8.253251411777718,8.887190050328783,8.240070964938942,1477,1248,0.2912157060156053,33.74357720129886,True,0.014430569999603904,32.58527195340754,33.741834638694655,1.1565626852871134,True,695.7483428289589,,,,,,,0,,,,,,,,,,,,,,,,,,,,
ridge_affine_cal,same_well_masked,1,tr00083,1248,83760.63397161686,8.19242898080064,9.001158454172952,8.178389819377166,1477,1248,0.2912157060156053,33.74357720129886,True,0.021899009000662772,32.58527195340754,33.741834638694655,1.1565626852871134,True,695.7483428289589,,,,,,,0,,,,,,,,,,,,,,,,,,,,
ridge_multibranch,same_well_masked,1,tr00083,1248,37117.17975520996,5.453561215578245,6.108504535560179,5.433658937626792,1477,1248,0.2912157060156053,33.74357720129886,True,0.022759266999855754,32.58527195340754,33.741834638694655,1.1565626852871134,True,695.7483428289589,,,,,,,0,,,,,,,,,,,,,,,,,,,,
ridge_affine_multibranch,same_well_masked,1,tr00083,1248,37846.24136325873,5.506860622248176,6.316700694009917,5.485595415828923,1477,1248,0.2912157060156053,33.74357720129886,True,0.029408744000647857,32.58527195340754,33.741834638694655,1.1565626852871134,True,695.7483428289589,,,,,,,0,,,,,,,,,,,,,,,,,,,,
ridge_gated_gbdt,same_well_masked,1,tr00083,1248,85008.96626478161,8.253251411777718,8.887190050328783,8.240070964938942,1477,1248,0.2912157060156053,33.74357720129886,True,0.03936328800045885,32.58527195340754,33.741834638694655,1.1565626852871134,True,695.7483428289589,0.9084730664440873,0.8,,True,,,1248,1.0,,,,,,,,,,,,,,,,,,,
ridge_default,same_well_masked,1,tr000ec,1618,18598.243009283564,3.390366907638116,6.037274795945525,2.8594011163973128,1798,1618,0.5411203814064363,-1.034582199113145,True,0.014357857000504737,-4.608333850642124,-1.0102918160002674,3.5980420346418565,True,649.7364528819028,,,,,,,0,,,,,,,,,,,,,,,,,,,,
ridge_affine_cal,same_well_masked,1,tr000ec,1618,14902.755946415324,3.0348975568750927,5.606071796946358,2.434117736998028,1798,1618,0.5411203814064363,-1.034582199113145,True,0.022731267999915872,-4.608333850642124,-1.0102918160002674,3.5980420346418565,True,649.7364528819028,,,,,,,0,,,,,,,,,,,,,,,,,,,,
ridge_multibranch,same_well_masked,1,tr000ec,1618,19153.42709165755,3.4405984376533487,6.100951135295264,2.9138938896290396,1798,1618,0.5411203814064363,-1.034582199113145,True,0.022430992999943555,-4.608333850642124,-1.0102918160002674,3.5980420346418565,True,649.7364528819028,,,,,,,0,,,,,,,,,,,,,,,,,,,,
ridge_affine_multibranch,same_well_masked,1,tr000ec,1618,15097.714348621492,3.054684374987377,5.6339721018150755,2.4515506366320166,1798,1618,0.5411203814064363,-1.034582199113145,True,0.0295464129994798,-4.608333850642124,-1.0102918160002674,3.5980420346418565,True,649.7364528819028,,,,,,,0,,,,,,,,,,,,,,,,,,,,
ridge_gated_gbdt,same_well_masked,1,tr000ec,1618,18598.243009283564,3.390366907638116,6.037274795945525,2.8594011163973128,1798,1618,0.5411203814064363,-1.034582199113145,True,0.03931686800024181,-4.608333850642124,-1.0102918160002674,3.5980420346418565,True,649.7364528819028,0.0,0.0,,False,insufficient_hidden_gr_rows,,1618,1.0,,,,,,,,,,,,,,,,,,,
ridge_default,same_well_masked,1,tr0005b,1828,2892.3788804981004,1.2578808201978906,1.564420761343717,-1.2520473053077843,466,1828,0.10019408054342552,17.470074256457913,True,0.013955137000266404,9.567659950152922,17.470011931924002,7.90235198177108,True,646.2585985792108,,,,,,,0,,,,,,,,,,,,,,,,,,,,
ridge_affine_cal,same_well_masked,1,tr0005b,1828,3635.863410540366,1.4103135680591894,1.7390351400852566,-1.4061951184778596,466,1828,0.10019408054342552,17.470074256457913,True,0.021784313000352995,9.567659950152922,17.470011931924002,7.90235198177108,True,646.2585985792108,,,,,,,0,,,,,,,,,,,,,,,,,,,,
ridge_multibranch,same_well_masked,1,tr0005b,1828,6541.277069437999,1.891660419005064,2.2252161491719242,-1.887685165202283,466,1828,0.10019408054342552,17.470074256457913,True,0.022901258999809215,9.567659950152922,17.470011931924002,7.90235198177108,True,646.2585985792108,,,,,,,0,,,,,,,,,,,,,,,,,,,,
ridge_affine_multibranch,same_well_masked,1,tr0005b,1828,7635.900835505159,2.0438171740317563,2.4056007284952017,-2.040712669870694,466,1828,0.10019408054342552,17.470074256457913,True,0.02929140299966093,9.567659950152922,17.470011931924002,7.90235198177108,True,646.2585985792108,,,,,,,0,,,,,,,,,,,,,,,,,,,,
ridge_gated_gbdt,same_well_masked,1,tr0005b,1828,246.2072264337583,0.3669968208843983,0.6742413833620606,-0.29219385214428095,466,1828,0.10019408054342552,17.470074256457913,True,0.03923005700016802,9.567659950152922,17.470011931924002,7.90235198177108,True,646.2585985792108,0.8379192348649667,0.9,,True,,,0,0.0,,,,,,,,,,,,,,,,,,,
ridge_default,same_well_masked,1,tr00097,1430,5748.419422148055,2.00496227440365,2.3950320020949922,-1.9450330763811838,1918,1430,0.2402678945165341,-8.375938129264718,True,0.014139951999823097,-8.50559447252793,-0.8161416370496939,7.689452835478236,True,708.8509015167671,,,,,,,0,,,,,,,,,,,,,,,,,,,,
ridge_affine_cal,same_well_masked,1,tr00097,1430,5340.369992055298,1.9324917774647166,2.408878954600004,-1.8157351179981023,1918,1430,0.2402678945165341,-8.375938129264718,True,0.02070746200024587,-8.50559447252793,-0.8161416370496939,7.689452835478236,True,708.8509015167671,,,,,,,0,,,,,,,,,,,,,,,,,,,,
ridge_multibranch,same_well_masked,1,tr00097,1430,4775.003118285658,1.8273376863021735,2.195609059616591,-1.7745220308965604,1918,1430,0.2402678945165341,-8.375938129264718,True,0.02149758199993812,-8.50559447252793,-0.8161416370496939,7.689452835478236,True,708.8509015167671,,,,,,,0,,,,,,,,,,,,,,,,,,,,
ridge_affine_multibranch,same_well_masked,1,tr00097,1430,4734.152884875106,1.819504444344554,2.2812599765696495,-1.7190080564354344,1918,1430,0.2402678945165341,-8.375938129264718,True,0.02685781699983636,-8.50559447252793,-0.8161416370496939,7.689452835478236,True,708.8509015167671,,,,,,,0,,,,,,,,,,,,,,,,,,,,
ridge_gated_gbdt,same_well_masked,1,tr00097,1430,57433.317592633946,6.337441057373874,7.251913131593329,-6.200568511090901,1918,1430,0.2402678945165341,-8.375938129264718,True,0.03857965099996363,-8.50559447252793,-0.8161416370496939,7.689452835478236,True,708.8509015167671,0.0,0.0,,False,affine_calibration_unusable,,0,0.0,,,,,,,,,,,,,,,,,,,
ridge_default,same_well_masked,1,tr000c6,1992,1034.4900555811937,0.7206402133234254,1.388278890216327,0.6609764889251699,2870,1992,0.1060694484972279,19.54025479964128,True,0.015452243999789061,19.50391811893838,25.706464811387704,6.202546692449324,True,653.8816433513798,,,,,,,0,,,,,,,,,,,,,,,,,,,,
ridge_affine_cal,same_well_masked,1,tr000c6,1992,1221.0973703369825,0.7829436045592121,1.424843156636797,0.7382296678072574,2870,1992,0.1060694484972279,19.54025479964128,True,0.023445208000339335,19.50391811893838,25.706464811387704,6.202546692449324,True,653.8816433513798,,,,,,,0,,,,,,,,,,,,,,,,,,,,
ridge_multibranch,same_well_masked,1,tr000c6,1992,455.47493755163777,0.4781757805286206,1.0430102874085456,0.4033101514480893,2870,1992,0.1060694484972279,19.54025479964128,True,0.024431257999822265,19.50391811893838,25.706464811387704,6.202546692449324,True,653.8816433513798,,,,,,,0,,,,,,,,,,,,,,,,,,,,
ridge_affine_multibranch,same_well_masked,1,tr000c6,1992,543.3587415172576,0.5222743077817483,1.0914502562905497,0.4666510942592766,2870,1992,0.1060694484972279,19.54025479964128,True,0.030366390000381216,19.50391811893838,25.706464811387704,6.202546692449324,True,653.8816433513798,,,,,,,0,,,,,,,,,,,,,,,,,,,,
ridge_gated_gbdt,same_well_masked,1,tr000c6,1992,3638.4608107344884,1.351494192208586,1.854426167247862,-1.094120647606339,2870,1992,0.1060694484972279,19.54025479964128,True,0.04204049300005863,19.50391811893838,25.706464811387704,6.202546692449324,True,653.8816433513798,0.9109260873938152,1.0,,True,,,0,0.0,,,,,,,,,,,,,,,,,,,
ridge_default,same_well_masked,1,tr000b9,3355,35862.81821433167,3.2694593734187416,4.290837844997707,3.0579748241050613,1283,3355,0.0,2.894384429042708,True,0.0160943729997598,-4.151776019624727,3.934851856047171,8.086627875671898,True,695.5021833652809,,,,,,,0,,,,,,,,,,,,,,,,,,,,
ridge_affine_cal,same_well_masked,1,tr000b9,3355,32516.19179824434,3.11317529968529,3.6988679666125437,2.8905025510108904,1283,3355,0.0,2.894384429042708,True,0.023862035000092874,-4.151776019624727,3.934851856047171,8.086627875671898,True,695.5021833652809,,,,,,,0,,,,,,,,,,,,,,,,,,,,
ridge_multibranch,same_well_masked,1,tr000b9,3355,32908.55303076875,3.131901762984627,4.1362521206347616,2.8924424946238747,1283,3355,0.0,2.894384429042708,True,0.02442064900060359,-4.151776019624727,3.934851856047171,8.086627875671898,True,695.5021833652809,,,,,,,0,,,,,,,,,,,,,,,,,,,,
ridge_affine_multibranch,same_well_masked,1,tr000b9,3355,27288.809367037662,2.851977083317258,3.4592386007791345,2.584677540354662,1283,3355,0.0,2.894384429042708,True,0.031848017000811524,-4.151776019624727,3.934851856047171,8.086627875671898,True,695.5021833652809,,,,,,,0,,,,,,,,,,,,,,,,,,,,
ridge_gated_gbdt,same_well_masked,1,tr000b9,3355,58382.58851831584,4.171530382037395,7.959637843225761,3.1970797972873632,1283,3355,0.0,2.894384429042708,True,0.04326495100031025,-4.151776019624727,3.934851856047171,8.086627875671898,True,695.5021833652809,0.871204110204383,1.0,,True,,,0,0.0,,,,,,,,,,,,,,,,,,,
ridge_default,same_well_masked,1,tr0000a,2192,17063.843440502384,2.790089623958026,4.510360811368148,2.477156383863912,216,2192,0.0,28.81075686032768,True,0.014638206999734393,26.734551800528,29.156305179097515,2.421753378569516,True,712.294723561078,,,,,,,0,,,,,,,,,,,,,,,,,,,,
ridge_affine_cal,same_well_masked,1,tr0000a,2192,14746.933728429005,2.5937647834799,4.243396379898577,2.255692511661293,216,2192,0.0,28.81075686032768,True,0.022324460000163526,26.734551800528,29.156305179097515,2.421753378569516,True,712.294723561078,,,,,,,0,,,,,,,,,,,,,,,,,,,,
ridge_multibranch,same_well_masked,1,tr0000a,2192,18363.94825252395,2.894428029654938,4.630319901309051,2.5893850244081054,216,2192,0.0,28.81075686032768,True,0.02276332099972933,26.734551800528,29.156305179097515,2.421753378569516,True,712.294723561078,,,,,,,0,,,,,,,,,,,,,,,,,,,,
ridge_affine_multibranch,same_well_masked,1,tr0000a,2192,16603.96599810268,2.7522358195535688,4.430256304491525,2.4316593715459813,216,2192,0.0,28.81075686032768,True,0.029433616999995138,26.734551800528,29.156305179097515,2.421753378569516,True,712.294723561078,,,,,,,0,,,,,,,,,,,,,,,,,,,,
ridge_gated_gbdt,same_well_masked,1,tr0000a,2192,17063.843440502384,2.790089623958026,4.510360811368148,2.477156383863912,216,2192,0.0,28.81075686032768,True,0.09040685200034204,26.734551800528,29.156305179097515,2.421753378569516,True,712.294723561078,0.9406302984298678,1.0,,True,,,2192,1.0,,,,,,,,,,,,,,,,,,,
ridge_default,same_well_masked,1,tr00094,4069,23352.80249173494,2.3956626291528043,2.957078527004615,2.2975824811434538,200,4069,0.0,8.84743660174578,True,0.018148329000723606,8.851364999971498,14.650387751559691,5.799022751588193,True,638.877044344984,,,,,,,0,,,,,,,,,,,,,,,,,,,,
ridge_affine_cal,same_well_masked,1,tr00094,4069,28908.55425436432,2.665442642655971,3.307840839873908,2.5671477282095507,200,4069,0.0,8.84743660174578,True,0.023268949999874167,8.851364999971498,14.650387751559691,5.799022751588193,True,638.877044344984,,,,,,,0,,,,,,,,,,,,,,,,,,,,
ridge_multibranch,same_well_masked,1,tr00094,4069,45170.02005225918,3.331818204319578,3.9102413609233952,3.2645169651152304,200,4069,0.0,8.84743660174578,True,0.025743013000464998,8.851364999971498,14.650387751559691,5.799022751588193,True,638.877044344984,,,,,,,0,,,,,,,,,,,,,,,,,,,,
ridge_affine_multibranch,same_well_masked,1,tr00094,4069,54511.11279222794,3.660148272315276,4.300980192214583,3.5939229669438046,200,4069,0.0,8.84743660174578,True,0.03173930599950836,8.851364999971498,14.650387751559691,5.799022751588193,True,638.877044344984,,,,,,,0,,,,,,,,,,,,,,,,,,,,
ridge_gated_gbdt,same_well_masked,1,tr00094,4069,23352.80249173494,2.3956626291528043,2.957078527004615,2.2975824811434538,200,4069,0.0,8.84743660174578,True,0.14529004899941356,8.851364999971498,14.650387751559691,5.799022751588193,True,638.877044344984,0.9193727250501257,1.0,,True,,,4069,1.0,,,,,,,,,,,,,,,,,,,
ridge_default,same_well_masked,1,tr00062,2035,350.71486031672873,0.41514028315871154,0.8352218790051325,-0.04614213428998501,557,2035,0.06894315971471796,41.67264407953667,True,0.015686927999922773,38.735914018300605,41.68332347424963,2.9474094559490283,True,647.5652651243727,,,,,,,0,,,,,,,,,,,,,,,,,,,,
ridge_affine_cal,same_well_masked,1,tr00062,2035,401.93277993082336,0.44442093286429724,0.8837562870197857,-0.10572754227391883,557,2035,0.06894315971471796,41.67264407953667,True,0.022929228999601037,38.735914018300605,41.68332347424963,2.9474094559490283,True,647.5652651243727,,,,,,,0,,,,,,,,,,,,,,,,,,,,
ridge_multibranch,same_well_masked,1,tr00062,2035,411.3258625368701,0.4495839532015672,1.0553016607893326,0.2003563981699745,557,2035,0.06894315971471796,41.67264407953667,True,0.021773901999949885,38.735914018300605,41.68332347424963,2.9474094559490283,True,647.5652651243727,,,,,,,0,,,,,,,,,,,,,,,,,,,,
ridge_affine_multibranch,same_well_masked,1,tr00062,2035,354.2186472114143,0.4172088413527526,0.9557177825063548,0.06461390243482441,557,2035,0.06894315971471796,41.67264407953667,True,0.027439461000540177,38.735914018300605,41.68332347424963,2.9474094559490283,True,647.5652651243727,,,,,,,0,,,,,,,,,,,,,,,,,,,,
ridge_gated_gbdt,same_well_masked,1,tr00062,2035,52.46715278617886,0.16056894052559775,0.2944092855549627,-0.13541417232468125,557,2035,0.06894315971471796,41.67264407953667,True,0.05036103800011915,38.735914018300605,41.68332347424963,2.9474094559490283,True,647.5652651243727,0.0,0.0,,False,affine_calibration_unusable,,0,0.0,,,,,,,,,,,,,,,,,,,
ridge_default,same_well_masked,1,tr0002a,969,2046.0151892169247,1.4530900810017244,1.73872478194615,1.4413492501261949,1677,969,0.6149377593360996,17.568959721914577,True,0.023851824000303168,17.09789676759428,17.654074980843195,0.5561782132489164,True,707.198981470042,,,,,,,0,,,,,,,,,,,,,,,,,,,,
ridge_affine_cal,same_well_masked,1,tr0002a,969,2852.986570636688,1.7158841997140621,2.307848250335965,1.6595628334559316,1677,969,0.6149377593360996,17.568959721914577,True,0.031301327000619494,17.09789676759428,17.654074980843195,0.5561782132489164,True,707.198981470042,,,,,,,0,,,,,,,,,,,,,,,,,,,,
ridge_multibranch,same_well_masked,1,tr0002a,969,1382.3127306593585,1.1943765427024478,1.4343206390221113,1.1849778280726722,1677,969,0.6149377593360996,17.568959721914577,True,0.02071263200014073,17.09789676759428,17.654074980843195,0.5561782132489164,True,707.198981470042,,,,,,,0,,,,,,,,,,,,,,,,,,,,
ridge_affine_multibranch,same_well_masked,1,tr0002a,969,1771.4290432554894,1.3520725379351815,1.893691751417279,1.2911620020217376,1677,969,0.6149377593360996,17.568959721914577,True,0.02596328599975095,17.09789676759428,17.654074980843195,0.5561782132489164,True,707.198981470042,,,,,,,0,,,,,,,,,,,,,,,,,,,,
ridge_gated_gbdt,same_well_masked,1,tr0002a,969,2046.0151892169247,1.4530900810017244,1.73872478194615,1.4413492501261949,1677,969,0.6149377593360996,17.568959721914577,True,0.038772889000028954,17.09789676759428,17.654074980843195,0.5561782132489164,True,707.198981470042,0.0,0.0,,False,affine_calibration_unusable,,969,1.0,,,,,,,,,,,,,,,,,,,
ridge_default,same_well_masked,1,tr00035,2067,1563.35993069169,0.8696795340056349,1.088446178658594,0.8633492700311926,1169,2067,0.2187441071091835,4.200236221016916,True,0.014432899999519577,4.157966946097839,6.221066343784639,2.0630993976868,True,704.9055561261561,,,,,,,0,,,,,,,,,,,,,,,,,,,,
ridge_affine_cal,same_well_masked,1,tr00035,2067,155.9432079749699,0.27467111703388375,0.5607799905418229,0.24799574038717367,1169,2067,0.2187441071091835,4.200236221016916,True,0.022319841999888013,4.157966946097839,6.221066343784639,2.0630993976868,True,704.9055561261561,,,,,,,0,,,,,,,,,,,,,,,,,,,,
ridge_multibranch,same_well_masked,1,tr00035,2067,1611.6188098238085,0.8830004511446902,1.0405732818597118,0.8788078388387542,1169,2067,0.2187441071091835,4.200236221016916,True,0.02333729600013612,4.157966946097839,6.221066343784639,2.0630993976868,True,704.9055561261561,,,,,,,0,,,,,,,,,,,,,,,,,,,,
ridge_affine_multibranch,same_well_masked,1,tr00035,2067,207.8829746097501,0.31713138406723734,0.5764631348002869,0.2975666922362871,1169,2067,0.2187441071091835,4.200236221016916,True,0.03095898399988073,4.157966946097839,6.221066343784639,2.0630993976868,True,704.9055561261561,,,,,,,0,,,,,,,,,,,,,,,,,,,,
ridge_gated_gbdt,same_well_masked,1,tr00035,2067,61.116169879344284,0.17195223552221056,0.3087826880532445,-0.1570309119278736,1169,2067,0.2187441071091835,4.200236221016916,True,0.04145548999986204,4.157966946097839,6.221066343784639,2.0630993976868,True,704.9055561261561,0.9883191673430313,1.0,,True,,,0,0.0,,,,,,,,,,,,,,,,,,,
ridge_default,same_well_masked,1,tr00009,2245,1832.5916480234293,0.9034927642577529,1.5259681863381402,-0.8124565113382373,200,2245,0.02335907335907336,5.187335013512815,True,0.014665443000012601,3.964480538530929,5.310293120032533,1.3458125815016038,True,650.7847777618837,,,,,,,0,,,,,,,,,,,,,,,,,,,,
ridge_affine_cal,same_well_masked,1,tr00009,2245,607.187690509413,0.5200598263123766,1.1101502115197315,-0.35373315148511364,200,2245,0.02335907335907336,5.187335013512815,True,0.02165456999955495,3.964480538530929,5.310293120032533,1.3458125815016038,True,650.7847777618837,,,,,,,0,,,,,,,,,,,,,,,,,,,,
ridge_multibranch,same_well_masked,1,tr00009,2245,1316.2195482481563,0.7656953252229121,1.387501322709884,-0.6429784762126868,200,2245,0.02335907335907336,5.187335013512815,True,0.021434144000522792,3.964480538530929,5.310293120032533,1.3458125815016038,True,650.7847777618837,,,,,,,0,,,,,,,,,,,,,,,,,,,,
ridge_affine_multibranch,same_well_masked,1,tr00009,2245,725.803693717291,0.5685928764211116,1.1885092671975341,-0.39367812831827875,200,2245,0.02335907335907336,5.187335013512815,True,0.027381539999623783,3.964480538530929,5.310293120032533,1.3458125815016038,True,650.7847777618837,,,,,,,0,,,,,,,,,,,,,,,,,,,,
ridge_gated_gbdt,same_well_masked,1,tr00009,2245,1832.5916480234293,0.9034927642577529,1.5259681863381402,-0.8124565113382373,200,2245,0.02335907335907336,5.187335013512815,True,0.09141801999976451,3.964480538530929,5.310293120032533,1.3458125815016038,True,650.7847777618837,0.0,0.0,,False,affine_calibration_unusable,,2245,1.0,,,,,,,,,,,,,,,,,,,
ridge_default,same_well_masked,1,tr0007a,2430,4602.056912543698,1.3761724387930834,2.664779072188597,1.0486686693062939,3443,2430,0.0,-0.2503369128296926,True,0.015194865000012214,-6.194969826261307,-0.2347296209712821,5.960240205290025,True,639.9915888363819,,,,,,,0,,,,,,,,,,,,,,,,,,,,
ridge_affine_cal,same_well_masked,1,tr0007a,2430,6638.8937052761485,1.65289292537278,3.0505951748865145,1.3963845971154851,3443,2430,0.0,-0.2503369128296926,True,0.023202166999908513,-6.194969826261307,-0.2347296209712821,5.960240205290025,True,639.9915888363819,,,,,,,0,,,,,,,,,,,,,,,,,,,,
ridge_multibranch,same_well_masked,1,tr0007a,2430,4109.123764229534,1.3003835718122996,2.5458350591432852,0.9378055029532693,3443,2430,0.0,-0.2503369128296926,True,0.02499923499999568,-6.194969826261307,-0.2347296209712821,5.960240205290025,True,639.9915888363819,,,,,,,0,,,,,,,,,,,,,,,,,,,,
ridge_affine_multibranch,same_well_masked,1,tr0007a,2430,6454.236334291485,1.629743640913925,2.999644961151553,1.3613471849716507,3443,2430,0.0,-0.2503369128296926,True,0.03197397199983243,-6.194969826261307,-0.2347296209712821,5.960240205290025,True,639.9915888363819,,,,,,,0,,,,,,,,,,,,,,,,,,,,
ridge_gated_gbdt,same_well_masked,1,tr0007a,2430,306.67150837032887,0.35524958384080535,0.7733698326028673,-0.2468165970208807,3443,2430,0.0,-0.2503369128296926,True,0.04381551899950864,-6.194969826261307,-0.2347296209712821,5.960240205290025,True,639.9915888363819,0.9542754386783252,1.0,,True,,,0,0.0,,,,,,,,,,,,,,,,,,,
ridge_default,same_well_masked,1,tr000a7,2873,38170.40563058127,3.6449835660618373,5.942674538111337,3.3278725165751135,200,2873,0.07402402402402403,-4.027655147656189,True,0.014782954000111204,-4.062124446804061,0.069105805587263,4.131230252391324,True,663.2373262682473,,,,,,,0,,,,,,,,,,,,,,,,,,,,
ridge_affine_cal,same_well_masked,1,tr000a7,2873,37053.34372616776,3.591252072276453,5.962075183804547,3.2555835368642194,200,2873,0.07402402402402403,-4.027655147656189,True,0.022402168000553502,-4.062124446804061,0.069105805587263,4.131230252391324,True,663.2373262682473,,,,,,,0,,,,,,,,,,,,,,,,,,,,
ridge_multibranch,same_well_masked,1,tr000a7,2873,37657.386814619895,3.620406006245589,5.893123897126246,3.3075373168345945,200,2873,0.07402402402402403,-4.027655147656189,True,0.0234038070002498,-4.062124446804061,0.069105805587263,4.131230252391324,True,663.2373262682473,,,,,,,0,,,,,,,,,,,,,,,,,,,,
ridge_affine_multibranch,same_well_masked,1,tr000a7,2873,37794.721034715265,3.6270016994455845,5.949216303635554,3.3079976269739118,200,2873,0.07402402402402403,-4.027655147656189,True,0.03014934499969968,-4.062124446804061,0.069105805587263,4.131230252391324,True,663.2373262682473,,,,,,,0,,,,,,,,,,,,,,,,,,,,
ridge_gated_gbdt,same_well_masked,1,tr000a7,2873,38170.40563058127,3.6449835660618373,5.942674538111337,3.3278725165751135,200,2873,0.07402402402402403,-4.027655147656189,True,0.10889026099994226,-4.062124446804061,0.069105805587263,4.131230252391324,True,663.2373262682473,0.9476451622770319,1.0,,True,,,2873,1.0,,,,,,,,,,,,,,,,,,,
ridge_default,same_well_masked,1,tr0002b,1637,1030.131543157906,0.7932717768119071,1.2718692079267413,0.5573330503268414,1427,1637,0.18613061050840246,16.091768501325383,True,0.01452069799961464,12.709863577233817,16.101916293936252,3.3920527167024357,True,690.8545471560299,,,,,,,0,,,,,,,,,,,,,,,,,,,,
ridge_affine_cal,same_well_masked,1,tr0002b,1637,742.1602724953956,0.6733246465978989,1.1556409721479461,0.4190682893815686,1427,1637,0.18613061050840246,16.091768501325383,True,0.0223231179998038,12.709863577233817,16.101916293936252,3.3920527167024357,True,690.8545471560299,,,,,,,0,,,,,,,,,,,,,,,,,,,,
ridge_multibranch,same_well_masked,1,tr0002b,1637,1154.6298575278197,0.8398409605704011,1.2984037908705108,0.6378771005779962,1427,1637,0.18613061050840246,16.091768501325383,True,0.023459062999791058,12.709863577233817,16.101916293936252,3.3920527167024357,True,690.8545471560299,,,,,,,0,,,,,,,,,,,,,,,,,,,,
ridge_affine_multibranch,same_well_masked,1,tr0002b,1637,846.6946301678416,0.719182420390206,1.244019174765958,0.5035753745052648,1427,1637,0.18613061050840246,16.091768501325383,True,0.030258637999395432,12.709863577233817,16.101916293936252,3.3920527167024357,True,690.8545471560299,,,,,,,0,,,,,,,,,,,,,,,,,,,,
ridge_gated_gbdt,same_well_masked,1,tr0002b,1637,1030.131543157906,0.7932717768119071,1.2718692079267413,0.5573330503268414,1427,1637,0.18613061050840246,16.091768501325383,True,0.04084947800038208,12.709863577233817,16.101916293936252,3.3920527167024357,True,690.8545471560299,0.7872094984589093,1.0,,True,,,1637,1.0,,,,,,,,,,,,,,,,,,,
ridge_default,same_well_masked,1,tr000dd,2872,62180.28485457935,4.653011606545529,7.595068497948986,-4.017451643677527,802,2872,0.15582034830430797,32.690894212721844,True,0.01483189600003243,32.68913412032063,49.63488642803025,16.94575230770962,True,663.9485858602601,,,,,,,0,,,,,,,,,,,,,,,,,,,,
ridge_affine_cal,same_well_masked,1,tr000dd,2872,55648.902947204595,4.401858580747922,7.319092409747121,-3.7339985153925515,802,2872,0.15582034830430797,32.690894212721844,True,0.023508248000325693,32.68913412032063,49.63488642803025,16.94575230770962,True,663.9485858602601,,,,,,,0,,,,,,,,,,,,,,,,,,,,
ridge_multibranch,same_well_masked,1,tr000dd,2872,60103.90303382065,4.574663139409725,7.482083928181851,-3.9316602892828545,802,2872,0.15582034830430797,32.690894212721844,True,0.024108593000164547,32.68913412032063,49.63488642803025,16.94575230770962,True,663.9485858602601,,,,,,,0,,,,,,,,,,,,,,,,,,,,
ridge_affine_multibranch,same_well_masked,1,tr000dd,2872,51276.86824068007,4.225406815668399,7.046297632261108,-3.530666961731992,802,2872,0.15582034830430797,32.690894212721844,True,0.031690013999650546,32.68913412032063,49.63488642803025,16.94575230770962,True,663.9485858602601,,,,,,,0,,,,,,,,,,,,,,,,,,,,
ridge_gated_gbdt,same_well_masked,1,tr000dd,2872,185101.99020380402,8.028110219231692,12.775704256151528,-5.0797483318746695,802,2872,0.15582034830430797,32.690894212721844,True,0.041080928999690514,32.68913412032063,49.63488642803025,16.94575230770962,True,663.9485858602601,0.8697459782970448,1.0,,True,,,0,0.0,,,,,,,,,,,,,,,,,,,
ridge_default,same_well_masked,1,tr0007b,2693,4571.15864314589,1.3028516586856225,2.1743268915473415,0.923864223798704,200,2693,0.11796108145341828,-4.603205206595158,True,0.014867574000163586,-11.397989954129754,-4.611396345535337,6.7865936085944165,True,656.2182252194724,,,,,,,0,,,,,,,,,,,,,,,,,,,,
ridge_affine_cal,same_well_masked,1,tr0007b,2693,4506.678233499066,1.2936300611277927,2.185172628651042,0.8722464359851603,200,2693,0.11796108145341828,-4.603205206595158,True,0.022789674000705418,-11.397989954129754,-4.611396345535337,6.7865936085944165,True,656.2182252194724,,,,,,,0,,,,,,,,,,,,,,,,,,,,
ridge_multibranch,same_well_masked,1,tr0007b,2693,2289.191434533599,0.92198292789064,2.1332611646428026,-0.14049277188306566,200,2693,0.11796108145341828,-4.603205206595158,True,0.02364021599987609,-11.397989954129754,-4.611396345535337,6.7865936085944165,True,656.2182252194724,,,,,,,0,,,,,,,,,,,,,,,,,,,,
ridge_affine_multibranch,same_well_masked,1,tr0007b,2693,2502.900387264051,0.9640589837751465,2.2305562770222807,-0.2154935122102973,200,2693,0.11796108145341828,-4.603205206595158,True,0.030961809000473295,-11.397989954129754,-4.611396345535337,6.7865936085944165,True,656.2182252194724,,,,,,,0,,,,,,,,,,,,,,,,,,,,
ridge_gated_gbdt,same_well_masked,1,tr0007b,2693,4571.15864314589,1.3028516586856225,2.1743268915473415,0.923864223798704,200,2693,0.11796108145341828,-4.603205206595158,True,0.10169408000001567,-11.397989954129754,-4.611396345535337,6.7865936085944165,True,656.2182252194724,0.9790340252468896,1.0,,True,,,2693,1.0,,,,,,,,,,,,,,,,,,,
ridge_default,same_well_masked,1,tr00082,2352,39254.217512486124,4.085305169768675,7.41676609084622,3.5234118139093624,1259,2352,0.0392419922857622,27.14100212238177,True,0.015066392999870004,8.761239987143107,27.14606447346319,18.384824486320085,True,685.3723801104582,,,,,,,0,,,,,,,,,,,,,,,,,,,,
ridge_affine_cal,same_well_masked,1,tr00082,2352,36678.232703930305,3.948985527176305,7.869794193286939,3.3599558602254262,1259,2352,0.0392419922857622,27.14100212238177,True,0.023087655999916024,8.761239987143107,27.14606447346319,18.384824486320085,True,685.3723801104582,,,,,,,0,,,,,,,,,,,,,,,,,,,,
ridge_multibranch,same_well_masked,1,tr00082,2352,42714.04677740638,4.261541290902546,7.540334150184599,3.7356814173133404,1259,2352,0.0392419922857622,27.14100212238177,True,0.023617947000275308,8.761239987143107,27.14606447346319,18.384824486320085,True,685.3723801104582,,,,,,,0,,,,,,,,,,,,,,,,,,,,
ridge_affine_multibranch,same_well_masked,1,tr00082,2352,36397.32213732552,3.9338342528803882,7.757658537764851,3.356048849948384,1259,2352,0.0392419922857622,27.14100212238177,True,0.030575634999877366,8.761239987143107,27.14606447346319,18.384824486320085,True,685.3723801104582,,,,,,,0,,,,,,,,,,,,,,,,,,,,
ridge_gated_gbdt,same_well_masked,1,tr00082,2352,170006.98785885115,8.501875239795568,14.598590025856527,7.460038787207141,1259,2352,0.0392419922857622,27.14100212238177,True,0.04122574199936935,8.761239987143107,27.14606447346319,18.384824486320085,True,685.3723801104582,0.7159218733003658,1.0,,True,,,0,0.0,,,,,,,,,,,,,,,,,,,
ridge_default,same_well_masked,1,tr000ce,2914,4090.1980444122455,1.184751847616088,2.6101420864214404,0.8833979200244335,2212,2914,0.06654228855721393,9.419318302649565,True,0.015098242999556533,6.838385765369515,11.568446653682004,4.730060888312489,True,663.2985864745796,,,,,,,0,,,,,,,,,,,,,,,,,,,,
ridge_affine_cal,same_well_masked,1,tr000ce,2914,4201.063383582722,1.2007009196934735,2.7136335309636426,0.8824185960730112,2212,2914,0.06654228855721393,9.419318302649565,True,0.022811968000496563,6.838385765369515,11.568446653682004,4.730060888312489,True,663.2985864745796,,,,,,,0,,,,,,,,,,,,,,,,,,,,
ridge_multibranch,same_well_masked,1,tr000ce,2914,6456.231828617199,1.48848610389035,3.030418069060323,1.2641186005110503,2212,2914,0.06654228855721393,9.419318302649565,True,0.023529901999609137,6.838385765369515,11.568446653682004,4.730060888312489,True,663.2985864745796,,,,,,,0,,,,,,,,,,,,,,,,,,,,
ridge_affine_multibranch,same_well_masked,1,tr000ce,2914,7351.153079716215,1.5883015494058301,3.233849429689238,1.3707507840237552,2212,2914,0.06654228855721393,9.419318302649565,True,0.031000379999568395,6.838385765369515,11.568446653682004,4.730060888312489,True,663.2985864745796,,,,,,,0,,,,,,,,,,,,,,,,,,,,
ridge_gated_gbdt,same_well_masked,1,tr000ce,2914,4090.1980444122455,1.184751847616088,2.6101420864214404,0.8833979200244335,2212,2914,0.06654228855721393,9.419318302649565,True,0.04221643499931815,6.838385765369515,11.568446653682004,4.730060888312489,True,663.2985864745796,0.8854228060565812,1.0,,True,,,2914,1.0,,,,,,,,,,,,,,,,,,,
ridge_default,same_well_masked,1,tr00030,1474,5226.607185229881,1.8830471252022927,3.037107068113201,1.6033934466662676,1904,1474,0.09047815333882935,29.365963526956527,True,0.014274903999648814,29.309625345133146,30.1913361959772,0.8817108508440548,True,655.722104026019,,,,,,,0,,,,,,,,,,,,,,,,,,,,
ridge_affine_cal,same_well_masked,1,tr00030,1474,6020.891087123698,2.0210713414207855,3.5223173965320242,1.812268364183961,1904,1474,0.09047815333882935,29.365963526956527,True,0.021994218999680015,29.309625345133146,30.1913361959772,0.8817108508440548,True,655.722104026019,,,,,,,0,,,,,,,,,,,,,,,,,,,,
ridge_multibranch,same_well_masked,1,tr00030,1474,9112.253337622891,2.486360805004252,3.7506001117816226,2.28582298387091,1904,1474,0.09047815333882935,29.365963526956527,True,0.02348428999994212,29.309625345133146,30.1913361959772,0.8817108508440548,True,655.722104026019,,,,,,,0,,,,,,,,,,,,,,,,,,,,
ridge_affine_multibranch,same_well_masked,1,tr00030,1474,10370.063815028847,2.652418038028544,4.226909250090102,2.49695065172256,1904,1474,0.09047815333882935,29.365963526956527,True,0.029586882999865338,29.309625345133146,30.1913361959772,0.8817108508440548,True,655.722104026019,,,,,,,0,,,,,,,,,,,,,,,,,,,,
ridge_gated_gbdt,same_well_masked,1,tr00030,1474,7.603216693356904,0.07182075104335858,0.17639314174719445,0.05253715004193459,1904,1474,0.09047815333882935,29.365963526956527,True,0.042029639999782376,29.309625345133146,30.1913361959772,0.8817108508440548,True,655.722104026019,0.7918924412522457,1.0,,True,,,0,0.0,,,,,,,,,,,,,,,,,,,
ridge_default,same_well_masked,1,tr00098,1172,244.74594703949901,0.4569765856836144,0.7441816331096647,-0.0736170543019778,2047,1172,0.7171487132771578,-1.0038131105981591,True,0.014471962999778043,-4.535022499487355,-0.9984285021885012,3.536593997298854,True,666.919457698193,,,,,,,0,,,,,,,,,,,,,,,,,,,,
ridge_affine_cal,same_well_masked,1,tr00098,1172,379.66236377927294,0.5691607825550676,1.0026499230980779,-0.34551505298712515,2047,1172,0.7171487132771578,-1.0038131105981591,True,0.02215587799946661,-4.535022499487355,-0.9984285021885012,3.536593997298854,True,666.919457698193,,,,,,,0,,,,,,,,,,,,,,,,,,,,
ridge_multibranch,same_well_masked,1,tr00098,1172,333.85486712159593,0.5337219328822707,0.9674874389958159,-0.28175255182525977,2047,1172,0.7171487132771578,-1.0038131105981591,True,0.022208194000086223,-4.535022499487355,-0.9984285021885012,3.536593997298854,True,666.919457698193,,,,,,,0,,,,,,,,,,,,,,,,,,,,
ridge_affine_multibranch,same_well_masked,1,tr00098,1172,549.1820189327348,0.684532935939749,1.1850070805180537,-0.5110369634694469,2047,1172,0.7171487132771578,-1.0038131105981591,True,0.03084584799944423,-4.535022499487355,-0.9984285021885012,3.536593997298854,True,666.919457698193,,,,,,,0,,,,,,,,,,,,,,,,,,,,
ridge_gated_gbdt,same_well_masked,1,tr00098,1172,244.74594703949901,0.4569765856836144,0.7441816331096647,-0.0736170543019778,2047,1172,0.7171487132771578,-1.0038131105981591,True,0.03844386900073005,-4.535022499487355,-0.9984285021885012,3.536593997298854,True,666.919457698193,0.0,0.0,,False,insufficient_hidden_gr_rows,,1172,1.0,,,,,,,,,,,,,,,,,,,
ridge_default,same_well_masked,1,tr00089,1892,1399.1547927417637,0.8599482483389499,1.4482841609909691,-0.7070612270654846,200,1892,0.21824644549763034,16.132491630467374,True,0.013991470000291883,14.626779303723112,16.29841302489072,1.671633721167609,True,655.6658340616784,,,,,,,0,,,,,,,,,,,,,,,,,,,,
ridge_affine_cal,same_well_masked,1,tr00089,1892,1069.7862652985327,0.7519482325596235,1.3238124217089098,-0.4829632883116502,200,1892,0.21824644549763034,16.132491630467374,True,0.022065061999455793,14.626779303723112,16.29841302489072,1.671633721167609,True,655.6658340616784,,,,,,,0,,,,,,,,,,,,,,,,,,,,
ridge_multibranch,same_well_masked,1,tr00089,1892,1155.5187133156342,0.781498098302849,1.3513707791200247,-0.6336586930029178,200,1892,0.21824644549763034,16.132491630467374,True,0.021978654000122333,14.626779303723112,16.29841302489072,1.671633721167609,True,655.6658340616784,,,,,,,0,,,,,,,,,,,,,,,,,,,,
ridge_affine_multibranch,same_well_masked,1,tr00089,1892,728.5595733381848,0.6205431252244369,1.112269645104952,-0.30686499840791864,200,1892,0.21824644549763034,16.132491630467374,True,0.02783714800079906,14.626779303723112,16.29841302489072,1.671633721167609,True,655.6658340616784,,,,,,,0,,,,,,,,,,,,,,,,,,,,
ridge_gated_gbdt,same_well_masked,1,tr00089,1892,1399.1547927417637,0.8599482483389499,1.4482841609909691,-0.7070612270654846,200,1892,0.21824644549763034,16.132491630467374,True,0.07929905899982259,14.626779303723112,16.29841302489072,1.671633721167609,True,655.6658340616784,0.0,0.0,,False,insufficient_prefix_observations,,1892,1.0,,,,,,,,,,,,,,,,,,,
ridge_default,same_well_masked,1,tr00088,2047,714.871614393405,0.5909559437070907,0.8130208875489013,-0.5734233944122166,1253,2047,0.06601832803441182,-2.9726112658298165,True,0.014699325000037788,-4.204419223212469,-2.934378275843029,1.2700409473694396,True,719.0719828413729,,,,,,,0,,,,,,,,,,,,,,,,,,,,
ridge_affine_cal,same_well_masked,1,tr00088,2047,1505.105502318823,0.8574810881135001,1.1306446606708396,-0.8408934411615067,1253,2047,0.06601832803441182,-2.9726112658298165,True,0.023247245999300503,-4.204419223212469,-2.934378275843029,1.2700409473694396,True,719.0719828413729,,,,,,,0,,,,,,,,,,,,,,,,,,,,
ridge_multibranch,same_well_masked,1,tr00088,2047,827.8873726420713,0.6359554711847251,0.8651745825486339,-0.6213816505680388,1253,2047,0.06601832803441182,-2.9726112658298165,True,0.02412247499978548,-4.204419223212469,-2.934378275843029,1.2700409473694396,True,719.0719828413729,,,,,,,0,,,,,,,,,,,,,,,,,,,,
ridge_affine_multibranch,same_well_masked,1,tr00088,2047,1478.2124869221632,0.8497858826618354,1.0963451031990297,-0.8359846163884922,1253,2047,0.06601832803441182,-2.9726112658298165,True,0.03133132899984048,-4.204419223212469,-2.934378275843029,1.2700409473694396,True,719.0719828413729,,,,,,,0,,,,,,,,,,,,,,,,,,,,
ridge_gated_gbdt,same_well_masked,1,tr00088,2047,272.69746835895654,0.364990559640588,0.6709643888111536,0.29680749172882565,1253,2047,0.06601832803441182,-2.9726112658298165,True,0.04153479500018875,-4.204419223212469,-2.934378275843029,1.2700409473694396,True,719.0719828413729,0.9783516304592015,1.0,,True,,,0,0.0,,,,,,,,,,,,,,,,,,,
ridge_default,same_well_masked,1,tr00013,4023,47950.075224544526,3.4523882522727156,5.264311467949582,3.002777954364772,240,4023,0.03439536567704562,43.76989365084103,True,0.015550852999695053,42.777140918693455,43.8450857616603,1.0679448429668454,True,664.1449571738669,,,,,,,0,,,,,,,,,,,,,,,,,,,,
ridge_affine_cal,same_well_masked,1,tr00013,4023,51444.66837410737,3.5759807289785823,5.67293425115875,3.1117715293252495,240,4023,0.03439536567704562,43.76989365084103,True,0.022029777000170725,42.777140918693455,43.8450857616603,1.0679448429668454,True,664.1449571738669,,,,,,,0,,,,,,,,,,,,,,,,,,,,
ridge_multibranch,same_well_masked,1,tr00013,4023,52961.69784403059,3.6283229292818633,5.476815695595711,3.2014821196589924,240,4023,0.03439536567704562,43.76989365084103,True,0.022193808999873,42.777140918693455,43.8450857616603,1.0679448429668454,True,664.1449571738669,,,,,,,0,,,,,,,,,,,,,,,,,,,,
ridge_affine_multibranch,same_well_masked,1,tr00013,4023,54372.60633034735,3.676334834471654,5.698031838045559,3.228707845251599,240,4023,0.03439536567704562,43.76989365084103,True,0.028140998999333533,42.777140918693455,43.8450857616603,1.0679448429668454,True,664.1449571738669,,,,,,,0,,,,,,,,,,,,,,,,,,,,
ridge_gated_gbdt,same_well_masked,1,tr00013,4023,5474.654041103892,1.1665499079855102,2.5577688516950516,-0.9092687245968576,240,4023,0.03439536567704562,43.76989365084103,True,0.03956036499948823,42.777140918693455,43.8450857616603,1.0679448429668454,True,664.1449571738669,0.0,0.0,,False,affine_calibration_unusable,,0,0.0,,,,,,,,,,,,,,,,,,,
ridge_default,same_well_masked,1,tr00004,1809,5617.2290319151325,1.762145570166133,3.751685481590627,-1.6814935325813354,200,1809,0.11125552378476736,32.71163140412591,True,0.014398442000128853,32.29780660065212,43.74423090199802,11.4464243013459,True,685.6625259334902,,,,,,,0,,,,,,,,,,,,,,,,,,,,
ridge_affine_cal,same_well_masked,1,tr00004,1809,4919.066028863388,1.649005266406532,5.3378142163868105,-1.4852279112317008,200,1809,0.11125552378476736,32.71163140412591,True,0.021275538999361743,32.29780660065212,43.74423090199802,11.4464243013459,True,685.6625259334902,,,,,,,0,,,,,,,,,,,,,,,,,,,,
ridge_multibranch,same_well_masked,1,tr00004,1809,5422.746468397465,1.7313719079013987,3.650231222120098,-1.6528578456036815,200,1809,0.11125552378476736,32.71163140412591,True,0.020988388999285235,32.29780660065212,43.74423090199802,11.4464243013459,True,685.6625259334902,,,,,,,0,,,,,,,,,,,,,,,,,,,,
ridge_affine_multibranch,same_well_masked,1,tr00004,1809,5132.2599734291525,1.6843604690934628,5.254790649709136,-1.5423466997285509,200,1809,0.11125552378476736,32.71163140412591,True,0.02756795000004786,32.29780660065212,43.74423090199802,11.4464243013459,True,685.6625259334902,,,,,,,0,,,,,,,,,,,,,,,,,,,,
ridge_gated_gbdt,same_well_masked,1,tr00004,1809,5617.2290319151325,1.762145570166133,3.751685481590627,-1.6814935325813354,200,1809,0.11125552378476736,32.71163140412591,True,0.07737570399967808,32.29780660065212,43.74423090199802,11.4464243013459,True,685.6625259334902,0.0,0.0,,False,affine_calibration_unusable,,1809,1.0,,,,,,,,,,,,,,,,,,,
ridge_default,same_well_masked,1,tr00055,2211,2071.0735087444514,0.967839595190856,1.6448580103654855,0.89873275234076,200,2211,0.0,19.084771486374283,True,0.015073765999659372,19.032759783730924,20.190191806867976,1.1574320231370514,True,654.5747382757102,,,,,,,0,,,,,,,,,,,,,,,,,,,,
ridge_affine_cal,same_well_masked,1,tr00055,2211,4075.797380410488,1.3577253339690438,2.1595896739126204,1.3087325653700503,200,2211,0.0,19.084771486374283,True,0.022432011000091734,19.032759783730924,20.190191806867976,1.1574320231370514,True,654.5747382757102,,,,,,,0,,,,,,,,,,,,,,,,,,,,
ridge_multibranch,same_well_masked,1,tr00055,2211,466.4261872784201,0.459300683343465,1.0193408771939865,0.29827454954991783,200,2211,0.0,19.084771486374283,True,0.023083203000169306,19.032759783730924,20.190191806867976,1.1574320231370514,True,654.5747382757102,,,,,,,0,,,,,,,,,,,,,,,,,,,,
ridge_affine_multibranch,same_well_masked,1,tr00055,2211,1284.0303595333824,0.7620672091541042,1.483287611362016,0.6772447413237518,200,2211,0.0,19.084771486374283,True,0.029787661000227672,19.032759783730924,20.190191806867976,1.1574320231370514,True,654.5747382757102,,,,,,,0,,,,,,,,,,,,,,,,,,,,
ridge_gated_gbdt,same_well_masked,1,tr00055,2211,2071.0735087444514,0.967839595190856,1.6448580103654855,0.89873275234076,200,2211,0.0,19.084771486374283,True,0.09115916499922605,19.032759783730924,20.190191806867976,1.1574320231370514,True,654.5747382757102,0.7959085788198552,1.0,,True,,,2211,1.0,,,,,,,,,,,,,,,,,,,
ridge_default,same_well_masked,1,tr0009e,2153,2828.7476848981673,1.1462387622128074,1.579320910318252,1.105823922122589,1323,2153,0.12169124178362054,38.03734103636195,True,0.016616246000012325,38.0308167002397,41.98286711067679,3.9520504104370957,True,672.0539264460263,,,,,,,0,,,,,,,,,,,,,,,,,,,,
ridge_affine_cal,same_well_masked,1,tr0009e,2153,1740.9051430973798,0.8992191335863543,1.264408751278502,0.8693209090807468,1323,2153,0.12169124178362054,38.03734103636195,True,0.022390535999875283,38.0308167002397,41.98286711067679,3.9520504104370957,True,672.0539264460263,,,,,,,0,,,,,,,,,,,,,,,,,,,,
ridge_multibranch,same_well_masked,1,tr0009e,2153,1327.7992367611098,0.7853155417545722,1.1601927941550088,0.7373739979950846,1323,2153,0.12169124178362054,38.03734103636195,True,0.02327787200010789,38.0308167002397,41.98286711067679,3.9520504104370957,True,672.0539264460263,,,,,,,0,,,,,,,,,,,,,,,,,,,,
ridge_affine_multibranch,same_well_masked,1,tr0009e,2153,829.3943487988231,0.6206668083181969,0.9319168652375467,0.5869058483975533,1323,2153,0.12169124178362054,38.03734103636195,True,0.030638870999609935,38.0308167002397,41.98286711067679,3.9520504104370957,True,672.0539264460263,,,,,,,0,,,,,,,,,,,,,,,,,,,,
ridge_gated_gbdt,same_well_masked,1,tr0009e,2153,27.601472065903966,0.11322546358584054,0.39477466702235375,-0.006517384148213466,1323,2153,0.12169124178362054,38.03734103636195,True,0.040386378999755834,38.0308167002397,41.98286711067679,3.9520504104370957,True,672.0539264460263,0.889773582270598,1.0,,True,,,0,0.0,,,,,,,,,,,,,,,,,,,
ridge_default,same_well_masked,1,tr000de,2356,3377.8765324154106,1.1973861835273933,2.0060718582064965,1.1453985327729874,200,2356,0.17310278578290106,22.94834795095856,True,0.014217398000255344,18.140735636115743,23.856766047127508,5.716030411011765,True,708.3988420339297,,,,,,,0,,,,,,,,,,,,,,,,,,,,
ridge_affine_cal,same_well_masked,1,tr000de,2356,4562.114194487549,1.3915391611625756,2.359335377846275,1.3423725995447293,200,2356,0.17310278578290106,22.94834795095856,True,0.021077934999993886,18.140735636115743,23.856766047127508,5.716030411011765,True,708.3988420339297,,,,,,,0,,,,,,,,,,,,,,,,,,,,
ridge_multibranch,same_well_masked,1,tr000de,2356,4649.93141663973,1.4048683569791554,2.2071998443862846,1.3608193586520003,200,2356,0.17310278578290106,22.94834795095856,True,0.021690004000447516,18.140735636115743,23.856766047127508,5.716030411011765,True,708.3988420339297,,,,,,,0,,,,,,,,,,,,,,,,,,,,
ridge_affine_multibranch,same_well_masked,1,tr000de,2356,4932.856324652237,1.4469768737896034,2.355568239613433,1.4046982705193298,200,2356,0.17310278578290106,22.94834795095856,True,0.027440071999990323,18.140735636115743,23.856766047127508,5.716030411011765,True,708.3988420339297,,,,,,,0,,,,,,,,,,,,,,,,,,,,
ridge_gated_gbdt,same_well_masked,1,tr000de,2356,3377.8765324154106,1.1973861835273933,2.0060718582064965,1.1453985327729874,200,2356,0.17310278578290106,22.94834795095856,True,0.09323738100010814,18.140735636115743,23.856766047127508,5.716030411011765,True,708.3988420339297,0.0,0.0,,False,affine_calibration_unusable,,2356,1.0,,,,,,,,,,,,,,,,,,,
ridge_default,same_well_masked,1,tr000e9,3452,4410.684388510534,1.130362126333183,1.7241945689480564,-0.9610898885157606,1989,3452,0.0,12.495490739435542,True,0.015748525000162772,0.2137118786954657,12.474977493469453,12.261265614773986,True,637.17909303711,,,,,,,0,,,,,,,,,,,,,,,,,,,,
ridge_affine_cal,same_well_masked,1,tr000e9,3452,4075.1091489390788,1.0865112544055433,1.7340264005781512,-0.9021053409518925,1989,3452,0.0,12.495490739435542,True,0.02313563699954102,0.2137118786954657,12.474977493469453,12.261265614773986,True,637.17909303711,,,,,,,0,,,,,,,,,,,,,,,,,,,,
ridge_multibranch,same_well_masked,1,tr000e9,3452,3221.770310070907,0.9660773364834156,1.5355863702596269,-0.7228956660894789,1989,3452,0.0,12.495490739435542,True,0.02401881300011155,0.2137118786954657,12.474977493469453,12.261265614773986,True,637.17909303711,,,,,,,0,,,,,,,,,,,,,,,,,,,,
ridge_affine_multibranch,same_well_masked,1,tr000e9,3452,3349.396411051588,0.9850264260313943,1.6143427895779707,-0.7291121795951878,1989,3452,0.0,12.495490739435542,True,0.031387496999741415,0.2137118786954657,12.474977493469453,12.261265614773986,True,637.17909303711,,,,,,,0,,,,,,,,,,,,,,,,,,,,
ridge_gated_gbdt,same_well_masked,1,tr000e9,3452,349.0748479886055,0.3179976314747991,0.6697672889582362,0.16668445253225098,1989,3452,0.0,12.495490739435542,True,0.04311369599963655,0.2137118786954657,12.474977493469453,12.261265614773986,True,637.17909303711,0.7436376023628517,1.0,,True,,,0,0.0,,,,,,,,,,,,,,,,,,,
ridge_default,same_well_masked,1,tr000ba,2727,1365.6611002034751,0.7076669291808163,0.9977785940296027,-0.6857423635412476,3370,2727,0.0,16.343539065019655,True,0.015559211000436335,15.698382803277635,16.55302476738359,0.854641964105955,True,652.1790259852512,,,,,,,0,,,,,,,,,,,,,,,,,,,,
ridge_affine_cal,same_well_masked,1,tr000ba,2727,1766.6049793173772,0.8048726241320089,1.0774779386985038,-0.7941395047057159,3370,2727,0.0,16.343539065019655,True,0.02324768399921595,15.698382803277635,16.55302476738359,0.854641964105955,True,652.1790259852512,,,,,,,0,,,,,,,,,,,,,,,,,,,,
ridge_multibranch,same_well_masked,1,tr000ba,2727,432.546547995681,0.39826657223272643,0.6946768885686048,-0.3483454924974552,3370,2727,0.0,16.343539065019655,True,0.024411870999756502,15.698382803277635,16.55302476738359,0.854641964105955,True,652.1790259852512,,,,,,,0,,,,,,,,,,,,,,,,,,,,
ridge_affine_multibranch,same_well_masked,1,tr000ba,2727,724.7931201875501,0.5155424869083852,0.8206760422368511,-0.4895109486048887,3370,2727,0.0,16.343539065019655,True,0.03120188800039614,15.698382803277635,16.55302476738359,0.854641964105955,True,652.1790259852512,,,,,,,0,,,,,,,,,,,,,,,,,,,,
ridge_gated_gbdt,same_well_masked,1,tr000ba,2727,313.28577994901474,0.338943861047912,0.6434410898194773,-0.2956068860406893,3370,2727,0.0,16.343539065019655,True,0.042903730999569234,15.698382803277635,16.55302476738359,0.854641964105955,True,652.1790259852512,0.8440050163810879,1.0,,True,,,0,0.0,,,,,,,,,,,,,,,,,,,
ridge_default,same_well_masked,1,tr0002d,3241,17148.803515527445,2.3002624855604723,4.598777938110771,1.9211637091803657,200,3241,0.08988605992403995,5.232505003688116,True,0.015147142999921925,0.5489756288522099,5.379367703179577,4.830392074327367,True,669.314946650252,,,,,,,0,,,,,,,,,,,,,,,,,,,,
ridge_affine_cal,same_well_masked,1,tr0002d,3241,23924.570072293565,2.716955689242555,4.884823222033745,2.438771200791613,200,3241,0.08988605992403995,5.232505003688116,True,0.021821534999617143,0.5489756288522099,5.379367703179577,4.830392074327367,True,669.314946650252,,,,,,,0,,,,,,,,,,,,,,,,,,,,
ridge_multibranch,same_well_masked,1,tr0002d,3241,18675.681969016787,2.4004834677737015,4.695226933299423,2.051555555210518,200,3241,0.08988605992403995,5.232505003688116,True,0.021549680000134686,0.5489756288522099,5.379367703179577,4.830392074327367,True,669.314946650252,,,,,,,0,,,,,,,,,,,,,,,,,,,,
ridge_affine_multibranch,same_well_masked,1,tr0002d,3241,22503.320013474564,2.63501919121414,4.804291331091182,2.351614845407871,200,3241,0.08988605992403995,5.232505003688116,True,0.027744705000259273,0.5489756288522099,5.379367703179577,4.830392074327367,True,669.314946650252,,,,,,,0,,,,,,,,,,,,,,,,,,,,
ridge_gated_gbdt,same_well_masked,1,tr0002d,3241,17148.803515527445,2.3002624855604723,4.598777938110771,1.9211637091803657,200,3241,0.08988605992403995,5.232505003688116,True,0.1138819739999235,0.5489756288522099,5.379367703179577,4.830392074327367,True,669.314946650252,0.0,0.0,,False,affine_calibration_unusable,,3241,1.0,,,,,,,,,,,,,,,,,,,
ridge_default,same_well_masked,1,tr00033,2766,12607.50493247976,2.1349538200210496,3.782397139955881,-1.870202692494295,3181,2766,0.023872374612647768,15.658519893658813,True,0.015636309000001347,12.80118064847921,15.709113005789352,2.907932357310141,True,675.1601710568043,,,,,,,0,,,,,,,,,,,,,,,,,,,,
ridge_affine_cal,same_well_masked,1,tr00033,2766,8231.369489385366,1.7250828612860123,3.343904937558124,-1.3624436722225575,3181,2766,0.023872374612647768,15.658519893658813,True,0.02493851400049607,12.80118064847921,15.709113005789352,2.907932357310141,True,675.1601710568043,,,,,,,0,,,,,,,,,,,,,,,,,,,,
ridge_multibranch,same_well_masked,1,tr00033,2766,13543.689738011255,2.212801261032803,3.885169389905956,-1.954052662987539,3181,2766,0.023872374612647768,15.658519893658813,True,0.02448179499970138,12.80118064847921,15.709113005789352,2.907932357310141,True,675.1601710568043,,,,,,,0,,,,,,,,,,,,,,,,,,,,
ridge_affine_multibranch,same_well_masked,1,tr00033,2766,9273.506842703506,1.8310318995906907,3.485942510064895,-1.4897894818027273,3181,2766,0.023872374612647768,15.658519893658813,True,0.03217638399928546,12.80118064847921,15.709113005789352,2.907932357310141,True,675.1601710568043,,,,,,,0,,,,,,,,,,,,,,,,,,,,
ridge_gated_gbdt,same_well_masked,1,tr00033,2766,428.37076512599054,0.3935354174332979,0.8273912306055689,-0.3126833835421283,3181,2766,0.023872374612647768,15.658519893658813,True,0.045031044999632286,12.80118064847921,15.709113005789352,2.907932357310141,True,675.1601710568043,0.8287573686756452,1.0,,True,,,0,0.0,,,,,,,,,,,,,,,,,,,
ridge_default,same_well_masked,1,tr000eb,2505,7060.149541498693,1.678815943055748,2.2588126058478935,1.6560389344404332,200,2505,0.0,29.65574512554321,True,0.01457098999981099,29.65003025251078,39.17885241183794,9.528822159327156,True,630.7495798067866,,,,,,,0,,,,,,,,,,,,,,,,,,,,
ridge_affine_cal,same_well_masked,1,tr000eb,2505,6713.983941227528,1.6371417502068875,2.273951516793794,1.6122409419074393,200,2505,0.0,29.65574512554321,True,0.02315578799971263,29.65003025251078,39.17885241183794,9.528822159327156,True,630.7495798067866,,,,,,,0,,,,,,,,,,,,,,,,,,,,
ridge_multibranch,same_well_masked,1,tr000eb,2505,5404.759341466474,1.4688732278408694,2.063436956313005,1.4402631423471535,200,2505,0.0,29.65574512554321,True,0.023658778999561036,29.65003025251078,39.17885241183794,9.528822159327156,True,630.7495798067866,,,,,,,0,,,,,,,,,,,,,,,,,,,,
ridge_affine_multibranch,same_well_masked,1,tr000eb,2505,6230.850286695497,1.5771383528119458,2.2155241786725597,1.5494087099331466,200,2505,0.0,29.65574512554321,True,0.030074993000198447,29.65003025251078,39.17885241183794,9.528822159327156,True,630.7495798067866,,,,,,,0,,,,,,,,,,,,,,,,,,,,
ridge_gated_gbdt,same_well_masked,1,tr000eb,2505,7060.149541498693,1.678815943055748,2.2588126058478935,1.6560389344404332,200,2505,0.0,29.65574512554321,True,0.09974967600010132,29.65003025251078,39.17885241183794,9.528822159327156,True,630.7495798067866,0.963992694287301,1.0,,True,,,2505,1.0,,,,,,,,,,,,,,,,,,,
ridge_default,same_well_masked,1,tr0000c,1925,2027.457175396136,1.026267268648519,1.679022705372125,0.9609178851540174,200,1925,0.03639351960554121,8.577986353135433,True,0.014812608999818622,7.096907875737688,8.682890965626925,1.5859830898892362,True,633.112726623425,,,,,,,0,,,,,,,,,,,,,,,,,,,,
ridge_affine_cal,same_well_masked,1,tr0000c,1925,430.0825625588452,0.47267273352456235,1.0928470365835832,0.24537810117665904,200,1925,0.03639351960554121,8.577986353135433,True,0.02197995099959371,7.096907875737688,8.682890965626925,1.5859830898892362,True,633.112726623425,,,,,,,0,,,,,,,,,,,,,,,,,,,,
ridge_multibranch,same_well_masked,1,tr0000c,1925,2235.7245691570265,1.0776898257852547,1.728728567357324,1.0172049493541087,200,1925,0.03639351960554121,8.577986353135433,True,0.02303206600026897,7.096907875737688,8.682890965626925,1.5859830898892362,True,633.112726623425,,,,,,,0,,,,,,,,,,,,,,,,,,,,
ridge_affine_multibranch,same_well_masked,1,tr0000c,1925,577.0470254298975,0.5475077063704324,1.1938992860028996,0.38791900812274266,200,1925,0.03639351960554121,8.577986353135433,True,0.029971088999445783,7.096907875737688,8.682890965626925,1.5859830898892362,True,633.112726623425,,,,,,,0,,,,,,,,,,,,,,,,,,,,
ridge_gated_gbdt,same_well_masked,1,tr0000c,1925,2027.457175396136,1.026267268648519,1.679022705372125,0.9609178851540174,200,1925,0.03639351960554121,8.577986353135433,True,0.08351674799996545,7.096907875737688,8.682890965626925,1.5859830898892362,True,633.112726623425,0.9768463586443744,1.0,,True,,,1925,1.0,,,,,,,,,,,,,,,,,,,
ridge_default,same_well_masked,1,tr0000e,1313,317.9952935665267,0.4921278955979703,1.0250979798517044,-0.3789327081910172,2344,1313,0.09698189134808853,26.169575262643846,True,0.014414397000109602,25.846964971380014,26.468624720662238,0.6216597492822231,True,653.4736998932805,,,,,,,0,,,,,,,,,,,,,,,,,,,,
ridge_affine_cal,same_well_masked,1,tr0000e,1313,501.10520393687,0.6177775092863926,1.2370221518931643,-0.5136471955740657,2344,1313,0.09698189134808853,26.169575262643846,True,0.021833197999512777,25.846964971380014,26.468624720662238,0.6216597492822231,True,653.4736998932805,,,,,,,0,,,,,,,,,,,,,,,,,,,,
ridge_multibranch,same_well_masked,1,tr0000e,1313,138.04905309392197,0.3242532613987707,0.7162893168212499,-0.0973842708065342,2344,1313,0.09698189134808853,26.169575262643846,True,0.022858097999232996,25.846964971380014,26.468624720662238,0.6216597492822231,True,653.4736998932805,,,,,,,0,,,,,,,,,,,,,,,,,,,,
ridge_affine_multibranch,same_well_masked,1,tr0000e,1313,176.56187400796708,0.36670438381465503,0.8414319608382357,-0.14793635085925097,2344,1313,0.09698189134808853,26.169575262643846,True,0.02958175999992818,25.846964971380014,26.468624720662238,0.6216597492822231,True,653.4736998932805,,,,,,,0,,,,,,,,,,,,,,,,,,,,
ridge_gated_gbdt,same_well_masked,1,tr0000e,1313,62.766935857541576,0.2186417530803632,0.3595251410744851,0.21224886154348283,2344,1313,0.09698189134808853,26.169575262643846,True,0.039896579000014754,25.846964971380014,26.468624720662238,0.6216597492822231,True,653.4736998932805,0.9482722927464609,1.0,,True,,,0,0.0,,,,,,,,,,,,,,,,,,,
ridge_default,same_well_masked,1,tr00073,1859,2232.7887139044847,1.0959332900192402,2.1155235991773154,0.966855052969264,200,1859,0.18900023304591004,26.17778491330545,True,0.013934382000115875,26.17168313165283,29.655810690635484,3.484127558982653,True,682.3358101701596,,,,,,,0,,,,,,,,,,,,,,,,,,,,
ridge_affine_cal,same_well_masked,1,tr00073,1859,4115.644829123414,1.48791886334812,2.493084567239812,1.4032926213544379,200,1859,0.18900023304591004,26.17778491330545,True,0.022017141000105767,26.17168313165283,29.655810690635484,3.484127558982653,True,682.3358101701596,,,,,,,0,,,,,,,,,,,,,,,,,,,,
ridge_multibranch,same_well_masked,1,tr00073,1859,1865.1376899396369,1.0016494438470664,1.6647292799952496,-0.8630165376639547,200,1859,0.18900023304591004,26.17778491330545,True,0.022671339000226,26.17168313165283,29.655810690635484,3.484127558982653,True,682.3358101701596,,,,,,,0,,,,,,,,,,,,,,,,,,,,
ridge_affine_multibranch,same_well_masked,1,tr00073,1859,520.8287292287363,0.5293071629429651,1.033389397336478,-0.20346179922641325,200,1859,0.18900023304591004,26.17778491330545,True,0.029519742999582377,26.17168313165283,29.655810690635484,3.484127558982653,True,682.3358101701596,,,,,,,0,,,,,,,,,,,,,,,,,,,,
ridge_gated_gbdt,same_well_masked,1,tr00073,1859,2232.7887139044847,1.0959332900192402,2.1155235991773154,0.966855052969264,200,1859,0.18900023304591004,26.17778491330545,True,0.08395810299953155,26.17168313165283,29.655810690635484,3.484127558982653,True,682.3358101701596,0.8535896149342578,0.0,,True,,,1859,1.0,,,,,,,,,,,,,,,,,,,
ridge_default,same_well_masked,1,tr0004d,3050,46238.32700382701,3.8935982348426132,5.905819878215583,-3.604329072740215,200,3050,0.051601423487544484,-7.038897075181184,True,0.015585834000376053,-10.890355785491588,-7.015845780418134,3.8745100050734536,True,677.7801728805133,,,,,,,0,,,,,,,,,,,,,,,,,,,,
ridge_affine_cal,same_well_masked,1,tr0004d,3050,23285.07401640463,2.763050940026594,4.96168390571348,-2.36493102688105,200,3050,0.051601423487544484,-7.038897075181184,True,0.02604677300041658,-10.890355785491588,-7.015845780418134,3.8745100050734536,True,677.7801728805133,,,,,,,0,,,,,,,,,,,,,,,,,,,,
ridge_multibranch,same_well_masked,1,tr0004d,3050,48485.118896055654,3.9870741520303756,6.0204824546965146,-3.700398688802942,200,3050,0.051601423487544484,-7.038897075181184,True,0.023492269999223936,-10.890355785491588,-7.015845780418134,3.8745100050734536,True,677.7801728805133,,,,,,,0,,,,,,,,,,,,,,,,,,,,
ridge_affine_multibranch,same_well_masked,1,tr0004d,3050,28865.806399429814,3.0763938011062866,5.319745579286826,-2.7106549456476827,200,3050,0.051601423487544484,-7.038897075181184,True,0.03016839100018842,-10.890355785491588,-7.015845780418134,3.8745100050734536,True,677.7801728805133,,,,,,,0,,,,,,,,,,,,,,,,,,,,
ridge_gated_gbdt,same_well_masked,1,tr0004d,3050,46238.32700382701,3.8935982348426132,5.905819878215583,-3.604329072740215,200,3050,0.051601423487544484,-7.038897075181184,True,0.11315267400004814,-10.890355785491588,-7.015845780418134,3.8745100050734536,True,677.7801728805133,0.4392004723258095,1.0,,True,,,3050,1.0,,,,,,,,,,,,,,,,,,,
ridge_default,same_well_masked,1,tr00045,1709,889.384733850967,0.7213961229510973,1.311654265971896,-0.16033308522951378,1943,1709,0.7377354971087484,38.24651313100852,True,0.01499934699950245,38.2496561583289,40.60138186523128,2.3517257069023856,True,642.5741223792977,,,,,,,0,,,,,,,,,,,,,,,,,,,,
ridge_affine_cal,same_well_masked,1,tr00045,1709,845.6290143703043,0.7034267933347574,1.3887232099669404,-0.15206311367426645,1943,1709,0.7377354971087484,38.24651313100852,True,0.022400785999707296,38.2496561583289,40.60138186523128,2.3517257069023856,True,642.5741223792977,,,,,,,0,,,,,,,,,,,,,,,,,,,,
ridge_multibranch,same_well_masked,1,tr00045,1709,931.0187856896359,0.7380880784304434,1.3160540788969115,-0.19478036396987025,1943,1709,0.7377354971087484,38.24651313100852,True,0.022063887000513205,38.2496561583289,40.60138186523128,2.3517257069023856,True,642.5741223792977,,,,,,,0,,,,,,,,,,,,,,,,,,,,
ridge_affine_multibranch,same_well_masked,1,tr00045,1709,857.8175306441308,0.7084780953646663,1.4134521937390332,-0.0998157982067536,1943,1709,0.7377354971087484,38.24651313100852,True,0.02969130800011044,38.2496561583289,40.60138186523128,2.3517257069023856,True,642.5741223792977,,,,,,,0,,,,,,,,,,,,,,,,,,,,
ridge_gated_gbdt,same_well_masked,1,tr00045,1709,889.384733850967,0.7213961229510973,1.311654265971896,-0.16033308522951378,1943,1709,0.7377354971087484,38.24651313100852,True,0.03910237499985669,38.2496561583289,40.60138186523128,2.3517257069023856,True,642.5741223792977,0.0,0.0,,False,insufficient_hidden_gr_rows,,1709,1.0,,,,,,,,,,,,,,,,,,,
ridge_default,same_well_masked,1,tr00078,2524,33011.50764640312,3.616496126628046,5.879224318998737,3.2683440785648066,2707,2524,0.0,36.64092283696469,True,0.01516920499943808,36.62747843830296,39.85767305416452,3.2301946158615635,True,634.6901135020072,,,,,,,0,,,,,,,,,,,,,,,,,,,,
ridge_affine_cal,same_well_masked,1,tr00078,2524,37574.503961730734,3.858352947182,6.311652787541675,3.5362661821105417,2707,2524,0.0,36.64092283696469,True,0.023262359000000288,36.62747843830296,39.85767305416452,3.2301946158615635,True,634.6901135020072,,,,,,,0,,,,,,,,,,,,,,,,,,,,
ridge_multibranch,same_well_masked,1,tr00078,2524,19364.688143425177,2.769877601424312,4.920247110805619,2.284023698085734,2707,2524,0.0,36.64092283696469,True,0.02392412500012142,36.62747843830296,39.85767305416452,3.2301946158615635,True,634.6901135020072,,,,,,,0,,,,,,,,,,,,,,,,,,,,
ridge_affine_multibranch,same_well_masked,1,tr00078,2524,24191.05084561132,3.0958698296639002,5.461497127655193,2.671430378922617,2707,2524,0.0,36.64092283696469,True,0.030627492000348866,36.62747843830296,39.85767305416452,3.2301946158615635,True,634.6901135020072,,,,,,,0,,,,,,,,,,,,,,,,,,,,
ridge_gated_gbdt,same_well_masked,1,tr00078,2524,472.3260775878457,0.4325898116710414,0.8293191469953101,-0.3791157888492581,2707,2524,0.0,36.64092283696469,True,0.043317351000041526,36.62747843830296,39.85767305416452,3.2301946158615635,True,634.6901135020072,0.8258782071798287,0.09999999999999998,,True,,,0,0.0,,,,,,,,,,,,,,,,,,,
ridge_default,same_well_masked,1,tr000b8,3555,8409.199635656878,1.5380042263221436,2.5558297147775413,1.4790079084082826,200,3555,0.065643197458973,19.28854462553317,True,0.01521312999921065,19.289132005466108,26.161886808809168,6.87275480334306,True,694.845704624754,,,,,,,0,,,,,,,,,,,,,,,,,,,,
ridge_affine_cal,same_well_masked,1,tr000b8,3555,7947.604171266407,1.4951966384720121,2.3328975325976025,1.4348029269856404,200,3555,0.065643197458973,19.28854462553317,True,0.021560457000305178,19.289132005466108,26.161886808809168,6.87275480334306,True,694.845704624754,,,,,,,0,,,,,,,,,,,,,,,,,,,,
ridge_multibranch,same_well_masked,1,tr000b8,3555,9238.72047985395,1.6120782229360595,2.6074045550171014,1.559395279130127,200,3555,0.065643197458973,19.28854462553317,True,0.025809032999859483,19.289132005466108,26.161886808809168,6.87275480334306,True,694.845704624754,,,,,,,0,,,,,,,,,,,,,,,,,,,,
ridge_affine_multibranch,same_well_masked,1,tr000b8,3555,7615.338689005076,1.463608115931212,2.2833910075850206,1.4060668033914057,200,3555,0.065643197458973,19.28854462553317,True,0.027316374000292853,19.289132005466108,26.161886808809168,6.87275480334306,True,694.845704624754,,,,,,,0,,,,,,,,,,,,,,,,,,,,
ridge_gated_gbdt,same_well_masked,1,tr000b8,3555,8409.199635656878,1.5380042263221436,2.5558297147775413,1.4790079084082826,200,3555,0.065643197458973,19.28854462553317,True,0.12777073999950517,19.289132005466108,26.161886808809168,6.87275480334306,True,694.845704624754,0.0,0.0,,False,affine_calibration_unusable,,3555,1.0,,,,,,,,,,,,,,,,,,,
ridge_default,same_well_masked,2,tr00075,1563,7211.224269487968,2.1479541769287165,3.503433081706329,-1.9049719611688767,493,1563,0.06825089803813209,-6.802493625836254,True,0.014376287999766646,-7.029485021180767,-6.639078238945791,0.39040678223497594,True,636.7345108074378,,,,,,,0,,,,,,,,,,,,,,,,,,,,
ridge_affine_cal,same_well_masked,2,tr00075,1563,10236.891081292022,2.5592019161066064,4.021556895871702,-2.340929695146771,493,1563,0.06825089803813209,-6.802493625836254,True,0.021168920000491198,-7.029485021180767,-6.639078238945791,0.39040678223497594,True,636.7345108074378,,,,,,,0,,,,,,,,,,,,,,,,,,,,
ridge_multibranch,same_well_masked,2,tr00075,1563,7664.6340530582365,2.2144517558646375,3.5633765307269014,-1.9883898613831266,493,1563,0.06825089803813209,-6.802493625836254,True,0.021038286000475637,-7.029485021180767,-6.639078238945791,0.39040678223497594,True,636.7345108074378,,,,,,,0,,,,,,,,,,,,,,,,,,,,
ridge_affine_multibranch,same_well_masked,2,tr00075,1563,8911.337341290026,2.3877670406395803,3.824579260217539,-2.161232781807481,493,1563,0.06825089803813209,-6.802493625836254,True,0.026833586000066134,-7.029485021180767,-6.639078238945791,0.39040678223497594,True,636.7345108074378,,,,,,,0,,,,,,,,,,,,,,,,,,,,
ridge_gated_gbdt,same_well_masked,2,tr00075,1563,76.84817354171703,0.22173654997647174,0.4281043993027245,-0.05379812272607671,493,1563,0.06825089803813209,-6.802493625836254,True,0.03818012200008525,-7.029485021180767,-6.639078238945791,0.39040678223497594,True,636.7345108074378,0.0,0.0,,False,affine_calibration_unusable,,0,0.0,,,,,,,,,,,,,,,,,,,
ridge_default,same_well_masked,2,tr000c7,1877,5724.814458693234,1.7464194985266004,2.888932730405699,-0.7746830398391055,200,1877,0.6703406813627254,9.02155190243231,True,0.014484715999969922,9.019967855444438,20.996258866130745,11.976291010686307,True,690.5461055475046,,,,,,,0,,,,,,,,,,,,,,,,,,,,
ridge_affine_cal,same_well_masked,2,tr000c7,1877,6315.735686492319,1.8343400019272293,3.021104095846141,-0.8108273989872095,200,1877,0.6703406813627254,9.02155190243231,True,0.02321531799952936,9.019967855444438,20.996258866130745,11.976291010686307,True,690.5461055475046,,,,,,,0,,,,,,,,,,,,,,,,,,,,
ridge_multibranch,same_well_masked,2,tr000c7,1877,5508.078616786495,1.7130416758067728,2.795551344726775,-0.6799439449050808,200,1877,0.6703406813627254,9.02155190243231,True,0.024473704999763868,9.019967855444438,20.996258866130745,11.976291010686307,True,690.5461055475046,,,,,,,0,,,,,,,,,,,,,,,,,,,,
ridge_affine_multibranch,same_well_masked,2,tr000c7,1877,6904.255376679271,1.9179014482499872,3.1649696034216674,-0.9406788362434966,200,1877,0.6703406813627254,9.02155190243231,True,0.02993641499961086,9.019967855444438,20.996258866130745,11.976291010686307,True,690.5461055475046,,,,,,,0,,,,,,,,,,,,,,,,,,,,
ridge_gated_gbdt,same_well_masked,2,tr000c7,1877,5724.814458693234,1.7464194985266004,2.888932730405699,-0.7746830398391055,200,1877,0.6703406813627254,9.02155190243231,True,0.07991964099983306,9.019967855444438,20.996258866130745,11.976291010686307,True,690.5461055475046,0.7605478329728836,1.0,,True,,,1877,1.0,,,,,,,,,,,,,,,,,,,
ridge_default,same_well_masked,2,tr00047,2551,9457.420193660437,1.925444980938663,3.2315123391895564,1.5608736703806778,256,2551,0.03938036580813736,-0.0514824977593959,True,0.01513922000049206,-5.920970646096533,-0.0286625303370735,5.89230811575946,True,671.8339088603502,,,,,,,0,,,,,,,,,,,,,,,,,,,,
ridge_affine_cal,same_well_masked,2,tr00047,2551,14386.020465247842,2.3747347509349863,3.828911257533743,2.0887122485861345,256,2551,0.03938036580813736,-0.0514824977593959,True,0.022497939999993832,-5.920970646096533,-0.0286625303370735,5.89230811575946,True,671.8339088603502,,,,,,,0,,,,,,,,,,,,,,,,,,,,
ridge_multibranch,same_well_masked,2,tr00047,2551,7161.14928213174,1.6754679872022178,2.902092351428924,1.2487934088893549,256,2551,0.03938036580813736,-0.0514824977593959,True,0.023808760000065377,-5.920970646096533,-0.0286625303370735,5.89230811575946,True,671.8339088603502,,,,,,,0,,,,,,,,,,,,,,,,,,,,
ridge_affine_multibranch,same_well_masked,2,tr00047,2551,13293.432565919566,2.282776216447531,3.738669805562224,1.9745525328406417,256,2551,0.03938036580813736,-0.0514824977593959,True,0.030073869000261766,-5.920970646096533,-0.0286625303370735,5.89230811575946,True,671.8339088603502,,,,,,,0,,,,,,,,,,,,,,,,,,,,
ridge_gated_gbdt,same_well_masked,2,tr00047,2551,2374.895672578217,0.9648660795069293,1.8022983141197777,-0.591908453574258,256,2551,0.03938036580813736,-0.0514824977593959,True,0.041922385999896505,-5.920970646096533,-0.0286625303370735,5.89230811575946,True,671.8339088603502,0.9421496312622631,1.0,,True,,,0,0.0,,,,,,,,,,,,,,,,,,,
ridge_default,same_well_masked,2,tr00006,2473,10163.526509512458,2.0272632796404992,2.9086084781557036,-1.9192276324768067,720,2473,0.014119308153900459,9.40066949504864,True,0.014920051999979478,-0.6279435894302612,9.412817354196234,10.040760943626495,True,713.1012151440522,,,,,,,0,,,,,,,,,,,,,,,,,,,,
ridge_affine_cal,same_well_masked,2,tr00006,2473,1686.5625403262077,0.8258271693751712,1.7575103554353424,-0.6287240005531826,720,2473,0.014119308153900459,9.40066949504864,True,0.022976324000410386,-0.6279435894302612,9.412817354196234,10.040760943626495,True,713.1012151440522,,,,,,,0,,,,,,,,,,,,,,,,,,,,
ridge_multibranch,same_well_masked,2,tr00006,2473,2988.039500695264,1.0992111093680106,1.8411409372438916,-0.9099606594237545,720,2473,0.014119308153900459,9.40066949504864,True,0.02408583299984457,-0.6279435894302612,9.412817354196234,10.040760943626495,True,713.1012151440522,,,,,,,0,,,,,,,,,,,,,,,,,,,,
ridge_affine_multibranch,same_well_masked,2,tr00006,2473,1197.2390625713174,0.6957903175681304,1.7550999277070112,0.45904034012191236,720,2473,0.014119308153900459,9.40066949504864,True,0.031156569999438943,-0.6279435894302612,9.412817354196234,10.040760943626495,True,713.1012151440522,,,,,,,0,,,,,,,,,,,,,,,,,,,,
ridge_gated_gbdt,same_well_masked,2,tr00006,2473,912.1542910330705,0.6073263085523917,8.196592187192739,0.42412298170006946,720,2473,0.014119308153900459,9.40066949504864,True,0.043489540000337,-0.6279435894302612,9.412817354196234,10.040760943626495,True,713.1012151440522,0.9297260194346662,1.0,,True,,,0,0.0,,,,,,,,,,,,,,,,,,,
ridge_default,same_well_masked,2,tr00054,1457,1077.0051539089218,0.8597637198796091,1.6793594873501263,-0.18957289341859848,2582,1457,0.8131368267831149,33.757227087765905,True,0.01961393900000985,24.736814858612924,33.75742063089285,9.020605772279929,True,688.3896423312751,,,,,,,0,,,,,,,,,,,,,,,,,,,,
ridge_affine_cal,same_well_masked,2,tr00054,1457,1753.025585718434,1.0968932185129918,2.252241764515656,-0.6692622050075506,2582,1457,0.8131368267831149,33.757227087765905,True,0.02388519099986297,24.736814858612924,33.75742063089285,9.020605772279929,True,688.3896423312751,,,,,,,0,,,,,,,,,,,,,,,,,,,,
ridge_multibranch,same_well_masked,2,tr00054,1457,1036.2065961162086,0.8433219423809466,1.5534859230968152,-0.03183573653169473,2582,1457,0.8131368267831149,33.757227087765905,True,0.023280899000383215,24.736814858612924,33.75742063089285,9.020605772279929,True,688.3896423312751,,,,,,,0,,,,,,,,,,,,,,,,,,,,
ridge_affine_multibranch,same_well_masked,2,tr00054,1457,1560.9851230885965,1.0350697253655372,2.151530100272339,-0.5460453293140336,2582,1457,0.8131368267831149,33.757227087765905,True,0.03019950699945184,24.736814858612924,33.75742063089285,9.020605772279929,True,688.3896423312751,,,,,,,0,,,,,,,,,,,,,,,,,,,,
ridge_gated_gbdt,same_well_masked,2,tr00054,1457,1077.0051539089218,0.8597637198796091,1.6793594873501263,-0.18957289341859848,2582,1457,0.8131368267831149,33.757227087765905,True,0.043189582000195514,24.736814858612924,33.75742063089285,9.020605772279929,True,688.3896423312751,0.0,0.0,,False,insufficient_hidden_gr_rows,,1457,1.0,,,,,,,,,,,,,,,,,,,
ridge_default,same_well_masked,2,tr000d7,1044,5457.68007277562,2.2864082979550022,3.7924709677360937,-2.0217793490212963,1700,1044,0.10137275607180571,59.48729776782287,True,0.014873046000502654,59.49881514158744,63.028438130411146,3.5296229888237036,True,714.5972461468525,,,,,,,0,,,,,,,,,,,,,,,,,,,,
ridge_affine_cal,same_well_masked,2,tr000d7,1044,4334.375516541188,2.037572253035983,3.6409478017401398,-1.720717797516913,1700,1044,0.10137275607180571,59.48729776782287,True,0.02280406000045332,59.49881514158744,63.028438130411146,3.5296229888237036,True,714.5972461468525,,,,,,,0,,,,,,,,,,,,,,,,,,,,
ridge_multibranch,same_well_masked,2,tr000d7,1044,5196.352293046862,2.2309972971072956,3.766124149012221,-1.9529821271376309,1700,1044,0.10137275607180571,59.48729776782287,True,0.0257792430002155,59.49881514158744,63.028438130411146,3.5296229888237036,True,714.5972461468525,,,,,,,0,,,,,,,,,,,,,,,,,,,,
ridge_affine_multibranch,same_well_masked,2,tr000d7,1044,3761.600476730059,1.8981742782836366,3.514858942790582,-1.5437440781249279,1700,1044,0.10137275607180571,59.48729776782287,True,0.032431978000204253,59.49881514158744,63.028438130411146,3.5296229888237036,True,714.5972461468525,,,,,,,0,,,,,,,,,,,,,,,,,,,,
ridge_gated_gbdt,same_well_masked,2,tr000d7,1044,5457.68007277562,2.2864082979550022,3.7924709677360937,-2.0217793490212963,1700,1044,0.10137275607180571,59.48729776782287,True,0.04153177400075947,59.49881514158744,63.028438130411146,3.5296229888237036,True,714.5972461468525,0.7985930762000547,1.0,,True,,,1044,1.0,,,,,,,,,,,,,,,,,,,
ridge_default,same_well_masked,2,tr00044,1698,1877.120490345828,1.0514224170824955,1.5026996859509305,-1.0304318643485437,3057,1698,0.03455757012242368,5.546733824404123,True,0.014869354999973439,3.911233865734535,7.03271100934276,3.1214771436082254,True,669.8196725674077,,,,,,,0,,,,,,,,,,,,,,,,,,,,
ridge_affine_cal,same_well_masked,2,tr00044,1698,1644.8292972828212,0.9842186120846649,1.6979294745099045,-0.9634204073122178,3057,1698,0.03455757012242368,5.546733824404123,True,0.025490877000265755,3.911233865734535,7.03271100934276,3.1214771436082254,True,669.8196725674077,,,,,,,0,,,,,,,,,,,,,,,,,,,,
ridge_multibranch,same_well_masked,2,tr00044,1698,1063.160922341699,0.7912808578254332,1.2566335761569443,-0.7587864318189388,3057,1698,0.03455757012242368,5.546733824404123,True,0.023870926000199688,3.911233865734535,7.03271100934276,3.1214771436082254,True,669.8196725674077,,,,,,,0,,,,,,,,,,,,,,,,,,,,
ridge_affine_multibranch,same_well_masked,2,tr00044,1698,554.522338366472,0.5714663728447951,1.2836539112263248,-0.5250556350562054,3057,1698,0.03455757012242368,5.546733824404123,True,0.030033871999876283,3.911233865734535,7.03271100934276,3.1214771436082254,True,669.8196725674077,,,,,,,0,,,,,,,,,,,,,,,,,,,,
ridge_gated_gbdt,same_well_masked,2,tr00044,1698,1877.120490345828,1.0514224170824955,1.5026996859509305,-1.0304318643485437,3057,1698,0.03455757012242368,5.546733824404123,True,0.04217815099946165,3.911233865734535,7.03271100934276,3.1214771436082254,True,669.8196725674077,0.984526917657401,1.0,,True,,,1698,1.0,,,,,,,,,,,,,,,,,,,
ridge_default,same_well_masked,2,tr00041,2310,2326.9865793439462,1.0036700142733626,1.7815088177459106,0.791659735308977,3990,2310,0.06620209059233449,12.432790835829044,True,0.015086332000464608,9.263493423234506,12.427262886693724,3.163769463459218,True,658.7731247870016,,,,,,,0,,,,,,,,,,,,,,,,,,,,
ridge_affine_cal,same_well_masked,2,tr00041,2310,3271.3124909619946,1.190022097899884,2.079128612410898,0.987028258235588,3990,2310,0.06620209059233449,12.432790835829044,True,0.024469326999678742,9.263493423234506,12.427262886693724,3.163769463459218,True,658.7731247870016,,,,,,,0,,,,,,,,,,,,,,,,,,,,
ridge_multibranch,same_well_masked,2,tr00041,2310,7764.275933279752,1.8333462337145205,2.7249101154800925,1.7216136503743078,3990,2310,0.06620209059233449,12.432790835829044,True,0.02393372000005911,9.263493423234506,12.427262886693724,3.163769463459218,True,658.7731247870016,,,,,,,0,,,,,,,,,,,,,,,,,,,,
ridge_affine_multibranch,same_well_masked,2,tr00041,2310,11766.107067721958,2.256890082208187,3.2554543357110486,2.153381500467748,3990,2310,0.06620209059233449,12.432790835829044,True,0.03178997299983166,9.263493423234506,12.427262886693724,3.163769463459218,True,658.7731247870016,,,,,,,0,,,,,,,,,,,,,,,,,,,,
ridge_gated_gbdt,same_well_masked,2,tr00041,2310,86.36594669505796,0.19335939520009443,0.3388413476098666,-0.16661683788397832,3990,2310,0.06620209059233449,12.432790835829044,True,0.043930998999712756,9.263493423234506,12.427262886693724,3.163769463459218,True,658.7731247870016,0.8792482142820381,1.0,,True,,,0,0.0,,,,,,,,,,,,,,,,,,,
ridge_default,same_well_masked,2,tr0006a,2356,2069.5025989532114,0.9372281946567749,1.5397831485562055,-0.9108810780052952,3858,2356,0.0,12.72016326398156,True,0.01612420000037673,3.108938808777101,12.71378566765943,9.604846858882329,True,663.2158355270587,,,,,,,0,,,,,,,,,,,,,,,,,,,,
ridge_affine_cal,same_well_masked,2,tr0006a,2356,361.1202072085941,0.39150584693847085,1.2018235009137452,-0.3579478026255094,3858,2356,0.0,12.72016326398156,True,0.02396563500042248,3.108938808777101,12.71378566765943,9.604846858882329,True,663.2158355270587,,,,,,,0,,,,,,,,,,,,,,,,,,,,
ridge_multibranch,same_well_masked,2,tr0006a,2356,1627.7476382698408,0.8312006877441717,1.4426341228650355,-0.8065391111991105,3858,2356,0.0,12.72016326398156,True,0.023760379000123066,3.108938808777101,12.71378566765943,9.604846858882329,True,663.2158355270587,,,,,,,0,,,,,,,,,,,,,,,,,,,,
ridge_affine_multibranch,same_well_masked,2,tr0006a,2356,105.28679513916009,0.21139723863827548,0.987548584485821,-0.13675871919134078,3858,2356,0.0,12.72016326398156,True,0.031264150999959384,3.108938808777101,12.71378566765943,9.604846858882329,True,663.2158355270587,,,,,,,0,,,,,,,,,,,,,,,,,,,,
ridge_gated_gbdt,same_well_masked,2,tr0006a,2356,8079.487780499654,1.8518434559301982,4.096289265829856,1.0034886735144146,3858,2356,0.0,12.72016326398156,True,0.044701572000121814,3.108938808777101,12.71378566765943,9.604846858882329,True,663.2158355270587,0.8799934907723501,1.0,,True,,,0,0.0,,,,,,,,,,,,,,,,,,,
ridge_default,same_well_masked,2,tr0000d,2780,524.8320573253811,0.4344979974974267,0.7846617163348872,0.36943302424267027,581,2780,0.08923628073603648,3.1536534660260847,True,0.01531422400057636,1.723606592618082,3.264055656485476,1.5404490638673942,True,687.9514453164231,,,,,,,0,,,,,,,,,,,,,,,,,,,,
ridge_affine_cal,same_well_masked,2,tr0000d,2780,116.70607861613689,0.20489168801772872,0.438318979779063,0.021139389478644733,581,2780,0.08923628073603648,3.1536534660260847,True,0.02302630299982411,1.723606592618082,3.264055656485476,1.5404490638673942,True,687.9514453164231,,,,,,,0,,,,,,,,,,,,,,,,,,,,
ridge_multibranch,same_well_masked,2,tr0000d,2780,459.17758427445716,0.4064133276659133,0.7311365692845873,0.34309274744167073,581,2780,0.08923628073603648,3.1536534660260847,True,0.024022955999498663,1.723606592618082,3.264055656485476,1.5404490638673942,True,687.9514453164231,,,,,,,0,,,,,,,,,,,,,,,,,,,,
ridge_affine_multibranch,same_well_masked,2,tr0000d,2780,123.30902540945421,0.21060808278832724,0.4497775158630297,0.021516805253536244,581,2780,0.08923628073603648,3.1536534660260847,True,0.031198777000099653,1.723606592618082,3.264055656485476,1.5404490638673942,True,687.9514453164231,,,,,,,0,,,,,,,,,,,,,,,,,,,,
ridge_gated_gbdt,same_well_masked,2,tr0000d,2780,46.73241980853347,0.12965424386694746,0.2992262792870164,-0.0816673214881153,581,2780,0.08923628073603648,3.1536534660260847,True,0.04101992199957749,1.723606592618082,3.264055656485476,1.5404490638673942,True,687.9514453164231,0.9849180258451745,1.0,,True,,,0,0.0,,,,,,,,,,,,,,,,,,,
ridge_default,same_well_masked,2,tr0004b,2285,7950.895001937193,1.8653696522616208,3.332750522009306,1.5636226136498637,879,2285,0.05505597357313269,24.136145891262583,True,0.014646726999671955,22.623122026084133,24.51687222302368,1.8937501969395463,True,691.5843869938166,,,,,,,0,,,,,,,,,,,,,,,,,,,,
ridge_affine_cal,same_well_masked,2,tr0004b,2285,9797.540364854343,2.070691632238482,3.5900631841786144,1.7732439475095143,879,2285,0.05505597357313269,24.136145891262583,True,0.022749493999981496,22.623122026084133,24.51687222302368,1.8937501969395463,True,691.5843869938166,,,,,,,0,,,,,,,,,,,,,,,,,,,,
ridge_multibranch,same_well_masked,2,tr0004b,2285,4438.1406293264745,1.3936619001919357,2.7107253130804025,0.9414117620282982,879,2285,0.05505597357313269,24.136145891262583,True,0.024495469000612502,22.623122026084133,24.51687222302368,1.8937501969395463,True,691.5843869938166,,,,,,,0,,,,,,,,,,,,,,,,,,,,
ridge_affine_multibranch,same_well_masked,2,tr0004b,2285,6774.924470450545,1.7219047605990125,3.1665584266804174,1.3431852596149085,879,2285,0.05505597357313269,24.136145891262583,True,0.03215865599941026,22.623122026084133,24.51687222302368,1.8937501969395463,True,691.5843869938166,,,,,,,0,,,,,,,,,,,,,,,,,,,,
ridge_gated_gbdt,same_well_masked,2,tr0004b,2285,1837.3752729013697,0.8967178843262921,1.6641100384988334,0.51886094833157,879,2285,0.05505597357313269,24.136145891262583,True,0.04246770000008837,22.623122026084133,24.51687222302368,1.8937501969395463,True,691.5843869938166,0.972480570137219,1.0,,True,,,0,0.0,,,,,,,,,,,,,,,,,,,
ridge_default,same_well_masked,2,tr0005e,987,151.84772809756393,0.3922343034875774,1.3911582511542946,-0.20949482480944306,1570,987,0.04966139954853273,38.5702037112459,True,0.014768762000130664,31.075330116868948,38.61033109904628,7.53500098217733,True,710.3926287089326,,,,,,,0,,,,,,,,,,,,,,,,,,,,
ridge_affine_cal,same_well_masked,2,tr0005e,987,150.44359167702711,0.3904165957202724,1.524208133907365,-0.110648906130297,1570,987,0.04966139954853273,38.5702037112459,True,0.022709659000611282,31.075330116868948,38.61033109904628,7.53500098217733,True,710.3926287089326,,,,,,,0,,,,,,,,,,,,,,,,,,,,
ridge_multibranch,same_well_masked,2,tr0005e,987,103.68128237256833,0.3241093827215657,1.0422050473436215,0.06111409032192409,1570,987,0.04966139954853273,38.5702037112459,True,0.024147391000042262,31.075330116868948,38.61033109904628,7.53500098217733,True,710.3926287089326,,,,,,,0,,,,,,,,,,,,,,,,,,,,
ridge_affine_multibranch,same_well_masked,2,tr0005e,987,166.47820160780483,0.41069565813969494,0.9263847503597589,0.24178484913511034,1570,987,0.04966139954853273,38.5702037112459,True,0.03039580300082889,31.075330116868948,38.61033109904628,7.53500098217733,True,710.3926287089326,,,,,,,0,,,,,,,,,,,,,,,,,,,,
ridge_gated_gbdt,same_well_masked,2,tr0005e,987,151.84772809756393,0.3922343034875774,1.3911582511542946,-0.20949482480944306,1570,987,0.04966139954853273,38.5702037112459,True,0.04301534299975174,31.075330116868948,38.61033109904628,7.53500098217733,True,710.3926287089326,0.9129000320196333,1.0,,True,,,987,1.0,,,,,,,,,,,,,,,,,,,
ridge_default,same_well_masked,2,tr0003c,2761,1230.9746375573127,0.6677153329574408,1.8307143059429691,-0.27929262567961266,2946,2761,0.06896551724137931,42.13209973249067,True,0.016229507000389276,42.12286093370538,51.9085405792719,9.785679645566518,True,681.6613800670655,,,,,,,0,,,,,,,,,,,,,,,,,,,,
ridge_affine_cal,same_well_masked,2,tr0003c,2761,2604.446597375853,0.9712354486774999,2.5509095352132647,-0.7230309586196985,2946,2761,0.06896551724137931,42.13209973249067,True,0.02436337499966612,42.12286093370538,51.9085405792719,9.785679645566518,True,681.6613800670655,,,,,,,0,,,,,,,,,,,,,,,,,,,,
ridge_multibranch,same_well_masked,2,tr0003c,2761,1545.9842885514581,0.7482889545421899,2.059241172047848,-0.4440239097904573,2946,2761,0.06896551724137931,42.13209973249067,True,0.024975755000014033,42.12286093370538,51.9085405792719,9.785679645566518,True,681.6613800670655,,,,,,,0,,,,,,,,,,,,,,,,,,,,
ridge_affine_multibranch,same_well_masked,2,tr0003c,2761,2558.2225350954304,0.9625780560446965,2.5331932339288414,-0.7234297924222164,2946,2761,0.06896551724137931,42.13209973249067,True,0.032624236000629026,42.12286093370538,51.9085405792719,9.785679645566518,True,681.6613800670655,,,,,,,0,,,,,,,,,,,,,,,,,,,,
ridge_gated_gbdt,same_well_masked,2,tr0003c,2761,34610.67172327894,3.540558795181422,4.4746049593750925,-3.1896201496415384,2946,2761,0.06896551724137931,42.13209973249067,True,0.050910169999951904,42.12286093370538,51.9085405792719,9.785679645566518,True,681.6613800670655,0.9461220566745449,1.0,,True,,,0,0.0,,,,,,,,,,,,,,,,,,,
ridge_default,same_well_masked,2,tr000d1,1697,879.9556209103091,0.7200944500800767,1.3926623497680488,-0.3283751770097973,2851,1697,0.10136108887109688,16.183182790863203,True,0.016149292999216414,16.19156590671332,20.93410592364226,4.742540016928942,True,645.4121438020999,,,,,,,0,,,,,,,,,,,,,,,,,,,,
ridge_affine_cal,same_well_masked,2,tr000d1,1697,871.4947115358189,0.7166241783836831,1.379685999870123,-0.3378302456392016,2851,1697,0.10136108887109688,16.183182790863203,True,0.024639552999360603,16.19156590671332,20.93410592364226,4.742540016928942,True,645.4121438020999,,,,,,,0,,,,,,,,,,,,,,,,,,,,
ridge_multibranch,same_well_masked,2,tr000d1,1697,1175.3566868406328,0.8322310597038471,1.6015182926928553,-0.5062622645369996,2851,1697,0.10136108887109688,16.183182790863203,True,0.025586967999515764,16.19156590671332,20.93410592364226,4.742540016928942,True,645.4121438020999,,,,,,,0,,,,,,,,,,,,,,,,,,,,
ridge_affine_multibranch,same_well_masked,2,tr000d1,1697,1171.8494378493367,0.8309884487252236,1.6013802072777956,-0.5020237522136765,2851,1697,0.10136108887109688,16.183182790863203,True,0.03269281200027763,16.19156590671332,20.93410592364226,4.742540016928942,True,645.4121438020999,,,,,,,0,,,,,,,,,,,,,,,,,,,,
ridge_gated_gbdt,same_well_masked,2,tr000d1,1697,72.5573632742965,0.20677585482653352,0.4536808402558563,0.16799967768636578,2851,1697,0.10136108887109688,16.183182790863203,True,0.04401097200025106,16.19156590671332,20.93410592364226,4.742540016928942,True,645.4121438020999,0.8241662708621353,1.0,,True,,,0,0.0,,,,,,,,,,,,,,,,,,,
ridge_default,same_well_masked,2,tr000b7,1205,124.62194976561787,0.3215908972587422,0.6513989071673443,-0.18298835734671234,2285,1205,0.7488817891373802,7.345947866552862,True,0.014995551999163581,5.481348196773666,7.354964950931351,1.873616754157685,True,679.6472876616932,,,,,,,0,,,,,,,,,,,,,,,,,,,,
ridge_affine_cal,same_well_masked,2,tr000b7,1205,78.19641348938576,0.2547416126250475,0.5123902023598941,0.06585437600744577,2285,1205,0.7488817891373802,7.345947866552862,True,0.02333530800024164,5.481348196773666,7.354964950931351,1.873616754157685,True,679.6472876616932,,,,,,,0,,,,,,,,,,,,,,,,,,,,
ridge_multibranch,same_well_masked,2,tr000b7,1205,79.87896758171762,0.25746766719896635,0.48562735103828114,-0.025499685822881698,2285,1205,0.7488817891373802,7.345947866552862,True,0.027116465999824868,5.481348196773666,7.354964950931351,1.873616754157685,True,679.6472876616932,,,,,,,0,,,,,,,,,,,,,,,,,,,,
ridge_affine_multibranch,same_well_masked,2,tr000b7,1205,111.0604252248551,0.30358907751668474,0.5652739709067296,0.19501924357145087,2285,1205,0.7488817891373802,7.345947866552862,True,0.03138546399986808,5.481348196773666,7.354964950931351,1.873616754157685,True,679.6472876616932,,,,,,,0,,,,,,,,,,,,,,,,,,,,
ridge_gated_gbdt,same_well_masked,2,tr000b7,1205,124.62194976561787,0.3215908972587422,0.6513989071673443,-0.18298835734671234,2285,1205,0.7488817891373802,7.345947866552862,True,0.04134235199944669,5.481348196773666,7.354964950931351,1.873616754157685,True,679.6472876616932,0.0,0.0,,False,insufficient_hidden_gr_rows,,1205,1.0,,,,,,,,,,,,,,,,,,,
ridge_default,same_well_masked,2,tr000b5,2068,6563.497067136592,1.7815268845014511,2.9676169593075983,-1.4777361483946294,200,2068,0.5421538461538462,31.16241529863307,True,0.015818038000361412,31.1511795303691,35.93861963291764,4.787440102548544,True,639.9758023869924,,,,,,,0,,,,,,,,,,,,,,,,,,,,
ridge_affine_cal,same_well_masked,2,tr000b5,2068,4301.635157273236,1.4422532267444423,2.4537047940194725,-1.2587922958766886,200,2068,0.5421538461538462,31.16241529863307,True,0.022335851000207185,31.1511795303691,35.93861963291764,4.787440102548544,True,639.9758023869924,,,,,,,0,,,,,,,,,,,,,,,,,,,,
ridge_multibranch,same_well_masked,2,tr000b5,2068,7170.653706912797,1.8621047484639086,3.1085259703707635,-1.5536664544345937,200,2068,0.5421538461538462,31.16241529863307,True,0.022399898000003304,31.1511795303691,35.93861963291764,4.787440102548544,True,639.9758023869924,,,,,,,0,,,,,,,,,,,,,,,,,,,,
ridge_affine_multibranch,same_well_masked,2,tr000b5,2068,4301.067396486813,1.442158044119967,2.508746088559313,-1.2337990136366612,200,2068,0.5421538461538462,31.16241529863307,True,0.027934706999985792,31.1511795303691,35.93861963291764,4.787440102548544,True,639.9758023869924,,,,,,,0,,,,,,,,,,,,,,,,,,,,
ridge_gated_gbdt,same_well_masked,2,tr000b5,2068,6563.497067136592,1.7815268845014511,2.9676169593075983,-1.4777361483946294,200,2068,0.5421538461538462,31.16241529863307,True,0.0840890830004355,31.1511795303691,35.93861963291764,4.787440102548544,True,639.9758023869924,0.0,0.0,,False,affine_calibration_unusable,,2068,1.0,,,,,,,,,,,,,,,,,,,
ridge_default,same_well_masked,2,tr0005c,1836,26948.234992338457,3.8311470742225207,9.277384989031074,2.8006531207297276,200,1836,0.0,4.511471330929968,True,0.01482095999926969,-13.26441840449635,4.520658792971972,17.785077197468322,True,717.3899210800612,,,,,,,0,,,,,,,,,,,,,,,,,,,,
ridge_affine_cal,same_well_masked,2,tr0005c,1836,18005.435788785853,3.1315942007068527,8.331335099046132,2.324583466245423,200,1836,0.0,4.511471330929968,True,0.022674238000035984,-13.26441840449635,4.520658792971972,17.785077197468322,True,717.3899210800612,,,,,,,0,,,,,,,,,,,,,,,,,,,,
ridge_multibranch,same_well_masked,2,tr0005c,1836,21843.93686833528,3.4492853028418047,8.694129792745974,2.317775324157569,200,1836,0.0,4.511471330929968,True,0.02173867999954382,-13.26441840449635,4.520658792971972,17.785077197468322,True,717.3899210800612,,,,,,,0,,,,,,,,,,,,,,,,,,,,
ridge_affine_multibranch,same_well_masked,2,tr0005c,1836,16775.887365417384,3.02277911104151,8.232397779637745,2.1027583370060805,200,1836,0.0,4.511471330929968,True,0.027647303000776446,-13.26441840449635,4.520658792971972,17.785077197468322,True,717.3899210800612,,,,,,,0,,,,,,,,,,,,,,,,,,,,
ridge_gated_gbdt,same_well_masked,2,tr0005c,1836,26948.234992338457,3.8311470742225207,9.277384989031074,2.8006531207297276,200,1836,0.0,4.511471330929968,True,0.08304506299919012,-13.26441840449635,4.520658792971972,17.785077197468322,True,717.3899210800612,0.0,0.0,,False,affine_calibration_unusable,,1836,1.0,,,,,,,,,,,,,,,,,,,
ridge_default,same_well_masked,2,tr000d3,3173,29890.86816644856,3.06926387994214,5.558954633615377,-2.6592335532270046,2644,3173,0.7351501668520578,20.910790608976946,True,0.016709966000235,17.439908144965937,20.927037313172825,3.487129168206888,True,664.9772061221943,,,,,,,0,,,,,,,,,,,,,,,,,,,,
ridge_affine_cal,same_well_masked,2,tr000d3,3173,30077.05377714102,3.078808026578794,5.61373145326052,-2.64729271011088,2644,3173,0.7351501668520578,20.910790608976946,True,0.023653438000110327,17.439908144965937,20.927037313172825,3.487129168206888,True,664.9772061221943,,,,,,,0,,,,,,,,,,,,,,,,,,,,
ridge_multibranch,same_well_masked,2,tr000d3,3173,26713.10344244075,2.9015304786135867,5.374486120837515,-2.4613120382096687,2644,3173,0.7351501668520578,20.910790608976946,True,0.02337509900007717,17.439908144965937,20.927037313172825,3.487129168206888,True,664.9772061221943,,,,,,,0,,,,,,,,,,,,,,,,,,,,
ridge_affine_multibranch,same_well_masked,2,tr000d3,3173,27652.48090861234,2.952106455929239,5.480450049876612,-2.4957649371741844,2644,3173,0.7351501668520578,20.910790608976946,True,0.03161009299947182,17.439908144965937,20.927037313172825,3.487129168206888,True,664.9772061221943,,,,,,,0,,,,,,,,,,,,,,,,,,,,
ridge_gated_gbdt,same_well_masked,2,tr000d3,3173,29890.86816644856,3.06926387994214,5.558954633615377,-2.6592335532270046,2644,3173,0.7351501668520578,20.910790608976946,True,0.0426369100005104,17.439908144965937,20.927037313172825,3.487129168206888,True,664.9772061221943,0.0,0.0,,False,insufficient_hidden_gr_rows,,3173,1.0,,,,,,,,,,,,,,,,,,,
ridge_default,same_well_masked,2,tr0009d,3222,10494.488246768376,1.804753383577193,3.3254456801026513,-1.5681785708854032,1996,3222,0.052843601895734595,1.0947039562711751,True,0.01605603699954372,-9.693786773559587,1.086542661795021,10.780329435354608,True,672.9324136034986,,,,,,,0,,,,,,,,,,,,,,,,,,,,
ridge_affine_cal,same_well_masked,2,tr0009d,3222,14609.015519575798,2.129353212195947,3.666111134617306,-1.9452699762322432,1996,3222,0.052843601895734595,1.0947039562711751,True,0.024632624000332726,-9.693786773559587,1.086542661795021,10.780329435354608,True,672.9324136034986,,,,,,,0,,,,,,,,,,,,,,,,,,,,
ridge_multibranch,same_well_masked,2,tr0009d,3222,14804.073663040286,2.143521533208196,3.6848821112695638,-1.9544981810903437,1996,3222,0.052843601895734595,1.0947039562711751,True,0.026356147000115016,-9.693786773559587,1.086542661795021,10.780329435354608,True,672.9324136034986,,,,,,,0,,,,,,,,,,,,,,,,,,,,
ridge_affine_multibranch,same_well_masked,2,tr0009d,3222,18427.248811530757,2.391484012616016,3.9460031606483876,-2.22547462235438,1996,3222,0.052843601895734595,1.0947039562711751,True,0.03419410400056222,-9.693786773559587,1.086542661795021,10.780329435354608,True,672.9324136034986,,,,,,,0,,,,,,,,,,,,,,,,,,,,
ridge_gated_gbdt,same_well_masked,2,tr0009d,3222,63068.62947273555,4.424293491232919,8.5588869329639,2.871978143540369,1996,3222,0.052843601895734595,1.0947039562711751,True,0.04618673300046794,-9.693786773559587,1.086542661795021,10.780329435354608,True,672.9324136034986,0.9347918007676569,1.0,,True,,,0,0.0,,,,,,,,,,,,,,,,,,,
ridge_default,same_well_masked,2,tr00066,3353,5517.476537018596,1.282783812138406,1.8201594528236544,1.1661580855721134,2141,3353,0.0,14.555271314843448,True,0.01709498599939252,6.271228354202396,14.594845357122589,8.323617002920193,True,650.6382119206224,,,,,,,0,,,,,,,,,,,,,,,,,,,,
ridge_affine_cal,same_well_masked,2,tr00066,3353,4973.83278398202,1.217948187832293,1.7611875753809088,1.0990999757806577,2141,3353,0.0,14.555271314843448,True,0.024258873999315256,6.271228354202396,14.594845357122589,8.323617002920193,True,650.6382119206224,,,,,,,0,,,,,,,,,,,,,,,,,,,,
ridge_multibranch,same_well_masked,2,tr00066,3353,12835.0833376849,1.9565122423318855,2.523103003714146,1.8844148650867802,2141,3353,0.0,14.555271314843448,True,0.024948090999714623,6.271228354202396,14.594845357122589,8.323617002920193,True,650.6382119206224,,,,,,,0,,,,,,,,,,,,,,,,,,,,
ridge_affine_multibranch,same_well_masked,2,tr00066,3353,12996.922707485739,1.9688085711479797,2.523153589474985,1.906983603327279,2141,3353,0.0,14.555271314843448,True,0.03304681299960066,6.271228354202396,14.594845357122589,8.323617002920193,True,650.6382119206224,,,,,,,0,,,,,,,,,,,,,,,,,,,,
ridge_gated_gbdt,same_well_masked,2,tr00066,3353,191.82855755961955,0.23918825689546172,0.6770866704512946,0.15867868822474804,2141,3353,0.0,14.555271314843448,True,0.04564312799993786,6.271228354202396,14.594845357122589,8.323617002920193,True,650.6382119206224,0.8812608653939814,1.0,,True,,,0,0.0,,,,,,,,,,,,,,,,,,,
ridge_default,same_well_masked,2,tr00057,3071,50095.62293357223,4.038871002574692,7.3309938688431036,3.554996418494461,200,3071,0.0518910741301059,6.410823637754863,True,0.01575382000009995,3.331257071562016,6.415413346948065,3.084156275386049,True,675.3044718182219,,,,,,,0,,,,,,,,,,,,,,,,,,,,
ridge_affine_cal,same_well_masked,2,tr00057,3071,29712.057490615585,3.1104731380449784,6.187776754816026,2.441131680688568,200,3071,0.0518910741301059,6.410823637754863,True,0.02413335600067512,3.331257071562016,6.415413346948065,3.084156275386049,True,675.3044718182219,,,,,,,0,,,,,,,,,,,,,,,,,,,,
ridge_multibranch,same_well_masked,2,tr00057,3071,44597.373072213515,3.810787489936864,6.9916373267614915,3.3232460685214584,200,3071,0.0518910741301059,6.410823637754863,True,0.024091625999972166,3.331257071562016,6.415413346948065,3.084156275386049,True,675.3044718182219,,,,,,,0,,,,,,,,,,,,,,,,,,,,
ridge_affine_multibranch,same_well_masked,2,tr00057,3071,25167.16762530338,2.862709390674392,5.8037540921753585,2.179621321551425,200,3071,0.0518910741301059,6.410823637754863,True,0.03143560700027592,3.331257071562016,6.415413346948065,3.084156275386049,True,675.3044718182219,,,,,,,0,,,,,,,,,,,,,,,,,,,,
ridge_gated_gbdt,same_well_masked,2,tr00057,3071,50095.62293357223,4.038871002574692,7.3309938688431036,3.554996418494461,200,3071,0.0518910741301059,6.410823637754863,True,0.12132924299930892,3.331257071562016,6.415413346948065,3.084156275386049,True,675.3044718182219,0.9896423951494587,1.0,,True,,,3071,1.0,,,,,,,,,,,,,,,,,,,
ridge_default,same_well_masked,2,tr0007c,1150,25.669085996234685,0.14940195562492448,0.26578900783582426,-0.10803255710142057,1784,1150,0.1270812928501469,32.19591525370943,True,0.014695562999804679,32.06102482060719,32.562478508929885,0.5014536883226981,True,648.2392144444551,,,,,,,0,,,,,,,,,,,,,,,,,,,,
ridge_affine_cal,same_well_masked,2,tr0007c,1150,657.1133034893596,0.7559119476496209,0.888773151213254,-0.7547652867412957,1784,1150,0.1270812928501469,32.19591525370943,True,0.0225074769996354,32.06102482060719,32.562478508929885,0.5014536883226981,True,648.2392144444551,,,,,,,0,,,,,,,,,,,,,,,,,,,,
ridge_multibranch,same_well_masked,2,tr0007c,1150,383.09765524581803,0.5771727608488889,0.84865030402635,0.5689752328121928,1784,1150,0.1270812928501469,32.19591525370943,True,0.023282986000594974,32.06102482060719,32.562478508929885,0.5014536883226981,True,648.2392144444551,,,,,,,0,,,,,,,,,,,,,,,,,,,,
ridge_affine_multibranch,same_well_masked,2,tr0007c,1150,28.947843345853105,0.15865698122694186,0.30136111349595396,-0.1530177172042845,1784,1150,0.1270812928501469,32.19591525370943,True,0.03016035099972214,32.06102482060719,32.562478508929885,0.5014536883226981,True,648.2392144444551,,,,,,,0,,,,,,,,,,,,,,,,,,,,
ridge_gated_gbdt,same_well_masked,2,tr0007c,1150,261.2199496904424,0.4766002332558337,0.9852527918404377,0.38151816272808764,1784,1150,0.1270812928501469,32.19591525370943,True,0.041244482999900356,32.06102482060719,32.562478508929885,0.5014536883226981,True,648.2392144444551,0.8678877908336925,1.0,,True,,,0,0.0,,,,,,,,,,,,,,,,,,,
ridge_default,same_well_masked,2,tr00084,1986,2216.90495306042,1.056535063742149,1.908516584570334,0.8646863345135747,3734,1986,0.8093693226057618,-3.1525076104924787,True,0.015492081999582297,-3.310876996967968,-1.9700480310667905,1.3408289659011776,True,674.0702631733185,,,,,,,0,,,,,,,,,,,,,,,,,,,,
ridge_affine_cal,same_well_masked,2,tr00084,1986,3708.5315403446534,1.3665054445858995,2.2927264782837704,1.2152729820178816,3734,1986,0.8093693226057618,-3.1525076104924787,True,0.023140751000028104,-3.310876996967968,-1.9700480310667905,1.3408289659011776,True,674.0702631733185,,,,,,,0,,,,,,,,,,,,,,,,,,,,
ridge_multibranch,same_well_masked,2,tr00084,1986,2078.376093095657,1.0229924936391876,1.8620585679948358,0.8220051150791948,3734,1986,0.8093693226057618,-3.1525076104924787,True,0.02316385500034812,-3.310876996967968,-1.9700480310667905,1.3408289659011776,True,674.0702631733185,,,,,,,0,,,,,,,,,,,,,,,,,,,,
ridge_affine_multibranch,same_well_masked,2,tr00084,1986,2843.48975671105,1.1965647701228797,2.0902665073177276,1.019433015873203,3734,1986,0.8093693226057618,-3.1525076104924787,True,0.03020668499993917,-3.310876996967968,-1.9700480310667905,1.3408289659011776,True,674.0702631733185,,,,,,,0,,,,,,,,,,,,,,,,,,,,
ridge_gated_gbdt,same_well_masked,2,tr00084,1986,2216.90495306042,1.056535063742149,1.908516584570334,0.8646863345135747,3734,1986,0.8093693226057618,-3.1525076104924787,True,0.04191422700023395,-3.310876996967968,-1.9700480310667905,1.3408289659011776,True,674.0702631733185,0.0,0.0,,False,insufficient_hidden_gr_rows,,1986,1.0,,,,,,,,,,,,,,,,,,,
ridge_default,same_well_masked,2,tr0006e,2956,486.11080221240456,0.4055229346725884,0.827709060371796,0.09921903768174282,586,2956,0.09679901508156356,6.732295365754299,True,0.015223544000036782,1.4338558221069952,6.787534150107808,5.353678328000813,True,654.319460313301,,,,,,,0,,,,,,,,,,,,,,,,,,,,
ridge_affine_cal,same_well_masked,2,tr0006e,2956,915.6789476331307,0.5565694955656103,1.1356358349371094,0.3867477612309595,586,2956,0.09679901508156356,6.732295365754299,True,0.024498910999682266,1.4338558221069952,6.787534150107808,5.353678328000813,True,654.319460313301,,,,,,,0,,,,,,,,,,,,,,,,,,,,
ridge_multibranch,same_well_masked,2,tr0006e,2956,563.6515131796534,0.4366697663423713,0.9024108738691936,0.20108104061728146,586,2956,0.09679901508156356,6.732295365754299,True,0.023848787000133598,1.4338558221069952,6.787534150107808,5.353678328000813,True,654.319460313301,,,,,,,0,,,,,,,,,,,,,,,,,,,,
ridge_affine_multibranch,same_well_masked,2,tr0006e,2956,1385.275742935908,0.6845669054839462,1.320322550945693,0.5409549913033119,586,2956,0.09679901508156356,6.732295365754299,True,0.03182400000059715,1.4338558221069952,6.787534150107808,5.353678328000813,True,654.319460313301,,,,,,,0,,,,,,,,,,,,,,,,,,,,
ridge_gated_gbdt,same_well_masked,2,tr0006e,2956,578.333644297347,0.4423204452482651,0.8325999426228554,-0.34744737184523317,586,2956,0.09679901508156356,6.732295365754299,True,0.04135848499936401,1.4338558221069952,6.787534150107808,5.353678328000813,True,654.319460313301,0.9710071473520059,1.0,,True,,,0,0.0,,,,,,,,,,,,,,,,,,,
ridge_default,same_well_masked,2,tr000a0,2595,43027.23995822838,4.07195587484886,7.278717832340405,3.357002418152545,1670,2595,0.0575801749271137,38.835844683053374,True,0.01536270499946113,32.794336865833415,38.83651875189227,6.042181886058856,True,692.5022532866543,,,,,,,0,,,,,,,,,,,,,,,,,,,,
ridge_affine_cal,same_well_masked,2,tr000a0,2595,43766.827642387034,4.106802836104815,7.371922538778421,3.3948856916115293,1670,2595,0.0575801749271137,38.835844683053374,True,0.022610383000028378,32.794336865833415,38.83651875189227,6.042181886058856,True,692.5022532866543,,,,,,,0,,,,,,,,,,,,,,,,,,,,
ridge_multibranch,same_well_masked,2,tr000a0,2595,38094.75375997574,3.831456544500946,6.986751349104701,3.051006617714493,1670,2595,0.0575801749271137,38.835844683053374,True,0.023451427000509284,32.794336865833415,38.83651875189227,6.042181886058856,True,692.5022532866543,,,,,,,0,,,,,,,,,,,,,,,,,,,,
ridge_affine_multibranch,same_well_masked,2,tr000a0,2595,38230.791187894996,3.838291567003659,7.05780356517306,3.0532544147990843,1670,2595,0.0575801749271137,38.835844683053374,True,0.03145641999981308,32.794336865833415,38.83651875189227,6.042181886058856,True,692.5022532866543,,,,,,,0,,,,,,,,,,,,,,,,,,,,
ridge_gated_gbdt,same_well_masked,2,tr000a0,2595,52.06999895949667,0.14165278040454352,0.2986329866724944,0.1169955368844341,1670,2595,0.0575801749271137,38.835844683053374,True,0.044210545999703754,32.794336865833415,38.83651875189227,6.042181886058856,True,692.5022532866543,0.8893461283851594,1.0,,True,,,0,0.0,,,,,,,,,,,,,,,,,,,
ridge_default,same_well_masked,2,tr00001,3735,1767.4545497119148,0.6879055673089506,1.264471724649546,0.4367103676872246,835,3735,0.04105960264900662,5.597987221267413,True,0.01663122399986605,5.605742711432256,13.40123409936427,7.795491387932014,True,646.5626473309338,,,,,,,0,,,,,,,,,,,,,,,,,,,,
ridge_affine_cal,same_well_masked,2,tr00001,3735,1838.258322370038,0.7015489312302585,1.387939831683397,0.4680481071381576,835,3735,0.04105960264900662,5.597987221267413,True,0.024650336999911815,5.605742711432256,13.40123409936427,7.795491387932014,True,646.5626473309338,,,,,,,0,,,,,,,,,,,,,,,,,,,,
ridge_multibranch,same_well_masked,2,tr00001,3735,1698.353068042021,0.6743241086390428,1.2135974913284606,0.3765142773337844,835,3735,0.04105960264900662,5.597987221267413,True,0.027388507999603462,5.605742711432256,13.40123409936427,7.795491387932014,True,646.5626473309338,,,,,,,0,,,,,,,,,,,,,,,,,,,,
ridge_affine_multibranch,same_well_masked,2,tr00001,3735,2118.1310699458772,0.753062657052756,1.3669092829101004,0.5363665072773299,835,3735,0.04105960264900662,5.597987221267413,True,0.033250408000640164,5.605742711432256,13.40123409936427,7.795491387932014,True,646.5626473309338,,,,,,,0,,,,,,,,,,,,,,,,,,,,
ridge_gated_gbdt,same_well_masked,2,tr00001,3735,3116.0476058392833,0.9133910229837372,1.723886827258145,-0.7645395287220088,835,3735,0.04105960264900662,5.597987221267413,True,0.049593636999816226,5.605742711432256,13.40123409936427,7.795491387932014,True,646.5626473309338,0.9657158527954923,1.0,,True,,,0,0.0,,,,,,,,,,,,,,,,,,,
ridge_default,same_well_masked,2,tr000c2,3862,32648.191798653548,2.9075248272527316,4.846754963888595,-2.609349392880129,529,3862,0.0,9.483669420104038,True,0.02441460600039136,5.830171246946295,9.561985105461822,3.731813858515527,True,639.4529298160194,,,,,,,0,,,,,,,,,,,,,,,,,,,,
ridge_affine_cal,same_well_masked,2,tr000c2,3862,20057.70271155655,2.2789482337669895,4.167759855417043,-1.8562066863840208,529,3862,0.0,9.483669420104038,True,0.04622513399954187,5.830171246946295,9.561985105461822,3.731813858515527,True,639.4529298160194,,,,,,,0,,,,,,,,,,,,,,,,,,,,
ridge_multibranch,same_well_masked,2,tr000c2,3862,35589.48738840173,3.0356712085265407,4.956920607850413,-2.7672065094698657,529,3862,0.0,9.483669420104038,True,0.04184866600007808,5.830171246946295,9.561985105461822,3.731813858515527,True,639.4529298160194,,,,,,,0,,,,,,,,,,,,,,,,,,,,
ridge_affine_multibranch,same_well_masked,2,tr000c2,3862,23950.171460893387,2.4902799888386653,4.421197153458165,-2.116586510416336,529,3862,0.0,9.483669420104038,True,0.03326177200051461,5.830171246946295,9.561985105461822,3.731813858515527,True,639.4529298160194,,,,,,,0,,,,,,,,,,,,,,,,,,,,
ridge_gated_gbdt,same_well_masked,2,tr000c2,3862,161.0932923410512,0.20423614008518595,0.4154030456335125,-0.1427439124433505,529,3862,0.0,9.483669420104038,True,0.043731008000577276,5.830171246946295,9.561985105461822,3.731813858515527,True,639.4529298160194,0.7972410124682047,1.0,,True,,,0,0.0,,,,,,,,,,,,,,,,,,,
ridge_default,same_well_masked,2,tr000c4,2153,24780.447183618737,3.392599195356538,6.147085270795611,2.8799772248282354,3277,2153,0.08677304496900963,-5.878536057348094,True,0.01566434100004699,-8.001102111341288,-5.217422551419143,2.7836795599221444,True,661.0280132189455,,,,,,,0,,,,,,,,,,,,,,,,,,,,
ridge_affine_cal,same_well_masked,2,tr000c4,2153,26600.840878760573,3.5150027388258023,6.217738736883375,3.046796614638455,3277,2153,0.08677304496900963,-5.878536057348094,True,0.022911437000402657,-8.001102111341288,-5.217422551419143,2.7836795599221444,True,661.0280132189455,,,,,,,0,,,,,,,,,,,,,,,,,,,,
ridge_multibranch,same_well_masked,2,tr000c4,2153,35222.67297098617,4.044726313111078,6.831097669395051,3.6456810624115774,3277,2153,0.08677304496900963,-5.878536057348094,True,0.02402170900040801,-8.001102111341288,-5.217422551419143,2.7836795599221444,True,661.0280132189455,,,,,,,0,,,,,,,,,,,,,,,,,,,,
ridge_affine_multibranch,same_well_masked,2,tr000c4,2153,34616.16691301817,4.009751635785758,6.705682463347374,3.6322942467343613,3277,2153,0.08677304496900963,-5.878536057348094,True,0.03173260899984598,-8.001102111341288,-5.217422551419143,2.7836795599221444,True,661.0280132189455,,,,,,,0,,,,,,,,,,,,,,,,,,,,
ridge_gated_gbdt,same_well_masked,2,tr000c4,2153,3328.609352968021,1.24339581034499,1.9967378210618048,-1.0627432621001998,3277,2153,0.08677304496900963,-5.878536057348094,True,0.04414218500005518,-8.001102111341288,-5.217422551419143,2.7836795599221444,True,661.0280132189455,0.7151855844115493,1.0,,True,,,0,0.0,,,,,,,,,,,,,,,,,,,
ridge_default,same_well_masked,2,tr000a5,3737,8321.05063613164,1.492201710530716,3.915383682444763,0.29880688180138365,200,3737,0.012870662460567823,11.042879744070012,True,0.0160727330003283,-1.1739900032888757,11.060571365251104,12.234561368539978,True,665.6314093453784,,,,,,,0,,,,,,,,,,,,,,,,,,,,
ridge_affine_cal,same_well_masked,2,tr000a5,3737,8768.79473830096,1.5318223547784948,2.8526918278242155,-0.6142133009209597,200,3737,0.012870662460567823,11.042879744070012,True,0.023695553999459662,-1.1739900032888757,11.060571365251104,12.234561368539978,True,665.6314093453784,,,,,,,0,,,,,,,,,,,,,,,,,,,,
ridge_multibranch,same_well_masked,2,tr000a5,3737,11160.096210641514,1.7281141266550808,4.464752144516908,1.0181086801038937,200,3737,0.012870662460567823,11.042879744070012,True,0.024470749000101932,-1.1739900032888757,11.060571365251104,12.234561368539978,True,665.6314093453784,,,,,,,0,,,,,,,,,,,,,,,,,,,,
ridge_affine_multibranch,same_well_masked,2,tr000a5,3737,6846.796922490255,1.3535745323332895,3.181941170035505,-0.1684408789068127,200,3737,0.012870662460567823,11.042879744070012,True,0.03117377399939869,-1.1739900032888757,11.060571365251104,12.234561368539978,True,665.6314093453784,,,,,,,0,,,,,,,,,,,,,,,,,,,,
ridge_gated_gbdt,same_well_masked,2,tr000a5,3737,8321.05063613164,1.492201710530716,3.915383682444763,0.29880688180138365,200,3737,0.012870662460567823,11.042879744070012,True,0.13270940799975506,-1.1739900032888757,11.060571365251104,12.234561368539978,True,665.6314093453784,0.7183213160388742,1.0,,True,,,3737,1.0,,,,,,,,,,,,,,,,,,,
ridge_default,same_well_masked,2,tr00022,2467,3362.5333452879413,1.1674780529715423,2.167142835713202,-0.9716912265795061,4032,2467,0.06803479812625474,-8.913934013655766,True,0.015759640000396757,-9.17739513260512,-8.623211667747487,0.5541834648576334,True,648.7703604485824,,,,,,,0,,,,,,,,,,,,,,,,,,,,
ridge_affine_cal,same_well_masked,2,tr00022,2467,1739.0563967769133,0.839599668336825,1.7339027309536466,-0.49039028862451467,4032,2467,0.06803479812625474,-8.913934013655766,True,0.0232299300005252,-9.17739513260512,-8.623211667747487,0.5541834648576334,True,648.7703604485824,,,,,,,0,,,,,,,,,,,,,,,,,,,,
ridge_multibranch,same_well_masked,2,tr00022,2467,1499.161305991138,0.7795421587680634,1.6282093679145255,-0.44404664544253974,4032,2467,0.06803479812625474,-8.913934013655766,True,0.024320966999766824,-9.17739513260512,-8.623211667747487,0.5541834648576334,True,648.7703604485824,,,,,,,0,,,,,,,,,,,,,,,,,,,,
ridge_affine_multibranch,same_well_masked,2,tr00022,2467,1200.4894958627929,0.6975809425491057,1.2425398730757706,0.16176861313578034,4032,2467,0.06803479812625474,-8.913934013655766,True,0.03213135000078182,-9.17739513260512,-8.623211667747487,0.5541834648576334,True,648.7703604485824,,,,,,,0,,,,,,,,,,,,,,,,,,,,
ridge_gated_gbdt,same_well_masked,2,tr00022,2467,136.3194887528057,0.23506848026605978,0.5188267229228121,-0.21098439906141886,4032,2467,0.06803479812625474,-8.913934013655766,True,0.0436704470002951,-9.17739513260512,-8.623211667747487,0.5541834648576334,True,648.7703604485824,0.9185357623651962,1.0,,True,,,0,0.0,,,,,,,,,,,,,,,,,,,
ridge_default,same_well_masked,2,tr00028,2993,25640.142900869196,2.9268931095270845,5.666444077248293,2.193787012113097,200,2993,0.0,46.96720014130787,True,0.015386021999802324,38.64053613436895,46.97556336600313,8.335027231634179,True,698.3899567907439,,,,,,,0,,,,,,,,,,,,,,,,,,,,
ridge_affine_cal,same_well_masked,2,tr00028,2993,24731.36114445734,2.874555189777535,5.677788858454406,1.819466268264074,200,2993,0.0,46.96720014130787,True,0.021825611000167555,38.64053613436895,46.97556336600313,8.335027231634179,True,698.3899567907439,,,,,,,0,,,,,,,,,,,,,,,,,,,,
ridge_multibranch,same_well_masked,2,tr00028,2993,26074.06260096589,2.9515557689217213,5.71970918042603,2.1840186064889378,200,2993,0.0,46.96720014130787,True,0.022146111000438395,38.64053613436895,46.97556336600313,8.335027231634179,True,698.3899567907439,,,,,,,0,,,,,,,,,,,,,,,,,,,,
ridge_affine_multibranch,same_well_masked,2,tr00028,2993,26744.74144812509,2.9892748170555943,5.854226592456506,1.994124293160194,200,2993,0.0,46.96720014130787,True,0.027579255000091507,38.64053613436895,46.97556336600313,8.335027231634179,True,698.3899567907439,,,,,,,0,,,,,,,,,,,,,,,,,,,,
ridge_gated_gbdt,same_well_masked,2,tr00028,2993,25640.142900869196,2.9268931095270845,5.666444077248293,2.193787012113097,200,2993,0.0,46.96720014130787,True,0.11085780699977477,38.64053613436895,46.97556336600313,8.335027231634179,True,698.3899567907439,0.0,0.0,,False,affine_calibration_unusable,,2993,1.0,,,,,,,,,,,,,,,,,,,
ridge_default,same_well_masked,2,tr000b3,2181,13441.301585824447,2.4825204229851745,4.176797122917087,2.136313455602538,200,2181,0.12054850593532541,47.1237773152982,True,0.015244093000546854,46.98300043625552,48.11644142374909,1.1334409874935645,True,676.9581729944838,,,,,,,0,,,,,,,,,,,,,,,,,,,,
ridge_affine_cal,same_well_masked,2,tr000b3,2181,9334.976613538774,2.06884895506451,3.7379185641291173,1.6409106887279818,200,2181,0.12054850593532541,47.1237773152982,True,0.022523597999679623,46.98300043625552,48.11644142374909,1.1334409874935645,True,676.9581729944838,,,,,,,0,,,,,,,,,,,,,,,,,,,,
ridge_multibranch,same_well_masked,2,tr000b3,2181,14965.351153801897,2.619483234052267,4.335499783707668,2.2896083679125705,200,2181,0.12054850593532541,47.1237773152982,True,0.023308611999709683,46.98300043625552,48.11644142374909,1.1334409874935645,True,676.9581729944838,,,,,,,0,,,,,,,,,,,,,,,,,,,,
ridge_affine_multibranch,same_well_masked,2,tr000b3,2181,10301.935490668891,2.1733595520821507,3.88230492216902,1.7635082157598398,200,2181,0.12054850593532541,47.1237773152982,True,0.031055434999871068,46.98300043625552,48.11644142374909,1.1334409874935645,True,676.9581729944838,,,,,,,0,,,,,,,,,,,,,,,,,,,,
ridge_gated_gbdt,same_well_masked,2,tr000b3,2181,13441.301585824447,2.4825204229851745,4.176797122917087,2.136313455602538,200,2181,0.12054850593532541,47.1237773152982,True,0.0945056749997093,46.98300043625552,48.11644142374909,1.1334409874935645,True,676.9581729944838,0.9666166592946299,1.0,,True,,,2181,1.0,,,,,,,,,,,,,,,,,,,
ridge_default,same_well_masked,2,tr000cb,1837,1050.9247583178385,0.7563646682206405,1.5123270631253405,-0.6592254363659382,2697,1837,0.13467273583424894,16.170902915415603,True,0.015424877999976161,16.170922781577037,20.16979733765628,3.998874556079244,True,693.930945002689,,,,,,,0,,,,,,,,,,,,,,,,,,,,
ridge_affine_cal,same_well_masked,2,tr000cb,1837,982.2974633959589,0.7312517747545181,1.4139275039664945,-0.6415655162701221,2697,1837,0.13467273583424894,16.170902915415603,True,0.02255591999983153,16.170922781577037,20.16979733765628,3.998874556079244,True,693.930945002689,,,,,,,0,,,,,,,,,,,,,,,,,,,,
ridge_multibranch,same_well_masked,2,tr000cb,1837,299.0705186958304,0.4034894872254869,1.0052166084507128,-0.1865324663582753,2697,1837,0.13467273583424894,16.170902915415603,True,0.024369161000322492,16.170922781577037,20.16979733765628,3.998874556079244,True,693.930945002689,,,,,,,0,,,,,,,,,,,,,,,,,,,,
ridge_affine_multibranch,same_well_masked,2,tr000cb,1837,264.16891071993564,0.3792156696021688,0.9251298831573038,-0.1652205036833453,2697,1837,0.13467273583424894,16.170902915415603,True,0.03168187199935346,16.170922781577037,20.16979733765628,3.998874556079244,True,693.930945002689,,,,,,,0,,,,,,,,,,,,,,,,,,,,
ridge_gated_gbdt,same_well_masked,2,tr000cb,1837,1050.9247583178385,0.7563646682206405,1.5123270631253405,-0.6592254363659382,2697,1837,0.13467273583424894,16.170902915415603,True,0.044057885999791324,16.170922781577037,20.16979733765628,3.998874556079244,True,693.930945002689,0.835108762968655,1.0,,True,,,1837,1.0,,,,,,,,,,,,,,,,,,,
ridge_default,same_well_masked,2,tr00003,2817,3488.403204153142,1.1128071690915367,1.9973713798267765,-1.0297102403884604,2175,2817,0.06146753745678064,0.9093298211494154,True,0.01598500099953526,-1.3819824743518063,0.936887527972728,2.3188700023245343,True,668.3529068714009,,,,,,,0,,,,,,,,,,,,,,,,,,,,
ridge_affine_cal,same_well_masked,2,tr00003,2817,7126.772638232342,1.5905708847836988,2.5172149868612177,-1.5340970493154211,2175,2817,0.06146753745678064,0.9093298211494154,True,0.02413134699963848,-1.3819824743518063,0.936887527972728,2.3188700023245343,True,668.3529068714009,,,,,,,0,,,,,,,,,,,,,,,,,,,,
ridge_multibranch,same_well_masked,2,tr00003,2817,1003.7860372974873,0.5969351486012536,1.3787393378944817,-0.4305824688838287,2175,2817,0.06146753745678064,0.9093298211494154,True,0.02546268100013549,-1.3819824743518063,0.936887527972728,2.3188700023245343,True,668.3529068714009,,,,,,,0,,,,,,,,,,,,,,,,,,,,
ridge_affine_multibranch,same_well_masked,2,tr00003,2817,2870.266194103501,1.009410143151655,1.8688909352617582,-0.9278951834370335,2175,2817,0.06146753745678064,0.9093298211494154,True,0.03195361699999921,-1.3819824743518063,0.936887527972728,2.3188700023245343,True,668.3529068714009,,,,,,,0,,,,,,,,,,,,,,,,,,,,
ridge_gated_gbdt,same_well_masked,2,tr00003,2817,46.85360430261796,0.12896684609530723,0.3057368137351404,0.06579248772712498,2175,2817,0.06146753745678064,0.9093298211494154,True,0.044207394999830285,-1.3819824743518063,0.936887527972728,2.3188700023245343,True,668.3529068714009,0.9765947079526671,1.0,,True,,,0,0.0,,,,,,,,,,,,,,,,,,,
ridge_default,same_well_masked,2,tr00042,2629,11627.184743750946,2.103013174887603,4.084418513493855,-1.4411815885980435,1581,2629,0.0,12.038599349691625,True,0.015668640000512823,11.826435908216798,23.43453041006544,11.608094501848644,True,671.5560426311561,,,,,,,0,,,,,,,,,,,,,,,,,,,,
ridge_affine_cal,same_well_masked,2,tr00042,2629,15000.90061760255,2.3887097040155436,4.742648896060803,-1.8642756684196815,1581,2629,0.0,12.038599349691625,True,0.023601519000294502,11.826435908216798,23.43453041006544,11.608094501848644,True,671.5560426311561,,,,,,,0,,,,,,,,,,,,,,,,,,,,
ridge_multibranch,same_well_masked,2,tr00042,2629,11272.219847215156,2.0706630422324963,3.9826675298838907,-1.3650661597353007,1581,2629,0.0,12.038599349691625,True,0.024809552999613516,11.826435908216798,23.43453041006544,11.608094501848644,True,671.5560426311561,,,,,,,0,,,,,,,,,,,,,,,,,,,,
ridge_affine_multibranch,same_well_masked,2,tr00042,2629,14999.57576071191,2.3886042180693923,4.706787335444151,-1.8167723504790125,1581,2629,0.0,12.038599349691625,True,0.03206010800022341,11.826435908216798,23.43453041006544,11.608094501848644,True,671.5560426311561,,,,,,,0,,,,,,,,,,,,,,,,,,,,
ridge_gated_gbdt,same_well_masked,2,tr00042,2629,151095.57296239605,7.581071224688898,11.85835507305702,-5.018900471164256,1581,2629,0.0,12.038599349691625,True,0.04293785699974251,11.826435908216798,23.43453041006544,11.608094501848644,True,671.5560426311561,0.86262950240596,1.0,,True,,,0,0.0,,,,,,,,,,,,,,,,,,,
ridge_default,same_well_masked,2,tr0009c,1815,24913.928812856626,3.7049537839922917,6.6700871960646495,3.0820584132336712,551,1815,0.0,-2.631519331452012,True,0.014947377000680717,-6.880834924922835,-2.633578554975018,4.247256369947817,True,685.5508236884067,,,,,,,0,,,,,,,,,,,,,,,,,,,,
ridge_affine_cal,same_well_masked,2,tr0009c,1815,21410.966144413913,3.434628882668484,6.324494571500372,2.7908819702949232,551,1815,0.0,-2.631519331452012,True,0.022914171000593342,-6.880834924922835,-2.633578554975018,4.247256369947817,True,685.5508236884067,,,,,,,0,,,,,,,,,,,,,,,,,,,,
ridge_multibranch,same_well_masked,2,tr0009c,1815,27632.139048459474,3.9018353418569443,6.861532072665559,3.3388302114225827,551,1815,0.0,-2.631519331452012,True,0.02403265199973248,-6.880834924922835,-2.633578554975018,4.247256369947817,True,685.5508236884067,,,,,,,0,,,,,,,,,,,,,,,,,,,,
ridge_affine_multibranch,same_well_masked,2,tr0009c,1815,24401.301548779178,3.6666392347167567,6.569364589352443,3.0928992589724764,551,1815,0.0,-2.631519331452012,True,0.030580499000279815,-6.880834924922835,-2.633578554975018,4.247256369947817,True,685.5508236884067,,,,,,,0,,,,,,,,,,,,,,,,,,,,
ridge_gated_gbdt,same_well_masked,2,tr0009c,1815,24913.928812856626,3.7049537839922917,6.6700871960646495,3.0820584132336712,551,1815,0.0,-2.631519331452012,True,0.04187521600033506,-6.880834924922835,-2.633578554975018,4.247256369947817,True,685.5508236884067,0.9634838907717818,1.0,,True,,,1815,1.0,,,,,,,,,,,,,,,,,,,
ridge_default,same_well_masked,2,tr00018,1170,1017.9723646836709,0.9327710598839265,1.262955712383878,0.9253169796715276,1998,1170,0.10396496081143385,27.11635865617809,True,0.015537125000264496,27.08467335244625,28.44596287378,1.3612895213337524,True,656.1332067016363,,,,,,,0,,,,,,,,,,,,,,,,,,,,
ridge_affine_cal,same_well_masked,2,tr00018,1170,869.1020995800837,0.8618713983729852,1.3439968696394295,0.8554547549296209,1998,1170,0.10396496081143385,27.11635865617809,True,0.022422988000471378,27.08467335244625,28.44596287378,1.3612895213337524,True,656.1332067016363,,,,,,,0,,,,,,,,,,,,,,,,,,,,
ridge_multibranch,same_well_masked,2,tr00018,1170,1581.2291365136568,1.1625308144114361,1.4108703952350972,1.1572300587380373,1998,1170,0.10396496081143385,27.11635865617809,True,0.023860651000177313,27.08467335244625,28.44596287378,1.3612895213337524,True,656.1332067016363,,,,,,,0,,,,,,,,,,,,,,,,,,,,
ridge_affine_multibranch,same_well_masked,2,tr00018,1170,1285.2184835377118,1.04808269538096,1.3975225224159686,1.0436646041507844,1998,1170,0.10396496081143385,27.11635865617809,True,0.031085854000593827,27.08467335244625,28.44596287378,1.3612895213337524,True,656.1332067016363,,,,,,,0,,,,,,,,,,,,,,,,,,,,
ridge_gated_gbdt,same_well_masked,2,tr00018,1170,70.76221844308071,0.24592789305776128,0.37530409753033567,0.2394626289648978,1998,1170,0.10396496081143385,27.11635865617809,True,0.040923825000390934,27.08467335244625,28.44596287378,1.3612895213337524,True,656.1332067016363,0.8780516776788214,1.0,,True,,,0,0.0,,,,,,,,,,,,,,,,,,,
ridge_default,same_well_masked,2,tr000af,3573,145042.12083360922,6.371336790902614,10.87541298218639,-5.457652353131867,357,3573,0.15820338531254166,33.12043382111586,True,0.01619517499966605,33.125376767673096,46.53146819362247,13.406091425949377,True,652.4377727709442,,,,,,,0,,,,,,,,,,,,,,,,,,,,
ridge_affine_cal,same_well_masked,2,tr000af,3573,166560.5169879137,6.827622831254261,12.013448511377511,-5.7714090985316115,357,3573,0.15820338531254166,33.12043382111586,True,0.02238361099989561,33.125376767673096,46.53146819362247,13.406091425949377,True,652.4377727709442,,,,,,,0,,,,,,,,,,,,,,,,,,,,
ridge_multibranch,same_well_masked,2,tr000af,3573,155707.0920214916,6.601424928690656,11.277207817663609,-5.6753482895176015,357,3573,0.15820338531254166,33.12043382111586,True,0.02251149899984739,33.125376767673096,46.53146819362247,13.406091425949377,True,652.4377727709442,,,,,,,0,,,,,,,,,,,,,,,,,,,,
ridge_affine_multibranch,same_well_masked,2,tr000af,3573,170621.72324670313,6.910359698146505,12.178199657371898,-5.83049504169412,357,3573,0.15820338531254166,33.12043382111586,True,0.028615448999516957,33.125376767673096,46.53146819362247,13.406091425949377,True,652.4377727709442,,,,,,,0,,,,,,,,,,,,,,,,,,,,
ridge_gated_gbdt,same_well_masked,2,tr000af,3573,5093.294790070595,1.1939410886963915,1.801591845011373,-1.0103477233123443,357,3573,0.15820338531254166,33.12043382111586,True,0.04024625300007756,33.125376767673096,46.53146819362247,13.406091425949377,True,652.4377727709442,0.0,0.0,,False,affine_calibration_unusable,,0,0.0,,,,,,,,,,,,,,,,,,,
ridge_default,same_well_masked,2,tr00056,2782,17319.76025045297,2.4951253878507593,3.4789693714307575,-2.248653421643829,200,2782,0.0,19.21877644725419,True,0.015559933000076853,17.86480820995519,25.08735880767736,7.222550597722172,True,668.2395082890408,,,,,,,0,,,,,,,,,,,,,,,,,,,,
ridge_affine_cal,same_well_masked,2,tr00056,2782,21428.25959130187,2.7753316387410494,3.8108591253912643,-2.54767306286277,200,2782,0.0,19.21877644725419,True,0.022538531999998668,17.86480820995519,25.08735880767736,7.222550597722172,True,668.2395082890408,,,,,,,0,,,,,,,,,,,,,,,,,,,,
ridge_multibranch,same_well_masked,2,tr00056,2782,21275.630898815696,2.765429942588901,3.7482918749836145,-2.5451181889562253,200,2782,0.0,19.21877644725419,True,0.02206220999960351,17.86480820995519,25.08735880767736,7.222550597722172,True,668.2395082890408,,,,,,,0,,,,,,,,,,,,,,,,,,,,
ridge_affine_multibranch,same_well_masked,2,tr00056,2782,22956.280995178495,2.872580468163464,3.9380626820893134,-2.654430641689778,200,2782,0.0,19.21877644725419,True,0.02857627599951229,17.86480820995519,25.08735880767736,7.222550597722172,True,668.2395082890408,,,,,,,0,,,,,,,,,,,,,,,,,,,,
ridge_gated_gbdt,same_well_masked,2,tr00056,2782,17319.76025045297,2.4951253878507593,3.4789693714307575,-2.248653421643829,200,2782,0.0,19.21877644725419,True,0.10867238200080465,17.86480820995519,25.08735880767736,7.222550597722172,True,668.2395082890408,0.0,0.0,,False,affine_calibration_unusable,,2782,1.0,,,,,,,,,,,,,,,,,,,
ridge_default,same_well_masked,2,tr00065,1950,1039.6152011335641,0.7301616263412608,1.259096228386312,-0.6751197477338906,1689,1950,0.639112542494185,49.82354606464432,True,0.015379068999209267,45.211627020594506,50.087636944051226,4.876009923456721,True,693.0444673020385,,,,,,,0,,,,,,,,,,,,,,,,,,,,
ridge_affine_cal,same_well_masked,2,tr00065,1950,2072.563166412679,1.0309475766752914,1.576194446624669,-0.9932382638301624,1689,1950,0.639112542494185,49.82354606464432,True,0.02168594600061624,45.211627020594506,50.087636944051226,4.876009923456721,True,693.0444673020385,,,,,,,0,,,,,,,,,,,,,,,,,,,,
ridge_multibranch,same_well_masked,2,tr00065,1950,803.4901094387778,0.6419082566602521,1.166210546944562,-0.5746590328856277,1689,1950,0.639112542494185,49.82354606464432,True,0.021727112000007764,45.211627020594506,50.087636944051226,4.876009923456721,True,693.0444673020385,,,,,,,0,,,,,,,,,,,,,,,,,,,,
ridge_affine_multibranch,same_well_masked,2,tr00065,1950,921.3927109081773,0.6873929607706308,1.2247315535303471,-0.6240291196492355,1689,1950,0.639112542494185,49.82354606464432,True,0.029714485999647877,45.211627020594506,50.087636944051226,4.876009923456721,True,693.0444673020385,,,,,,,0,,,,,,,,,,,,,,,,,,,,
ridge_gated_gbdt,same_well_masked,2,tr00065,1950,1039.6152011335641,0.7301616263412608,1.259096228386312,-0.6751197477338906,1689,1950,0.639112542494185,49.82354606464432,True,0.04149075100031041,45.211627020594506,50.087636944051226,4.876009923456721,True,693.0444673020385,0.0,0.0,,False,affine_calibration_unusable,,1950,1.0,,,,,,,,,,,,,,,,,,,
ridge_default,same_well_masked,2,tr000a8,3364,40719.11103786436,3.479133955315922,6.295972965549112,2.9012644968183623,200,3364,0.15339425587467362,42.68159225943501,True,0.0166531369995937,38.03271621179279,42.75985624527888,4.727140033486094,True,635.3529906960887,,,,,,,0,,,,,,,,,,,,,,,,,,,,
ridge_affine_cal,same_well_masked,2,tr000a8,3364,49155.43058146614,3.8225903471842093,6.755568662157536,3.2725477382779316,200,3364,0.15339425587467362,42.68159225943501,True,0.024894541000321624,38.03271621179279,42.75985624527888,4.727140033486094,True,635.3529906960887,,,,,,,0,,,,,,,,,,,,,,,,,,,,
ridge_multibranch,same_well_masked,2,tr000a8,3364,46799.43631999503,3.7298581675524844,6.591694673792205,3.184609641349621,200,3364,0.15339425587467362,42.68159225943501,True,0.025255420000576123,38.03271621179279,42.75985624527888,4.727140033486094,True,635.3529906960887,,,,,,,0,,,,,,,,,,,,,,,,,,,,
ridge_affine_multibranch,same_well_masked,2,tr000a8,3364,56150.330608144635,4.085527755585576,7.054852703125526,3.5688840499712273,200,3364,0.15339425587467362,42.68159225943501,True,0.03159812200010492,38.03271621179279,42.75985624527888,4.727140033486094,True,635.3529906960887,,,,,,,0,,,,,,,,,,,,,,,,,,,,
ridge_gated_gbdt,same_well_masked,2,tr000a8,3364,40719.11103786436,3.479133955315922,6.295972965549112,2.9012644968183623,200,3364,0.15339425587467362,42.68159225943501,True,0.1199221580000085,38.03271621179279,42.75985624527888,4.727140033486094,True,635.3529906960887,0.9609755606516608,1.0,,True,,,3364,1.0,,,,,,,,,,,,,,,,,,,
ridge_default,same_well_masked,2,tr00020,3495,2023.6910517095278,0.7609366736963836,1.3081412097692628,0.1835424224319398,289,3495,0.6487154828960022,2.473645135175886,True,0.016198184000131732,-4.642410270485955,2.4992806884893835,7.141690958975339,True,658.5532886829399,,,,,,,0,,,,,,,,,,,,,,,,,,,,
ridge_affine_cal,same_well_masked,2,tr00020,3495,2622.212539517896,0.8661843941829883,1.9696052035919713,-0.5691921441472891,289,3495,0.6487154828960022,2.473645135175886,True,0.023319277000155125,-4.642410270485955,2.4992806884893835,7.141690958975339,True,658.5532886829399,,,,,,,0,,,,,,,,,,,,,,,,,,,,
ridge_multibranch,same_well_masked,2,tr00020,3495,1833.6725390910917,0.7243313801277662,1.6690199070673535,-0.2401418973247694,289,3495,0.6487154828960022,2.473645135175886,True,0.02477036400068755,-4.642410270485955,2.4992806884893835,7.141690958975339,True,658.5532886829399,,,,,,,0,,,,,,,,,,,,,,,,,,,,
ridge_affine_multibranch,same_well_masked,2,tr00020,3495,5312.703247731458,1.232917988416361,2.479856086097245,-1.053585912416333,289,3495,0.6487154828960022,2.473645135175886,True,0.03155002699986653,-4.642410270485955,2.4992806884893835,7.141690958975339,True,658.5532886829399,,,,,,,0,,,,,,,,,,,,,,,,,,,,
ridge_gated_gbdt,same_well_masked,2,tr00020,3495,138.5034333260104,0.19907039561641418,0.40178744551024126,-0.12758571205009706,289,3495,0.6487154828960022,2.473645135175886,True,0.042771744000674516,-4.642410270485955,2.4992806884893835,7.141690958975339,True,658.5532886829399,0.9374315797570113,1.0,,True,,,0,0.0,,,,,,,,,,,,,,,,,,,
ridge_default,same_well_masked,2,tr00049,3583,1502.674623125118,0.6476033281617224,1.0565162824340888,-0.26362534148810207,200,3583,0.03380060264640377,19.868377365380027,True,0.016538404000129958,15.10083899046438,19.902406750467165,4.801567760002785,True,684.8321235669893,,,,,,,0,,,,,,,,,,,,,,,,,,,,
ridge_affine_cal,same_well_masked,2,tr00049,3583,1722.6709456993644,0.6933902976362507,1.1955733556546964,-0.29238863778895785,200,3583,0.03380060264640377,19.868377365380027,True,0.024090542000521964,15.10083899046438,19.902406750467165,4.801567760002785,True,684.8321235669893,,,,,,,0,,,,,,,,,,,,,,,,,,,,
ridge_multibranch,same_well_masked,2,tr00049,3583,10148.116241634201,1.6829426338745772,2.3543920982652295,-1.5799523229734498,200,3583,0.03380060264640377,19.868377365380027,True,0.02477658599946153,15.10083899046438,19.902406750467165,4.801567760002785,True,684.8321235669893,,,,,,,0,,,,,,,,,,,,,,,,,,,,
ridge_affine_multibranch,same_well_masked,2,tr00049,3583,8871.217450413147,1.573505293556715,2.3315897570540773,-1.44687562856941,200,3583,0.03380060264640377,19.868377365380027,True,0.032282651999594236,15.10083899046438,19.902406750467165,4.801567760002785,True,684.8321235669893,,,,,,,0,,,,,,,,,,,,,,,,,,,,
ridge_gated_gbdt,same_well_masked,2,tr00049,3583,1502.674623125118,0.6476033281617224,1.0565162824340888,-0.26362534148810207,200,3583,0.03380060264640377,19.868377365380027,True,0.12851724099982675,15.10083899046438,19.902406750467165,4.801567760002785,True,684.8321235669893,0.9580148985796486,0.8,,True,,,3583,1.0,,,,,,,,,,,,,,,,,,,
ridge_default,same_well_masked,2,tr0001f,3631,4404.539204344417,1.1013798216438382,1.4317217107273912,1.0541168981454094,660,3631,0.0,-11.392885930087624,True,0.016713843999241362,-15.66919290422473,-11.34410356156723,4.325089342657499,True,663.4379201942842,,,,,,,0,,,,,,,,,,,,,,,,,,,,
ridge_affine_cal,same_well_masked,2,tr0001f,3631,4008.7938711655343,1.0507363054431387,1.5227177835007524,0.9917624100233933,660,3631,0.0,-11.392885930087624,True,0.0240464990001783,-15.66919290422473,-11.34410356156723,4.325089342657499,True,663.4379201942842,,,,,,,0,,,,,,,,,,,,,,,,,,,,
ridge_multibranch,same_well_masked,2,tr0001f,3631,35257.450934915876,3.1161067754844813,3.47568121589622,3.0980864341100336,660,3631,0.0,-11.392885930087624,True,0.024637915999846882,-15.66919290422473,-11.34410356156723,4.325089342657499,True,663.4379201942842,,,,,,,0,,,,,,,,,,,,,,,,,,,,
ridge_affine_multibranch,same_well_masked,2,tr0001f,3631,21126.490475168222,2.4121291366663797,2.9455703967736007,2.38382248078164,660,3631,0.0,-11.392885930087624,True,0.035370777000025555,-15.66919290422473,-11.34410356156723,4.325089342657499,True,663.4379201942842,,,,,,,0,,,,,,,,,,,,,,,,,,,,
ridge_gated_gbdt,same_well_masked,2,tr0001f,3631,6026.715684169461,1.2883303189739475,2.6904925688114627,-1.0134116817297778,660,3631,0.0,-11.392885930087624,True,0.04393248399992444,-15.66919290422473,-11.34410356156723,4.325089342657499,True,663.4379201942842,0.2978149274310702,1.0,,True,,,0,0.0,,,,,,,,,,,,,,,,,,,
ridge_default,same_well_masked,2,tr0004c,1939,26819.7313991889,3.719103867007335,6.373543820155056,3.281286320221877,703,1939,0.5457323728443572,-3.86514711077084,True,0.015255022999554058,-5.27947306011493,-3.8668842439516906,1.4125888161632396,True,677.1539144422585,,,,,,,0,,,,,,,,,,,,,,,,,,,,
ridge_affine_cal,same_well_masked,2,tr0004c,1939,28839.41651621739,3.8565976312595156,6.511568527124728,3.411779015811332,703,1939,0.5457323728443572,-3.86514711077084,True,0.022588060000089172,-5.27947306011493,-3.8668842439516906,1.4125888161632396,True,677.1539144422585,,,,,,,0,,,,,,,,,,,,,,,,,,,,
ridge_multibranch,same_well_masked,2,tr0004c,1939,26574.51774188318,3.702062883521119,6.310110967147158,3.2798501646287095,703,1939,0.5457323728443572,-3.86514711077084,True,0.02194515399969532,-5.27947306011493,-3.8668842439516906,1.4125888161632396,True,677.1539144422585,,,,,,,0,,,,,,,,,,,,,,,,,,,,
ridge_affine_multibranch,same_well_masked,2,tr0004c,1939,30612.232312906704,3.973366224065556,6.583297001844613,3.565171450262961,703,1939,0.5457323728443572,-3.86514711077084,True,0.028457130999413494,-5.27947306011493,-3.8668842439516906,1.4125888161632396,True,677.1539144422585,,,,,,,0,,,,,,,,,,,,,,,,,,,,
ridge_gated_gbdt,same_well_masked,2,tr0004c,1939,26819.7313991889,3.719103867007335,6.373543820155056,3.281286320221877,703,1939,0.5457323728443572,-3.86514711077084,True,0.04094059199996991,-5.27947306011493,-3.8668842439516906,1.4125888161632396,True,677.1539144422585,0.0,0.0,,False,affine_calibration_unusable,,1939,1.0,,,,,,,,,,,,,,,,,,,
ridge_default,same_well_masked,2,tr00071,1695,861.3779242535094,0.7128727557785288,1.0485458932017693,-0.6908107768795424,200,1695,0.1494435612082671,29.67133717121588,True,0.015391392999845266,23.23343582269032,29.66817463271027,6.434738810019947,True,719.0307079462174,,,,,,,0,,,,,,,,,,,,,,,,,,,,
ridge_affine_cal,same_well_masked,2,tr00071,1695,2293.717063679898,1.1632821696823281,1.675889174856561,-1.135787730054664,200,1695,0.1494435612082671,29.67133717121588,True,0.023757359000228462,23.23343582269032,29.66817463271027,6.434738810019947,True,719.0307079462174,,,,,,,0,,,,,,,,,,,,,,,,,,,,
ridge_multibranch,same_well_masked,2,tr00071,1695,697.6910779703503,0.6415739670098448,0.9383579444725996,-0.6239464162169465,200,1695,0.1494435612082671,29.67133717121588,True,0.02432831299938698,23.23343582269032,29.66817463271027,6.434738810019947,True,719.0307079462174,,,,,,,0,,,,,,,,,,,,,,,,,,,,
ridge_affine_multibranch,same_well_masked,2,tr00071,1695,2704.0072958038677,1.2630457395903234,1.7826306788337085,-1.2399196387228755,200,1695,0.1494435612082671,29.67133717121588,True,0.030972046999522718,23.23343582269032,29.66817463271027,6.434738810019947,True,719.0307079462174,,,,,,,0,,,,,,,,,,,,,,,,,,,,
ridge_gated_gbdt,same_well_masked,2,tr00071,1695,861.3779242535094,0.7128727557785288,1.0485458932017693,-0.6908107768795424,200,1695,0.1494435612082671,29.67133717121588,True,0.08211492999998882,23.23343582269032,29.66817463271027,6.434738810019947,True,719.0307079462174,0.7750306548553394,0.4,,True,,,1695,1.0,,,,,,,,,,,,,,,,,,,
ridge_default,same_well_masked,2,tr0003b,2358,24834.444121558758,3.245303523939342,6.006157730290919,2.4731457161544346,255,2358,0.5429491048078857,41.23536487153224,True,0.015553023999927973,30.895936559215837,41.237473543160405,10.341536983944568,True,685.7192914186917,,,,,,,0,,,,,,,,,,,,,,,,,,,,
ridge_affine_cal,same_well_masked,2,tr0003b,2358,39714.030712970394,4.103931311652192,6.908556247779547,3.582507903151011,255,2358,0.5429491048078857,41.23536487153224,True,0.023813509999854432,30.895936559215837,41.237473543160405,10.341536983944568,True,685.7192914186917,,,,,,,0,,,,,,,,,,,,,,,,,,,,
ridge_multibranch,same_well_masked,2,tr0003b,2358,29414.82163086704,3.531922856339413,6.375157252667616,2.829238893087661,255,2358,0.5429491048078857,41.23536487153224,True,0.024634887000502204,30.895936559215837,41.237473543160405,10.341536983944568,True,685.7192914186917,,,,,,,0,,,,,,,,,,,,,,,,,,,,
ridge_affine_multibranch,same_well_masked,2,tr0003b,2358,45276.07007300352,4.381899990739119,7.230819298923873,3.890571247040248,255,2358,0.5429491048078857,41.23536487153224,True,0.031609986999683315,30.895936559215837,41.237473543160405,10.341536983944568,True,685.7192914186917,,,,,,,0,,,,,,,,,,,,,,,,,,,,
ridge_gated_gbdt,same_well_masked,2,tr0003b,2358,583.142307985646,0.49729646869014704,1.0639896549823824,-0.3707609008695443,255,2358,0.5429491048078857,41.23536487153224,True,0.04150180200031173,30.895936559215837,41.237473543160405,10.341536983944568,True,685.7192914186917,0.8414013751292551,1.0,,True,,,0,0.0,,,,,,,,,,,,,,,,,,,
ridge_default,same_well_masked,2,tr00021,3251,3733.4950589617583,1.0716409623505254,2.228858842233315,-0.747701938306258,1933,3251,0.034854771784232366,14.344327509434285,True,0.01620472900049208,8.028549679690588,14.55938325387228,6.530833574181692,True,672.8447659715703,,,,,,,0,,,,,,,,,,,,,,,,,,,,
ridge_affine_cal,same_well_masked,2,tr00021,3251,5543.5972845834585,1.305832135167601,2.4679746076097313,-1.1140956339075603,1933,3251,0.034854771784232366,14.344327509434285,True,0.02410405000046012,8.028549679690588,14.55938325387228,6.530833574181692,True,672.8447659715703,,,,,,,0,,,,,,,,,,,,,,,,,,,,
ridge_multibranch,same_well_masked,2,tr00021,3251,2408.781688755056,0.860776170877407,1.8820976890564243,-0.4666192999296381,1933,3251,0.034854771784232366,14.344327509434285,True,0.024965274999885878,8.028549679690588,14.55938325387228,6.530833574181692,True,672.8447659715703,,,,,,,0,,,,,,,,,,,,,,,,,,,,
ridge_affine_multibranch,same_well_masked,2,tr00021,3251,3429.5280994343216,1.0270904663335745,2.121645766277725,-0.7854414714584963,1933,3251,0.034854771784232366,14.344327509434285,True,0.03310203000000911,8.028549679690588,14.55938325387228,6.530833574181692,True,672.8447659715703,,,,,,,0,,,,,,,,,,,,,,,,,,,,
ridge_gated_gbdt,same_well_masked,2,tr00021,3251,78895.39430310886,4.926260128184566,6.462672765587275,3.8912795271970637,1933,3251,0.034854771784232366,14.344327509434285,True,0.044882924999910756,8.028549679690588,14.55938325387228,6.530833574181692,True,672.8447659715703,0.9558764042541906,1.0,,True,,,0,0.0,,,,,,,,,,,,,,,,,,,
ridge_default,same_well_masked,3,tr000ed,3197,10735.50789425674,1.8324831067832077,3.400601906258763,-1.339379694351309,915,3197,0.09139417156929812,8.275183749168445,True,0.016403491999881226,8.064208994167519,9.698945777047818,1.6347367828802994,True,665.3794454827386,,,,,,,0,,,,,,,,,,,,,,,,,,,,
ridge_affine_cal,same_well_masked,3,tr000ed,3197,12196.073141609077,1.9531639147677584,3.525959510392145,-1.5178564097619027,915,3197,0.09139417156929812,8.275183749168445,True,0.023908447999929194,8.064208994167519,9.698945777047818,1.6347367828802994,True,665.3794454827386,,,,,,,0,,,,,,,,,,,,,,,,,,,,
ridge_multibranch,same_well_masked,3,tr000ed,3197,9699.342106741275,1.741806154252879,3.269596722367478,-1.2200145257168102,915,3197,0.09139417156929812,8.275183749168445,True,0.02475185499952204,8.064208994167519,9.698945777047818,1.6347367828802994,True,665.3794454827386,,,,,,,0,,,,,,,,,,,,,,,,,,,,
ridge_affine_multibranch,same_well_masked,3,tr000ed,3197,10283.004442368077,1.7934476056354556,3.3146902472335054,-1.3204900746216706,915,3197,0.09139417156929812,8.275183749168445,True,0.031755739999425714,8.064208994167519,9.698945777047818,1.6347367828802994,True,665.3794454827386,,,,,,,0,,,,,,,,,,,,,,,,,,,,
ridge_gated_gbdt,same_well_masked,3,tr000ed,3197,527.2032056955777,0.4060857062007968,0.890505964662136,0.29635575820635,915,3197,0.09139417156929812,8.275183749168445,True,0.04344266200041602,8.064208994167519,9.698945777047818,1.6347367828802994,True,665.3794454827386,0.9759395476947745,1.0,,True,,,0,0.0,,,,,,,,,,,,,,,,,,,
ridge_default,same_well_masked,3,tr00029,3099,2341.5181095735384,0.8692365359304858,2.6530816497646015,-0.03000385502455861,200,3099,0.038141669056495554,-6.9570601264166205,True,0.015765076000207046,-13.704591521387949,-3.567574938192372,10.137016583195576,True,687.6310698048053,,,,,,,0,,,,,,,,,,,,,,,,,,,,
ridge_affine_cal,same_well_masked,3,tr00029,3099,2492.3595915968217,0.8967978586914696,3.0120050227439474,0.2583435668840808,200,3099,0.038141669056495554,-6.9570601264166205,True,0.022212353999748302,-13.704591521387949,-3.567574938192372,10.137016583195576,True,687.6310698048053,,,,,,,0,,,,,,,,,,,,,,,,,,,,
ridge_multibranch,same_well_masked,3,tr00029,3099,2399.6339388533333,0.8799575253862041,2.5433293591679895,-0.09339669665156199,200,3099,0.038141669056495554,-6.9570601264166205,True,0.022027627999705146,-13.704591521387949,-3.567574938192372,10.137016583195576,True,687.6310698048053,,,,,,,0,,,,,,,,,,,,,,,,,,,,
ridge_affine_multibranch,same_well_masked,3,tr00029,3099,2364.896230711538,0.8735650624124566,2.7389957619206395,0.01139284289263753,200,3099,0.038141669056495554,-6.9570601264166205,True,0.028175047999866365,-13.704591521387949,-3.567574938192372,10.137016583195576,True,687.6310698048053,,,,,,,0,,,,,,,,,,,,,,,,,,,,
ridge_gated_gbdt,same_well_masked,3,tr00029,3099,2341.5181095735384,0.8692365359304858,2.6530816497646015,-0.03000385502455861,200,3099,0.038141669056495554,-6.9570601264166205,True,0.11505004499940696,-13.704591521387949,-3.567574938192372,10.137016583195576,True,687.6310698048053,0.0,0.0,,False,affine_calibration_unusable,,3099,1.0,,,,,,,,,,,,,,,,,,,
ridge_default,same_well_masked,3,tr0008a,1611,496.8943109179852,0.5553723346698938,1.148227509819062,0.043225959117640704,1674,1611,0.24816176470588236,29.523777568734943,True,0.01486282600035338,24.088980617983605,29.52516305722248,5.436182439238873,True,647.6843495112017,,,,,,,0,,,,,,,,,,,,,,,,,,,,
ridge_affine_cal,same_well_masked,3,tr0008a,1611,514.3809650861921,0.5650601419769574,1.3564963804862593,-0.19474490087619575,1674,1611,0.24816176470588236,29.523777568734943,True,0.022950024999772722,24.088980617983605,29.52516305722248,5.436182439238873,True,647.6843495112017,,,,,,,0,,,,,,,,,,,,,,,,,,,,
ridge_multibranch,same_well_masked,3,tr0008a,1611,613.1248631226003,0.6169169370462488,1.1778569151609446,0.2665698618376414,1674,1611,0.24816176470588236,29.523777568734943,True,0.024999532000038016,24.088980617983605,29.52516305722248,5.436182439238873,True,647.6843495112017,,,,,,,0,,,,,,,,,,,,,,,,,,,,
ridge_affine_multibranch,same_well_masked,3,tr0008a,1611,569.8785819792943,0.5947622521212064,1.1495256208764495,0.2630553201307085,1674,1611,0.24816176470588236,29.523777568734943,True,0.031691666999904555,24.088980617983605,29.52516305722248,5.436182439238873,True,647.6843495112017,,,,,,,0,,,,,,,,,,,,,,,,,,,,
ridge_gated_gbdt,same_well_masked,3,tr0008a,1611,5.057017727293065,0.05602727082333456,0.136162976515962,0.030724204700199206,1674,1611,0.24816176470588236,29.523777568734943,True,0.04255954800009931,24.088980617983605,29.52516305722248,5.436182439238873,True,647.6843495112017,0.8291859172610389,1.0,,True,,,0,0.0,,,,,,,,,,,,,,,,,,,
ridge_default,same_well_masked,3,tr000cd,2885,3195.85917913656,1.052497101538768,1.7578722029029512,0.7076124443531245,2344,2885,0.0,13.800148609370469,True,0.01603681799952028,6.544440299041004,13.805308516314216,7.260868217273212,True,641.2352434524034,,,,,,,0,,,,,,,,,,,,,,,,,,,,
ridge_affine_cal,same_well_masked,3,tr000cd,2885,4162.87780543347,1.2012237846211273,1.9909611763960848,0.9153357384358397,2344,2885,0.0,13.800148609370469,True,0.024426033000054304,6.544440299041004,13.805308516314216,7.260868217273212,True,641.2352434524034,,,,,,,0,,,,,,,,,,,,,,,,,,,,
ridge_multibranch,same_well_masked,3,tr000cd,2885,3361.5685368476106,1.0794389287898785,1.783035175760511,0.7600324096168423,2344,2885,0.0,13.800148609370469,True,0.025282890999733354,6.544440299041004,13.805308516314216,7.260868217273212,True,641.2352434524034,,,,,,,0,,,,,,,,,,,,,,,,,,,,
ridge_affine_multibranch,same_well_masked,3,tr000cd,2885,4393.168066148538,1.2340023884413147,1.9691438418861376,0.9878622786806672,2344,2885,0.0,13.800148609370469,True,0.03259342899946205,6.544440299041004,13.805308516314216,7.260868217273212,True,641.2352434524034,,,,,,,0,,,,,,,,,,,,,,,,,,,,
ridge_gated_gbdt,same_well_masked,3,tr000cd,2885,100.95706988905367,0.18706625846705857,0.46433776259530735,0.1711444488357577,2344,2885,0.0,13.800148609370469,True,0.045384965000266675,6.544440299041004,13.805308516314216,7.260868217273212,True,641.2352434524034,0.9021631606272329,1.0,,True,,,0,0.0,,,,,,,,,,,,,,,,,,,
ridge_default,same_well_masked,3,tr000d8,2541,2781.266484014688,1.0462102452277342,1.4904441804990718,0.9630913301505442,200,2541,0.048122493620123954,9.356636709288946,True,0.015448559999640565,9.348675765753114,16.21323969730133,6.864563931548215,True,644.9414316794378,,,,,,,0,,,,,,,,,,,,,,,,,,,,
ridge_affine_cal,same_well_masked,3,tr000d8,2541,393.0857588292099,0.3933157361853892,0.6846162017367874,0.0790759180782895,200,2541,0.048122493620123954,9.356636709288946,True,0.0231821929992293,9.348675765753114,16.21323969730133,6.864563931548215,True,644.9414316794378,,,,,,,0,,,,,,,,,,,,,,,,,,,,
ridge_multibranch,same_well_masked,3,tr000d8,2541,7172.802010067426,1.6801269149213058,2.167037003006591,1.627657505148722,200,2541,0.048122493620123954,9.356636709288946,True,0.024001838000003772,9.348675765753114,16.21323969730133,6.864563931548215,True,644.9414316794378,,,,,,,0,,,,,,,,,,,,,,,,,,,,
ridge_affine_multibranch,same_well_masked,3,tr000d8,2541,673.5241667459647,0.5148423442297929,0.8848322791254493,0.3087891180442448,200,2541,0.048122493620123954,9.356636709288946,True,0.031563568999445124,9.348675765753114,16.21323969730133,6.864563931548215,True,644.9414316794378,,,,,,,0,,,,,,,,,,,,,,,,,,,,
ridge_gated_gbdt,same_well_masked,3,tr000d8,2541,2781.266484014688,1.0462102452277342,1.4904441804990718,0.9630913301505442,200,2541,0.048122493620123954,9.356636709288946,True,0.10382202199980384,9.348675765753114,16.21323969730133,6.864563931548215,True,644.9414316794378,0.6379910254162993,1.0,,True,,,2541,1.0,,,,,,,,,,,,,,,,,,,
ridge_default,same_well_masked,3,tr00019,3877,25902.58738758679,2.5847805276188125,3.759916643063246,2.487317485373574,960,3877,0.6727105806747762,9.618868503360774,True,0.01685164300033648,9.625914257759412,11.705558345567544,2.0796440878081324,True,678.5082288022403,,,,,,,0,,,,,,,,,,,,,,,,,,,,
ridge_affine_cal,same_well_masked,3,tr00019,3877,17849.131889038268,2.1456587340252185,3.3691103649952403,2.0080063969374127,960,3877,0.6727105806747762,9.618868503360774,True,0.024838705000547634,9.625914257759412,11.705558345567544,2.0796440878081324,True,678.5082288022403,,,,,,,0,,,,,,,,,,,,,,,,,,,,
ridge_multibranch,same_well_masked,3,tr00019,3877,27241.610719562603,2.6507482953972366,3.816819553498142,2.558570076154475,960,3877,0.6727105806747762,9.618868503360774,True,0.028467512000133866,9.625914257759412,11.705558345567544,2.0796440878081324,True,678.5082288022403,,,,,,,0,,,,,,,,,,,,,,,,,,,,
ridge_affine_multibranch,same_well_masked,3,tr00019,3877,22538.298615492342,2.411085791872191,3.6337603178331044,2.2933902011655296,960,3877,0.6727105806747762,9.618868503360774,True,0.032829841999955534,9.625914257759412,11.705558345567544,2.0796440878081324,True,678.5082288022403,,,,,,,0,,,,,,,,,,,,,,,,,,,,
ridge_gated_gbdt,same_well_masked,3,tr00019,3877,684.1972835286676,0.42009041472753816,0.6490711457689713,0.3927038824556886,960,3877,0.6727105806747762,9.618868503360774,True,0.05028278200006753,9.625914257759412,11.705558345567544,2.0796440878081324,True,678.5082288022403,0.8608730633181764,1.0,,True,,,0,0.0,,,,,,,,,,,,,,,,,,,
ridge_default,same_well_masked,3,tr0004a,3373,46229.804567349514,3.7021401718687126,9.02411711877868,-2.798429559428481,335,3373,0.5229487360542296,-8.081035526800118,True,0.017512677000013355,-8.165137356645609,7.09870452898622,15.263841885631829,True,701.3280947971909,,,,,,,0,,,,,,,,,,,,,,,,,,,,
ridge_affine_cal,same_well_masked,3,tr0004a,3373,37518.95513207885,3.335164020406165,8.552132558790879,-2.3232547519977635,335,3373,0.5229487360542296,-8.081035526800118,True,0.02527773800011346,-8.165137356645609,7.09870452898622,15.263841885631829,True,701.3280947971909,,,,,,,0,,,,,,,,,,,,,,,,,,,,
ridge_multibranch,same_well_masked,3,tr0004a,3373,46043.937821614556,3.694690456507609,8.94377216499676,-2.807756587386182,335,3373,0.5229487360542296,-8.081035526800118,True,0.02378808800040133,-8.165137356645609,7.09870452898622,15.263841885631829,True,701.3280947971909,,,,,,,0,,,,,,,,,,,,,,,,,,,,
ridge_affine_multibranch,same_well_masked,3,tr0004a,3373,38399.35322232764,3.3740676358080472,8.56549506227216,-2.389352641343701,335,3373,0.5229487360542296,-8.081035526800118,True,0.029831374999957916,-8.165137356645609,7.09870452898622,15.263841885631829,True,701.3280947971909,,,,,,,0,,,,,,,,,,,,,,,,,,,,
ridge_gated_gbdt,same_well_masked,3,tr0004a,3373,46229.804567349514,3.7021401718687126,9.02411711877868,-2.798429559428481,335,3373,0.5229487360542296,-8.081035526800118,True,0.04605694100064284,-8.165137356645609,7.09870452898622,15.263841885631829,True,701.3280947971909,0.0,0.0,,False,affine_calibration_unusable,,3373,1.0,,,,,,,,,,,,,,,,,,,
ridge_default,same_well_masked,3,tr00077,1111,3042.119630877562,1.6547451422918273,2.5748079980730036,-1.5599269536645826,2206,1111,0.0,-5.865711363335861,True,0.015783099999680417,-5.915908913571431,-4.478019394024819,1.4378895195466121,True,728.9201395158517,,,,,,,0,,,,,,,,,,,,,,,,,,,,
ridge_affine_cal,same_well_masked,3,tr00077,1111,3253.7670348919733,1.7113395921682955,2.625372742785812,-1.620231547079901,2206,1111,0.0,-5.865711363335861,True,0.024149791000127152,-5.915908913571431,-4.478019394024819,1.4378895195466121,True,728.9201395158517,,,,,,,0,,,,,,,,,,,,,,,,,,,,
ridge_multibranch,same_well_masked,3,tr00077,1111,6806.297674781653,2.475132427842402,3.413969252224126,-2.4160741276125006,2206,1111,0.0,-5.865711363335861,True,0.025565438999365142,-5.915908913571431,-4.478019394024819,1.4378895195466121,True,728.9201395158517,,,,,,,0,,,,,,,,,,,,,,,,,,,,
ridge_affine_multibranch,same_well_masked,3,tr00077,1111,6702.0540791492695,2.456105029599912,3.3870715241919873,-2.396251852139745,2206,1111,0.0,-5.865711363335861,True,0.03204656599973532,-5.915908913571431,-4.478019394024819,1.4378895195466121,True,728.9201395158517,,,,,,,0,,,,,,,,,,,,,,,,,,,,
ridge_gated_gbdt,same_well_masked,3,tr00077,1111,3042.119630877562,1.6547451422918273,2.5748079980730036,-1.5599269536645826,2206,1111,0.0,-5.865711363335861,True,0.043476574999658624,-5.915908913571431,-4.478019394024819,1.4378895195466121,True,728.9201395158517,0.8417605264649084,1.0,,True,,,1111,1.0,,,,,,,,,,,,,,,,,,,
ridge_default,same_well_masked,3,tr0007e,2744,13198.791980727794,2.1931838469591662,3.819424974987644,-1.7658903081343629,1270,2744,0.7169280852323172,23.40590939841477,True,0.016195870000046853,23.38930528695132,24.089020107546013,0.6997148205946928,True,644.2209715608859,,,,,,,0,,,,,,,,,,,,,,,,,,,,
ridge_affine_cal,same_well_masked,3,tr0007e,2744,9788.446245840356,1.8887080292149767,3.4063949415967336,-1.3850778159139179,1270,2744,0.7169280852323172,23.40590939841477,True,0.024346585000785126,23.38930528695132,24.089020107546013,0.6997148205946928,True,644.2209715608859,,,,,,,0,,,,,,,,,,,,,,,,,,,,
ridge_multibranch,same_well_masked,3,tr0007e,2744,11533.692402097558,2.050180643582012,3.634592728920186,-1.596462672531301,1270,2744,0.7169280852323172,23.40590939841477,True,0.022975971000050777,23.38930528695132,24.089020107546013,0.6997148205946928,True,644.2209715608859,,,,,,,0,,,,,,,,,,,,,,,,,,,,
ridge_affine_multibranch,same_well_masked,3,tr0007e,2744,8029.461019026905,1.7106105395480062,3.1493588899120866,-1.1508345180473594,1270,2744,0.7169280852323172,23.40590939841477,True,0.029374151000411075,23.38930528695132,24.089020107546013,0.6997148205946928,True,644.2209715608859,,,,,,,0,,,,,,,,,,,,,,,,,,,,
ridge_gated_gbdt,same_well_masked,3,tr0007e,2744,13198.791980727794,2.1931838469591662,3.819424974987644,-1.7658903081343629,1270,2744,0.7169280852323172,23.40590939841477,True,0.04205461899982765,23.38930528695132,24.089020107546013,0.6997148205946928,True,644.2209715608859,0.0,0.0,,False,affine_calibration_unusable,,2744,1.0,,,,,,,,,,,,,,,,,,,
ridge_default,same_well_masked,3,tr00059,2065,2829.7983005678166,1.1706247789775883,2.4779743222255117,0.3555667195393498,2408,2065,0.0,7.822257785930581,True,0.016045041999859677,0.4559159471749341,7.864965186668288,7.409049239493354,True,665.9543660702461,,,,,,,0,,,,,,,,,,,,,,,,,,,,
ridge_affine_cal,same_well_masked,3,tr00059,2065,2565.014989547329,1.1145124537061122,2.1734861207669667,0.0842620240305768,2408,2065,0.0,7.822257785930581,True,0.027474425000036717,0.4559159471749341,7.864965186668288,7.409049239493354,True,665.9543660702461,,,,,,,0,,,,,,,,,,,,,,,,,,,,
ridge_multibranch,same_well_masked,3,tr00059,2065,2554.2601540719297,1.1121734831821106,1.9115226922134259,-0.15594638210953005,2408,2065,0.0,7.822257785930581,True,0.025186068000039086,0.4559159471749341,7.864965186668288,7.409049239493354,True,665.9543660702461,,,,,,,0,,,,,,,,,,,,,,,,,,,,
ridge_affine_multibranch,same_well_masked,3,tr00059,2065,2905.295317711045,1.1861377120785908,1.6706257121033836,-0.39766161863448335,2408,2065,0.0,7.822257785930581,True,0.032300409000527,0.4559159471749341,7.864965186668288,7.409049239493354,True,665.9543660702461,,,,,,,0,,,,,,,,,,,,,,,,,,,,
ridge_gated_gbdt,same_well_masked,3,tr00059,2065,21876.79249506199,3.2548561220632597,6.196453133173133,1.6281678863667655,2408,2065,0.0,7.822257785930581,True,0.04473230499934289,0.4559159471749341,7.864965186668288,7.409049239493354,True,665.9543660702461,0.938877798962556,1.0,,True,,,0,0.0,,,,,,,,,,,,,,,,,,,
ridge_default,same_well_masked,3,tr000a1,2904,55131.74125708937,4.357150374505115,5.568965481065007,-4.040486227122089,200,2904,0.0,-0.4752341396783253,True,0.01610457300012058,-0.4685471389838467,8.974293057063099,9.442840196046944,True,651.9882633591925,,,,,,,0,,,,,,,,,,,,,,,,,,,,
ridge_affine_cal,same_well_masked,3,tr000a1,2904,51950.93200439128,4.229590925308444,5.423788470871893,-3.908118569705408,200,2904,0.0,-0.4752341396783253,True,0.023296968000067864,-0.4685471389838467,8.974293057063099,9.442840196046944,True,651.9882633591925,,,,,,,0,,,,,,,,,,,,,,,,,,,,
ridge_multibranch,same_well_masked,3,tr000a1,2904,50180.409838703396,4.156892523760864,5.356732155778776,-3.8302732603598884,200,2904,0.0,-0.4752341396783253,True,0.025302379000095243,-0.4685471389838467,8.974293057063099,9.442840196046944,True,651.9882633591925,,,,,,,0,,,,,,,,,,,,,,,,,,,,
ridge_affine_multibranch,same_well_masked,3,tr000a1,2904,51610.89044762115,4.215725939320751,5.415654768736863,-3.8898747087199617,200,2904,0.0,-0.4752341396783253,True,0.03117337799994857,-0.4685471389838467,8.974293057063099,9.442840196046944,True,651.9882633591925,,,,,,,0,,,,,,,,,,,,,,,,,,,,
ridge_gated_gbdt,same_well_masked,3,tr000a1,2904,55131.74125708937,4.357150374505115,5.568965481065007,-4.040486227122089,200,2904,0.0,-0.4752341396783253,True,0.11562767199939117,-0.4685471389838467,8.974293057063099,9.442840196046944,True,651.9882633591925,0.8327339437918673,1.0,,True,,,2904,1.0,,,,,,,,,,,,,,,,,,,
ridge_default,same_well_masked,3,tr000aa,2609,30199.53568150185,3.402225484166765,6.116542170856441,-2.2005976787259662,3278,2609,0.06497175141242938,46.00840524512377,True,0.016364475999580463,45.80929072790238,61.94289115692638,16.133600429024,True,662.2244126961115,,,,,,,0,,,,,,,,,,,,,,,,,,,,
ridge_affine_cal,same_well_masked,3,tr000aa,2609,32948.76427774238,3.553714432778251,6.372030690287794,-2.4437441823759607,3278,2609,0.06497175141242938,46.00840524512377,True,0.02364372500051104,45.80929072790238,61.94289115692638,16.133600429024,True,662.2244126961115,,,,,,,0,,,,,,,,,,,,,,,,,,,,
ridge_multibranch,same_well_masked,3,tr000aa,2609,28119.519052799995,3.2829699282142712,5.854653562855049,-2.0263284063700433,3278,2609,0.06497175141242938,46.00840524512377,True,0.024859185999957845,45.80929072790238,61.94289115692638,16.133600429024,True,662.2244126961115,,,,,,,0,,,,,,,,,,,,,,,,,,,,
ridge_affine_multibranch,same_well_masked,3,tr000aa,2609,30361.4184853234,3.4113320097870647,6.09263708844739,-2.198212503932203,3278,2609,0.06497175141242938,46.00840524512377,True,0.03218857100000605,45.80929072790238,61.94289115692638,16.133600429024,True,662.2244126961115,,,,,,,0,,,,,,,,,,,,,,,,,,,,
ridge_gated_gbdt,same_well_masked,3,tr000aa,2609,492340.5391354747,13.73712211518353,20.682299690813934,-10.379982311389337,3278,2609,0.06497175141242938,46.00840524512377,True,0.04523318600058701,45.80929072790238,61.94289115692638,16.133600429024,True,662.2244126961115,0.9829011094008837,1.0,,True,,,0,0.0,,,,,,,,,,,,,,,,,,,
ridge_default,same_well_masked,3,tr00053,3026,2923.7717507565085,0.9829632269171708,1.643280139659808,0.786224280244693,502,3026,0.03387244430881904,12.44230657030807,True,0.015299867999601702,9.872974542717412,13.93259679724653,4.059622254529119,True,669.362781457787,,,,,,,0,,,,,,,,,,,,,,,,,,,,
ridge_affine_cal,same_well_masked,3,tr00053,3026,2363.302214372677,0.8837413360064788,1.5344865694302516,0.6382177207657095,502,3026,0.03387244430881904,12.44230657030807,True,0.022943250000025728,9.872974542717412,13.93259679724653,4.059622254529119,True,669.362781457787,,,,,,,0,,,,,,,,,,,,,,,,,,,,
ridge_multibranch,same_well_masked,3,tr00053,3026,5704.776012777304,1.3730452081707056,2.0930748028243524,1.2338137311198951,502,3026,0.03387244430881904,12.44230657030807,True,0.023809124999388587,9.872974542717412,13.93259679724653,4.059622254529119,True,669.362781457787,,,,,,,0,,,,,,,,,,,,,,,,,,,,
ridge_affine_multibranch,same_well_masked,3,tr00053,3026,5409.918321447764,1.3370907743106983,2.0773114245809285,1.185220948411033,502,3026,0.03387244430881904,12.44230657030807,True,0.03078189099960582,9.872974542717412,13.93259679724653,4.059622254529119,True,669.362781457787,,,,,,,0,,,,,,,,,,,,,,,,,,,,
ridge_gated_gbdt,same_well_masked,3,tr00053,3026,16793.375293534755,2.3557789397421893,4.51035945619201,-1.6084648922774927,502,3026,0.03387244430881904,12.44230657030807,True,0.041915939999853435,9.872974542717412,13.93259679724653,4.059622254529119,True,669.362781457787,0.8547941055484443,1.0,,True,,,0,0.0,,,,,,,,,,,,,,,,,,,
ridge_default,same_well_masked,3,tr00096,2783,6234.077605485421,1.4966818738487873,3.1334376635889907,-1.0652937793880377,1350,2783,0.07200694042799306,-13.703170789862217,True,0.01568468900040898,-13.80388874581487,-8.824911504455665,4.978977241359205,True,658.0616049079988,,,,,,,0,,,,,,,,,,,,,,,,,,,,
ridge_affine_cal,same_well_masked,3,tr00096,2783,4123.797866964279,1.2172844708281019,2.671940726270156,-0.6521524388312803,1350,2783,0.07200694042799306,-13.703170789862217,True,0.02340228000048228,-13.80388874581487,-8.824911504455665,4.978977241359205,True,658.0616049079988,,,,,,,0,,,,,,,,,,,,,,,,,,,,
ridge_multibranch,same_well_masked,3,tr00096,2783,8646.614088532744,1.7626514189213625,3.47497281891566,-1.4216848058198237,1350,2783,0.07200694042799306,-13.703170789862217,True,0.024906660999477026,-13.80388874581487,-8.824911504455665,4.978977241359205,True,658.0616049079988,,,,,,,0,,,,,,,,,,,,,,,,,,,,
ridge_affine_multibranch,same_well_masked,3,tr00096,2783,5558.755688202368,1.4132929425645722,2.992929998758166,-0.9776266557298611,1350,2783,0.07200694042799306,-13.703170789862217,True,0.032001056999433786,-13.80388874581487,-8.824911504455665,4.978977241359205,True,658.0616049079988,,,,,,,0,,,,,,,,,,,,,,,,,,,,
ridge_gated_gbdt,same_well_masked,3,tr00096,2783,1015.9994050120685,0.6042130813898572,1.1506097742545194,-0.5479764392227832,1350,2783,0.07200694042799306,-13.703170789862217,True,0.04290670200043678,-13.80388874581487,-8.824911504455665,4.978977241359205,True,658.0616049079988,0.7787212318963223,1.0,,True,,,0,0.0,,,,,,,,,,,,,,,,,,,
ridge_default,same_well_masked,3,tr0006d,2662,18478.654924932045,2.6346998828950405,4.540205435528918,-2.2841168144907718,200,2662,0.0,32.33574618285193,True,0.015817032999621006,32.34757479885853,36.64130790024921,4.2937331013906785,True,638.8779559209298,,,,,,,0,,,,,,,,,,,,,,,,,,,,
ridge_affine_cal,same_well_masked,3,tr0006d,2662,17058.04394554226,2.531398910752259,4.354179832714564,-2.180576779237608,200,2662,0.0,32.33574618285193,True,0.023102733000087028,32.34757479885853,36.64130790024921,4.2937331013906785,True,638.8779559209298,,,,,,,0,,,,,,,,,,,,,,,,,,,,
ridge_multibranch,same_well_masked,3,tr0006d,2662,20723.477258832918,2.7901483106376648,4.735486127006464,-2.4557553561622023,200,2662,0.0,32.33574618285193,True,0.023751574000016262,32.34757479885853,36.64130790024921,4.2937331013906785,True,638.8779559209298,,,,,,,0,,,,,,,,,,,,,,,,,,,,
ridge_affine_multibranch,same_well_masked,3,tr0006d,2662,16668.96921871059,2.5023632120247927,4.358604331510115,-2.129286458458173,200,2662,0.0,32.33574618285193,True,0.03125413599991589,32.34757479885853,36.64130790024921,4.2937331013906785,True,638.8779559209298,,,,,,,0,,,,,,,,,,,,,,,,,,,,
ridge_gated_gbdt,same_well_masked,3,tr0006d,2662,18478.654924932045,2.6346998828950405,4.540205435528918,-2.2841168144907718,200,2662,0.0,32.33574618285193,True,0.10465693799960718,32.34757479885853,36.64130790024921,4.2937331013906785,True,638.8779559209298,0.979405093957444,1.0,,True,,,2662,1.0,,,,,,,,,,,,,,,,,,,
ridge_default,same_well_masked,3,tr0006f,1895,191.45538369845144,0.3178551002399099,0.5650304325044893,0.06619779460427729,2738,1895,0.05177696078431373,-11.114220631595622,True,0.015556601999378472,-11.194036495245909,-9.760191129576612,1.4338453656692973,True,669.5141164103757,,,,,,,0,,,,,,,,,,,,,,,,,,,,
ridge_affine_cal,same_well_masked,3,tr0006f,1895,722.8357721155323,0.6176112686930507,1.09422483633643,0.5213477282078934,2738,1895,0.05177696078431373,-11.114220631595622,True,0.023207623999951466,-11.194036495245909,-9.760191129576612,1.4338453656692973,True,669.5141164103757,,,,,,,0,,,,,,,,,,,,,,,,,,,,
ridge_multibranch,same_well_masked,3,tr0006f,1895,3208.904550803437,1.3012891012231818,1.8516578554383862,-1.2622410012163634,2738,1895,0.05177696078431373,-11.114220631595622,True,0.024588240000412043,-11.194036495245909,-9.760191129576612,1.4338453656692973,True,669.5141164103757,,,,,,,0,,,,,,,,,,,,,,,,,,,,
ridge_affine_multibranch,same_well_masked,3,tr0006f,1895,2046.159903165188,1.0391187414950327,1.630374013660278,-0.9851506235749979,2738,1895,0.05177696078431373,-11.114220631595622,True,0.03181495099943277,-11.194036495245909,-9.760191129576612,1.4338453656692973,True,669.5141164103757,,,,,,,0,,,,,,,,,,,,,,,,,,,,
ridge_gated_gbdt,same_well_masked,3,tr0006f,1895,191.45538369845144,0.3178551002399099,0.5650304325044893,0.06619779460427729,2738,1895,0.05177696078431373,-11.114220631595622,True,0.0437409160003881,-11.194036495245909,-9.760191129576612,1.4338453656692973,True,669.5141164103757,0.7369821755994781,0.0,,True,,,1895,1.0,,,,,,,,,,,,,,,,,,,
ridge_default,same_well_masked,3,tr0000f,2473,15388.662302872131,2.49452796226008,4.424183663152434,-2.0999666136261235,200,2473,0.101712506486767,43.17220643907341,True,0.015207905999886862,43.156659122878416,44.31990689919044,1.1632477763120264,True,640.9369694422088,,,,,,,0,,,,,,,,,,,,,,,,,,,,
ridge_affine_cal,same_well_masked,3,tr0000f,2473,15549.649305430328,2.5075421456848734,4.424758201201044,-2.09949281025724,200,2473,0.101712506486767,43.17220643907341,True,0.023328020999542787,43.156659122878416,44.31990689919044,1.1632477763120264,True,640.9369694422088,,,,,,,0,,,,,,,,,,,,,,,,,,,,
ridge_multibranch,same_well_masked,3,tr0000f,2473,13353.79715356922,2.3237549574192844,4.224201027250487,-1.8743599270786993,200,2473,0.101712506486767,43.17220643907341,True,0.02400880999994115,43.156659122878416,44.31990689919044,1.1632477763120264,True,640.9369694422088,,,,,,,0,,,,,,,,,,,,,,,,,,,,
ridge_affine_multibranch,same_well_masked,3,tr0000f,2473,12191.412305826601,2.2203168323825277,4.085470154132409,-1.7255592211617783,200,2473,0.101712506486767,43.17220643907341,True,0.030284105000646377,43.156659122878416,44.31990689919044,1.1632477763120264,True,640.9369694422088,,,,,,,0,,,,,,,,,,,,,,,,,,,,
ridge_gated_gbdt,same_well_masked,3,tr0000f,2473,15388.662302872131,2.49452796226008,4.424183663152434,-2.0999666136261235,200,2473,0.101712506486767,43.17220643907341,True,0.09705896899959043,43.156659122878416,44.31990689919044,1.1632477763120264,True,640.9369694422088,0.926115243337192,1.0,,True,,,2473,1.0,,,,,,,,,,,,,,,,,,,
ridge_default,same_well_masked,3,tr000b1,2597,16273.79144943812,2.503274055529723,4.61838233261177,-1.9850858710441839,2234,2597,0.7036887452880991,3.675120663098468,True,0.015668381999603298,3.65863963789792,7.221700484425515,3.5630608465275952,True,647.6817786907934,,,,,,,0,,,,,,,,,,,,,,,,,,,,
ridge_affine_cal,same_well_masked,3,tr000b1,2597,20597.72319746335,2.8162657528553567,4.992585185925864,-2.370143997836972,2234,2597,0.7036887452880991,3.675120663098468,True,0.02296893499988073,3.65863963789792,7.221700484425515,3.5630608465275952,True,647.6817786907934,,,,,,,0,,,,,,,,,,,,,,,,,,,,
ridge_multibranch,same_well_masked,3,tr000b1,2597,15761.605330294142,2.4635662710332897,4.565231732613554,-1.9449713479952886,2234,2597,0.7036887452880991,3.675120663098468,True,0.023034463999465515,3.65863963789792,7.221700484425515,3.5630608465275952,True,647.6817786907934,,,,,,,0,,,,,,,,,,,,,,,,,,,,
ridge_affine_multibranch,same_well_masked,3,tr000b1,2597,25677.448779210343,3.144415735760059,5.34182501367418,-2.7709630702464674,2234,2597,0.7036887452880991,3.675120663098468,True,0.030641622000075586,3.65863963789792,7.221700484425515,3.5630608465275952,True,647.6817786907934,,,,,,,0,,,,,,,,,,,,,,,,,,,,
ridge_gated_gbdt,same_well_masked,3,tr000b1,2597,16273.79144943812,2.503274055529723,4.61838233261177,-1.9850858710441839,2234,2597,0.7036887452880991,3.675120663098468,True,0.042319078000218724,3.65863963789792,7.221700484425515,3.5630608465275952,True,647.6817786907934,0.0,0.0,,False,insufficient_hidden_gr_rows,,2597,1.0,,,,,,,,,,,,,,,,,,,
ridge_default,same_well_masked,3,tr00032,3429,19463.548348644646,2.3824690446071117,3.6487882575835116,2.196925432528099,200,3429,0.0,30.341846777833208,True,0.015615478000654548,30.23746748755889,36.57262287119916,6.3351553836402665,True,677.8595236313635,,,,,,,0,,,,,,,,,,,,,,,,,,,,
ridge_affine_cal,same_well_masked,3,tr00032,3429,21216.5981060936,2.4874486974574617,3.731108573681837,2.3094662125520733,200,3429,0.0,30.341846777833208,True,0.022774357999878703,30.23746748755889,36.57262287119916,6.3351553836402665,True,677.8595236313635,,,,,,,0,,,,,,,,,,,,,,,,,,,,
ridge_multibranch,same_well_masked,3,tr00032,3429,22470.045477138057,2.559871900339351,3.8423623046445172,2.380549625531664,200,3429,0.0,30.341846777833208,True,0.022538475000146718,30.23746748755889,36.57262287119916,6.3351553836402665,True,677.8595236313635,,,,,,,0,,,,,,,,,,,,,,,,,,,,
ridge_affine_multibranch,same_well_masked,3,tr00032,3429,20462.775211991764,2.4428596953968738,3.6795891563944707,2.251466523462564,200,3429,0.0,30.341846777833208,True,0.02842555099960009,30.23746748755889,36.57262287119916,6.3351553836402665,True,677.8595236313635,,,,,,,0,,,,,,,,,,,,,,,,,,,,
ridge_gated_gbdt,same_well_masked,3,tr00032,3429,19463.548348644646,2.3824690446071117,3.6487882575835116,2.196925432528099,200,3429,0.0,30.341846777833208,True,0.12410915199961892,30.23746748755889,36.57262287119916,6.3351553836402665,True,677.8595236313635,0.0,0.0,,False,affine_calibration_unusable,,3429,1.0,,,,,,,,,,,,,,,,,,,
ridge_default,same_well_masked,3,tr0001c,2143,4124.1408965051905,1.3872529643087053,2.1701552120115224,-1.341349309635818,3635,2143,0.06867819719732357,12.153565867105204,True,0.01602176699998381,11.894580382056418,13.670321160314804,1.7757407782583865,True,676.8946114694497,,,,,,,0,,,,,,,,,,,,,,,,,,,,
ridge_affine_cal,same_well_masked,3,tr0001c,2143,2119.034880987164,0.994392791268012,1.7221460534446607,-0.9331478307232367,3635,2143,0.06867819719732357,12.153565867105204,True,0.023633473000700178,11.894580382056418,13.670321160314804,1.7757407782583865,True,676.8946114694497,,,,,,,0,,,,,,,,,,,,,,,,,,,,
ridge_multibranch,same_well_masked,3,tr0001c,2143,4863.582588350662,1.506492805556036,2.317203544925519,-1.46092586040683,3635,2143,0.06867819719732357,12.153565867105204,True,0.024359313999411825,11.894580382056418,13.670321160314804,1.7757407782583865,True,676.8946114694497,,,,,,,0,,,,,,,,,,,,,,,,,,,,
ridge_affine_multibranch,same_well_masked,3,tr0001c,2143,2069.6393201434907,0.9827346021419411,1.7499893429777718,-0.9110085634176659,3635,2143,0.06867819719732357,12.153565867105204,True,0.03272405699954106,11.894580382056418,13.670321160314804,1.7757407782583865,True,676.8946114694497,,,,,,,0,,,,,,,,,,,,,,,,,,,,
ridge_gated_gbdt,same_well_masked,3,tr0001c,2143,4124.1408965051905,1.3872529643087053,2.1701552120115224,-1.341349309635818,3635,2143,0.06867819719732357,12.153565867105204,True,0.04462859700015542,11.894580382056418,13.670321160314804,1.7757407782583865,True,676.8946114694497,0.8597486900268705,1.0,,True,,,2143,1.0,,,,,,,,,,,,,,,,,,,
ridge_default,same_well_masked,3,tr00012,1767,1728.9400100673597,0.9891717108247481,3.0143727224893695,-0.2424315832538917,2198,1767,0.0,20.91263536196048,True,0.015292459000193048,18.655067989604824,33.25893844788791,14.603870458283083,True,702.0270766129267,,,,,,,0,,,,,,,,,,,,,,,,,,,,
ridge_affine_cal,same_well_masked,3,tr00012,1767,1727.7377283249227,0.9888277226289579,3.029957117459567,-0.1387097427273225,2198,1767,0.0,20.91263536196048,True,0.022834780999801296,18.655067989604824,33.25893844788791,14.603870458283083,True,702.0270766129267,,,,,,,0,,,,,,,,,,,,,,,,,,,,
ridge_multibranch,same_well_masked,3,tr00012,1767,1733.4144116838465,0.9904508447581836,2.830300133111052,-0.06902981832531706,2198,1767,0.0,20.91263536196048,True,0.027327713999511616,18.655067989604824,33.25893844788791,14.603870458283083,True,702.0270766129267,,,,,,,0,,,,,,,,,,,,,,,,,,,,
ridge_affine_multibranch,same_well_masked,3,tr00012,1767,1798.964725227765,1.0090043743809822,2.7166253954772266,0.1548331524218019,2198,1767,0.0,20.91263536196048,True,0.0317764219998935,18.655067989604824,33.25893844788791,14.603870458283083,True,702.0270766129267,,,,,,,0,,,,,,,,,,,,,,,,,,,,
ridge_gated_gbdt,same_well_masked,3,tr00012,1767,131420.90896327153,8.624103472454737,15.13068859131424,-5.163826615907029,2198,1767,0.0,20.91263536196048,True,0.042874824999671546,18.655067989604824,33.25893844788791,14.603870458283083,True,702.0270766129267,0.916605732072155,1.0,,True,,,0,0.0,,,,,,,,,,,,,,,,,,,
ridge_default,same_well_masked,3,tr00010,2774,89714.34733716818,5.686927905646951,8.483843830041577,4.760170551352542,3402,2774,0.711731843575419,18.58791428682636,True,0.016484491000483104,-1.162089294217278,18.644039080391163,19.80612837460844,True,687.3369963175936,,,,,,,0,,,,,,,,,,,,,,,,,,,,
ridge_affine_cal,same_well_masked,3,tr00010,2774,80250.30416197184,5.378610745828783,8.215125011076376,4.356572591803825,3402,2774,0.711731843575419,18.58791428682636,True,0.022771620000639814,-1.162089294217278,18.644039080391163,19.80612837460844,True,687.3369963175936,,,,,,,0,,,,,,,,,,,,,,,,,,,,
ridge_multibranch,same_well_masked,3,tr00010,2774,92705.6595061021,5.7809590835583515,8.497803982036718,4.868461793095999,3402,2774,0.711731843575419,18.58791428682636,True,0.022164434000842448,-1.162089294217278,18.644039080391163,19.80612837460844,True,687.3369963175936,,,,,,,0,,,,,,,,,,,,,,,,,,,,
ridge_affine_multibranch,same_well_masked,3,tr00010,2774,79074.00720683613,5.339045790400727,8.107629277470677,4.305258395810485,3402,2774,0.711731843575419,18.58791428682636,True,0.028723041999910492,-1.162089294217278,18.644039080391163,19.80612837460844,True,687.3369963175936,,,,,,,0,,,,,,,,,,,,,,,,,,,,
ridge_gated_gbdt,same_well_masked,3,tr00010,2774,89714.34733716818,5.686927905646951,8.483843830041577,4.760170551352542,3402,2774,0.711731843575419,18.58791428682636,True,0.0424338960001478,-1.162089294217278,18.644039080391163,19.80612837460844,True,687.3369963175936,0.0,0.0,,False,insufficient_prefix_observations,,2774,1.0,,,,,,,,,,,,,,,,,,,
ridge_default,same_well_masked,3,tr00008,1523,3564.6936617654,1.5298933444141132,3.017389003024192,1.3587414107910338,810,1523,0.09880705394190871,33.4095110565345,True,0.014771674999792594,32.132117213068696,34.22371238515446,2.0915951720857606,True,719.9792006805657,,,,,,,0,,,,,,,,,,,,,,,,,,,,
ridge_affine_cal,same_well_masked,3,tr00008,1523,3913.180722529123,1.6029316384396792,3.1072988528754166,1.4295499903597657,810,1523,0.09880705394190871,33.4095110565345,True,0.021785631999591715,32.132117213068696,34.22371238515446,2.0915951720857606,True,719.9792006805657,,,,,,,0,,,,,,,,,,,,,,,,,,,,
ridge_multibranch,same_well_masked,3,tr00008,1523,4317.1010113885095,1.6836280532800396,3.1849614978023695,1.5228406514649302,810,1523,0.09880705394190871,33.4095110565345,True,0.024654563000694907,32.132117213068696,34.22371238515446,2.0915951720857606,True,719.9792006805657,,,,,,,0,,,,,,,,,,,,,,,,,,,,
ridge_affine_multibranch,same_well_masked,3,tr00008,1523,4023.1615175291313,1.6253009252209425,3.1323852666671996,1.4499401271580517,810,1523,0.09880705394190871,33.4095110565345,True,0.044903590999638254,32.132117213068696,34.22371238515446,2.0915951720857606,True,719.9792006805657,,,,,,,0,,,,,,,,,,,,,,,,,,,,
ridge_gated_gbdt,same_well_masked,3,tr00008,1523,361.7015058593691,0.4873323109134623,1.85910472758151,0.13072596933684677,810,1523,0.09880705394190871,33.4095110565345,True,0.03989584900045884,32.132117213068696,34.22371238515446,2.0915951720857606,True,719.9792006805657,0.0,0.0,,False,affine_calibration_unusable,,0,0.0,,,,,,,,,,,,,,,,,,,
ridge_default,same_well_masked,3,tr00052,3230,13089.080103835578,2.013044157829938,2.6980945958972917,1.9680560951294108,2132,3230,0.049348230912476726,7.304194159213894,True,0.0164113949995226,7.254960884472368,10.122623030853047,2.8676621463806793,True,653.4013253798961,,,,,,,0,,,,,,,,,,,,,,,,,,,,
ridge_affine_cal,same_well_masked,3,tr00052,3230,9766.197952579732,1.7388475198800801,2.431985956485672,1.690744993714486,2132,3230,0.049348230912476726,7.304194159213894,True,0.02445590000024822,7.254960884472368,10.122623030853047,2.8676621463806793,True,653.4013253798961,,,,,,,0,,,,,,,,,,,,,,,,,,,,
ridge_multibranch,same_well_masked,3,tr00052,3230,7007.445526965516,1.4729181169522934,2.0916522602605703,1.4198961416949638,2132,3230,0.049348230912476726,7.304194159213894,True,0.02613246300006722,7.254960884472368,10.122623030853047,2.8676621463806793,True,653.4013253798961,,,,,,,0,,,,,,,,,,,,,,,,,,,,
ridge_affine_multibranch,same_well_masked,3,tr00052,3230,4560.278627001754,1.1882133512597803,1.8201532577290536,1.1236424039634691,2132,3230,0.049348230912476726,7.304194159213894,True,0.034018983000351,7.254960884472368,10.122623030853047,2.8676621463806793,True,653.4013253798961,,,,,,,0,,,,,,,,,,,,,,,,,,,,
ridge_gated_gbdt,same_well_masked,3,tr00052,3230,763.6924028953372,0.4862481634291125,0.9354249339771794,-0.44812683991877245,2132,3230,0.049348230912476726,7.304194159213894,True,0.04521388899956946,7.254960884472368,10.122623030853047,2.8676621463806793,True,653.4013253798961,0.9671028926916025,1.0,,True,,,0,0.0,,,,,,,,,,,,,,,,,,,
ridge_default,same_well_masked,3,tr000e4,2164,211.9773507097855,0.3129796509050983,0.8153313622452583,0.2465356445533329,2981,2164,0.5714872075523327,11.128823719649557,True,0.015816338999684376,6.274476771294131,11.15500084109212,4.880524069797989,True,690.3765949895607,,,,,,,0,,,,,,,,,,,,,,,,,,,,
ridge_affine_cal,same_well_masked,3,tr000e4,2164,223.01714049290695,0.3210262112723728,0.834480287073454,0.25780238850214887,2981,2164,0.5714872075523327,11.128823719649557,True,0.023141075000239653,6.274476771294131,11.15500084109212,4.880524069797989,True,690.3765949895607,,,,,,,0,,,,,,,,,,,,,,,,,,,,
ridge_multibranch,same_well_masked,3,tr000e4,2164,237.92012125047626,0.33157895464829257,0.8376788278505227,0.2636371627640535,2981,2164,0.5714872075523327,11.128823719649557,True,0.023834421999708866,6.274476771294131,11.15500084109212,4.880524069797989,True,690.3765949895607,,,,,,,0,,,,,,,,,,,,,,,,,,,,
ridge_affine_multibranch,same_well_masked,3,tr000e4,2164,101.18977530934225,0.2162418198097476,0.6766389248278557,0.07130717623672475,2981,2164,0.5714872075523327,11.128823719649557,True,0.0463878399996247,6.274476771294131,11.15500084109212,4.880524069797989,True,690.3765949895607,,,,,,,0,,,,,,,,,,,,,,,,,,,,
ridge_gated_gbdt,same_well_masked,3,tr000e4,2164,211.9773507097855,0.3129796509050983,0.8153313622452583,0.2465356445533329,2981,2164,0.5714872075523327,11.128823719649557,True,0.0645978450002076,6.274476771294131,11.15500084109212,4.880524069797989,True,690.3765949895607,0.0,0.0,,False,insufficient_hidden_gr_rows,,2164,1.0,,,,,,,,,,,,,,,,,,,
ridge_default,same_well_masked,3,tr000b4,4119,24174.052167336496,2.4225839270391756,3.7013393701413833,-2.1256261957384344,294,4119,0.0,34.13554497107465,True,0.02510923099998763,34.05369843233933,40.48728216183317,6.43358372949384,True,672.2643047661711,,,,,,,0,,,,,,,,,,,,,,,,,,,,
ridge_affine_cal,same_well_masked,3,tr000b4,4119,18520.03530750232,2.1204352200854566,3.4060612100925027,-1.7853544444935774,294,4119,0.0,34.13554497107465,True,0.032343467999453424,34.05369843233933,40.48728216183317,6.43358372949384,True,672.2643047661711,,,,,,,0,,,,,,,,,,,,,,,,,,,,
ridge_multibranch,same_well_masked,3,tr000b4,4119,23717.94462545961,2.3996208643571837,3.663150193635076,-2.1087326924625174,294,4119,0.0,34.13554497107465,True,0.028724370000418276,34.05369843233933,40.48728216183317,6.43358372949384,True,672.2643047661711,,,,,,,0,,,,,,,,,,,,,,,,,,,,
ridge_affine_multibranch,same_well_masked,3,tr000b4,4119,21740.405165874065,2.297406898518849,3.590051598316947,-2.006704945617121,294,4119,0.0,34.13554497107465,True,0.04219305600054213,34.05369843233933,40.48728216183317,6.43358372949384,True,672.2643047661711,,,,,,,0,,,,,,,,,,,,,,,,,,,,
ridge_gated_gbdt,same_well_masked,3,tr000b4,4119,24174.052167336496,2.4225839270391756,3.7013393701413833,-2.1256261957384344,294,4119,0.0,34.13554497107465,True,0.05917994599985832,34.05369843233933,40.48728216183317,6.43358372949384,True,672.2643047661711,0.7492283001698616,0.8,,True,,,4119,1.0,,,,,,,,,,,,,,,,,,,
ridge_default,same_well_masked,3,tr00070,1835,988.1903831818569,0.7338415153024482,1.4254115351796557,-0.5286324338402983,1694,1835,0.06711409395973154,26.56641908319381,True,0.01519547799944121,26.56544447992537,30.82268086122569,4.25723638130032,True,638.5186426962517,,,,,,,0,,,,,,,,,,,,,,,,,,,,
ridge_affine_cal,same_well_masked,3,tr00070,1835,1310.1981442861668,0.8449878332278449,1.5419102190578542,-0.68764101078176,1694,1835,0.06711409395973154,26.56641908319381,True,0.023540002000117966,26.56544447992537,30.82268086122569,4.25723638130032,True,638.5186426962517,,,,,,,0,,,,,,,,,,,,,,,,,,,,
ridge_multibranch,same_well_masked,3,tr00070,1835,539.4669317533057,0.5422060759050893,1.100351290272286,-0.2018393496524281,1694,1835,0.06711409395973154,26.56641908319381,True,0.026779414999509754,26.56544447992537,30.82268086122569,4.25723638130032,True,638.5186426962517,,,,,,,0,,,,,,,,,,,,,,,,,,,,
ridge_affine_multibranch,same_well_masked,3,tr00070,1835,810.0692615180857,0.6644205283022752,1.3053641801581826,-0.45089429217845634,1694,1835,0.06711409395973154,26.56641908319381,True,0.03167527200002951,26.56544447992537,30.82268086122569,4.25723638130032,True,638.5186426962517,,,,,,,0,,,,,,,,,,,,,,,,,,,,
ridge_gated_gbdt,same_well_masked,3,tr00070,1835,52.24423129975786,0.16873343099564728,0.3201615680662009,-0.1543688888624154,1694,1835,0.06711409395973154,26.56641908319381,True,0.04642926899941813,26.56544447992537,30.82268086122569,4.25723638130032,True,638.5186426962517,0.8140292357237602,1.0,,True,,,0,0.0,,,,,,,,,,,,,,,,,,,
ridge_default,same_well_masked,3,tr00058,1856,11956.01146544515,2.538073387892943,3.5623439934605656,2.385633879745922,3317,1856,0.0684307867406459,49.91223052759914,True,0.015368157000011706,47.01063125432128,51.09605388834227,4.085422634020986,True,675.4471651818244,,,,,,,0,,,,,,,,,,,,,,,,,,,,
ridge_affine_cal,same_well_masked,3,tr00058,1856,11548.698823700852,2.4944657303741886,3.5177568526223197,2.334894666504196,3317,1856,0.0684307867406459,49.91223052759914,True,0.024118382999404275,47.01063125432128,51.09605388834227,4.085422634020986,True,675.4471651818244,,,,,,,0,,,,,,,,,,,,,,,,,,,,
ridge_multibranch,same_well_masked,3,tr00058,1856,8195.356568730598,2.1013332909206888,3.098180174777788,1.905608454528339,3317,1856,0.0684307867406459,49.91223052759914,True,0.02512390299943945,47.01063125432128,51.09605388834227,4.085422634020986,True,675.4471651818244,,,,,,,0,,,,,,,,,,,,,,,,,,,,
ridge_affine_multibranch,same_well_masked,3,tr00058,1856,8567.067536487457,2.1484591933371813,3.1276177019584352,1.9537224229746397,3317,1856,0.0684307867406459,49.91223052759914,True,0.03309433199956402,47.01063125432128,51.09605388834227,4.085422634020986,True,675.4471651818244,,,,,,,0,,,,,,,,,,,,,,,,,,,,
ridge_gated_gbdt,same_well_masked,3,tr00058,1856,15489.14274684649,2.8888480905590677,3.968561602584394,2.5227437598140527,3317,1856,0.0684307867406459,49.91223052759914,True,0.06659851200038247,47.01063125432128,51.09605388834227,4.085422634020986,True,675.4471651818244,0.9808869871816731,1.0,,True,,,0,0.0,,,,,,,,,,,,,,,,,,,
ridge_default,same_well_masked,3,tr00026,2443,216.04176512081006,0.2973768281919104,1.0228936890047091,-0.24690657988582349,3670,2443,0.0,12.498347136498367,True,0.019908524000129546,6.758169809048091,12.490379172632942,5.73220936358485,True,673.0731024866623,,,,,,,0,,,,,,,,,,,,,,,,,,,,
ridge_affine_cal,same_well_masked,3,tr00026,2443,95.69756705248408,0.19791955912427564,0.6795344828560985,0.0934215719799034,3670,2443,0.0,12.498347136498367,True,0.03046926499973779,6.758169809048091,12.490379172632942,5.73220936358485,True,673.0731024866623,,,,,,,0,,,,,,,,,,,,,,,,,,,,
ridge_multibranch,same_well_masked,3,tr00026,2443,150.83051919900853,0.24847510312361612,0.9876154073087129,-0.17876955664715366,3670,2443,0.0,12.498347136498367,True,0.030242775000260735,6.758169809048091,12.490379172632942,5.73220936358485,True,673.0731024866623,,,,,,,0,,,,,,,,,,,,,,,,,,,,
ridge_affine_multibranch,same_well_masked,3,tr00026,2443,497.0561906368415,0.4510669529964323,0.7178951394918851,0.41573199111328896,3670,2443,0.0,12.498347136498367,True,0.0334325900003023,6.758169809048091,12.490379172632942,5.73220936358485,True,673.0731024866623,,,,,,,0,,,,,,,,,,,,,,,,,,,,
ridge_gated_gbdt,same_well_masked,3,tr00026,2443,216.04176512081006,0.2973768281919104,1.0228936890047091,-0.24690657988582349,3670,2443,0.0,12.498347136498367,True,0.04617835000044579,6.758169809048091,12.490379172632942,5.73220936358485,True,673.0731024866623,0.8740900106446521,0.9,,True,,,2443,1.0,,,,,,,,,,,,,,,,,,,
ridge_default,same_well_masked,3,tr0001b,2450,1086.1201403965806,0.6658185511226107,1.917344106850063,-0.058860885997125655,200,2450,0.0,17.23525454938752,True,0.015308752000237291,13.880292091931056,21.017526977391945,7.13723488546089,True,681.9840281719487,,,,,,,0,,,,,,,,,,,,,,,,,,,,
ridge_affine_cal,same_well_masked,3,tr0001b,2450,1347.9463326941234,0.7417426619858442,1.6475036666629421,-0.3215632279388154,200,2450,0.0,17.23525454938752,True,0.022995946000264667,13.880292091931056,21.017526977391945,7.13723488546089,True,681.9840281719487,,,,,,,0,,,,,,,,,,,,,,,,,,,,
ridge_multibranch,same_well_masked,3,tr0001b,2450,1799.835113040304,0.8571035974438238,1.8488102780928628,-0.5441414571504953,200,2450,0.0,17.23525454938752,True,0.02374042399969767,13.880292091931056,21.017526977391945,7.13723488546089,True,681.9840281719487,,,,,,,0,,,,,,,,,,,,,,,,,,,,
ridge_affine_multibranch,same_well_masked,3,tr0001b,2450,2212.9018684883467,0.9503816351572789,2.001769440389502,-0.671638327099447,200,2450,0.0,17.23525454938752,True,0.030922993000785937,13.880292091931056,21.017526977391945,7.13723488546089,True,681.9840281719487,,,,,,,0,,,,,,,,,,,,,,,,,,,,
ridge_gated_gbdt,same_well_masked,3,tr0001b,2450,1086.1201403965806,0.6658185511226107,1.917344106850063,-0.058860885997125655,200,2450,0.0,17.23525454938752,True,0.10263127199959854,13.880292091931056,21.017526977391945,7.13723488546089,True,681.9840281719487,0.9067221172199716,1.0,,True,,,2450,1.0,,,,,,,,,,,,,,,,,,,
ridge_default,same_well_masked,3,tr0009f,1947,777.7867355419916,0.6320439672598411,1.0992562731795434,-0.5190531403435954,2309,1947,0.729163308076737,-0.7561804052306442,True,0.02958225299971673,-2.289138479035961,-0.5792584206903477,1.7098800583456133,True,654.6467367029725,,,,,,,0,,,,,,,,,,,,,,,,,,,,
ridge_affine_cal,same_well_masked,3,tr0009f,1947,655.2414871377323,0.5801198391761117,1.0267874029045845,-0.45914954797199314,2309,1947,0.729163308076737,-0.7561804052306442,True,0.044556370000464085,-2.289138479035961,-0.5792584206903477,1.7098800583456133,True,654.6467367029725,,,,,,,0,,,,,,,,,,,,,,,,,,,,
ridge_multibranch,same_well_masked,3,tr0009f,1947,734.252498260259,0.6141009096239435,1.0723197892989438,-0.5088277986104792,2309,1947,0.729163308076737,-0.7561804052306442,True,0.0439682209998864,-2.289138479035961,-0.5792584206903477,1.7098800583456133,True,654.6467367029725,,,,,,,0,,,,,,,,,,,,,,,,,,,,
ridge_affine_multibranch,same_well_masked,3,tr0009f,1947,1369.3903573301804,0.8386498177797045,1.3089682717461715,-0.7705519959340329,2309,1947,0.729163308076737,-0.7561804052306442,True,0.031755975000123726,-2.289138479035961,-0.5792584206903477,1.7098800583456133,True,654.6467367029725,,,,,,,0,,,,,,,,,,,,,,,,,,,,
ridge_gated_gbdt,same_well_masked,3,tr0009f,1947,777.7867355419916,0.6320439672598411,1.0992562731795434,-0.5190531403435954,2309,1947,0.729163308076737,-0.7561804052306442,True,0.04448424299971521,-2.289138479035961,-0.5792584206903477,1.7098800583456133,True,654.6467367029725,0.0,0.0,,False,insufficient_hidden_gr_rows,,1947,1.0,,,,,,,,,,,,,,,,,,,
ridge_default,same_well_masked,3,tr000b2,1372,341.14456503801716,0.4986458083208854,0.94147717380649,0.34298639487975585,1021,1372,0.023373173970783534,25.99758242819065,True,0.01521118300024682,23.07149221797273,26.017522798456707,2.9460305804839777,True,655.2478356160209,,,,,,,0,,,,,,,,,,,,,,,,,,,,
ridge_affine_cal,same_well_masked,3,tr000b2,1372,198.88923246047523,0.3807400654254441,0.723642691425681,0.16338201003321445,1021,1372,0.023373173970783534,25.99758242819065,True,0.02385812000011356,23.07149221797273,26.017522798456707,2.9460305804839777,True,655.2478356160209,,,,,,,0,,,,,,,,,,,,,,,,,,,,
ridge_multibranch,same_well_masked,3,tr000b2,1372,212.73797653279047,0.3937725666010435,0.9811540170838242,-0.1423212643112115,1021,1372,0.023373173970783534,25.99758242819065,True,0.024392034999436873,23.07149221797273,26.017522798456707,2.9460305804839777,True,655.2478356160209,,,,,,,0,,,,,,,,,,,,,,,,,,,,
ridge_affine_multibranch,same_well_masked,3,tr000b2,1372,376.19920495648716,0.5236388748470495,1.1621796849864765,-0.39139220589031065,1021,1372,0.023373173970783534,25.99758242819065,True,0.033946454000215454,23.07149221797273,26.017522798456707,2.9460305804839777,True,655.2478356160209,,,,,,,0,,,,,,,,,,,,,,,,,,,,
ridge_gated_gbdt,same_well_masked,3,tr000b2,1372,68.03597711790198,0.22268566322259012,0.39078912026911183,0.16959095716138248,1021,1372,0.023373173970783534,25.99758242819065,True,0.058043488999828696,23.07149221797273,26.017522798456707,2.9460305804839777,True,655.2478356160209,0.8798319600676232,1.0,,True,,,0,0.0,,,,,,,,,,,,,,,,,,,
ridge_default,same_well_masked,3,tr00051,1395,122.16536043147656,0.29592859793593335,0.5347989048441715,-0.1455388165468745,1232,1395,0.19666832421680755,-6.329300249370286,True,0.015477214000384265,-7.189291440666626,-6.217627905271475,0.9716635353951508,True,639.2149481460586,,,,,,,0,,,,,,,,,,,,,,,,,,,,
ridge_affine_cal,same_well_masked,3,tr00051,1395,206.75581637856646,0.3849831876220838,0.9256259265852496,0.28823692719996247,1232,1395,0.19666832421680755,-6.329300249370286,True,0.038277439999546914,-7.189291440666626,-6.217627905271475,0.9716635353951508,True,639.2149481460586,,,,,,,0,,,,,,,,,,,,,,,,,,,,
ridge_multibranch,same_well_masked,3,tr00051,1395,432.1991379744759,0.5566149212795343,1.0426210914249676,0.4979341616513189,1232,1395,0.19666832421680755,-6.329300249370286,True,0.03972892699948716,-7.189291440666626,-6.217627905271475,0.9716635353951508,True,639.2149481460586,,,,,,,0,,,,,,,,,,,,,,,,,,,,
ridge_affine_multibranch,same_well_masked,3,tr00051,1395,600.7379506892439,0.6562290177914816,1.20366072550347,0.6070329364796132,1232,1395,0.19666832421680755,-6.329300249370286,True,0.03368405400033225,-7.189291440666626,-6.217627905271475,0.9716635353951508,True,639.2149481460586,,,,,,,0,,,,,,,,,,,,,,,,,,,,
ridge_gated_gbdt,same_well_masked,3,tr00051,1395,122.16536043147656,0.29592859793593335,0.5347989048441715,-0.1455388165468745,1232,1395,0.19666832421680755,-6.329300249370286,True,0.043747970999902464,-7.189291440666626,-6.217627905271475,0.9716635353951508,True,639.2149481460586,0.48794425787027407,1.0,,True,,,1395,1.0,,,,,,,,,,,,,,,,,,,
ridge_default,same_well_masked,3,tr000ad,3617,4494.168214110783,1.1146805096894106,2.5029484691685004,0.7447519359438948,846,3617,0.5429455445544554,-1.7462323325592708,True,0.01698319899969647,-11.501320686128466,-1.7056229835331287,9.795697702595337,True,684.7251349092874,,,,,,,0,,,,,,,,,,,,,,,,,,,,
ridge_affine_cal,same_well_masked,3,tr000ad,3617,2255.7406100759918,0.7897148864628428,1.8617246595655592,0.13968536560566552,846,3617,0.5429455445544554,-1.7462323325592708,True,0.025486306999482622,-11.501320686128466,-1.7056229835331287,9.795697702595337,True,684.7251349092874,,,,,,,0,,,,,,,,,,,,,,,,,,,,
ridge_multibranch,same_well_masked,3,tr000ad,3617,4012.2091970997194,1.0532161990444784,2.4104284047294273,0.682370965934888,846,3617,0.5429455445544554,-1.7462323325592708,True,0.02681481700074073,-11.501320686128466,-1.7056229835331287,9.795697702595337,True,684.7251349092874,,,,,,,0,,,,,,,,,,,,,,,,,,,,
ridge_affine_multibranch,same_well_masked,3,tr000ad,3617,2864.48044707328,0.8899153064847598,2.1274272111913266,0.3891050947822354,846,3617,0.5429455445544554,-1.7462323325592708,True,0.033802204000494385,-11.501320686128466,-1.7056229835331287,9.795697702595337,True,684.7251349092874,,,,,,,0,,,,,,,,,,,,,,,,,,,,
ridge_gated_gbdt,same_well_masked,3,tr000ad,3617,8874.555180390267,1.5663869010565579,2.7317055500989813,0.2888020979669054,846,3617,0.5429455445544554,-1.7462323325592708,True,0.04957823700078734,-11.501320686128466,-1.7056229835331287,9.795697702595337,True,684.7251349092874,0.9537087165045683,1.0,,True,,,0,0.0,,,,,,,,,,,,,,,,,,,
ridge_default,same_well_masked,3,tr000a3,2301,7501.705720216651,1.8056006499716462,3.8834986211285436,1.5783750676581985,200,2301,0.11978111066072153,-2.248821675292833,True,0.015459337999345735,-7.180910164471143,-2.242720378628064,4.938189785843079,True,669.3007745097375,,,,,,,0,,,,,,,,,,,,,,,,,,,,
ridge_affine_cal,same_well_masked,3,tr000a3,2301,8067.387720322597,1.8724410578530049,3.9443306873488826,1.6552095924240848,200,2301,0.11978111066072153,-2.248821675292833,True,0.023183088000223506,-7.180910164471143,-2.242720378628064,4.938189785843079,True,669.3007745097375,,,,,,,0,,,,,,,,,,,,,,,,,,,,
ridge_multibranch,same_well_masked,3,tr000a3,2301,7500.652204663705,1.8054738591304356,3.8600743096588697,1.5741536490372607,200,2301,0.11978111066072153,-2.248821675292833,True,0.02262633200007258,-7.180910164471143,-2.242720378628064,4.938189785843079,True,669.3007745097375,,,,,,,0,,,,,,,,,,,,,,,,,,,,
ridge_affine_multibranch,same_well_masked,3,tr000a3,2301,7233.834245023685,1.773070349343681,3.8243301767244553,1.5333768579530307,200,2301,0.11978111066072153,-2.248821675292833,True,0.037053121000099054,-7.180910164471143,-2.242720378628064,4.938189785843079,True,669.3007745097375,,,,,,,0,,,,,,,,,,,,,,,,,,,,
ridge_gated_gbdt,same_well_masked,3,tr000a3,2301,7501.705720216651,1.8056006499716462,3.8834986211285436,1.5783750676581985,200,2301,0.11978111066072153,-2.248821675292833,True,0.10379846100022405,-7.180910164471143,-2.242720378628064,4.938189785843079,True,669.3007745097375,0.0,0.0,,False,affine_calibration_unusable,,2301,1.0,,,,,,,,,,,,,,,,,,,
ridge_default,same_well_masked,3,tr00092,1842,138.39603886418632,0.2741050375084452,1.1742119759399223,-0.23669140597776708,930,1842,0.09037711313394019,18.88885867511656,True,0.015427373999955307,17.765027946702475,18.914303484949308,1.1492755382468332,True,642.8619279863559,,,,,,,0,,,,,,,,,,,,,,,,,,,,
ridge_affine_cal,same_well_masked,3,tr00092,1842,56.1398684546573,0.17457855014526763,0.9180646760687097,-0.0858819325109317,930,1842,0.09037711313394019,18.88885867511656,True,0.0225021670003116,17.765027946702475,18.914303484949308,1.1492755382468332,True,642.8619279863559,,,,,,,0,,,,,,,,,,,,,,,,,,,,
ridge_multibranch,same_well_masked,3,tr00092,1842,64.80407049195738,0.18756695582210658,1.0530432517696866,-0.13493923308433167,930,1842,0.09037711313394019,18.88885867511656,True,0.023946854999849165,17.765027946702475,18.914303484949308,1.1492755382468332,True,642.8619279863559,,,,,,,0,,,,,,,,,,,,,,,,,,,,
ridge_affine_multibranch,same_well_masked,3,tr00092,1842,51.63271709226777,0.16742398585073628,0.9041518372952027,-0.09972354920099777,930,1842,0.09037711313394019,18.88885867511656,True,0.03013879700029065,17.765027946702475,18.914303484949308,1.1492755382468332,True,642.8619279863559,,,,,,,0,,,,,,,,,,,,,,,,,,,,
ridge_gated_gbdt,same_well_masked,3,tr00092,1842,80.31690804650111,0.20881355040056893,0.42232694131069337,-0.19955780238832455,930,1842,0.09037711313394019,18.88885867511656,True,0.043552471999646514,17.765027946702475,18.914303484949308,1.1492755382468332,True,642.8619279863559,0.0,0.0,,False,affine_calibration_unusable,,0,0.0,,,,,,,,,,,,,,,,,,,
ridge_default,same_well_masked,3,tr000e8,2929,9044.092552253347,1.7572065489488156,3.2280331546528807,-1.55007945889401,1435,2929,0.0,12.714542452916742,True,0.01599814899964258,11.375284963158805,17.619295702605903,6.2440107394470985,True,662.7835819262406,,,,,,,0,,,,,,,,,,,,,,,,,,,,
ridge_affine_cal,same_well_masked,3,tr000e8,2929,7275.403300277247,1.5760458601146248,3.064527651665051,-1.3512408799284155,1435,2929,0.0,12.714542452916742,True,0.02405754200026422,11.375284963158805,17.619295702605903,6.2440107394470985,True,662.7835819262406,,,,,,,0,,,,,,,,,,,,,,,,,,,,
ridge_multibranch,same_well_masked,3,tr000e8,2929,7050.746716145726,1.551521760514889,2.94734311470361,-1.311715066716691,1435,2929,0.0,12.714542452916742,True,0.025539201999890793,11.375284963158805,17.619295702605903,6.2440107394470985,True,662.7835819262406,,,,,,,0,,,,,,,,,,,,,,,,,,,,
ridge_affine_multibranch,same_well_masked,3,tr000e8,2929,5584.922129585609,1.3808575385178838,2.792103112445396,-1.106679029826015,1435,2929,0.0,12.714542452916742,True,0.03196293000019068,11.375284963158805,17.619295702605903,6.2440107394470985,True,662.7835819262406,,,,,,,0,,,,,,,,,,,,,,,,,,,,
ridge_gated_gbdt,same_well_masked,3,tr000e8,2929,69277.17827406904,4.863348697954235,6.281004158392756,-3.992199721979005,1435,2929,0.0,12.714542452916742,True,0.04563279000012699,11.375284963158805,17.619295702605903,6.2440107394470985,True,662.7835819262406,0.8342146156396708,1.0,,True,,,0,0.0,,,,,,,,,,,,,,,,,,,
ridge_default,same_well_masked,3,tr00080,2691,7900.5335741308245,1.713449711065042,3.000825315932765,1.4469291393419275,3328,2691,0.08358208955223881,40.80633107503228,True,0.016398785000092175,39.944795616066834,40.94869986548631,1.0039042494194774,True,651.0007908217459,,,,,,,0,,,,,,,,,,,,,,,,,,,,
ridge_affine_cal,same_well_masked,3,tr00080,2691,9708.823743528548,1.8994438490085555,3.2855638999526136,1.6496345164943245,3328,2691,0.08358208955223881,40.80633107503228,True,0.024605164000604418,39.944795616066834,40.94869986548631,1.0039042494194774,True,651.0007908217459,,,,,,,0,,,,,,,,,,,,,,,,,,,,
ridge_multibranch,same_well_masked,3,tr00080,2691,10624.615652896953,1.9870086846267732,3.325560911865999,1.7546551183513384,3328,2691,0.08358208955223881,40.80633107503228,True,0.02691258499999094,39.944795616066834,40.94869986548631,1.0039042494194774,True,651.0007908217459,,,,,,,0,,,,,,,,,,,,,,,,,,,,
ridge_affine_multibranch,same_well_masked,3,tr00080,2691,12702.068131047254,2.1726029758028056,3.5912861811075274,1.9551428411609708,3328,2691,0.08358208955223881,40.80633107503228,True,0.033073882999815396,39.944795616066834,40.94869986548631,1.0039042494194774,True,651.0007908217459,,,,,,,0,,,,,,,,,,,,,,,,,,,,
ridge_gated_gbdt,same_well_masked,3,tr00080,2691,444.47007332715503,0.40641002617386246,0.9073473074050042,-0.3082753273703768,3328,2691,0.08358208955223881,40.80633107503228,True,0.047728151000228536,39.944795616066834,40.94869986548631,1.0039042494194774,True,651.0007908217459,0.8902686201169082,1.0,,True,,,0,0.0,,,,,,,,,,,,,,,,,,,
ridge_default,same_well_masked,3,tr0003f,1739,10022.3361727305,2.40068230821696,3.3442650194714565,1.5996531372426674,2277,1739,0.06046915725456125,11.03839032222464,True,0.015487126999687462,-5.104952822899829,11.060818531315723,16.16577135421555,True,717.7669568230979,,,,,,,0,,,,,,,,,,,,,,,,,,,,
ridge_affine_cal,same_well_masked,3,tr0003f,1739,11809.741874346506,2.6059759997105827,2.9563754794090293,1.9140042291556163,2277,1739,0.06046915725456125,11.03839032222464,True,0.02274380399921938,-5.104952822899829,11.060818531315723,16.16577135421555,True,717.7669568230979,,,,,,,0,,,,,,,,,,,,,,,,,,,,
ridge_multibranch,same_well_masked,3,tr0003f,1739,13575.43925541551,2.7940048419058194,3.395188416949644,2.16856238585286,2277,1739,0.06046915725456125,11.03839032222464,True,0.02395482500014623,-5.104952822899829,11.060818531315723,16.16577135421555,True,717.7669568230979,,,,,,,0,,,,,,,,,,,,,,,,,,,,
ridge_affine_multibranch,same_well_masked,3,tr0003f,1739,12216.673822243445,2.6504932241688213,3.013527533413331,1.962111127014685,2277,1739,0.06046915725456125,11.03839032222464,True,0.034367774999736866,-5.104952822899829,11.060818531315723,16.16577135421555,True,717.7669568230979,,,,,,,0,,,,,,,,,,,,,,,,,,,,
ridge_gated_gbdt,same_well_masked,3,tr0003f,1739,255044.3129939439,12.110387259806618,14.708587160119347,11.465281052863311,2277,1739,0.06046915725456125,11.03839032222464,True,0.044398820000424166,-5.104952822899829,11.060818531315723,16.16577135421555,True,717.7669568230979,0.2457593322889159,0.9,,True,,,0,0.0,,,,,,,,,,,,,,,,,,,
ridge_default,same_well_masked,3,tr00031,2623,2816.3827095873003,1.0362073999310488,1.8043423871856632,-0.8958304858976943,720,2623,0.0,10.63733819491599,True,0.016118446000291442,10.561423486335665,11.986085288741478,1.4246618024058133,True,645.138663859885,,,,,,,0,,,,,,,,,,,,,,,,,,,,
ridge_affine_cal,same_well_masked,3,tr00031,2623,2121.302785554047,0.8992950145955547,1.6521476577068892,-0.7356149399143505,720,2623,0.0,10.63733819491599,True,0.0327768510005626,10.561423486335665,11.986085288741478,1.4246618024058133,True,645.138663859885,,,,,,,0,,,,,,,,,,,,,,,,,,,,
ridge_multibranch,same_well_masked,3,tr00031,2623,1936.6140607229488,0.8592556471421152,1.6178283320338398,-0.6663606391094719,720,2623,0.0,10.63733819491599,True,0.03502951700011181,10.561423486335665,11.986085288741478,1.4246618024058133,True,645.138663859885,,,,,,,0,,,,,,,,,,,,,,,,,,,,
ridge_affine_multibranch,same_well_masked,3,tr00031,2623,1675.746931621218,0.7992912728993007,1.5523045695416773,-0.5827214119894263,720,2623,0.0,10.63733819491599,True,0.049883933999808505,10.561423486335665,11.986085288741478,1.4246618024058133,True,645.138663859885,,,,,,,0,,,,,,,,,,,,,,,,,,,,
ridge_gated_gbdt,same_well_masked,3,tr00031,2623,39.86298444194737,0.12327805103011018,0.31380878527513545,0.032000715623443046,720,2623,0.0,10.63733819491599,True,0.04687456299961923,10.561423486335665,11.986085288741478,1.4246618024058133,True,645.138663859885,0.7873247151309872,1.0,,True,,,0,0.0,,,,,,,,,,,,,,,,,,,
ridge_default,same_well_masked,3,tr00060,1532,2204.38017862686,1.1995376009207692,1.6630733791993748,-1.17911885734483,2029,1532,0.0,11.336154130627822,True,0.015583976000016264,11.349382743790812,15.441129814292388,4.091747070501576,True,678.3226931240591,,,,,,,0,,,,,,,,,,,,,,,,,,,,
ridge_affine_cal,same_well_masked,3,tr00060,1532,998.9965315887373,0.8075187359250142,1.2416766064699534,-0.7809110325281731,2029,1532,0.0,11.336154130627822,True,0.022923350999917602,11.349382743790812,15.441129814292388,4.091747070501576,True,678.3226931240591,,,,,,,0,,,,,,,,,,,,,,,,,,,,
ridge_multibranch,same_well_masked,3,tr00060,1532,5155.40301665651,1.834433310924684,2.3092638930709484,-1.8216913722464605,2029,1532,0.0,11.336154130627822,True,0.02441459900001064,11.349382743790812,15.441129814292388,4.091747070501576,True,678.3226931240591,,,,,,,0,,,,,,,,,,,,,,,,,,,,
ridge_affine_multibranch,same_well_masked,3,tr00060,1532,2396.8785586546774,1.2508165893183618,1.7092408687678855,-1.2323573086834738,2029,1532,0.0,11.336154130627822,True,0.031988391000595584,11.349382743790812,15.441129814292388,4.091747070501576,True,678.3226931240591,,,,,,,0,,,,,,,,,,,,,,,,,,,,
ridge_gated_gbdt,same_well_masked,3,tr00060,1532,2204.38017862686,1.1995376009207692,1.6630733791993748,-1.17911885734483,2029,1532,0.0,11.336154130627822,True,0.04639322899947729,11.349382743790812,15.441129814292388,4.091747070501576,True,678.3226931240591,0.8605899705274366,1.0,,True,,,1532,1.0,,,,,,,,,,,,,,,,,,,
ridge_default,same_well_masked,3,tr00038,2964,24478.032138362843,2.8737511010542782,4.232897685120195,2.5177185905736783,2070,2964,0.06001500375093773,18.92837501832212,True,0.015835311000046204,13.311103154638523,18.95607731583313,5.644974161194607,True,688.0028656959453,,,,,,,0,,,,,,,,,,,,,,,,,,,,
ridge_affine_cal,same_well_masked,3,tr00038,2964,38586.64366586052,3.6081069530576944,5.052372968700729,3.34997882800612,2070,2964,0.06001500375093773,18.92837501832212,True,0.022588306999750785,13.311103154638523,18.95607731583313,5.644974161194607,True,688.0028656959453,,,,,,,0,,,,,,,,,,,,,,,,,,,,
ridge_multibranch,same_well_masked,3,tr00038,2964,19897.371330421607,2.5909483339837194,3.8786752788383883,2.1895866176957908,2070,2964,0.06001500375093773,18.92837501832212,True,0.02207938199990167,13.311103154638523,18.95607731583313,5.644974161194607,True,688.0028656959453,,,,,,,0,,,,,,,,,,,,,,,,,,,,
ridge_affine_multibranch,same_well_masked,3,tr00038,2964,34345.48201898497,3.4040482577099493,4.794574282294308,3.132971947749147,2070,2964,0.06001500375093773,18.92837501832212,True,0.029075870999804465,13.311103154638523,18.95607731583313,5.644974161194607,True,688.0028656959453,,,,,,,0,,,,,,,,,,,,,,,,,,,,
ridge_gated_gbdt,same_well_masked,3,tr00038,2964,24478.032138362843,2.8737511010542782,4.232897685120195,2.5177185905736783,2070,2964,0.06001500375093773,18.92837501832212,True,0.042645673000151874,13.311103154638523,18.95607731583313,5.644974161194607,True,688.0028656959453,0.0,0.0,,False,affine_calibration_unusable,,2964,1.0,,,,,,,,,,,,,,,,,,,
ridge_default,same_well_masked,3,tr000a6,1643,559.20785196427,0.5834019127689253,0.7698506064040274,-0.5583757020074698,3198,1643,0.0,24.13885571649257,True,0.014642889000242576,24.000879415873257,24.79027245548069,0.7893930396074325,True,647.3398975700431,,,,,,,0,,,,,,,,,,,,,,,,,,,,
ridge_affine_cal,same_well_masked,3,tr000a6,1643,279.49641238520513,0.41244812830515487,0.608062612148828,-0.37769317506886735,3198,1643,0.0,24.13885571649257,True,0.022535698999490705,24.000879415873257,24.79027245548069,0.7893930396074325,True,647.3398975700431,,,,,,,0,,,,,,,,,,,,,,,,,,,,
ridge_multibranch,same_well_masked,3,tr000a6,1643,1164.6549446205513,0.8419375043203043,1.0272590373563553,-0.8274868700255748,3198,1643,0.0,24.13885571649257,True,0.02347033800015197,24.000879415873257,24.79027245548069,0.7893930396074325,True,647.3398975700431,,,,,,,0,,,,,,,,,,,,,,,,,,,,
ridge_affine_multibranch,same_well_masked,3,tr000a6,1643,1280.9133580915286,0.8829601344116003,1.0845701196086388,-0.8699073806890147,3198,1643,0.0,24.13885571649257,True,0.030636137999863422,24.000879415873257,24.79027245548069,0.7893930396074325,True,647.3398975700431,,,,,,,0,,,,,,,,,,,,,,,,,,,,
ridge_gated_gbdt,same_well_masked,3,tr000a6,1643,2479.529737684739,1.2284737443373859,2.0782548762042374,1.1335503367002424,3198,1643,0.0,24.13885571649257,True,0.042647713999940606,24.000879415873257,24.79027245548069,0.7893930396074325,True,647.3398975700431,0.8042188184268412,1.0,,True,,,0,0.0,,,,,,,,,,,,,,,,,,,
ridge_default,same_well_masked,3,tr000e0,1732,1713.6963915235426,0.99470201403365,1.7743040289370668,0.8485071559530364,460,1732,0.0,23.041862166566023,True,0.014380196000274736,22.130933454424245,23.04004472438595,0.9091112699617057,True,641.8777122615029,,,,,,,0,,,,,,,,,,,,,,,,,,,,
ridge_affine_cal,same_well_masked,3,tr000e0,1732,2069.2447702420754,1.0930297665565039,1.874972633225827,0.9674943367349484,460,1732,0.0,23.041862166566023,True,0.02168390999941039,22.130933454424245,23.04004472438595,0.9091112699617057,True,641.8777122615029,,,,,,,0,,,,,,,,,,,,,,,,,,,,
ridge_multibranch,same_well_masked,3,tr000e0,1732,2222.077664954753,1.1326759341991113,1.916108417817636,1.0097924496804147,460,1732,0.0,23.041862166566023,True,0.021493159999408817,22.130933454424245,23.04004472438595,0.9091112699617057,True,641.8777122615029,,,,,,,0,,,,,,,,,,,,,,,,,,,,
ridge_affine_multibranch,same_well_masked,3,tr000e0,1732,2039.3819159361506,1.0851139285063225,1.845503212882349,0.9628807188073513,460,1732,0.0,23.041862166566023,True,0.028158135999547085,22.130933454424245,23.04004472438595,0.9091112699617057,True,641.8777122615029,,,,,,,0,,,,,,,,,,,,,,,,,,,,
ridge_gated_gbdt,same_well_masked,3,tr000e0,1732,15.25255905849918,0.09384203429690265,0.295924818090338,0.020350962476209846,460,1732,0.0,23.041862166566023,True,0.03946513400023832,22.130933454424245,23.04004472438595,0.9091112699617057,True,641.8777122615029,0.0,0.0,,False,affine_calibration_unusable,,0,0.0,,,,,,,,,,,,,,,,,,,
ridge_default,same_well_masked,3,tr00007,1758,10074.032249064694,2.3938240893597484,3.891128676489288,2.1169965384980056,2950,1758,0.0,11.274382284677529,True,0.015288350999981049,11.244586493469482,12.792869144320797,1.5482826508513146,True,659.164581966167,,,,,,,0,,,,,,,,,,,,,,,,,,,,
ridge_affine_cal,same_well_masked,3,tr00007,1758,7800.259411820115,2.106420572682882,3.5731824974354858,1.7832845485886542,2950,1758,0.0,11.274382284677529,True,0.022589040000639216,11.244586493469482,12.792869144320797,1.5482826508513146,True,659.164581966167,,,,,,,0,,,,,,,,,,,,,,,,,,,,
ridge_multibranch,same_well_masked,3,tr00007,1758,6091.3689026144375,1.861435600001983,3.251291161469471,1.493199916847881,2950,1758,0.0,11.274382284677529,True,0.023923169000227062,11.244586493469482,12.792869144320797,1.5482826508513146,True,659.164581966167,,,,,,,0,,,,,,,,,,,,,,,,,,,,
ridge_affine_multibranch,same_well_masked,3,tr00007,1758,3687.1252671236934,1.4482199004459257,2.683475737009715,0.9389565814319739,2950,1758,0.0,11.274382284677529,True,0.03189610299978085,11.244586493469482,12.792869144320797,1.5482826508513146,True,659.164581966167,,,,,,,0,,,,,,,,,,,,,,,,,,,,
ridge_gated_gbdt,same_well_masked,3,tr00007,1758,57.926014535326416,0.18152121469757296,0.43646314860317936,0.11902598428340269,2950,1758,0.0,11.274382284677529,True,0.0433540770000036,11.244586493469482,12.792869144320797,1.5482826508513146,True,659.164581966167,0.872700449525408,0.0,,True,,,0,0.0,,,,,,,,,,,,,,,,,,,
ridge_default,same_well_masked,3,tr0007f,3670,115759.33032949927,5.616231108216522,9.544920424205891,4.884287213471388,851,3670,0.1078012452691979,-4.705123935006219,True,0.01564615099960065,-7.494236254813234,-4.631561616518012,2.862674638295222,True,674.776286308792,,,,,,,0,,,,,,,,,,,,,,,,,,,,
ridge_affine_cal,same_well_masked,3,tr0007f,3670,115635.53468004425,5.613227242532261,9.596018122174256,4.872389310628916,851,3670,0.1078012452691979,-4.705123935006219,True,0.023796792999746685,-7.494236254813234,-4.631561616518012,2.862674638295222,True,674.776286308792,,,,,,,0,,,,,,,,,,,,,,,,,,,,
ridge_multibranch,same_well_masked,3,tr0007f,3670,89017.6449360088,4.924986201339162,8.691573988054504,4.092529496882516,851,3670,0.1078012452691979,-4.705123935006219,True,0.024554603999604296,-7.494236254813234,-4.631561616518012,2.862674638295222,True,674.776286308792,,,,,,,0,,,,,,,,,,,,,,,,,,,,
ridge_affine_multibranch,same_well_masked,3,tr0007f,3670,89978.8987138519,4.951505942003162,8.751496511943197,4.127487551411391,851,3670,0.1078012452691979,-4.705123935006219,True,0.03192240799944557,-7.494236254813234,-4.631561616518012,2.862674638295222,True,674.776286308792,,,,,,,0,,,,,,,,,,,,,,,,,,,,
ridge_gated_gbdt,same_well_masked,3,tr0007f,3670,116.27663425748217,0.17799720955584716,0.3791655185887768,0.14389352541274453,851,3670,0.1078012452691979,-4.705123935006219,True,0.0432750030004172,-7.494236254813234,-4.631561616518012,2.862674638295222,True,674.776286308792,0.8718083388825639,1.0,,True,,,0,0.0,,,,,,,,,,,,,,,,,,,
ridge_default,same_well_masked,3,tr000b6,2009,6399.352046897389,1.7847526395885684,2.116528976895315,-1.7790177825135707,2419,2009,0.060742581948112474,3.5577343100789847,True,0.015519837000283587,3.52237371440439,5.883320590740002,2.3609468763356123,True,685.6238159760031,,,,,,,0,,,,,,,,,,,,,,,,,,,,
ridge_affine_cal,same_well_masked,3,tr000b6,2009,4067.1157873384577,1.4228309380306752,1.7652472008699562,-1.412953643834826,2419,2009,0.060742581948112474,3.5577343100789847,True,0.022701374999996915,3.52237371440439,5.883320590740002,2.3609468763356123,True,685.6238159760031,,,,,,,0,,,,,,,,,,,,,,,,,,,,
ridge_multibranch,same_well_masked,3,tr000b6,2009,7014.611567616526,1.8685806411690613,2.1952534661041683,-1.8631481388575268,2419,2009,0.060742581948112474,3.5577343100789847,True,0.02378097600012552,3.52237371440439,5.883320590740002,2.3609468763356123,True,685.6238159760031,,,,,,,0,,,,,,,,,,,,,,,,,,,,
ridge_affine_multibranch,same_well_masked,3,tr000b6,2009,2928.9151781585997,1.207434077845972,1.5319706980312984,-1.1965345649592105,2419,2009,0.060742581948112474,3.5577343100789847,True,0.03209850500024913,3.52237371440439,5.883320590740002,2.3609468763356123,True,685.6238159760031,,,,,,,0,,,,,,,,,,,,,,,,,,,,
ridge_gated_gbdt,same_well_masked,3,tr000b6,2009,6399.352046897389,1.7847526395885684,2.116528976895315,-1.7790177825135707,2419,2009,0.060742581948112474,3.5577343100789847,True,0.04228035599953728,3.52237371440439,5.883320590740002,2.3609468763356123,True,685.6238159760031,0.9826447312131726,1.0,,True,,,2009,1.0,,,,,,,,,,,,,,,,,,,
ridge_default,same_well_masked,3,tr000cf,2598,41521.111103674506,3.997743354190175,6.720762545468116,3.4529433433608197,200,2598,0.5848144952545298,15.014152744025116,True,0.014738634999957867,10.387168660780024,15.070494365385322,4.6833257046052985,True,643.5419661848304,,,,,,,0,,,,,,,,,,,,,,,,,,,,
ridge_affine_cal,same_well_masked,3,tr000cf,2598,39251.1230858166,3.8869277714300687,6.606428634953499,3.3200416347342525,200,2598,0.5848144952545298,15.014152744025116,True,0.028341311999611207,10.387168660780024,15.070494365385322,4.6833257046052985,True,643.5419661848304,,,,,,,0,,,,,,,,,,,,,,,,,,,,
ridge_multibranch,same_well_masked,3,tr000cf,2598,32767.486396979722,3.5514196272930487,6.166545906539252,2.948353117948904,200,2598,0.5848144952545298,15.014152744025116,True,0.031483722000302805,10.387168660780024,15.070494365385322,4.6833257046052985,True,643.5419661848304,,,,,,,0,,,,,,,,,,,,,,,,,,,,
ridge_affine_multibranch,same_well_masked,3,tr000cf,2598,34850.78003562268,3.6625762772627377,6.289139617772982,3.0834555805601362,200,2598,0.5848144952545298,15.014152744025116,True,0.04040809700018144,10.387168660780024,15.070494365385322,4.6833257046052985,True,643.5419661848304,,,,,,,0,,,,,,,,,,,,,,,,,,,,
ridge_gated_gbdt,same_well_masked,3,tr000cf,2598,41521.111103674506,3.997743354190175,6.720762545468116,3.4529433433608197,200,2598,0.5848144952545298,15.014152744025116,True,0.1126609480006664,10.387168660780024,15.070494365385322,4.6833257046052985,True,643.5419661848304,0.8884520122905578,1.0,,True,,,2598,1.0,,,,,,,,,,,,,,,,,,,
ridge_default,same_well_masked,4,tr00099,2607,1742.0139574408045,0.8174388975007372,0.9663898149888936,-0.8092621888833745,1596,2607,0.10176211453744494,20.545494975820706,True,0.01550854899960541,14.091123787653748,20.571441584662736,6.480317797008988,True,654.561306073783,,,,,,,0,,,,,,,,,,,,,,,,,,,,
ridge_affine_cal,same_well_masked,4,tr00099,2607,2525.038188246909,0.9841549014561618,1.1959643120964252,-0.9747803169527933,1596,2607,0.10176211453744494,20.545494975820706,True,0.023040897000100813,14.091123787653748,20.571441584662736,6.480317797008988,True,654.561306073783,,,,,,,0,,,,,,,,,,,,,,,,,,,,
ridge_multibranch,same_well_masked,4,tr00099,2607,4385.557598209332,1.2970057278804559,1.4303230474612167,-1.29389229873468,1596,2607,0.10176211453744494,20.545494975820706,True,0.024640679999720305,14.091123787653748,20.571441584662736,6.480317797008988,True,654.561306073783,,,,,,,0,,,,,,,,,,,,,,,,,,,,
ridge_affine_multibranch,same_well_masked,4,tr00099,2607,5525.349759373892,1.455825665913856,1.63183159753895,-1.451951649723925,1596,2607,0.10176211453744494,20.545494975820706,True,0.03156728799967823,14.091123787653748,20.571441584662736,6.480317797008988,True,654.561306073783,,,,,,,0,,,,,,,,,,,,,,,,,,,,
ridge_gated_gbdt,same_well_masked,4,tr00099,2607,12.514943530774701,0.06928575145808209,0.18972103707147703,0.015019668602377011,1596,2607,0.10176211453744494,20.545494975820706,True,0.04271259699999064,14.091123787653748,20.571441584662736,6.480317797008988,True,654.561306073783,0.9487191292004912,1.0,,True,,,0,0.0,,,,,,,,,,,,,,,,,,,
ridge_default,same_well_masked,4,tr000e2,1641,984.1439673888153,0.7744172652939655,1.2865160039429213,-0.031647401387418526,2342,1641,0.11130867709815079,23.65886329487673,True,0.014479565999863553,23.65170372368565,32.42297219274662,8.77126846906097,True,720.3630458119482,,,,,,,0,,,,,,,,,,,,,,,,,,,,
ridge_affine_cal,same_well_masked,4,tr000e2,1641,1179.2701794394097,0.8477198795438999,1.4906010223559,0.1754318922586601,2342,1641,0.11130867709815079,23.65886329487673,True,0.022103174999756448,23.65170372368565,32.42297219274662,8.77126846906097,True,720.3630458119482,,,,,,,0,,,,,,,,,,,,,,,,,,,,
ridge_multibranch,same_well_masked,4,tr000e2,1641,1561.9613933416458,0.9756203649427108,1.8386624159228795,-0.5756771779439129,2342,1641,0.11130867709815079,23.65886329487673,True,0.023472891999517742,23.65170372368565,32.42297219274662,8.77126846906097,True,720.3630458119482,,,,,,,0,,,,,,,,,,,,,,,,,,,,
ridge_affine_multibranch,same_well_masked,4,tr000e2,1641,1539.361424978792,0.9685365380723776,1.9212702442809793,-0.44293812198577065,2342,1641,0.11130867709815079,23.65886329487673,True,0.030545579999852635,23.65170372368565,32.42297219274662,8.77126846906097,True,720.3630458119482,,,,,,,0,,,,,,,,,,,,,,,,,,,,
ridge_gated_gbdt,same_well_masked,4,tr000e2,1641,18172.960701868993,3.3278102355703036,5.168944161580701,-2.221707715614975,2342,1641,0.11130867709815079,23.65886329487673,True,0.04140511600053287,23.65170372368565,32.42297219274662,8.77126846906097,True,720.3630458119482,0.7033163314961346,1.0,,True,,,0,0.0,,,,,,,,,,,,,,,,,,,
ridge_default,same_well_masked,4,tr00027,2037,3167.3892606681106,1.2469677036460227,2.256911269895639,-1.0171275140375857,200,2037,0.12438739789964995,6.323568507900571,True,0.014632485000220186,5.885623215036185,6.479822276039455,0.5941990610032697,True,681.5837798267679,,,,,,,0,,,,,,,,,,,,,,,,,,,,
ridge_affine_cal,same_well_masked,4,tr00027,2037,1128.9141223006668,0.7444489787316149,1.6161221184146566,0.22964323843275378,200,2037,0.12438739789964995,6.323568507900571,True,0.023204493999401166,5.885623215036185,6.479822276039455,0.5941990610032697,True,681.5837798267679,,,,,,,0,,,,,,,,,,,,,,,,,,,,
ridge_multibranch,same_well_masked,4,tr00027,2037,2824.442523937504,1.1775269517551274,2.165894205564851,-0.9326572339374354,200,2037,0.12438739789964995,6.323568507900571,True,0.02312055199945462,5.885623215036185,6.479822276039455,0.5941990610032697,True,681.5837798267679,,,,,,,0,,,,,,,,,,,,,,,,,,,,
ridge_affine_multibranch,same_well_masked,4,tr00027,2037,1562.3691499691063,0.8757826011301945,1.9199531694933638,0.5283120624618166,200,2037,0.12438739789964995,6.323568507900571,True,0.030330988000059733,5.885623215036185,6.479822276039455,0.5941990610032697,True,681.5837798267679,,,,,,,0,,,,,,,,,,,,,,,,,,,,
ridge_gated_gbdt,same_well_masked,4,tr00027,2037,3167.3892606681106,1.2469677036460227,2.256911269895639,-1.0171275140375857,200,2037,0.12438739789964995,6.323568507900571,True,0.08662524499959545,5.885623215036185,6.479822276039455,0.5941990610032697,True,681.5837798267679,0.9584567133775505,1.0,,True,,,2037,1.0,,,,,,,,,,,,,,,,,,,
ridge_default,same_well_masked,4,tr00011,2787,14854.923825610917,2.308695892165364,4.04774501513061,-1.8913431758584902,3359,2787,0.05877084965856935,7.098795505201088,True,0.015857034999498865,3.684121017076893,9.117741049131226,5.433620032054333,True,684.2944678707153,,,,,,,0,,,,,,,,,,,,,,,,,,,,
ridge_affine_cal,same_well_masked,4,tr00011,2787,15902.646898678422,2.3887253784945233,4.197407304884148,-1.9926067671914305,3359,2787,0.05877084965856935,7.098795505201088,True,0.023345343000073626,3.684121017076893,9.117741049131226,5.433620032054333,True,684.2944678707153,,,,,,,0,,,,,,,,,,,,,,,,,,,,
ridge_multibranch,same_well_masked,4,tr00011,2787,20637.349325490813,2.7211875379344126,4.484290668469688,-2.3812658320863895,3359,2787,0.05877084965856935,7.098795505201088,True,0.024007380000512057,3.684121017076893,9.117741049131226,5.433620032054333,True,684.2944678707153,,,,,,,0,,,,,,,,,,,,,,,,,,,,
ridge_affine_multibranch,same_well_masked,4,tr00011,2787,20736.50925525406,2.7277171898030788,4.551794573812275,-2.400169977523724,3359,2787,0.05877084965856935,7.098795505201088,True,0.03147079600057623,3.684121017076893,9.117741049131226,5.433620032054333,True,684.2944678707153,,,,,,,0,,,,,,,,,,,,,,,,,,,,
ridge_gated_gbdt,same_well_masked,4,tr00011,2787,5039.132047635385,1.3446503991588883,5.051573339522604,0.5043176710948141,3359,2787,0.05877084965856935,7.098795505201088,True,0.04354488599983597,3.684121017076893,9.117741049131226,5.433620032054333,True,684.2944678707153,0.9538086090383083,1.0,,True,,,0,0.0,,,,,,,,,,,,,,,,,,,
ridge_default,same_well_masked,4,tr00076,2232,1126.6113660391768,0.7104605522153299,1.0943440470379961,0.6569362814490017,200,2232,0.2059100319969885,11.3962926863276,True,0.014616286999626027,11.397130145136634,16.09068797425804,4.693557829121405,True,689.6677186279031,,,,,,,0,,,,,,,,,,,,,,,,,,,,
ridge_affine_cal,same_well_masked,4,tr00076,2232,401.92370389983165,0.4243504966901102,0.9048166404958753,-0.3733324805764167,200,2232,0.2059100319969885,11.3962926863276,True,0.021982928999932483,11.397130145136634,16.09068797425804,4.693557829121405,True,689.6677186279031,,,,,,,0,,,,,,,,,,,,,,,,,,,,
ridge_multibranch,same_well_masked,4,tr00076,2232,6689.410348543877,1.7311983269391977,2.139591764533618,1.7079956375692846,200,2232,0.2059100319969885,11.3962926863276,True,0.023141155999837792,11.397130145136634,16.09068797425804,4.693557829121405,True,689.6677186279031,,,,,,,0,,,,,,,,,,,,,,,,,,,,
ridge_affine_multibranch,same_well_masked,4,tr00076,2232,970.7177743442422,0.6594766084613126,1.1500449732374491,0.6254322674862342,200,2232,0.2059100319969885,11.3962926863276,True,0.035741137000513845,11.397130145136634,16.09068797425804,4.693557829121405,True,689.6677186279031,,,,,,,0,,,,,,,,,,,,,,,,,,,,
ridge_gated_gbdt,same_well_masked,4,tr00076,2232,1126.6113660391768,0.7104605522153299,1.0943440470379961,0.6569362814490017,200,2232,0.2059100319969885,11.3962926863276,True,0.09074026300004334,11.397130145136634,16.09068797425804,4.693557829121405,True,689.6677186279031,0.8284773869855553,1.0,,True,,,2232,1.0,,,,,,,,,,,,,,,,,,,
ridge_default,same_well_masked,4,tr000c5,3186,51884.429025468395,4.035484050378919,7.453979920290005,-3.11645688447764,1949,3186,0.07162600648960461,6.763878706950674,True,0.016461645000163116,6.757507260999212,19.558674427762693,12.80116716676348,True,683.1247440635293,,,,,,,0,,,,,,,,,,,,,,,,,,,,
ridge_affine_cal,same_well_masked,4,tr000c5,3186,44565.38190385873,3.740037274516188,7.0191772089591495,-2.729772209001866,1949,3186,0.07162600648960461,6.763878706950674,True,0.023520424000707862,6.757507260999212,19.558674427762693,12.80116716676348,True,683.1247440635293,,,,,,,0,,,,,,,,,,,,,,,,,,,,
ridge_multibranch,same_well_masked,4,tr000c5,3186,48139.50190478732,3.8871196636576886,7.2960808842269635,-2.92512527449838,1949,3186,0.07162600648960461,6.763878706950674,True,0.02426312900024641,6.757507260999212,19.558674427762693,12.80116716676348,True,683.1247440635293,,,,,,,0,,,,,,,,,,,,,,,,,,,,
ridge_affine_multibranch,same_well_masked,4,tr000c5,3186,40049.996296797966,3.5455070591652613,6.791686063490658,-2.4743192483048655,1949,3186,0.07162600648960461,6.763878706950674,True,0.03128568099964468,6.757507260999212,19.558674427762693,12.80116716676348,True,683.1247440635293,,,,,,,0,,,,,,,,,,,,,,,,,,,,
ridge_gated_gbdt,same_well_masked,4,tr000c5,3186,51884.429025468395,4.035484050378919,7.453979920290005,-3.11645688447764,1949,3186,0.07162600648960461,6.763878706950674,True,0.04291151199959131,6.757507260999212,19.558674427762693,12.80116716676348,True,683.1247440635293,0.9057952835890125,1.0,,True,,,3186,1.0,,,,,,,,,,,,,,,,,,,
ridge_default,same_well_masked,4,tr000e7,3454,1248.9691153180881,0.6013325087979675,1.1953301933445015,0.1723557286799027,348,3454,0.14608599779492834,-10.585516957217797,True,0.015313135000724287,-10.593908549507445,-5.64605880004301,4.947849749464435,True,670.6992528192476,,,,,,,0,,,,,,,,,,,,,,,,,,,,
ridge_affine_cal,same_well_masked,4,tr000e7,3454,1421.3249068711575,0.6414835392393049,1.2655164308641922,0.31679595139062056,348,3454,0.14608599779492834,-10.585516957217797,True,0.022627321999607375,-10.593908549507445,-5.64605880004301,4.947849749464435,True,670.6992528192476,,,,,,,0,,,,,,,,,,,,,,,,,,,,
ridge_multibranch,same_well_masked,4,tr000e7,3454,1372.6387901963276,0.6304011071802496,1.2313142787818236,0.18185984474950911,348,3454,0.14608599779492834,-10.585516957217797,True,0.023209187000247766,-10.593908549507445,-5.64605880004301,4.947849749464435,True,670.6992528192476,,,,,,,0,,,,,,,,,,,,,,,,,,,,
ridge_affine_multibranch,same_well_masked,4,tr000e7,3454,1839.806620760545,0.7298353957642825,1.353922301075583,0.4477278198626021,348,3454,0.14608599779492834,-10.585516957217797,True,0.03151587500087771,-10.593908549507445,-5.64605880004301,4.947849749464435,True,670.6992528192476,,,,,,,0,,,,,,,,,,,,,,,,,,,,
ridge_gated_gbdt,same_well_masked,4,tr000e7,3454,525.056943975133,0.3898899463056292,0.8047348288384608,0.05434483798140961,348,3454,0.14608599779492834,-10.585516957217797,True,0.04143280800053617,-10.593908549507445,-5.64605880004301,4.947849749464435,True,670.6992528192476,0.9276698118949499,1.0,,True,,,0,0.0,,,,,,,,,,,,,,,,,,,
ridge_default,same_well_masked,4,tr00093,1471,1281.1064791753602,0.9332248129174665,1.663692740714584,0.08449521896205194,1320,1471,0.6755044580009385,29.45138196769009,True,0.015614587999152718,29.44091657107336,35.223575726376936,5.782659155303577,True,657.2692845716189,,,,,,,0,,,,,,,,,,,,,,,,,,,,
ridge_affine_cal,same_well_masked,4,tr00093,1471,1782.294793369007,1.1007366649446042,2.1720443473621813,0.5902382053527836,1320,1471,0.6755044580009385,29.45138196769009,True,0.02192014999945968,29.44091657107336,35.223575726376936,5.782659155303577,True,657.2692845716189,,,,,,,0,,,,,,,,,,,,,,,,,,,,
ridge_multibranch,same_well_masked,4,tr00093,1471,1308.0740557344593,0.9429959545595855,1.660168063690989,0.08585382780102083,1320,1471,0.6755044580009385,29.45138196769009,True,0.02222780200008856,29.44091657107336,35.223575726376936,5.782659155303577,True,657.2692845716189,,,,,,,0,,,,,,,,,,,,,,,,,,,,
ridge_affine_multibranch,same_well_masked,4,tr00093,1471,2232.703334383118,1.2319956492058788,2.3709435022446854,0.8002936013944957,1320,1471,0.6755044580009385,29.45138196769009,True,0.028141875000073924,29.44091657107336,35.223575726376936,5.782659155303577,True,657.2692845716189,,,,,,,0,,,,,,,,,,,,,,,,,,,,
ridge_gated_gbdt,same_well_masked,4,tr00093,1471,1281.1064791753602,0.9332248129174665,1.663692740714584,0.08449521896205194,1320,1471,0.6755044580009385,29.45138196769009,True,0.038447427000392054,29.44091657107336,35.223575726376936,5.782659155303577,True,657.2692845716189,0.0,0.0,,False,insufficient_hidden_gr_rows,,1471,1.0,,,,,,,,,,,,,,,,,,,
ridge_default,same_well_masked,4,tr000ca,3115,1761.069697627848,0.7518985488813654,1.674678012448453,-0.3105468099798966,2250,3115,0.0,19.41407284244909,True,0.01527913100017031,19.41823246468001,28.87473035683048,9.45649789215047,True,650.9118580300619,,,,,,,0,,,,,,,,,,,,,,,,,,,,
ridge_affine_cal,same_well_masked,4,tr000ca,3115,2069.472161458387,0.8150809985369841,1.8373215933295697,-0.3977676113212196,2250,3115,0.0,19.41407284244909,True,0.022821799999292125,19.41823246468001,28.87473035683048,9.45649789215047,True,650.9118580300619,,,,,,,0,,,,,,,,,,,,,,,,,,,,
ridge_multibranch,same_well_masked,4,tr000ca,3115,1481.7552247642404,0.6896983835543221,1.4642467356027318,-0.10568129725287366,2250,3115,0.0,19.41407284244909,True,0.023889975999736635,19.41823246468001,28.87473035683048,9.45649789215047,True,650.9118580300619,,,,,,,0,,,,,,,,,,,,,,,,,,,,
ridge_affine_multibranch,same_well_masked,4,tr000ca,3115,1664.6805455812946,0.7310320648243678,1.595818100756329,-0.13390006199628823,2250,3115,0.0,19.41407284244909,True,0.031797531999472994,19.41823246468001,28.87473035683048,9.45649789215047,True,650.9118580300619,,,,,,,0,,,,,,,,,,,,,,,,,,,,
ridge_gated_gbdt,same_well_masked,4,tr000ca,3115,779.0219592288889,0.5000872987124465,1.17153588816101,-0.36036327618793434,2250,3115,0.0,19.41407284244909,True,0.04331075700065412,19.41823246468001,28.87473035683048,9.45649789215047,True,650.9118580300619,0.940598360224691,1.0,,True,,,0,0.0,,,,,,,,,,,,,,,,,,,
ridge_default,same_well_masked,4,tr000d9,3662,11683.982578737061,1.7862254809507305,3.447771936409506,-1.3003674978407,520,3662,0.6907190209077001,6.115740130734298,True,0.01562886899955629,-0.0112623747829809,6.160847184109151,6.172109558892132,True,656.2831968044311,,,,,,,0,,,,,,,,,,,,,,,,,,,,
ridge_affine_cal,same_well_masked,4,tr000d9,3662,17275.73898602198,2.171996629184279,3.9476622363882754,-1.7895135260840582,520,3662,0.6907190209077001,6.115740130734298,True,0.023961239999152895,-0.0112623747829809,6.160847184109151,6.172109558892132,True,656.2831968044311,,,,,,,0,,,,,,,,,,,,,,,,,,,,
ridge_multibranch,same_well_masked,4,tr000d9,3662,10061.351636393385,1.657558992082015,3.2555518763049047,-1.1368601220579282,520,3662,0.6907190209077001,6.115740130734298,True,0.023502337999161682,-0.0112623747829809,6.160847184109151,6.172109558892132,True,656.2831968044311,,,,,,,0,,,,,,,,,,,,,,,,,,,,
ridge_affine_multibranch,same_well_masked,4,tr000d9,3662,13967.615122472496,1.952998725124152,3.638399459286232,-1.5480032666981431,520,3662,0.6907190209077001,6.115740130734298,True,0.030043462999856274,-0.0112623747829809,6.160847184109151,6.172109558892132,True,656.2831968044311,,,,,,,0,,,,,,,,,,,,,,,,,,,,
ridge_gated_gbdt,same_well_masked,4,tr000d9,3662,11683.982578737061,1.7862254809507305,3.447771936409506,-1.3003674978407,520,3662,0.6907190209077001,6.115740130734298,True,0.041495067999676394,-0.0112623747829809,6.160847184109151,6.172109558892132,True,656.2831968044311,0.0,0.0,,False,insufficient_hidden_gr_rows,,3662,1.0,,,,,,,,,,,,,,,,,,,
ridge_default,same_well_masked,4,tr00034,3550,380.08012392404976,0.32720761549905497,0.6997070671929879,0.27059679183943347,640,3550,0.015762273901808784,0.1522001719007573,True,0.015322022999498586,0.0998909065524262,1.003471860469272,0.9035809539168459,True,641.4854158617763,,,,,,,0,,,,,,,,,,,,,,,,,,,,
ridge_affine_cal,same_well_masked,4,tr00034,3550,1273.7461945684229,0.5990006218267653,0.9236290272162804,-0.5640684482931502,640,3550,0.015762273901808784,0.1522001719007573,True,0.02300241100056155,0.0998909065524262,1.003471860469272,0.9035809539168459,True,641.4854158617763,,,,,,,0,,,,,,,,,,,,,,,,,,,,
ridge_multibranch,same_well_masked,4,tr00034,3550,473.39026541456985,0.36517033085851247,0.6894535451113937,0.33273345232330953,640,3550,0.015762273901808784,0.1522001719007573,True,0.023745034000057785,0.0998909065524262,1.003471860469272,0.9035809539168459,True,641.4854158617763,,,,,,,0,,,,,,,,,,,,,,,,,,,,
ridge_affine_multibranch,same_well_masked,4,tr00034,3550,691.9269316738307,0.44148498823595217,0.7529114424872818,-0.40476198644551364,640,3550,0.015762273901808784,0.1522001719007573,True,0.03081095799916511,0.0998909065524262,1.003471860469272,0.9035809539168459,True,641.4854158617763,,,,,,,0,,,,,,,,,,,,,,,,,,,,
ridge_gated_gbdt,same_well_masked,4,tr00034,3550,42.54801888882172,0.10947765723411744,0.30787341499118814,0.08193286399849181,640,3550,0.015762273901808784,0.1522001719007573,True,0.04167950999999448,0.0998909065524262,1.003471860469272,0.9035809539168459,True,641.4854158617763,0.9906023684450372,1.0,,True,,,0,0.0,,,,,,,,,,,,,,,,,,,
ridge_default,same_well_masked,4,tr000ae,2607,2623.6741289120187,1.003192856212436,2.209850726895013,-0.864375086492311,940,2607,0.0,36.914130763810405,True,0.015341010999691207,25.391444680812292,36.90252784856796,11.511083167755672,True,673.5756758539543,,,,,,,0,,,,,,,,,,,,,,,,,,,,
ridge_affine_cal,same_well_masked,4,tr000ae,2607,2601.845247210057,0.9990108739160718,2.2473259409487056,-0.8672544480210852,940,2607,0.0,36.914130763810405,True,0.022960752000471985,25.391444680812292,36.90252784856796,11.511083167755672,True,673.5756758539543,,,,,,,0,,,,,,,,,,,,,,,,,,,,
ridge_multibranch,same_well_masked,4,tr000ae,2607,5198.394210030858,1.4120955667163713,2.718779560938515,-1.3138817510288106,940,2607,0.0,36.914130763810405,True,0.023708179000095697,25.391444680812292,36.90252784856796,11.511083167755672,True,673.5756758539543,,,,,,,0,,,,,,,,,,,,,,,,,,,,
ridge_affine_multibranch,same_well_masked,4,tr000ae,2607,5333.660780028169,1.430349537891987,2.743788147806427,-1.3424311807467193,940,2607,0.0,36.914130763810405,True,0.03097401600007288,25.391444680812292,36.90252784856796,11.511083167755672,True,673.5756758539543,,,,,,,0,,,,,,,,,,,,,,,,,,,,
ridge_gated_gbdt,same_well_masked,4,tr000ae,2607,59.73406023475705,0.15137024093500018,0.36134206528601354,0.02253022861148677,940,2607,0.0,36.914130763810405,True,0.041375994000190985,25.391444680812292,36.90252784856796,11.511083167755672,True,673.5756758539543,0.8917960005225025,1.0,,True,,,0,0.0,,,,,,,,,,,,,,,,,,,
ridge_default,same_well_masked,4,tr00095,3500,53348.41901176682,3.904152332060492,6.583564177613546,-3.3952188152142364,200,3500,0.0,24.205688151914867,True,0.01543498999944859,24.176318795556373,26.560909291850304,2.3845904962939315,True,647.2026169294057,,,,,,,0,,,,,,,,,,,,,,,,,,,,
ridge_affine_cal,same_well_masked,4,tr00095,3500,57442.6043847652,4.051193982193581,6.659039077065163,-3.577852247688537,200,3500,0.0,24.205688151914867,True,0.021550073999605956,24.176318795556373,26.560909291850304,2.3845904962939315,True,647.2026169294057,,,,,,,0,,,,,,,,,,,,,,,,,,,,
ridge_multibranch,same_well_masked,4,tr00095,3500,57113.24190151889,4.039562985611152,6.777956782974396,-3.528712284989542,200,3500,0.0,24.205688151914867,True,0.022088864000579633,24.176318795556373,26.560909291850304,2.3845904962939315,True,647.2026169294057,,,,,,,0,,,,,,,,,,,,,,,,,,,,
ridge_affine_multibranch,same_well_masked,4,tr00095,3500,58347.25891029017,4.08297016924445,6.7496497340964225,-3.597057137485251,200,3500,0.0,24.205688151914867,True,0.027363650000552298,24.176318795556373,26.560909291850304,2.3845904962939315,True,647.2026169294057,,,,,,,0,,,,,,,,,,,,,,,,,,,,
ridge_gated_gbdt,same_well_masked,4,tr00095,3500,53348.41901176682,3.904152332060492,6.583564177613546,-3.3952188152142364,200,3500,0.0,24.205688151914867,True,0.1275187110004481,24.176318795556373,26.560909291850304,2.3845904962939315,True,647.2026169294057,0.0,0.0,,False,affine_calibration_unusable,,3500,1.0,,,,,,,,,,,,,,,,,,,
ridge_default,same_well_masked,4,tr00090,1971,518.7492045382434,0.5130213152320444,0.957942558323599,0.4765152884669809,200,1971,0.08338804990151018,4.594985108248632,True,0.015157617000113532,4.448619612153622,5.283992347644042,0.8353727354904201,True,698.0161820586571,,,,,,,0,,,,,,,,,,,,,,,,,,,,
ridge_affine_cal,same_well_masked,4,tr00090,1971,112.31668894418598,0.23871451879516098,0.47106679863098133,-0.15549610741432854,200,1971,0.08338804990151018,4.594985108248632,True,0.022928630000023986,4.448619612153622,5.283992347644042,0.8353727354904201,True,698.0161820586571,,,,,,,0,,,,,,,,,,,,,,,,,,,,
ridge_multibranch,same_well_masked,4,tr00090,1971,986.3294763871454,0.7074042976820746,1.1626968692246153,0.6806622612184459,200,1971,0.08338804990151018,4.594985108248632,True,0.023071223000442842,4.448619612153622,5.283992347644042,0.8353727354904201,True,698.0161820586571,,,,,,,0,,,,,,,,,,,,,,,,,,,,
ridge_affine_multibranch,same_well_masked,4,tr00090,1971,116.84814752530114,0.24348241666996936,0.6583868711100918,0.1672380341014471,200,1971,0.08338804990151018,4.594985108248632,True,0.034140843999921344,4.448619612153622,5.283992347644042,0.8353727354904201,True,698.0161820586571,,,,,,,0,,,,,,,,,,,,,,,,,,,,
ridge_gated_gbdt,same_well_masked,4,tr00090,1971,518.7492045382434,0.5130213152320444,0.957942558323599,0.4765152884669809,200,1971,0.08338804990151018,4.594985108248632,True,0.0882266910002727,4.448619612153622,5.283992347644042,0.8353727354904201,True,698.0161820586571,0.994675941088602,1.0,,True,,,1971,1.0,,,,,,,,,,,,,,,,,,,
ridge_default,same_well_masked,4,tr0008b,2179,3111.67488511484,1.1950016149032237,2.8889806101573985,-0.5579679716028759,2491,2179,0.7865381807563148,25.787170930843224,True,0.01600046699968516,10.804168024547192,25.791446641943335,14.987278617396143,True,699.498953615121,,,,,,,0,,,,,,,,,,,,,,,,,,,,
ridge_affine_cal,same_well_masked,4,tr0008b,2179,4531.696860038216,1.442121362715201,3.006957850854299,-0.9288669091087284,2491,2179,0.7865381807563148,25.787170930843224,True,0.02304017999995267,10.804168024547192,25.791446641943335,14.987278617396143,True,699.498953615121,,,,,,,0,,,,,,,,,,,,,,,,,,,,
ridge_multibranch,same_well_masked,4,tr0008b,2179,2744.109134187637,1.1222046775498027,3.0089894762783675,-0.40874441020313146,2491,2179,0.7865381807563148,25.787170930843224,True,0.0225978340004076,10.804168024547192,25.791446641943335,14.987278617396143,True,699.498953615121,,,,,,,0,,,,,,,,,,,,,,,,,,,,
ridge_affine_multibranch,same_well_masked,4,tr0008b,2179,3070.829525314928,1.1871326199791274,3.1866211415756016,-0.4430553237435651,2491,2179,0.7865381807563148,25.787170930843224,True,0.029177473000345344,10.804168024547192,25.791446641943335,14.987278617396143,True,699.498953615121,,,,,,,0,,,,,,,,,,,,,,,,,,,,
ridge_gated_gbdt,same_well_masked,4,tr0008b,2179,3111.67488511484,1.1950016149032237,2.8889806101573985,-0.5579679716028759,2491,2179,0.7865381807563148,25.787170930843224,True,0.042008338999949046,10.804168024547192,25.791446641943335,14.987278617396143,True,699.498953615121,0.0,0.0,,False,insufficient_hidden_gr_rows,,2179,1.0,,,,,,,,,,,,,,,,,,,
ridge_default,same_well_masked,4,tr00061,2525,7729.8770505235025,1.7496678101147891,3.386834410663365,-1.345428405970196,710,2525,0.09774305555555556,4.754124047747506,True,0.015337611999711953,4.757920670281045,10.378781625894169,5.620860955613123,True,644.1564306751181,,,,,,,0,,,,,,,,,,,,,,,,,,,,
ridge_affine_cal,same_well_masked,4,tr00061,2525,10469.854500071331,2.0362900161153914,3.707146927695045,-1.6467436697016014,710,2525,0.09774305555555556,4.754124047747506,True,0.024347347000002628,4.757920670281045,10.378781625894169,5.620860955613123,True,644.1564306751181,,,,,,,0,,,,,,,,,,,,,,,,,,,,
ridge_multibranch,same_well_masked,4,tr00061,2525,6506.172908003183,1.6052109337353264,3.1675328005099397,-1.170318385671852,710,2525,0.09774305555555556,4.754124047747506,True,0.023640319999685744,4.757920670281045,10.378781625894169,5.620860955613123,True,644.1564306751181,,,,,,,0,,,,,,,,,,,,,,,,,,,,
ridge_affine_multibranch,same_well_masked,4,tr00061,2525,8472.084094953481,1.831742566433544,3.3852532760219773,-1.404256185027908,710,2525,0.09774305555555556,4.754124047747506,True,0.030304729000818043,4.757920670281045,10.378781625894169,5.620860955613123,True,644.1564306751181,,,,,,,0,,,,,,,,,,,,,,,,,,,,
ridge_gated_gbdt,same_well_masked,4,tr00061,2525,111.76453313352542,0.2103881684863005,0.46958219372502974,-0.1606859247455899,710,2525,0.09774305555555556,4.754124047747506,True,0.04290047499944194,4.757920670281045,10.378781625894169,5.620860955613123,True,644.1564306751181,0.9762427766923911,1.0,,True,,,0,0.0,,,,,,,,,,,,,,,,,,,
ridge_default,same_well_masked,4,tr00085,2529,215.52247594130347,0.2919253900394162,0.7734676274826495,-0.1849100276633743,3666,2529,0.03587803759743237,1.8238557263305517,True,0.015781029999743623,-0.3495147463697279,1.8440983102587316,2.1936130566284593,True,635.4951565357713,,,,,,,0,,,,,,,,,,,,,,,,,,,,
ridge_affine_cal,same_well_masked,4,tr00085,2529,296.89963320793674,0.34263396805457386,0.8940669603616738,-0.23216304390342307,3666,2529,0.03587803759743237,1.8238557263305517,True,0.023309445999984746,-0.3495147463697279,1.8440983102587316,2.1936130566284593,True,635.4951565357713,,,,,,,0,,,,,,,,,,,,,,,,,,,,
ridge_multibranch,same_well_masked,4,tr00085,2529,458.60019171181204,0.4258363211896915,0.7957190046162306,0.3815967707462494,3666,2529,0.03587803759743237,1.8238557263305517,True,0.025791109999772743,-0.3495147463697279,1.8440983102587316,2.1936130566284593,True,635.4951565357713,,,,,,,0,,,,,,,,,,,,,,,,,,,,
ridge_affine_multibranch,same_well_masked,4,tr00085,2529,450.0678325971042,0.42185633213837725,0.8893136166249005,0.3596023311242696,3666,2529,0.03587803759743237,1.8238557263305517,True,0.03146487199956027,-0.3495147463697279,1.8440983102587316,2.1936130566284593,True,635.4951565357713,,,,,,,0,,,,,,,,,,,,,,,,,,,,
ridge_gated_gbdt,same_well_masked,4,tr00085,2529,75.09554891480367,0.1723188086451735,0.34366172199781264,-0.10806013349466186,3666,2529,0.03587803759743237,1.8238557263305517,True,0.04461747799996374,-0.3495147463697279,1.8440983102587316,2.1936130566284593,True,635.4951565357713,0.9497320620588119,1.0,,True,,,0,0.0,,,,,,,,,,,,,,,,,,,
ridge_default,same_well_masked,4,tr000a2,4132,27898.09951257784,2.5984068538744696,5.220292227844355,2.053623981268787,200,4132,0.018637157833430402,2.643683184628708,True,0.015644522999537003,-10.632275635672933,2.625192722198378,13.25746835787131,True,673.5203526175122,,,,,,,0,,,,,,,,,,,,,,,,,,,,
ridge_affine_cal,same_well_masked,4,tr000a2,4132,23093.120452394694,2.3640744753443186,5.479411429066763,1.8119189361029673,200,4132,0.018637157833430402,2.643683184628708,True,0.02316133899967099,-10.632275635672933,2.625192722198378,13.25746835787131,True,673.5203526175122,,,,,,,0,,,,,,,,,,,,,,,,,,,,
ridge_multibranch,same_well_masked,4,tr000a2,4132,30538.24129404778,2.7185783546888462,5.333885986773632,2.1886473491367933,200,4132,0.018637157833430402,2.643683184628708,True,0.023335636999945564,-10.632275635672933,2.625192722198378,13.25746835787131,True,673.5203526175122,,,,,,,0,,,,,,,,,,,,,,,,,,,,
ridge_affine_multibranch,same_well_masked,4,tr000a2,4132,24660.88377953953,2.4430039086464914,5.619678352048241,1.8987426268826455,200,4132,0.018637157833430402,2.643683184628708,True,0.030921602000489656,-10.632275635672933,2.625192722198378,13.25746835787131,True,673.5203526175122,,,,,,,0,,,,,,,,,,,,,,,,,,,,
ridge_gated_gbdt,same_well_masked,4,tr000a2,4132,27898.09951257784,2.5984068538744696,5.220292227844355,2.053623981268787,200,4132,0.018637157833430402,2.643683184628708,True,0.14164079799957108,-10.632275635672933,2.625192722198378,13.25746835787131,True,673.5203526175122,0.8934570751942436,1.0,,True,,,4132,1.0,,,,,,,,,,,,,,,,,,,
ridge_default,same_well_masked,4,tr000bd,2754,71028.42636648034,5.078484467867407,8.12628526517112,-4.28959094314868,519,2754,0.0,35.10063451832818,True,0.015138234999540146,35.08502599479742,52.77952525493573,17.694499260138308,True,666.8588018317779,,,,,,,0,,,,,,,,,,,,,,,,,,,,
ridge_affine_cal,same_well_masked,4,tr000bd,2754,70019.51019029596,5.042287055234376,8.250770204316034,-4.164898551396191,519,2754,0.0,35.10063451832818,True,0.02303355799995188,35.08502599479742,52.77952525493573,17.694499260138308,True,666.8588018317779,,,,,,,0,,,,,,,,,,,,,,,,,,,,
ridge_multibranch,same_well_masked,4,tr000bd,2754,56522.185759754364,4.530305672280531,7.493245659498768,-3.6130410093793963,519,2754,0.0,35.10063451832818,True,0.023783483000443084,35.08502599479742,52.77952525493573,17.694499260138308,True,666.8588018317779,,,,,,,0,,,,,,,,,,,,,,,,,,,,
ridge_affine_multibranch,same_well_masked,4,tr000bd,2754,59151.11531359161,4.63446387179107,7.812020121712919,-3.6205973140381533,519,2754,0.0,35.10063451832818,True,0.03095233400017605,35.08502599479742,52.77952525493573,17.694499260138308,True,666.8588018317779,,,,,,,0,,,,,,,,,,,,,,,,,,,,
ridge_gated_gbdt,same_well_masked,4,tr000bd,2754,399504.14849162224,12.04421997251849,15.566254847536243,-9.829605951688023,519,2754,0.0,35.10063451832818,True,0.04189319600027375,35.08502599479742,52.77952525493573,17.694499260138308,True,666.8588018317779,0.6331531906350598,1.0,,True,,,0,0.0,,,,,,,,,,,,,,,,,,,
ridge_default,same_well_masked,4,tr0005a,1378,573.5329742323422,0.645140916994954,1.2723315449575736,0.16316934347749731,1221,1378,0.1528790545637415,41.27682001753915,True,0.01440038500004448,37.91325976740664,41.28748001070693,3.374220243300286,True,633.635249010016,,,,,,,0,,,,,,,,,,,,,,,,,,,,
ridge_affine_cal,same_well_masked,4,tr0005a,1378,548.5794911191562,0.6309503343922043,1.303834804186927,-0.1545753080679485,1221,1378,0.1528790545637415,41.27682001753915,True,0.02237933000014891,37.91325976740664,41.28748001070693,3.374220243300286,True,633.635249010016,,,,,,,0,,,,,,,,,,,,,,,,,,,,
ridge_multibranch,same_well_masked,4,tr0005a,1378,681.5009774398442,0.7032482056718871,1.4340087192736846,0.3260597978113795,1221,1378,0.1528790545637415,41.27682001753915,True,0.024172438000277907,37.91325976740664,41.28748001070693,3.374220243300286,True,633.635249010016,,,,,,,0,,,,,,,,,,,,,,,,,,,,
ridge_affine_multibranch,same_well_masked,4,tr0005a,1378,544.8002442921468,0.6287732223056581,1.3122562661591957,-0.14394314293285845,1221,1378,0.1528790545637415,41.27682001753915,True,0.030459392999546253,37.91325976740664,41.28748001070693,3.374220243300286,True,633.635249010016,,,,,,,0,,,,,,,,,,,,,,,,,,,,
ridge_gated_gbdt,same_well_masked,4,tr0005a,1378,114.09838170753736,0.28774986833246974,0.6738874146528033,-0.195933088371842,1221,1378,0.1528790545637415,41.27682001753915,True,0.03999656300038623,37.91325976740664,41.28748001070693,3.374220243300286,True,633.635249010016,0.8784874991099942,1.0,,True,,,0,0.0,,,,,,,,,,,,,,,,,,,
ridge_default,same_well_masked,4,tr00025,3480,24750.17637191145,2.6668557604604324,5.085692243013278,-1.8410928262919584,1930,3480,0.0,7.193958462045362,True,0.01588824200007366,3.858787996292613,10.002167535994088,6.143379539701476,True,682.08006408817,,,,,,,0,,,,,,,,,,,,,,,,,,,,
ridge_affine_cal,same_well_masked,4,tr00025,3480,25641.87561264115,2.7144714146779627,5.212658893562516,-1.903523217330412,1930,3480,0.0,7.193958462045362,True,0.02329373900010978,3.858787996292613,10.002167535994088,6.143379539701476,True,682.08006408817,,,,,,,0,,,,,,,,,,,,,,,,,,,,
ridge_multibranch,same_well_masked,4,tr00025,3480,24831.595825994395,2.671238671843535,5.065904518706172,-1.8498742379873871,1930,3480,0.0,7.193958462045362,True,0.02426669399937964,3.858787996292613,10.002167535994088,6.143379539701476,True,682.08006408817,,,,,,,0,,,,,,,,,,,,,,,,,,,,
ridge_affine_multibranch,same_well_masked,4,tr00025,3480,24452.948362970244,2.650794088514627,5.087272778337575,-1.8291536054850175,1930,3480,0.0,7.193958462045362,True,0.0317288850001205,3.858787996292613,10.002167535994088,6.143379539701476,True,682.08006408817,,,,,,,0,,,,,,,,,,,,,,,,,,,,
ridge_gated_gbdt,same_well_masked,4,tr00025,3480,16265.514314450438,2.1619431921818366,5.446774045175513,1.511423269374292,1930,3480,0.0,7.193958462045362,True,0.04381301600005827,3.858787996292613,10.002167535994088,6.143379539701476,True,682.08006408817,0.9037222906248967,1.0,,True,,,0,0.0,,,,,,,,,,,,,,,,,,,
ridge_default,same_well_masked,4,tr0002f,2063,20149.488906162955,3.1252330136036197,4.888307438107862,2.889288641464042,2069,2063,0.02986279257465698,19.37981584596435,True,0.01506304899976385,19.206008834709813,21.239899138506,2.0338903037961877,True,671.4843612742116,,,,,,,0,,,,,,,,,,,,,,,,,,,,
ridge_affine_cal,same_well_masked,4,tr0002f,2063,18449.51004222069,2.9904930995229,4.772020008231724,2.74294235820993,2069,2063,0.02986279257465698,19.37981584596435,True,0.022423298999456165,19.206008834709813,21.239899138506,2.0338903037961877,True,671.4843612742116,,,,,,,0,,,,,,,,,,,,,,,,,,,,
ridge_multibranch,same_well_masked,4,tr0002f,2063,14375.176415583674,2.639714619005878,4.32572542042438,2.3657238586469713,2069,2063,0.02986279257465698,19.37981584596435,True,0.023889275999863457,19.206008834709813,21.239899138506,2.0338903037961877,True,671.4843612742116,,,,,,,0,,,,,,,,,,,,,,,,,,,,
ridge_affine_multibranch,same_well_masked,4,tr0002f,2063,12952.77523763453,2.5057157382567206,4.20329735935837,2.2192427466968874,2069,2063,0.02986279257465698,19.37981584596435,True,0.030356788999597484,19.206008834709813,21.239899138506,2.0338903037961877,True,671.4843612742116,,,,,,,0,,,,,,,,,,,,,,,,,,,,
ridge_gated_gbdt,same_well_masked,4,tr0002f,2063,53.47842197171188,0.1610051166481039,0.2799090837018454,0.1493450161479991,2069,2063,0.02986279257465698,19.37981584596435,True,0.042819558999326546,19.206008834709813,21.239899138506,2.0338903037961877,True,671.4843612742116,0.8831867678664113,1.0,,True,,,0,0.0,,,,,,,,,,,,,,,,,,,
ridge_default,same_well_masked,4,tr000d5,2437,310.51667691971295,0.3569560114919186,0.9004803895701956,0.13020035954115072,3844,2437,0.04496444138563891,2.981296497250627,True,0.015606543999638234,2.3674334401685213,3.062342533133399,0.6949090929648776,True,658.4834025747354,,,,,,,0,,,,,,,,,,,,,,,,,,,,
ridge_affine_cal,same_well_masked,4,tr000d5,2437,658.7810848494108,0.5199275086183259,1.3131400660255164,0.39036557114992,3844,2437,0.04496444138563891,2.981296497250627,True,0.022751757000150974,2.3674334401685213,3.062342533133399,0.6949090929648776,True,658.4834025747354,,,,,,,0,,,,,,,,,,,,,,,,,,,,
ridge_multibranch,same_well_masked,4,tr000d5,2437,747.0140306862207,0.5536516708406369,1.1310793161537314,0.4561542879981576,3844,2437,0.04496444138563891,2.981296497250627,True,0.024338481000086176,2.3674334401685213,3.062342533133399,0.6949090929648776,True,658.4834025747354,,,,,,,0,,,,,,,,,,,,,,,,,,,,
ridge_affine_multibranch,same_well_masked,4,tr000d5,2437,1685.685045835933,0.8316880328160277,1.5855481134421767,0.7617118066665239,3844,2437,0.04496444138563891,2.981296497250627,True,0.03178100600052858,2.3674334401685213,3.062342533133399,0.6949090929648776,True,658.4834025747354,,,,,,,0,,,,,,,,,,,,,,,,,,,,
ridge_gated_gbdt,same_well_masked,4,tr000d5,2437,41.75859446573496,0.1309016653259957,0.28904297767346243,-0.0982699610094707,3844,2437,0.04496444138563891,2.981296497250627,True,0.044163090999973065,2.3674334401685213,3.062342533133399,0.6949090929648776,True,658.4834025747354,0.9731781856470593,1.0,,True,,,0,0.0,,,,,,,,,,,,,,,,,,,
ridge_default,same_well_masked,4,tr000e3,2590,13887.47838595185,2.3155908029651475,4.501199224697373,-1.8277766102694775,3587,2590,0.0,10.323877420904711,True,0.015941980999741645,10.334487115030075,15.566916452276438,5.232429337246362,True,675.0306144681084,,,,,,,0,,,,,,,,,,,,,,,,,,,,
ridge_affine_cal,same_well_masked,4,tr000e3,2590,18629.991226662263,2.6819856087721847,4.928212730237227,-2.286620160124265,3587,2590,0.0,10.323877420904711,True,0.025229056000171113,10.334487115030075,15.566916452276438,5.232429337246362,True,675.0306144681084,,,,,,,0,,,,,,,,,,,,,,,,,,,,
ridge_multibranch,same_well_masked,4,tr000e3,2590,9000.603045511174,1.8641717493321732,3.8924765829466743,-1.166930591400739,3587,2590,0.0,10.323877420904711,True,0.024496013000316452,10.334487115030075,15.566916452276438,5.232429337246362,True,675.0306144681084,,,,,,,0,,,,,,,,,,,,,,,,,,,,
ridge_affine_multibranch,same_well_masked,4,tr000e3,2590,12763.669003353032,2.2199228658338868,4.396033650861245,-1.6976082032208026,3587,2590,0.0,10.323877420904711,True,0.03245328199955111,10.334487115030075,15.566916452276438,5.232429337246362,True,675.0306144681084,,,,,,,0,,,,,,,,,,,,,,,,,,,,
ridge_gated_gbdt,same_well_masked,4,tr000e3,2590,13887.47838595185,2.3155908029651475,4.501199224697373,-1.8277766102694775,3587,2590,0.0,10.323877420904711,True,0.045773095000186004,10.334487115030075,15.566916452276438,5.232429337246362,True,675.0306144681084,0.8223514324466488,1.0,,True,,,2590,1.0,,,,,,,,,,,,,,,,,,,
ridge_default,same_well_masked,4,tr000ea,1520,460.1536460901831,0.5502114701652776,1.1234620285261998,-0.21156592353209486,1485,1520,0.6901657458563536,1.696840068034085,True,0.014988814000389539,-0.3775100512008675,3.922471013596756,4.299981064797623,True,680.0722558705461,,,,,,,0,,,,,,,,,,,,,,,,,,,,
ridge_affine_cal,same_well_masked,4,tr000ea,1520,538.9729952280546,0.5954724988280837,1.56094238148497,0.2784549702328381,1485,1520,0.6901657458563536,1.696840068034085,True,0.02438367200011271,-0.3775100512008675,3.922471013596756,4.299981064797623,True,680.0722558705461,,,,,,,0,,,,,,,,,,,,,,,,,,,,
ridge_multibranch,same_well_masked,4,tr000ea,1520,384.3963518279122,0.5028840191623607,1.141852940900785,-0.03657092841036906,1485,1520,0.6901657458563536,1.696840068034085,True,0.0237301289998868,-0.3775100512008675,3.922471013596756,4.299981064797623,True,680.0722558705461,,,,,,,0,,,,,,,,,,,,,,,,,,,,
ridge_affine_multibranch,same_well_masked,4,tr000ea,1520,803.7484480046162,0.7271738950809823,1.732064051512273,0.4992114122089065,1485,1520,0.6901657458563536,1.696840068034085,True,0.0298065309998492,-0.3775100512008675,3.922471013596756,4.299981064797623,True,680.0722558705461,,,,,,,0,,,,,,,,,,,,,,,,,,,,
ridge_gated_gbdt,same_well_masked,4,tr000ea,1520,460.1536460901831,0.5502114701652776,1.1234620285261998,-0.21156592353209486,1485,1520,0.6901657458563536,1.696840068034085,True,0.04086803300015163,-0.3775100512008675,3.922471013596756,4.299981064797623,True,680.0722558705461,0.0,0.0,,False,insufficient_hidden_gr_rows,,1520,1.0,,,,,,,,,,,,,,,,,,,
ridge_default,same_well_masked,4,tr00002,1907,2780.2885916132655,1.2074512134816304,1.9816432222557954,-0.8221796810029737,369,1907,0.0,-1.7035760220709817,True,0.015022282999780145,-1.7038653934995525,3.147466294601516,4.851331688101069,True,713.1770944572065,,,,,,,0,,,,,,,,,,,,,,,,,,,,
ridge_affine_cal,same_well_masked,4,tr00002,1907,3534.6460738384635,1.361437223294725,2.240267294001457,-0.9953056504320903,369,1907,0.0,-1.7035760220709817,True,0.022747632000573503,-1.7038653934995525,3.147466294601516,4.851331688101069,True,713.1770944572065,,,,,,,0,,,,,,,,,,,,,,,,,,,,
ridge_multibranch,same_well_masked,4,tr00002,1907,3812.0654442326963,1.4138548547148253,2.273409458595437,-1.0748661998026368,369,1907,0.0,-1.7035760220709817,True,0.025202907999300805,-1.7038653934995525,3.147466294601516,4.851331688101069,True,713.1770944572065,,,,,,,0,,,,,,,,,,,,,,,,,,,,
ridge_affine_multibranch,same_well_masked,4,tr00002,1907,4790.021920278589,1.5848691211712247,2.5712631277651754,-1.2145836475227432,369,1907,0.0,-1.7035760220709817,True,0.028305378000368364,-1.7038653934995525,3.147466294601516,4.851331688101069,True,713.1770944572065,,,,,,,0,,,,,,,,,,,,,,,,,,,,
ridge_gated_gbdt,same_well_masked,4,tr00002,1907,2021.7321065705914,1.029642493123112,1.8539414153975964,-0.7034030439512873,369,1907,0.0,-1.7035760220709817,True,0.038740616000723094,-1.7038653934995525,3.147466294601516,4.851331688101069,True,713.1770944572065,0.0,0.0,,False,affine_calibration_unusable,,0,0.0,,,,,,,,,,,,,,,,,,,
ridge_default,same_well_masked,4,tr0000b,3108,13981.686219529289,2.120993172960627,4.517053662556165,-1.718145474517687,200,3108,0.07501402131239485,18.3505348338279,True,0.01635175400042499,8.736305066215534,18.361814157769665,9.62550909155413,True,711.5035056174825,,,,,,,0,,,,,,,,,,,,,,,,,,,,
ridge_affine_cal,same_well_masked,4,tr0000b,3108,4870.622194392546,1.251848336728559,3.326889725166735,-0.32149782751711564,200,3108,0.07501402131239485,18.3505348338279,True,0.024245512000561575,8.736305066215534,18.361814157769665,9.62550909155413,True,711.5035056174825,,,,,,,0,,,,,,,,,,,,,,,,,,,,
ridge_multibranch,same_well_masked,4,tr0000b,3108,4742.762187714477,1.2353077591767943,2.9133252853943006,-0.12422422052745523,200,3108,0.07501402131239485,18.3505348338279,True,0.02475622800011479,8.736305066215534,18.361814157769665,9.62550909155413,True,711.5035056174825,,,,,,,0,,,,,,,,,,,,,,,,,,,,
ridge_affine_multibranch,same_well_masked,4,tr0000b,3108,8548.336380202836,1.6584420341875814,2.448474084272398,1.1449776201440969,200,3108,0.07501402131239485,18.3505348338279,True,0.032028960999923584,8.736305066215534,18.361814157769665,9.62550909155413,True,711.5035056174825,,,,,,,0,,,,,,,,,,,,,,,,,,,,
ridge_gated_gbdt,same_well_masked,4,tr0000b,3108,13981.686219529289,2.120993172960627,4.517053662556165,-1.718145474517687,200,3108,0.07501402131239485,18.3505348338279,True,0.1158105020003859,8.736305066215534,18.361814157769665,9.62550909155413,True,711.5035056174825,0.5220981718192151,1.0,,True,,,3108,1.0,,,,,,,,,,,,,,,,,,,
ridge_default,same_well_masked,4,tr00087,1529,11929.699408129383,2.793257720070259,4.737097428621752,-2.4727499155722246,2619,1529,0.14180024660912455,45.848866294193925,True,0.015497413000048255,45.58420518018518,47.132794815705,1.5485896355198179,True,657.9237395439635,,,,,,,0,,,,,,,,,,,,,,,,,,,,
ridge_affine_cal,same_well_masked,4,tr00087,1529,15122.745267155202,3.144934289538783,5.107964673405043,-2.882811562981207,2619,1529,0.14180024660912455,45.848866294193925,True,0.02370998700007476,45.58420518018518,47.132794815705,1.5485896355198179,True,657.9237395439635,,,,,,,0,,,,,,,,,,,,,,,,,,,,
ridge_multibranch,same_well_masked,4,tr00087,1529,13013.582338725071,2.9173913397729136,4.876396430323766,-2.6184698010954275,2619,1529,0.14180024660912455,45.848866294193925,True,0.024672099999406782,45.58420518018518,47.132794815705,1.5485896355198179,True,657.9237395439635,,,,,,,0,,,,,,,,,,,,,,,,,,,,
ridge_affine_multibranch,same_well_masked,4,tr00087,1529,16761.000635062188,3.3109012557931927,5.269172718312653,-3.075242566781731,2619,1529,0.14180024660912455,45.848866294193925,True,0.03749766900000395,45.58420518018518,47.132794815705,1.5485896355198179,True,657.9237395439635,,,,,,,0,,,,,,,,,,,,,,,,,,,,
ridge_gated_gbdt,same_well_masked,4,tr00087,1529,180.69484088395438,0.34377091791657177,0.5333294298113387,0.3217879649175996,2619,1529,0.14180024660912455,45.848866294193925,True,0.043596808000074816,45.58420518018518,47.132794815705,1.5485896355198179,True,657.9237395439635,0.9774413151621271,1.0,,True,,,0,0.0,,,,,,,,,,,,,,,,,,,
ridge_default,same_well_masked,4,tr00037,1859,12427.77223079728,2.58557385562312,4.997373336181742,-1.901482298006127,446,1859,0.143611911623439,26.15782219371062,True,0.015346269000474422,26.141950338555517,31.4001838915549,5.258233552999382,True,647.44359648813,,,,,,,0,,,,,,,,,,,,,,,,,,,,
ridge_affine_cal,same_well_masked,4,tr00037,1859,11274.185273319585,2.4626511114397442,4.869118723403169,-1.7326011196108122,446,1859,0.143611911623439,26.15782219371062,True,0.02335989699986385,26.141950338555517,31.4001838915549,5.258233552999382,True,647.44359648813,,,,,,,0,,,,,,,,,,,,,,,,,,,,
ridge_multibranch,same_well_masked,4,tr00037,1859,11183.494435502695,2.4527261880127327,4.830843720518221,-1.7074638052860613,446,1859,0.143611911623439,26.15782219371062,True,0.024162962999980664,26.141950338555517,31.4001838915549,5.258233552999382,True,647.44359648813,,,,,,,0,,,,,,,,,,,,,,,,,,,,
ridge_affine_multibranch,same_well_masked,4,tr00037,1859,10206.00326921449,2.343085609130194,4.718708068475568,-1.549380504921156,446,1859,0.143611911623439,26.15782219371062,True,0.031048867000208702,26.141950338555517,31.4001838915549,5.258233552999382,True,647.44359648813,,,,,,,0,,,,,,,,,,,,,,,,,,,,
ridge_gated_gbdt,same_well_masked,4,tr00037,1859,39.026776496225,0.14489107870625872,0.46345511226222413,-0.06290298932569596,446,1859,0.143611911623439,26.15782219371062,True,0.04261648099964077,26.141950338555517,31.4001838915549,5.258233552999382,True,647.44359648813,0.8975012903750753,1.0,,True,,,0,0.0,,,,,,,,,,,,,,,,,,,
ridge_default,same_well_masked,4,tr00072,3239,2434.4982608067885,0.8669603991448118,1.588294858944506,-0.8098139318276428,200,3239,0.0656386462882096,0.0607760733054658,True,0.015938280999762355,-6.024729919107667,0.0755149179173781,6.100244837025045,True,636.328562764627,,,,,,,0,,,,,,,,,,,,,,,,,,,,
ridge_affine_cal,same_well_masked,4,tr00072,3239,827.8943752205768,0.5055708108398429,1.250709024352619,-0.3738831890145459,200,3239,0.0656386462882096,0.0607760733054658,True,0.024330027000360133,-6.024729919107667,0.0755149179173781,6.100244837025045,True,636.328562764627,,,,,,,0,,,,,,,,,,,,,,,,,,,,
ridge_multibranch,same_well_masked,4,tr00072,3239,337.55396603255866,0.3228242371998537,0.5699519113564337,0.17525862634452555,200,3239,0.0656386462882096,0.0607760733054658,True,0.02443853200020385,-6.024729919107667,0.0755149179173781,6.100244837025045,True,636.328562764627,,,,,,,0,,,,,,,,,,,,,,,,,,,,
ridge_affine_multibranch,same_well_masked,4,tr00072,3239,2090.6999621070154,0.8034158246977786,1.235940062897642,0.7474597369100837,200,3239,0.0656386462882096,0.0607760733054658,True,0.031318291000388854,-6.024729919107667,0.0755149179173781,6.100244837025045,True,636.328562764627,,,,,,,0,,,,,,,,,,,,,,,,,,,,
ridge_gated_gbdt,same_well_masked,4,tr00072,3239,2434.4982608067885,0.8669603991448118,1.588294858944506,-0.8098139318276428,200,3239,0.0656386462882096,0.0607760733054658,True,0.12136207200001081,-6.024729919107667,0.0755149179173781,6.100244837025045,True,636.328562764627,0.9758662162115564,1.0,,True,,,3239,1.0,,,,,,,,,,,,,,,,,,,
ridge_default,same_well_masked,4,tr000d4,2949,567.0178171682782,0.43849128541121496,1.0561899202457887,0.0464216816382839,200,2949,0.057502503218423685,15.162659653263928,True,0.016053461999945284,5.747008978927156,15.176480928274335,9.429471949347178,True,654.4677970079786,,,,,,,0,,,,,,,,,,,,,,,,,,,,
ridge_affine_cal,same_well_masked,4,tr000d4,2949,729.0540637198872,0.4972130070752823,1.236627608067641,-0.022887206334409892,200,2949,0.057502503218423685,15.162659653263928,True,0.02363744800004497,5.747008978927156,15.176480928274335,9.429471949347178,True,654.4677970079786,,,,,,,0,,,,,,,,,,,,,,,,,,,,
ridge_multibranch,same_well_masked,4,tr000d4,2949,770.5243156230684,0.5111587364572621,1.3926373275382442,-0.3092817625281035,200,2949,0.057502503218423685,15.162659653263928,True,0.02447004100031336,5.747008978927156,15.176480928274335,9.429471949347178,True,654.4677970079786,,,,,,,0,,,,,,,,,,,,,,,,,,,,
ridge_affine_multibranch,same_well_masked,4,tr000d4,2949,962.6498969272068,0.5713428516183227,1.5507479486620621,-0.3186589504759015,200,2949,0.057502503218423685,15.162659653263928,True,0.03168333499979781,5.747008978927156,15.176480928274335,9.429471949347178,True,654.4677970079786,,,,,,,0,,,,,,,,,,,,,,,,,,,,
ridge_gated_gbdt,same_well_masked,4,tr000d4,2949,567.0178171682782,0.43849128541121496,1.0561899202457887,0.0464216816382839,200,2949,0.057502503218423685,15.162659653263928,True,0.11679990999982692,5.747008978927156,15.176480928274335,9.429471949347178,True,654.4677970079786,0.7942966340971295,0.0,,True,,,2949,1.0,,,,,,,,,,,,,,,,,,,
ridge_default,same_well_masked,4,tr0006c,3992,335.1162846817519,0.28973602658392217,0.633262267174483,0.21420570711686715,384,3992,0.0,-1.0556935381221215,True,0.01606424000055995,-4.196799748176155,-1.0173130028295203,3.179486745346635,True,661.2376378606227,,,,,,,0,,,,,,,,,,,,,,,,,,,,
ridge_affine_cal,same_well_masked,4,tr0006c,3992,1329.3040941872403,0.5770545966907584,0.8694852774737343,0.5426592409009795,384,3992,0.0,-1.0556935381221215,True,0.024877537999600463,-4.196799748176155,-1.0173130028295203,3.179486745346635,True,661.2376378606227,,,,,,,0,,,,,,,,,,,,,,,,,,,,
ridge_multibranch,same_well_masked,4,tr0006c,3992,338.81072956150933,0.291328727119155,0.6127126552588382,0.2129169833468856,384,3992,0.0,-1.0556935381221215,True,0.024094363000585872,-4.196799748176155,-1.0173130028295203,3.179486745346635,True,661.2376378606227,,,,,,,0,,,,,,,,,,,,,,,,,,,,
ridge_affine_multibranch,same_well_masked,4,tr0006c,3992,1692.9761497725915,0.6512236343123011,0.9973579058007045,0.6200492592466214,384,3992,0.0,-1.0556935381221215,True,0.030835973999273847,-4.196799748176155,-1.0173130028295203,3.179486745346635,True,661.2376378606227,,,,,,,0,,,,,,,,,,,,,,,,,,,,
ridge_gated_gbdt,same_well_masked,4,tr0006c,3992,4177.725470924894,1.0229977598041708,2.1466777471955396,-0.8486721665490534,384,3992,0.0,-1.0556935381221215,True,0.04242223700020986,-4.196799748176155,-1.0173130028295203,3.179486745346635,True,661.2376378606227,0.9641122165801351,1.0,,True,,,0,0.0,,,,,,,,,,,,,,,,,,,
ridge_default,same_well_masked,4,tr0004f,2033,1236.5705062812135,0.7799032903461659,1.4134806786064336,-0.39805026847795,200,2033,0.15246842709529276,3.769201697740981,True,0.014748440000403207,3.564245473655747,5.105267335909128,1.5410218622533804,True,722.0336977581765,,,,,,,0,,,,,,,,,,,,,,,,,,,,
ridge_affine_cal,same_well_masked,4,tr0004f,2033,2145.6399693660032,1.0273294452909598,1.8104898037629455,-0.8053606626780823,200,2033,0.15246842709529276,3.769201697740981,True,0.021362300999498984,3.564245473655747,5.105267335909128,1.5410218622533804,True,722.0336977581765,,,,,,,0,,,,,,,,,,,,,,,,,,,,
ridge_multibranch,same_well_masked,4,tr0004f,2033,1447.86814463141,0.843909386106347,1.5463412081582764,-0.517300817412996,200,2033,0.15246842709529276,3.769201697740981,True,0.02178197099965473,3.564245473655747,5.105267335909128,1.5410218622533804,True,722.0336977581765,,,,,,,0,,,,,,,,,,,,,,,,,,,,
ridge_affine_multibranch,same_well_masked,4,tr0004f,2033,2717.7349400173644,1.1562050437980989,1.9650320522871239,-0.9724498341191952,200,2033,0.15246842709529276,3.769201697740981,True,0.026870808999774454,3.564245473655747,5.105267335909128,1.5410218622533804,True,722.0336977581765,,,,,,,0,,,,,,,,,,,,,,,,,,,,
ridge_gated_gbdt,same_well_masked,4,tr0004f,2033,1236.5705062812135,0.7799032903461659,1.4134806786064336,-0.39805026847795,200,2033,0.15246842709529276,3.769201697740981,True,0.08528821500021877,3.564245473655747,5.105267335909128,1.5410218622533804,True,722.0336977581765,0.0,0.0,,False,affine_calibration_unusable,,2033,1.0,,,,,,,,,,,,,,,,,,,
ridge_default,same_well_masked,4,tr000c3,3649,2490.255145880715,0.8261045067286986,1.3517690975736656,0.7765662386234632,933,3649,0.07520349896731868,30.20382451664024,True,0.018288590000338445,30.185350855413382,36.05119562726279,5.86584477184941,True,673.9150773279409,,,,,,,0,,,,,,,,,,,,,,,,,,,,
ridge_affine_cal,same_well_masked,4,tr000c3,3649,1598.7602736288889,0.6619188399903294,1.2904114948444416,0.5862744202423185,933,3649,0.07520349896731868,30.20382451664024,True,0.03931603099954373,30.185350855413382,36.05119562726279,5.86584477184941,True,673.9150773279409,,,,,,,0,,,,,,,,,,,,,,,,,,,,
ridge_multibranch,same_well_masked,4,tr000c3,3649,1497.1450296270455,0.6405381553242215,1.0986484352723878,0.5911105229318794,933,3649,0.07520349896731868,30.20382451664024,True,0.034687043000303674,30.185350855413382,36.05119562726279,5.86584477184941,True,673.9150773279409,,,,,,,0,,,,,,,,,,,,,,,,,,,,
ridge_affine_multibranch,same_well_masked,4,tr000c3,3649,1095.5293483823496,0.5479299964444896,1.1421946230696562,0.46404318726142213,933,3649,0.07520349896731868,30.20382451664024,True,0.04315001899976778,30.185350855413382,36.05119562726279,5.86584477184941,True,673.9150773279409,,,,,,,0,,,,,,,,,,,,,,,,,,,,
ridge_gated_gbdt,same_well_masked,4,tr000c3,3649,82.95441480225696,0.15077620925987267,0.3429610459058523,0.1279591709392368,933,3649,0.07520349896731868,30.20382451664024,True,0.05758400200011238,30.185350855413382,36.05119562726279,5.86584477184941,True,673.9150773279409,0.898610208056572,0.5,,True,,,0,0.0,,,,,,,,,,,,,,,,,,,
ridge_default,same_well_masked,4,tr000dc,3319,3393.8862496577203,1.0112185200772925,1.710154884609615,-0.9870477114740347,2339,3319,0.059708143032193385,46.69029214512115,True,0.022810948999904213,43.23597171828624,47.81858543815389,4.582613719867652,True,676.7678518186341,,,,,,,0,,,,,,,,,,,,,,,,,,,,
ridge_affine_cal,same_well_masked,4,tr000dc,3319,5317.900046658482,1.2658039859473336,2.0279837127401095,-1.2440875325146592,2339,3319,0.059708143032193385,46.69029214512115,True,0.03458651799974177,43.23597171828624,47.81858543815389,4.582613719867652,True,676.7678518186341,,,,,,,0,,,,,,,,,,,,,,,,,,,,
ridge_multibranch,same_well_masked,4,tr000dc,3319,3081.7547699488723,0.9635969400923655,1.7043262579896776,-0.9404293667671113,2339,3319,0.059708143032193385,46.69029214512115,True,0.02640561800035357,43.23597171828624,47.81858543815389,4.582613719867652,True,676.7678518186341,,,,,,,0,,,,,,,,,,,,,,,,,,,,
ridge_affine_multibranch,same_well_masked,4,tr000dc,3319,4214.202139868872,1.126818725373352,1.899668065880121,-1.1045235476240367,2339,3319,0.059708143032193385,46.69029214512115,True,0.03493865600012214,43.23597171828624,47.81858543815389,4.582613719867652,True,676.7678518186341,,,,,,,0,,,,,,,,,,,,,,,,,,,,
ridge_gated_gbdt,same_well_masked,4,tr000dc,3319,4291.904064001375,1.137159481096578,2.7616742443750155,-0.5737546958919807,2339,3319,0.059708143032193385,46.69029214512115,True,0.04866178599968407,43.23597171828624,47.81858543815389,4.582613719867652,True,676.7678518186341,0.9508404702868576,1.0,,True,,,0,0.0,,,,,,,,,,,,,,,,,,,
ridge_default,same_well_masked,4,tr00086,2543,5294.929963326616,1.4429687637152955,1.9902708332016985,-1.397457197937181,2060,2543,0.0,34.8829009754196,True,0.016551046000131464,32.375348275490424,35.49033653287878,3.1149882573883545,True,678.7274740022692,,,,,,,0,,,,,,,,,,,,,,,,,,,,
ridge_affine_cal,same_well_masked,4,tr00086,2543,4461.078848211007,1.324484162450866,2.005100840048449,-1.2681960971825514,2060,2543,0.0,34.8829009754196,True,0.02470477299993945,32.375348275490424,35.49033653287878,3.1149882573883545,True,678.7274740022692,,,,,,,0,,,,,,,,,,,,,,,,,,,,
ridge_multibranch,same_well_masked,4,tr00086,2543,9788.68159353472,1.961954452756035,2.506423930385097,-1.9310423585083085,2060,2543,0.0,34.8829009754196,True,0.025609932000406843,32.375348275490424,35.49033653287878,3.1149882573883545,True,678.7274740022692,,,,,,,0,,,,,,,,,,,,,,,,,,,,
ridge_affine_multibranch,same_well_masked,4,tr00086,2543,8131.573824864276,1.7881919049630368,2.496762622013879,-1.7472493458213718,2060,2543,0.0,34.8829009754196,True,0.03453395599990472,32.375348275490424,35.49033653287878,3.1149882573883545,True,678.7274740022692,,,,,,,0,,,,,,,,,,,,,,,,,,,,
ridge_gated_gbdt,same_well_masked,4,tr00086,2543,12659.014998737226,2.2311397677613933,3.4536780479781726,-1.747423525961321,2060,2543,0.0,34.8829009754196,True,0.04505699399942387,32.375348275490424,35.49033653287878,3.1149882573883545,True,678.7274740022692,0.9079806968332967,0.6,,True,,,0,0.0,,,,,,,,,,,,,,,,,,,
ridge_default,same_well_masked,4,tr00015,1499,3231.14401663817,1.4681733661642924,1.9998057273696972,-1.3954914937294451,2428,1499,0.0,30.51125903804824,True,0.015190635999715596,30.29169429141245,32.39972393553979,2.1080296441273383,True,677.1582975519764,,,,,,,0,,,,,,,,,,,,,,,,,,,,
ridge_affine_cal,same_well_masked,4,tr00015,1499,2448.953697799444,1.2781725034198743,1.8290924593094147,-1.1967930960615722,2428,1499,0.0,30.51125903804824,True,0.024949644999651355,30.29169429141245,32.39972393553979,2.1080296441273383,True,677.1582975519764,,,,,,,0,,,,,,,,,,,,,,,,,,,,
ridge_multibranch,same_well_masked,4,tr00015,1499,18033.449371941046,3.4684751396673374,4.066090587106423,-3.4368263853254106,2428,1499,0.0,30.51125903804824,True,0.02517732700016495,30.29169429141245,32.39972393553979,2.1080296441273383,True,677.1582975519764,,,,,,,0,,,,,,,,,,,,,,,,,,,,
ridge_affine_multibranch,same_well_masked,4,tr00015,1499,17417.800261106717,3.408755381304276,4.041163574253101,-3.3771425107068263,2428,1499,0.0,30.51125903804824,True,0.03164509900034318,30.29169429141245,32.39972393553979,2.1080296441273383,True,677.1582975519764,,,,,,,0,,,,,,,,,,,,,,,,,,,,
ridge_gated_gbdt,same_well_masked,4,tr00015,1499,829.3544544076277,0.7438224367975246,1.3705294802178614,-0.5085337367980414,2428,1499,0.0,30.51125903804824,True,0.04476547300055245,30.29169429141245,32.39972393553979,2.1080296441273383,True,677.1582975519764,0.9783328936747734,0.6,,True,,,0,0.0,,,,,,,,,,,,,,,,,,,
ridge_default,same_well_masked,4,tr000bc,4159,3183.489649259399,0.8748976719280551,1.2416267520399593,0.7918719562174673,619,4159,0.0,11.617632423031637,True,0.016084763999970164,7.616300336743522,11.621224933983122,4.0049245972396,True,652.7748454662177,,,,,,,0,,,,,,,,,,,,,,,,,,,,
ridge_affine_cal,same_well_masked,4,tr000bc,4159,3280.7344555792893,0.8881597335669502,1.2916016516234663,0.7993101801630218,619,4159,0.0,11.617632423031637,True,0.02422624199971324,7.616300336743522,11.621224933983122,4.0049245972396,True,652.7748454662177,,,,,,,0,,,,,,,,,,,,,,,,,,,,
ridge_multibranch,same_well_masked,4,tr000bc,4159,10658.81751560681,1.6008846973732733,1.9954778602546241,1.5630337286132017,619,4159,0.0,11.617632423031637,True,0.024778354000773106,7.616300336743522,11.621224933983122,4.0049245972396,True,652.7748454662177,,,,,,,0,,,,,,,,,,,,,,,,,,,,
ridge_affine_multibranch,same_well_masked,4,tr000bc,4159,11175.825248803107,1.6392505609979007,2.080783370393714,1.601222120001453,619,4159,0.0,11.617632423031637,True,0.03469588799998746,7.616300336743522,11.621224933983122,4.0049245972396,True,652.7748454662177,,,,,,,0,,,,,,,,,,,,,,,,,,,,
ridge_gated_gbdt,same_well_masked,4,tr000bc,4159,2963.4145797794927,0.8441152500511747,1.4233353760932301,-0.7728307980816889,619,4159,0.0,11.617632423031637,True,0.045380284000202664,7.616300336743522,11.621224933983122,4.0049245972396,True,652.7748454662177,0.8559349356191641,1.0,,True,,,0,0.0,,,,,,,,,,,,,,,,,,,
ridge_default,same_well_masked,4,tr0007d,3208,3003.0759048519803,0.9675334195630224,1.7437513405121932,0.8832296073631314,2215,3208,0.05410728768393002,-0.7527336325712923,True,0.0158594370004721,-1.7826379858306505,2.105265168685044,3.887903154515694,True,675.7113303058477,,,,,,,0,,,,,,,,,,,,,,,,,,,,
ridge_affine_cal,same_well_masked,4,tr0007d,3208,1867.644782515065,0.7630095252988104,1.5368863586651618,0.6723726480143254,2215,3208,0.05410728768393002,-0.7527336325712923,True,0.025008610999975645,-1.7826379858306505,2.105265168685044,3.887903154515694,True,675.7113303058477,,,,,,,0,,,,,,,,,,,,,,,,,,,,
ridge_multibranch,same_well_masked,4,tr0007d,3208,3085.9284827360384,0.9807893664806467,1.7943387404530766,0.8923683913455404,2215,3208,0.05410728768393002,-0.7527336325712923,True,0.024566692000007606,-1.7826379858306505,2.105265168685044,3.887903154515694,True,675.7113303058477,,,,,,,0,,,,,,,,,,,,,,,,,,,,
ridge_affine_multibranch,same_well_masked,4,tr0007d,3208,1865.058503475197,0.7624810417240075,1.6328748896081042,0.6681436303170676,2215,3208,0.05410728768393002,-0.7527336325712923,True,0.03361738400053582,-1.7826379858306505,2.105265168685044,3.887903154515694,True,675.7113303058477,,,,,,,0,,,,,,,,,,,,,,,,,,,,
ridge_gated_gbdt,same_well_masked,4,tr0007d,3208,5291.588713586988,1.2843277341372987,3.5505178160473507,-0.6426008771416222,2215,3208,0.05410728768393002,-0.7527336325712923,True,0.04545855800006393,-1.7826379858306505,2.105265168685044,3.887903154515694,True,675.7113303058477,0.9803019235297212,1.0,,True,,,0,0.0,,,,,,,,,,,,,,,,,,,
ridge_default,same_well_masked,4,tr000d2,2433,106.69391127729457,0.2094106494171473,0.39978639143141237,0.11313401441857773,2747,2433,0.08656245895179299,36.20079167313644,True,0.015514151999923342,36.09214413522618,36.8220222757745,0.7298781405483226,True,669.2276484319224,,,,,,,0,,,,,,,,,,,,,,,,,,,,
ridge_affine_cal,same_well_masked,4,tr000d2,2433,185.3805109244504,0.2760329856660044,0.6914568698225452,-0.23776177393118003,2747,2433,0.08656245895179299,36.20079167313644,True,0.02550705100020423,36.09214413522618,36.8220222757745,0.7298781405483226,True,669.2276484319224,,,,,,,0,,,,,,,,,,,,,,,,,,,,
ridge_multibranch,same_well_masked,4,tr000d2,2433,983.3469232365151,0.6357440835431964,1.1510700244551444,-0.609941939484994,2747,2433,0.08656245895179299,36.20079167313644,True,0.025523805000375432,36.09214413522618,36.8220222757745,0.7298781405483226,True,669.2276484319224,,,,,,,0,,,,,,,,,,,,,,,,,,,,
ridge_affine_multibranch,same_well_masked,4,tr000d2,2433,3258.72459174276,1.1573181777129224,1.6515476787022507,-1.1485993586763097,2747,2433,0.08656245895179299,36.20079167313644,True,0.032952761000160535,36.09214413522618,36.8220222757745,0.7298781405483226,True,669.2276484319224,,,,,,,0,,,,,,,,,,,,,,,,,,,,
ridge_gated_gbdt,same_well_masked,4,tr000d2,2433,2427.1362372813196,0.9987942252281414,1.9672967579371274,-0.702100205314092,2747,2433,0.08656245895179299,36.20079167313644,True,0.045813429999725486,36.09214413522618,36.8220222757745,0.7298781405483226,True,669.2276484319224,0.9281484286043533,0.9,,True,,,0,0.0,,,,,,,,,,,,,,,,,,,
ridge_default,same_well_masked,4,tr000db,1571,3744.314747503273,1.5438250436620438,2.8615168900697725,1.2071347620160398,1697,1571,0.02748501756561273,41.938692075059066,True,0.01507453800059011,39.64900399327984,41.96509314223354,2.3160891489537008,True,645.6040063091283,,,,,,,0,,,,,,,,,,,,,,,,,,,,
ridge_affine_cal,same_well_masked,4,tr000db,1571,3189.1919568840876,1.424794524787289,2.713555819726814,1.0351039015155725,1697,1571,0.02748501756561273,41.938692075059066,True,0.02304171400010091,39.64900399327984,41.96509314223354,2.3160891489537008,True,645.6040063091283,,,,,,,0,,,,,,,,,,,,,,,,,,,,
ridge_multibranch,same_well_masked,4,tr000db,1571,4285.199947652296,1.6515717775824554,2.996491920444214,1.3432454876107196,1697,1571,0.02748501756561273,41.938692075059066,True,0.024843459999829065,39.64900399327984,41.96509314223354,2.3160891489537008,True,645.6040063091283,,,,,,,0,,,,,,,,,,,,,,,,,,,,
ridge_affine_multibranch,same_well_masked,4,tr000db,1571,3433.530337884789,1.4783673142706275,2.7950921141418377,1.1014600860306276,1697,1571,0.02748501756561273,41.938692075059066,True,0.032534984000449185,39.64900399327984,41.96509314223354,2.3160891489537008,True,645.6040063091283,,,,,,,0,,,,,,,,,,,,,,,,,,,,
ridge_gated_gbdt,same_well_masked,4,tr000db,1571,47.96205334328623,0.17472731021946303,0.35419263002258816,0.14724451668397412,1697,1571,0.02748501756561273,41.938692075059066,True,0.04304172100000869,39.64900399327984,41.96509314223354,2.3160891489537008,True,645.6040063091283,0.9071334674564516,1.0,,True,,,0,0.0,,,,,,,,,,,,,,,,,,,
ridge_default,same_well_masked,4,tr0002e,1838,2903.811066092359,1.256930962309019,1.7175586265103409,-1.1722319651033317,559,1838,0.1563164108618654,7.009145607862524,True,0.015160184000706067,4.1432388675598615,7.009038010108671,2.865799142548809,True,645.2007274615717,,,,,,,0,,,,,,,,,,,,,,,,,,,,
ridge_affine_cal,same_well_masked,4,tr0002e,1838,3664.3074940266224,1.4119626278601283,1.9432205445549577,-1.3270629730299595,559,1838,0.1563164108618654,7.009145607862524,True,0.02283901699956914,4.1432388675598615,7.009038010108671,2.865799142548809,True,645.2007274615717,,,,,,,0,,,,,,,,,,,,,,,,,,,,
ridge_multibranch,same_well_masked,4,tr0002e,1838,5687.161907479087,1.7590372755635784,2.2655856124674534,-1.6956752171589429,559,1838,0.1563164108618654,7.009145607862524,True,0.023679387999436585,4.1432388675598615,7.009038010108671,2.865799142548809,True,645.2007274615717,,,,,,,0,,,,,,,,,,,,,,,,,,,,
ridge_affine_multibranch,same_well_masked,4,tr0002e,1838,6871.994625259478,1.9336089698095933,2.534984429115669,-1.8644383201997434,559,1838,0.1563164108618654,7.009145607862524,True,0.030223226999623876,4.1432388675598615,7.009038010108671,2.865799142548809,True,645.2007274615717,,,,,,,0,,,,,,,,,,,,,,,,,,,,
ridge_gated_gbdt,same_well_masked,4,tr0002e,1838,482.1358034750569,0.5121674076593267,1.2518690980366616,0.34345799290994206,559,1838,0.1563164108618654,7.009145607862524,True,0.04091926599994622,4.1432388675598615,7.009038010108671,2.865799142548809,True,645.2007274615717,0.9802415171719612,1.0,,True,,,0,0.0,,,,,,,,,,,,,,,,,,,
ridge_default,same_well_masked,4,tr000df,1788,8644.362801320842,2.1987848486339283,3.8355462240939637,-1.8779330072994889,1558,1788,0.625633034670822,13.822543535935903,True,0.014972124999985681,13.080377973798942,14.90087612704955,1.8204981532506075,True,699.8682258186824,,,,,,,0,,,,,,,,,,,,,,,,,,,,
ridge_affine_cal,same_well_masked,4,tr000df,1788,7358.602225821283,2.0286816761878868,3.62353443030576,-1.6825183694005783,1558,1788,0.625633034670822,13.822543535935903,True,0.021450958000059472,13.080377973798942,14.90087612704955,1.8204981532506075,True,699.8682258186824,,,,,,,0,,,,,,,,,,,,,,,,,,,,
ridge_multibranch,same_well_masked,4,tr000df,1788,9183.734762827838,2.2663444092739606,3.929411305718565,-1.9514131146413198,1558,1788,0.625633034670822,13.822543535935903,True,0.023130726000090363,13.080377973798942,14.90087612704955,1.8204981532506075,True,699.8682258186824,,,,,,,0,,,,,,,,,,,,,,,,,,,,
ridge_affine_multibranch,same_well_masked,4,tr000df,1788,7906.26299803835,2.1028188971804305,3.7202189023219177,-1.7700957793970293,1558,1788,0.625633034670822,13.822543535935903,True,0.02682530499987479,13.080377973798942,14.90087612704955,1.8204981532506075,True,699.8682258186824,,,,,,,0,,,,,,,,,,,,,,,,,,,,
ridge_gated_gbdt,same_well_masked,4,tr000df,1788,8644.362801320842,2.1987848486339283,3.8355462240939637,-1.8779330072994889,1558,1788,0.625633034670822,13.822543535935903,True,0.03862898499937728,13.080377973798942,14.90087612704955,1.8204981532506075,True,699.8682258186824,0.0,0.0,,False,affine_calibration_unusable,,1788,1.0,,,,,,,,,,,,,,,,,,,
ridge_default,same_well_masked,4,tr00068,2525,4377.878318954188,1.316743405385203,1.8082629863175068,1.3024072979331784,1684,2525,0.06712206712206713,8.21132495170733,True,0.01533875600034662,8.210968229469096,11.18632952353213,2.9753612940630347,True,643.0085229573327,,,,,,,0,,,,,,,,,,,,,,,,,,,,
ridge_affine_cal,same_well_masked,4,tr00068,2525,3069.9472865517428,1.1026426019092699,1.5644036877231038,1.0889981834990257,1684,2525,0.06712206712206713,8.21132495170733,True,0.023897930999737582,8.210968229469096,11.18632952353213,2.9753612940630347,True,643.0085229573327,,,,,,,0,,,,,,,,,,,,,,,,,,,,
ridge_multibranch,same_well_masked,4,tr00068,2525,2732.952531521756,1.0403640892622341,1.5400900720117097,1.0192192874640835,1684,2525,0.06712206712206713,8.21132495170733,True,0.02740039199943567,8.210968229469096,11.18632952353213,2.9753612940630347,True,643.0085229573327,,,,,,,0,,,,,,,,,,,,,,,,,,,,
ridge_affine_multibranch,same_well_masked,4,tr00068,2525,1689.5922143772568,0.8180130997951912,1.2820356513217845,0.7981291377913714,1684,2525,0.06712206712206713,8.21132495170733,True,0.03252762099964457,8.210968229469096,11.18632952353213,2.9753612940630347,True,643.0085229573327,,,,,,,0,,,,,,,,,,,,,,,,,,,,
ridge_gated_gbdt,same_well_masked,4,tr00068,2525,53.61048573545072,0.1457116177207307,0.30561731194812936,-0.10694860441662421,1684,2525,0.06712206712206713,8.21132495170733,True,0.04546460099936667,8.210968229469096,11.18632952353213,2.9753612940630347,True,643.0085229573327,0.9067933853769562,1.0,,True,,,0,0.0,,,,,,,,,,,,,,,,,,,
ridge_default,same_well_masked,4,tr000bf,2997,7242.048706658423,1.5544879118928614,2.933714419282488,-0.8369017064323379,200,2997,0.719300866447565,5.326118548643445,True,0.015339434000452457,5.304520381593457,15.840425279521488,10.535904897928031,True,708.7421612804604,,,,,,,0,,,,,,,,,,,,,,,,,,,,
ridge_affine_cal,same_well_masked,4,tr000bf,2997,26477.8828180433,2.972338428759896,4.9467833721533285,-2.6857848558975554,200,2997,0.719300866447565,5.326118548643445,True,0.023889000000053784,5.304520381593457,15.840425279521488,10.535904897928031,True,708.7421612804604,,,,,,,0,,,,,,,,,,,,,,,,,,,,
ridge_multibranch,same_well_masked,4,tr000bf,2997,5962.819275261612,1.410530404177206,2.5771823509694975,-0.4872972096710695,200,2997,0.719300866447565,5.326118548643445,True,0.025092625000070257,5.304520381593457,15.840425279521488,10.535904897928031,True,708.7421612804604,,,,,,,0,,,,,,,,,,,,,,,,,,,,
ridge_affine_multibranch,same_well_masked,4,tr000bf,2997,19525.486564029172,2.552451866710699,4.4601468457949025,-2.2119532477373562,200,2997,0.719300866447565,5.326118548643445,True,0.03168720099984057,5.304520381593457,15.840425279521488,10.535904897928031,True,708.7421612804604,,,,,,,0,,,,,,,,,,,,,,,,,,,,
ridge_gated_gbdt,same_well_masked,4,tr000bf,2997,7242.048706658423,1.5544879118928614,2.933714419282488,-0.8369017064323379,200,2997,0.719300866447565,5.326118548643445,True,0.10196426900074584,5.304520381593457,15.840425279521488,10.535904897928031,True,708.7421612804604,0.9990259451858385,1.0,,True,,,2997,1.0,,,,,,,,,,,,,,,,,,,
ridge_default,same_well_masked,4,tr00079,1768,5150.031299709652,1.7067259976509104,2.9165814098661293,-1.3584113922721714,1058,1768,0.15063125816282108,4.970876651971599,True,0.014962159999413416,4.991165364666721,15.239605787771056,10.248440423104334,True,689.0182092741414,,,,,,,0,,,,,,,,,,,,,,,,,,,,
ridge_affine_cal,same_well_masked,4,tr00079,1768,3686.5632491508322,1.4440083825226637,2.5497764018553717,-0.9900934597677575,1058,1768,0.15063125816282108,4.970876651971599,True,0.0232177199995931,4.991165364666721,15.239605787771056,10.248440423104334,True,689.0182092741414,,,,,,,0,,,,,,,,,,,,,,,,,,,,
ridge_multibranch,same_well_masked,4,tr00079,1768,4188.330786573988,1.5391443652307233,2.6911490063273185,-1.1689897253415908,1058,1768,0.15063125816282108,4.970876651971599,True,0.023915548999866587,4.991165364666721,15.239605787771056,10.248440423104334,True,689.0182092741414,,,,,,,0,,,,,,,,,,,,,,,,,,,,
ridge_affine_multibranch,same_well_masked,4,tr00079,1768,2782.96305942859,1.2546211095928843,2.245653135436159,-0.7472258887803226,1058,1768,0.15063125816282108,4.970876651971599,True,0.029573485000582878,4.991165364666721,15.239605787771056,10.248440423104334,True,689.0182092741414,,,,,,,0,,,,,,,,,,,,,,,,,,,,
ridge_gated_gbdt,same_well_masked,4,tr00079,1768,44639.87920408966,5.024818449934469,6.633884536130703,-4.070480781706497,1058,1768,0.15063125816282108,4.970876651971599,True,0.040116834999935236,4.991165364666721,15.239605787771056,10.248440423104334,True,689.0182092741414,0.9822398621650882,1.0,,True,,,0,0.0,,,,,,,,,,,,,,,,,,,
ridge_default,same_well_masked,4,tr0001d,2994,34954.67692800031,3.416856566141939,5.3793700595588625,-3.119376445771133,749,2994,0.03458512691108802,19.230484880439956,True,0.014847698000266973,17.06834601307085,19.28817769487248,2.2198316818016295,True,648.5699221517228,,,,,,,0,,,,,,,,,,,,,,,,,,,,
ridge_affine_cal,same_well_masked,4,tr0001d,2994,29154.292421296494,3.120508391112497,5.071972132607618,-2.7997352137322467,749,2994,0.03458512691108802,19.230484880439956,True,0.022595448999709333,17.06834601307085,19.28817769487248,2.2198316818016295,True,648.5699221517228,,,,,,,0,,,,,,,,,,,,,,,,,,,,
ridge_multibranch,same_well_masked,4,tr0001d,2994,39870.32415532779,3.64921108389822,5.674330103354844,-3.3584766001062305,749,2994,0.03458512691108802,19.230484880439956,True,0.02366996000000654,17.06834601307085,19.28817769487248,2.2198316818016295,True,648.5699221517228,,,,,,,0,,,,,,,,,,,,,,,,,,,,
ridge_affine_multibranch,same_well_masked,4,tr0001d,2994,33316.06478464903,3.335807270888618,5.363374170034639,-3.0230099090836884,749,2994,0.03458512691108802,19.230484880439956,True,0.03080520300045464,17.06834601307085,19.28817769487248,2.2198316818016295,True,648.5699221517228,,,,,,,0,,,,,,,,,,,,,,,,,,,,
ridge_gated_gbdt,same_well_masked,4,tr0001d,2994,210.383582349924,0.2650818695770515,0.4452133761593089,-0.20118574025767122,749,2994,0.03458512691108802,19.230484880439956,True,0.04197061600007146,17.06834601307085,19.28817769487248,2.2198316818016295,True,648.5699221517228,0.8943819580635796,1.0,,True,,,0,0.0,,,,,,,,,,,,,,,,,,,
ridge_default,same_well_masked,4,tr0005f,2186,40143.76387883694,4.28532698775317,7.208848782870419,-3.7640934594461974,4357,2186,0.6859892312979723,40.32724945927989,True,0.015320729000450228,40.335795947249,46.35773814994447,6.02194220269547,True,684.2954529444941,,,,,,,0,,,,,,,,,,,,,,,,,,,,
ridge_affine_cal,same_well_masked,4,tr0005f,2186,41991.853114481695,4.382858416869595,7.3209711160433315,-3.8737525777811728,4357,2186,0.6859892312979723,40.32724945927989,True,0.02303313100037485,40.335795947249,46.35773814994447,6.02194220269547,True,684.2954529444941,,,,,,,0,,,,,,,,,,,,,,,,,,,,
ridge_multibranch,same_well_masked,4,tr0005f,2186,35682.42781477547,4.04019306779483,6.94800811732712,-3.4749275553767767,4357,2186,0.6859892312979723,40.32724945927989,True,0.022394411000277614,40.335795947249,46.35773814994447,6.02194220269547,True,684.2954529444941,,,,,,,0,,,,,,,,,,,,,,,,,,,,
ridge_affine_multibranch,same_well_masked,4,tr0005f,2186,35402.07849491545,4.024290297027082,6.939412757343618,-3.451656053111287,4357,2186,0.6859892312979723,40.32724945927989,True,0.029366021999521763,40.335795947249,46.35773814994447,6.02194220269547,True,684.2954529444941,,,,,,,0,,,,,,,,,,,,,,,,,,,,
ridge_gated_gbdt,same_well_masked,4,tr0005f,2186,40143.76387883694,4.28532698775317,7.208848782870419,-3.7640934594461974,4357,2186,0.6859892312979723,40.32724945927989,True,0.04389780100063945,40.335795947249,46.35773814994447,6.02194220269547,True,684.2954529444941,0.0,0.0,,False,insufficient_hidden_gr_rows,,2186,1.0,,,,,,,,,,,,,,,,,,,
ridge_default,unseen_well,0,tr00064,3443,15554.045291195203,2.1254611357437545,3.900713538726242,1.7046470877388458,3211,3443,0.6922152088969041,24.016208274871214,True,0.016421953000644862,13.685906180763732,24.013811563966115,10.327905383202383,True,669.9348929324711,,,,,,,0,,,,,,,,,,,,,,,,,,,,
ridge_affine_cal,unseen_well,0,tr00064,3443,17144.397364084594,2.231477954449059,4.031253793854601,1.8506791448623017,3211,3443,0.6922152088969041,24.016208274871214,True,0.023866108000220265,13.685906180763732,24.013811563966115,10.327905383202383,True,669.9348929324711,,,,,,,0,,,,,,,,,,,,,,,,,,,,
ridge_multibranch,unseen_well,0,tr00064,3443,12980.207649859343,1.9416560874297086,3.6609099995909116,1.4880980256255796,3211,3443,0.6922152088969041,24.016208274871214,True,0.02599283400013519,13.685906180763732,24.013811563966115,10.327905383202383,True,669.9348929324711,,,,,,,0,,,,,,,,,,,,,,,,,,,,
ridge_affine_multibranch,unseen_well,0,tr00064,3443,17328.563467034586,2.2434312716823523,3.9255138753923244,1.9220337583424087,3211,3443,0.6922152088969041,24.016208274871214,True,0.03156553400003759,13.685906180763732,24.013811563966115,10.327905383202383,True,669.9348929324711,,,,,,,0,,,,,,,,,,,,,,,,,,,,
ridge_gated_gbdt,unseen_well,0,tr00064,3443,95882.2354166535,5.277163670868613,9.20371443401077,3.7060623700080257,3211,3443,0.6922152088969041,24.016208274871214,True,0.21882010599983914,13.685906180763732,24.013811563966115,10.327905383202383,True,669.9348929324711,0.0,0.0,,False,insufficient_hidden_gr_rows,,0,0.0,,,,,,,,,,,,,,,,,,,
ridge_default,unseen_well,0,tr000c8,1353,8993.469106234117,2.578188846493767,4.547819461703167,2.223145573750692,3667,1353,0.07191235059760956,32.32835858817234,True,0.014254501999857894,27.70407836509382,32.37479042617929,4.670712061085467,True,682.7035459134614,,,,,,,0,,,,,,,,,,,,,,,,,,,,
ridge_affine_cal,unseen_well,0,tr000c8,1353,6983.218749578456,2.2718461890844837,4.233771973422012,1.8518260646585167,3667,1353,0.07191235059760956,32.32835858817234,True,0.022035553999558033,27.70407836509382,32.37479042617929,4.670712061085467,True,682.7035459134614,,,,,,,0,,,,,,,,,,,,,,,,,,,,
ridge_multibranch,unseen_well,0,tr000c8,1353,11801.698321881893,2.953407382615548,4.9639497026259,2.649683454166714,3667,1353,0.07191235059760956,32.32835858817234,True,0.023827538000659843,27.70407836509382,32.37479042617929,4.670712061085467,True,682.7035459134614,,,,,,,0,,,,,,,,,,,,,,,,,,,,
ridge_affine_multibranch,unseen_well,0,tr000c8,1353,9826.83458571328,2.694994756471372,4.707881183488613,2.355628162648143,3667,1353,0.07191235059760956,32.32835858817234,True,0.02992281200022262,27.70407836509382,32.37479042617929,4.670712061085467,True,682.7035459134614,,,,,,,0,,,,,,,,,,,,,,,,,,,,
ridge_gated_gbdt,unseen_well,0,tr000c8,1353,8272.674217826856,2.4727149960036017,4.7312532905841636,1.521277132148689,3667,1353,0.07191235059760956,32.32835858817234,True,0.14013803800025926,27.70407836509382,32.37479042617929,4.670712061085467,True,682.7035459134614,0.7153830391870293,0.19999999999999996,,True,,,0,0.0,,,,,,,,,,,,,,,,,,,
ridge_default,unseen_well,0,tr00000,2913,13012.200009245855,2.113513969862822,3.3237719066593527,1.9788418253209856,4162,2913,0.06148409893992933,60.15668237673304,True,0.01521238299937977,60.1053703674343,68.95446388952234,8.849093522088047,True,667.4722502222261,,,,,,,0,,,,,,,,,,,,,,,,,,,,
ridge_affine_cal,unseen_well,0,tr00000,2913,12618.081329219613,2.0812603895733157,3.302193127478297,1.9392344586673986,4162,2913,0.06148409893992933,60.15668237673304,True,0.022827843999948527,60.1053703674343,68.95446388952234,8.849093522088047,True,667.4722502222261,,,,,,,0,,,,,,,,,,,,,,,,,,,,
ridge_multibranch,unseen_well,0,tr00000,2913,18847.094175970073,2.5436184005839486,3.786068516960121,2.426098191337553,4162,2913,0.06148409893992933,60.15668237673304,True,0.023896562999652815,60.1053703674343,68.95446388952234,8.849093522088047,True,667.4722502222261,,,,,,,0,,,,,,,,,,,,,,,,,,,,
ridge_affine_multibranch,unseen_well,0,tr00000,2913,15598.378644866343,2.314032674272158,3.5660239528087985,2.1777010571453714,4162,2913,0.06148409893992933,60.15668237673304,True,0.03152511400003277,60.1053703674343,68.95446388952234,8.849093522088047,True,667.4722502222261,,,,,,,0,,,,,,,,,,,,,,,,,,,,
ridge_gated_gbdt,unseen_well,0,tr00000,2913,37081.34831632569,3.5678576306922634,7.859633885788412,-2.3205886367069777,4162,2913,0.06148409893992933,60.15668237673304,True,0.22120328699929814,60.1053703674343,68.95446388952234,8.849093522088047,True,667.4722502222261,0.7265314552099942,0.9,,True,,,0,0.0,,,,,,,,,,,,,,,,,,,
ridge_default,unseen_well,0,tr000c1,1926,1360.0752239725293,0.8403366852244543,1.6987090441130128,-0.670771931842917,2590,1926,0.14570416297608504,32.12444312825649,True,0.014712917999531783,29.70319748821088,32.17980650119199,2.476609012981111,True,680.5934507062915,,,,,,,0,,,,,,,,,,,,,,,,,,,,
ridge_affine_cal,unseen_well,0,tr000c1,1926,2715.5017283890834,1.1873996057226668,2.115018304792592,-1.0844773711839604,2590,1926,0.14570416297608504,32.12444312825649,True,0.022248310000577476,29.70319748821088,32.17980650119199,2.476609012981111,True,680.5934507062915,,,,,,,0,,,,,,,,,,,,,,,,,,,,
ridge_multibranch,unseen_well,0,tr000c1,1926,594.4206618047074,0.5555444420613421,1.2541446209751896,-0.2241419126672182,2590,1926,0.14570416297608504,32.12444312825649,True,0.02683323500059487,29.70319748821088,32.17980650119199,2.476609012981111,True,680.5934507062915,,,,,,,0,,,,,,,,,,,,,,,,,,,,
ridge_affine_multibranch,unseen_well,0,tr000c1,1926,970.6874337953211,0.709923516054809,1.6238424445429018,-0.5284148690810516,2590,1926,0.14570416297608504,32.12444312825649,True,0.036742876999596774,29.70319748821088,32.17980650119199,2.476609012981111,True,680.5934507062915,,,,,,,0,,,,,,,,,,,,,,,,,,,,
ridge_gated_gbdt,unseen_well,0,tr000c1,1926,1360.0752239725293,0.8403366852244543,1.6987090441130128,-0.670771931842917,2590,1926,0.14570416297608504,32.12444312825649,True,0.16769585000020015,29.70319748821088,32.17980650119199,2.476609012981111,True,680.5934507062915,0.7569029056675923,0.19999999999999996,,True,,,1926,1.0,,,,,,,,,,,,,,,,,,,
ridge_default,unseen_well,0,tr000d6,2057,312.8075342745592,0.38996125250005836,0.9166542152032235,-0.315191434495881,3839,2057,0.0,28.906117625964903,True,0.01539557500018418,21.251995245695458,28.90559189367845,7.653596647982994,True,688.6833937145938,,,,,,,0,,,,,,,,,,,,,,,,,,,,
ridge_affine_cal,unseen_well,0,tr000d6,2057,156.21372981652829,0.27557667455155327,0.7181946970315103,-0.13890533935472574,3839,2057,0.0,28.906117625964903,True,0.02373838100083958,21.251995245695458,28.90559189367845,7.653596647982994,True,688.6833937145938,,,,,,,0,,,,,,,,,,,,,,,,,,,,
ridge_multibranch,unseen_well,0,tr000d6,2057,497.3136052847584,0.4916975275238298,1.0034288898257913,-0.44700168779391575,3839,2057,0.0,28.906117625964903,True,0.025686830999802623,21.251995245695458,28.90559189367845,7.653596647982994,True,688.6833937145938,,,,,,,0,,,,,,,,,,,,,,,,,,,,
ridge_affine_multibranch,unseen_well,0,tr000d6,2057,150.37863639220438,0.270380847723818,0.6800101890359969,-0.1761400742633819,3839,2057,0.0,28.906117625964903,True,0.034483020000152464,21.251995245695458,28.90559189367845,7.653596647982994,True,688.6833937145938,,,,,,,0,,,,,,,,,,,,,,,,,,,,
ridge_gated_gbdt,unseen_well,0,tr000d6,2057,312.8075342745592,0.38996125250005836,0.9166542152032235,-0.315191434495881,3839,2057,0.0,28.906117625964903,True,0.1797267460005969,21.251995245695458,28.90559189367845,7.653596647982994,True,688.6833937145938,0.8137600379080822,1.0,,True,,,2057,1.0,,,,,,,,,,,,,,,,,,,
ridge_default,unseen_well,0,tr000e6,1605,158335.5102984646,9.932341530860068,10.458288766766106,-9.928516832016488,3623,1605,0.12834736036725325,-27.068234897086597,True,0.01481047499964916,-29.926742894291227,-27.059672746073726,2.8670701482175005,True,676.909550013473,,,,,,,0,,,,,,,,,,,,,,,,,,,,
ridge_affine_cal,unseen_well,0,tr000e6,1605,150431.97193570502,9.681274984122508,10.209349706999507,-9.67719055609309,3623,1605,0.12834736036725325,-27.068234897086597,True,0.022473450999314082,-29.926742894291227,-27.059672746073726,2.8670701482175005,True,676.909550013473,,,,,,,0,,,,,,,,,,,,,,,,,,,,
ridge_multibranch,unseen_well,0,tr000e6,1605,143279.52353799093,9.448318960339893,9.988982439376375,-9.444100770981663,3623,1605,0.12834736036725325,-27.068234897086597,True,0.023434282999915013,-29.926742894291227,-27.059672746073726,2.8670701482175005,True,676.909550013473,,,,,,,0,,,,,,,,,,,,,,,,,,,,
ridge_affine_multibranch,unseen_well,0,tr000e6,1605,127105.14045669345,8.899058036073482,9.446942586780796,-8.89432532480967,3623,1605,0.12834736036725325,-27.068234897086597,True,0.030487461000120675,-29.926742894291227,-27.059672746073726,2.8670701482175005,True,676.909550013473,,,,,,,0,,,,,,,,,,,,,,,,,,,,
ridge_gated_gbdt,unseen_well,0,tr000e6,1605,158335.5102984646,9.932341530860068,10.458288766766106,-9.928516832016488,3623,1605,0.12834736036725325,-27.068234897086597,True,0.15235767000012856,-29.926742894291227,-27.059672746073726,2.8670701482175005,True,676.909550013473,0.38774077668250506,0.7,,True,,,1605,1.0,,,,,,,,,,,,,,,,,,,
ridge_default,unseen_well,0,tr00036,4230,1213.7436423656025,0.5356650364659845,0.6824036098903914,-0.5232923169198732,4678,4230,0.0,9.559327950876662,True,0.017734923999341845,0.0790166899934989,9.566337509136831,9.487320819143333,True,647.2083439473979,,,,,,,0,,,,,,,,,,,,,,,,,,,,
ridge_affine_cal,unseen_well,0,tr00036,4230,802.560308681931,0.4355807266493233,0.5947518236206353,-0.40827139578848715,4678,4230,0.0,9.559327950876662,True,0.023602094000125362,0.0790166899934989,9.566337509136831,9.487320819143333,True,647.2083439473979,,,,,,,0,,,,,,,,,,,,,,,,,,,,
ridge_multibranch,unseen_well,0,tr00036,4230,1204.5504432457506,0.5336325497632656,0.678987489655138,-0.5223757489248093,4678,4230,0.0,9.559327950876662,True,0.02429122000012285,0.0790166899934989,9.566337509136831,9.487320819143333,True,647.2083439473979,,,,,,,0,,,,,,,,,,,,,,,,,,,,
ridge_affine_multibranch,unseen_well,0,tr00036,4230,677.7218583700824,0.40027232407552643,0.5610805769012766,-0.37718349233581816,4678,4230,0.0,9.559327950876662,True,0.0324231080003301,0.0790166899934989,9.566337509136831,9.487320819143333,True,647.2083439473979,,,,,,,0,,,,,,,,,,,,,,,,,,,,
ridge_gated_gbdt,unseen_well,0,tr00036,4230,1213.7436423656025,0.5356650364659845,0.6824036098903914,-0.5232923169198732,4678,4230,0.0,9.559327950876662,True,0.28730748199996015,0.0790166899934989,9.566337509136831,9.487320819143333,True,647.2083439473979,0.8790096503459818,1.0,,True,,,4230,1.0,,,,,,,,,,,,,,,,,,,
ridge_default,unseen_well,0,tr00074,2635,16783.652567418598,2.523788346062053,4.6963705938389815,2.1984882267655745,2243,2635,0.20623206232062322,6.239760558819759,True,0.015153248999922653,5.379525629061335,15.092503424388724,9.71297779532739,True,711.7937905367853,,,,,,,0,,,,,,,,,,,,,,,,,,,,
ridge_affine_cal,unseen_well,0,tr00074,2635,17688.049793602302,2.59089412548806,4.821541826901097,2.2597127200847136,2243,2635,0.20623206232062322,6.239760558819759,True,0.02261184799954208,5.379525629061335,15.092503424388724,9.71297779532739,True,711.7937905367853,,,,,,,0,,,,,,,,,,,,,,,,,,,,
ridge_multibranch,unseen_well,0,tr00074,2635,18920.1261665497,2.6796107059967658,4.902886876771593,2.3701852042257077,2243,2635,0.20623206232062322,6.239760558819759,True,0.023745759000121325,5.379525629061335,15.092503424388724,9.71297779532739,True,711.7937905367853,,,,,,,0,,,,,,,,,,,,,,,,,,,,
ridge_affine_multibranch,unseen_well,0,tr00074,2635,19596.158055743465,2.727062912258695,5.020421482975628,2.4114561811267894,2243,2635,0.20623206232062322,6.239760558819759,True,0.030326096999488072,5.379525629061335,15.092503424388724,9.71297779532739,True,711.7937905367853,,,,,,,0,,,,,,,,,,,,,,,,,,,,
ridge_gated_gbdt,unseen_well,0,tr00074,2635,16783.652567418598,2.523788346062053,4.6963705938389815,2.1984882267655745,2243,2635,0.20623206232062322,6.239760558819759,True,0.19372327499968378,5.379525629061335,15.092503424388724,9.71297779532739,True,711.7937905367853,0.9836768961354445,1.0,,True,,,2635,1.0,,,,,,,,,,,,,,,,,,,
ridge_default,unseen_well,0,tr000e1,2058,2108.696562435785,1.0122420156123413,1.7048380421143299,0.9275424511603887,2330,2058,0.1390154968094804,0.5000065394660309,True,0.014906169999449048,-0.2347136927471007,3.463825558116141,3.6985392508632415,True,667.8332856712759,,,,,,,0,,,,,,,,,,,,,,,,,,,,
ridge_affine_cal,unseen_well,0,tr000e1,2058,1532.0007315454704,0.8627933738727778,1.557424128595558,0.763227908976737,2330,2058,0.1390154968094804,0.5000065394660309,True,0.022704277000229922,-0.2347136927471007,3.463825558116141,3.6985392508632415,True,667.8332856712759,,,,,,,0,,,,,,,,,,,,,,,,,,,,
ridge_multibranch,unseen_well,0,tr000e1,2058,2988.3545016287067,1.2050175513822665,1.9237066387373294,1.1341383854818294,2330,2058,0.1390154968094804,0.5000065394660309,True,0.023980367000149272,-0.2347136927471007,3.463825558116141,3.6985392508632415,True,667.8332856712759,,,,,,,0,,,,,,,,,,,,,,,,,,,,
ridge_affine_multibranch,unseen_well,0,tr000e1,2058,1890.9589642332653,0.958557935627246,1.683903822847641,0.8677142715569538,2330,2058,0.1390154968094804,0.5000065394660309,True,0.030916515000171785,-0.2347136927471007,3.463825558116141,3.6985392508632415,True,667.8332856712759,,,,,,,0,,,,,,,,,,,,,,,,,,,,
ridge_gated_gbdt,unseen_well,0,tr000e1,2058,2063.469695444823,1.0013280043646973,3.5618377505795893,-0.4814970864006084,2330,2058,0.1390154968094804,0.5000065394660309,True,0.16890084100032254,-0.2347136927471007,3.463825558116141,3.6985392508632415,True,667.8332856712759,0.9818368602579943,1.0,,True,,,0,0.0,,,,,,,,,,,,,,,,,,,
ridge_default,unseen_well,0,tr0009a,1936,1689.6785160732911,0.9342204389491024,1.915600696306579,-0.7274804347112269,4625,1936,0.0,1.4825239472118603,True,0.015181710999968345,1.4277502502089183,2.5486931668387065,1.1209429166297882,True,664.4368399915243,,,,,,,0,,,,,,,,,,,,,,,,,,,,
ridge_affine_cal,unseen_well,0,tr0009a,1936,1967.5085714943134,1.0081047012001152,1.9864718759159703,-0.8343927758995685,4625,1936,0.0,1.4825239472118603,True,0.022614325999711582,1.4277502502089183,2.5486931668387065,1.1209429166297882,True,664.4368399915243,,,,,,,0,,,,,,,,,,,,,,,,,,,,
ridge_multibranch,unseen_well,0,tr0009a,1936,1608.5017515983386,0.911502979485373,1.9007323080050673,-0.6957880974696445,4625,1936,0.0,1.4825239472118603,True,0.023709930000222812,1.4277502502089183,2.5486931668387065,1.1209429166297882,True,664.4368399915243,,,,,,,0,,,,,,,,,,,,,,,,,,,,
ridge_affine_multibranch,unseen_well,0,tr0009a,1936,1650.698884776274,0.9233816770303319,1.9141793714061504,-0.720051086615484,4625,1936,0.0,1.4825239472118603,True,0.03107684299993707,1.4277502502089183,2.5486931668387065,1.1209429166297882,True,664.4368399915243,,,,,,,0,,,,,,,,,,,,,,,,,,,,
ridge_gated_gbdt,unseen_well,0,tr0009a,1936,1689.6785160732911,0.9342204389491024,1.915600696306579,-0.7274804347112269,4625,1936,0.0,1.4825239472118603,True,0.17270079199988686,1.4277502502089183,2.5486931668387065,1.1209429166297882,True,664.4368399915243,0.9688743205536027,1.0,,True,,,1936,1.0,,,,,,,,,,,,,,,,,,,
ridge_default,unseen_well,0,tr00081,3593,134.80565582197892,0.19369813901287106,0.6191932808518317,0.09235300353051193,3146,3593,0.05757530790918534,16.389750669888805,True,0.01535202500053856,14.721106035945873,16.432458413754052,1.7113523778081792,True,670.5075345236875,,,,,,,0,,,,,,,,,,,,,,,,,,,,
ridge_affine_cal,unseen_well,0,tr00081,3593,385.60649318154265,0.32759974916517764,0.8392638003488635,0.2790113684808245,3146,3593,0.05757530790918534,16.389750669888805,True,0.023003637999863713,14.721106035945873,16.432458413754052,1.7113523778081792,True,670.5075345236875,,,,,,,0,,,,,,,,,,,,,,,,,,,,
ridge_multibranch,unseen_well,0,tr00081,3593,145.06175226679818,0.20093141886419688,0.6249106668582805,0.035595406732081045,3146,3593,0.05757530790918534,16.389750669888805,True,0.024711225999453745,14.721106035945873,16.432458413754052,1.7113523778081792,True,670.5075345236875,,,,,,,0,,,,,,,,,,,,,,,,,,,,
ridge_affine_multibranch,unseen_well,0,tr00081,3593,599.437931114095,0.4084543275426388,0.9877299380132527,0.3568867193714119,3146,3593,0.05757530790918534,16.389750669888805,True,0.055077331000575214,14.721106035945873,16.432458413754052,1.7113523778081792,True,670.5075345236875,,,,,,,0,,,,,,,,,,,,,,,,,,,,
ridge_gated_gbdt,unseen_well,0,tr00081,3593,4701.463409119807,1.1438996354760547,2.321968808792402,0.9323381517462701,3146,3593,0.05757530790918534,16.389750669888805,True,0.31540799399954267,14.721106035945873,16.432458413754052,1.7113523778081792,True,670.5075345236875,0.6776408993867076,0.9,,True,,,0,0.0,,,,,,,,,,,,,,,,,,,
ridge_default,unseen_well,0,tr000d0,1235,1161.7153992985723,0.9698764057069448,2.09047947078378,0.7553432950865526,2730,1235,0.11046658259773014,26.148252615294425,True,0.014952402000744769,23.00920194855512,26.147086511754765,3.137884563199645,True,660.4731905082577,,,,,,,0,,,,,,,,,,,,,,,,,,,,
ridge_affine_cal,unseen_well,0,tr000d0,1235,1009.521651499703,0.9041163854622357,2.0206284429006693,0.6790175361828908,2730,1235,0.11046658259773014,26.148252615294425,True,0.023547986000266974,23.00920194855512,26.147086511754765,3.137884563199645,True,660.4731905082577,,,,,,,0,,,,,,,,,,,,,,,,,,,,
ridge_multibranch,unseen_well,0,tr000d0,1235,1485.3743764427888,1.0966915193515645,2.229554515599869,0.91249016249582,2730,1235,0.11046658259773014,26.148252615294425,True,0.023890247000053932,23.00920194855512,26.147086511754765,3.137884563199645,True,660.4731905082577,,,,,,,0,,,,,,,,,,,,,,,,,,,,
ridge_affine_multibranch,unseen_well,0,tr000d0,1235,1129.756632661749,0.9564427314332719,2.0592484649555374,0.7464223785025093,2730,1235,0.11046658259773014,26.148252615294425,True,0.03070956000010483,23.00920194855512,26.147086511754765,3.137884563199645,True,660.4731905082577,,,,,,,0,,,,,,,,,,,,,,,,,,,,
ridge_gated_gbdt,unseen_well,0,tr000d0,1235,46.33556996297614,0.19369739319868115,0.4643853316956985,-0.06834305999139492,2730,1235,0.11046658259773014,26.148252615294425,True,0.13165292400026374,23.00920194855512,26.147086511754765,3.137884563199645,True,660.4731905082577,0.795643156364394,1.0,,True,,,0,0.0,,,,,,,,,,,,,,,,,,,
ridge_default,unseen_well,0,tr0008d,3861,15386.316890823695,1.996261520889334,3.1896746168802395,-1.7766401844100312,4664,3861,0.03401759530791789,60.42873786815032,True,0.017218654999851424,60.42393617878466,71.02529831305178,10.60136213426712,True,681.2673575620072,,,,,,,0,,,,,,,,,,,,,,,,,,,,
ridge_affine_cal,unseen_well,0,tr0008d,3861,13527.214905361647,1.8717778084059098,3.030145372873264,-1.642113351498196,4664,3861,0.03401759530791789,60.42873786815032,True,0.02676682899982552,60.42393617878466,71.02529831305178,10.60136213426712,True,681.2673575620072,,,,,,,0,,,,,,,,,,,,,,,,,,,,
ridge_multibranch,unseen_well,0,tr0008d,3861,12410.42001355095,1.792847455254265,2.9835940136625254,-1.5349972858540102,4664,3861,0.03401759530791789,60.42873786815032,True,0.02457581199996639,60.42393617878466,71.02529831305178,10.60136213426712,True,681.2673575620072,,,,,,,0,,,,,,,,,,,,,,,,,,,,
ridge_affine_multibranch,unseen_well,0,tr0008d,3861,10584.030706031299,1.6556771104683428,2.8016805176333577,-1.3839953776463845,4664,3861,0.03401759530791789,60.42873786815032,True,0.03281159200014372,60.42393617878466,71.02529831305178,10.60136213426712,True,681.2673575620072,,,,,,,0,,,,,,,,,,,,,,,,,,,,
ridge_gated_gbdt,unseen_well,0,tr0008d,3861,15386.316890823695,1.996261520889334,3.1896746168802395,-1.7766401844100312,4664,3861,0.03401759530791789,60.42873786815032,True,0.2710391760001585,60.42393617878466,71.02529831305178,10.60136213426712,True,681.2673575620072,0.7380895096964375,1.0,,True,,,3861,1.0,,,,,,,,,,,,,,,,,,,
ridge_default,unseen_well,0,tr00046,2362,3330.9269819692727,1.1875245854167438,2.0158514686822198,-1.1013276327996342,3010,2362,0.02475800446760983,-3.003316109950358,True,0.015548041999863926,-7.72591912136804,-3.002885626476264,4.7230334948917765,True,649.1355049682953,,,,,,,0,,,,,,,,,,,,,,,,,,,,
ridge_affine_cal,unseen_well,0,tr00046,2362,3910.3866312503874,1.286678082274236,2.116183985422154,-1.2077475347389068,3010,2362,0.02475800446760983,-3.003316109950358,True,0.02402531000007002,-7.72591912136804,-3.002885626476264,4.7230334948917765,True,649.1355049682953,,,,,,,0,,,,,,,,,,,,,,,,,,,,
ridge_multibranch,unseen_well,0,tr00046,2362,3628.4713906934057,1.2394297175915336,2.0949068064621112,-1.1533880983280222,3010,2362,0.02475800446760983,-3.003316109950358,True,0.024785249000160547,-7.72591912136804,-3.002885626476264,4.7230334948917765,True,649.1355049682953,,,,,,,0,,,,,,,,,,,,,,,,,,,,
ridge_affine_multibranch,unseen_well,0,tr00046,2362,4723.485064969864,1.4141364827848868,2.284239074302752,-1.3379556676460038,3010,2362,0.02475800446760983,-3.003316109950358,True,0.032558908999817504,-7.72591912136804,-3.002885626476264,4.7230334948917765,True,649.1355049682953,,,,,,,0,,,,,,,,,,,,,,,,,,,,
ridge_gated_gbdt,unseen_well,0,tr00046,2362,3330.9269819692727,1.1875245854167438,2.0158514686822198,-1.1013276327996342,3010,2362,0.02475800446760983,-3.003316109950358,True,0.19000094500006526,-7.72591912136804,-3.002885626476264,4.7230334948917765,True,649.1355049682953,0.899952871803614,1.0,,True,,,2362,1.0,,,,,,,,,,,,,,,,,,,
ridge_default,unseen_well,0,tr0005d,1879,61515.55991585822,5.721752929049343,6.171139730328779,5.719841556874845,1935,1879,0.17435762978500263,16.064164591955187,True,0.014653516999715066,15.629647262918038,16.188295456741237,0.5586481938231991,True,687.5096396902354,,,,,,,0,,,,,,,,,,,,,,,,,,,,
ridge_affine_cal,unseen_well,0,tr0005d,1879,58317.764074051156,5.571049820378996,6.006308433821147,5.568908366049348,1935,1879,0.17435762978500263,16.064164591955187,True,0.02270466000027227,15.629647262918038,16.188295456741237,0.5586481938231991,True,687.5096396902354,,,,,,,0,,,,,,,,,,,,,,,,,,,,
ridge_multibranch,unseen_well,0,tr0005d,1879,63655.75402947267,5.820434997500087,6.261004740702074,5.818642518750915,1935,1879,0.17435762978500263,16.064164591955187,True,0.0233692970004995,15.629647262918038,16.188295456741237,0.5586481938231991,True,687.5096396902354,,,,,,,0,,,,,,,,,,,,,,,,,,,,
ridge_affine_multibranch,unseen_well,0,tr0005d,1879,56233.6038620443,5.470595054582365,5.934641646297749,5.468192781020425,1935,1879,0.17435762978500263,16.064164591955187,True,0.03061947600053827,15.629647262918038,16.188295456741237,0.5586481938231991,True,687.5096396902354,,,,,,,0,,,,,,,,,,,,,,,,,,,,
ridge_gated_gbdt,unseen_well,0,tr0005d,1879,61515.55991585822,5.721752929049343,6.171139730328779,5.719841556874845,1935,1879,0.17435762978500263,16.064164591955187,True,0.15794889900007547,15.629647262918038,16.188295456741237,0.5586481938231991,True,687.5096396902354,0.887977337411975,1.0,,True,,,1879,1.0,,,,,,,,,,,,,,,,,,,
ridge_default,unseen_well,0,tr00023,2929,5752.020789451619,1.4013626482532267,2.20059681898643,1.3275841525336034,5184,2929,0.047331443362504624,27.550507860901387,True,0.015857639999921957,27.389758670418157,28.48980810242374,1.1000494320055836,True,652.6371761785564,,,,,,,0,,,,,,,,,,,,,,,,,,,,
ridge_affine_cal,unseen_well,0,tr00023,2929,7319.033259683689,1.5807645011900082,2.387283411140796,1.5158998794351715,5184,2929,0.047331443362504624,27.550507860901387,True,0.023754748000101245,27.389758670418157,28.48980810242374,1.1000494320055836,True,652.6371761785564,,,,,,,0,,,,,,,,,,,,,,,,,,,,
ridge_multibranch,unseen_well,0,tr00023,2929,4431.878555479382,1.2300824993052668,2.0117713951949305,1.1457561721436065,5184,2929,0.047331443362504624,27.550507860901387,True,0.025295276000179,27.389758670418157,28.48980810242374,1.1000494320055836,True,652.6371761785564,,,,,,,0,,,,,,,,,,,,,,,,,,,,
ridge_affine_multibranch,unseen_well,0,tr00023,2929,5332.343372911317,1.3492715651572633,2.1453133667611013,1.2712235490920556,5184,2929,0.047331443362504624,27.550507860901387,True,0.03274460200009344,27.389758670418157,28.48980810242374,1.1000494320055836,True,652.6371761785564,,,,,,,0,,,,,,,,,,,,,,,,,,,,
ridge_gated_gbdt,unseen_well,0,tr00023,2929,5752.020789451619,1.4013626482532267,2.20059681898643,1.3275841525336034,5184,2929,0.047331443362504624,27.550507860901387,True,0.2414513760004411,27.389758670418157,28.48980810242374,1.1000494320055836,True,652.6371761785564,0.8290634629962748,1.0,,True,,,2929,1.0,,,,,,,,,,,,,,,,,,,
ridge_default,unseen_well,0,tr0008c,1264,57.22383941588565,0.21277223703843487,0.40150423870816354,0.19434978422050295,3236,1264,0.0,49.5510141704064,True,0.01565234400004556,48.15832650336462,49.570753377872265,1.412426874507645,True,633.8191225449148,,,,,,,0,,,,,,,,,,,,,,,,,,,,
ridge_affine_cal,unseen_well,0,tr0008c,1264,67.65044675886574,0.23134589486032142,0.42735167276244823,0.21465344975513856,3236,1264,0.0,49.5510141704064,True,0.02653205199931108,48.15832650336462,49.570753377872265,1.412426874507645,True,633.8191225449148,,,,,,,0,,,,,,,,,,,,,,,,,,,,
ridge_multibranch,unseen_well,0,tr0008c,1264,39.5338435831042,0.17685241018044698,0.36536901773320096,0.1527050944111582,3236,1264,0.0,49.5510141704064,True,0.025398009000127786,48.15832650336462,49.570753377872265,1.412426874507645,True,633.8191225449148,,,,,,,0,,,,,,,,,,,,,,,,,,,,
ridge_affine_multibranch,unseen_well,0,tr0008c,1264,27.089656328006704,0.1463956629580149,0.3329238561247223,0.11778838718997026,3236,1264,0.0,49.5510141704064,True,0.03250215100069909,48.15832650336462,49.570753377872265,1.412426874507645,True,633.8191225449148,,,,,,,0,,,,,,,,,,,,,,,,,,,,
ridge_gated_gbdt,unseen_well,0,tr0008c,1264,57.22383941588565,0.21277223703843487,0.40150423870816354,0.19434978422050295,3236,1264,0.0,49.5510141704064,True,0.13749811299931025,48.15832650336462,49.570753377872265,1.412426874507645,True,633.8191225449148,0.9854957448479787,0.8,,True,,,1264,1.0,,,,,,,,,,,,,,,,,,,
ridge_default,unseen_well,0,tr00050,3264,48447.77628650589,3.852670335654028,6.6855155523619665,3.2619027041640707,5524,3264,0.06634046426945835,30.765943944778712,True,0.01592278600037389,21.583514138731267,30.780334325236225,9.196820186504958,True,654.8209899174623,,,,,,,0,,,,,,,,,,,,,,,,,,,,
ridge_affine_cal,unseen_well,0,tr00050,3264,50142.04107932623,3.9194572249890753,6.772045460343666,3.3370515077377285,5524,3264,0.06634046426945835,30.765943944778712,True,0.024513665000085894,21.583514138731267,30.780334325236225,9.196820186504958,True,654.8209899174623,,,,,,,0,,,,,,,,,,,,,,,,,,,,
ridge_multibranch,unseen_well,0,tr00050,3264,45359.900209069994,3.7278718124860215,6.51078557021826,3.1214195898344657,5524,3264,0.06634046426945835,30.765943944778712,True,0.025142765999589756,21.583514138731267,30.780334325236225,9.196820186504958,True,654.8209899174623,,,,,,,0,,,,,,,,,,,,,,,,,,,,
ridge_affine_multibranch,unseen_well,0,tr00050,3264,47883.53158521012,3.830169660448702,6.636904378286236,3.2412322304827277,5524,3264,0.06634046426945835,30.765943944778712,True,0.03266902999985177,21.583514138731267,30.780334325236225,9.196820186504958,True,654.8209899174623,,,,,,,0,,,,,,,,,,,,,,,,,,,,
ridge_gated_gbdt,unseen_well,0,tr00050,3264,48447.77628650589,3.852670335654028,6.6855155523619665,3.2619027041640707,5524,3264,0.06634046426945835,30.765943944778712,True,0.2455919680005536,21.583514138731267,30.780334325236225,9.196820186504958,True,654.8209899174623,0.9009832387270593,1.0,,True,,,3264,1.0,,,,,,,,,,,,,,,,,,,
ridge_default,unseen_well,0,tr000c0,1387,226.6100586944999,0.404204701877436,0.7753976296648184,-0.22659444940058196,2335,1387,0.2810317033852767,3.252202743113637,True,0.014744014999450883,3.148330401276548,4.17721862065107,1.028888219374522,True,693.2240847651562,,,,,,,0,,,,,,,,,,,,,,,,,,,,
ridge_affine_cal,unseen_well,0,tr000c0,1387,166.83341884266827,0.34681932951766975,0.8535685018693973,0.02651998755675232,2335,1387,0.2810317033852767,3.252202743113637,True,0.022529847999976482,3.148330401276548,4.17721862065107,1.028888219374522,True,693.2240847651562,,,,,,,0,,,,,,,,,,,,,,,,,,,,
ridge_multibranch,unseen_well,0,tr000c0,1387,364.2620655081223,0.5124703487355938,0.958756607094724,-0.38606562091588,2335,1387,0.2810317033852767,3.252202743113637,True,0.02337375300066924,3.148330401276548,4.17721862065107,1.028888219374522,True,693.2240847651562,,,,,,,0,,,,,,,,,,,,,,,,,,,,
ridge_affine_multibranch,unseen_well,0,tr000c0,1387,165.90982460479796,0.3458579966701726,0.7160690835289274,-0.07259166427015158,2335,1387,0.2810317033852767,3.252202743113637,True,0.029970344000503246,3.148330401276548,4.17721862065107,1.028888219374522,True,693.2240847651562,,,,,,,0,,,,,,,,,,,,,,,,,,,,
ridge_gated_gbdt,unseen_well,0,tr000c0,1387,226.6100586944999,0.404204701877436,0.7753976296648184,-0.22659444940058196,2335,1387,0.2810317033852767,3.252202743113637,True,0.13699658299992734,3.148330401276548,4.17721862065107,1.028888219374522,True,693.2240847651562,0.97745783150472,1.0,,True,,,1387,1.0,,,,,,,,,,,,,,,,,,,
ridge_default,unseen_well,0,tr000ee,1788,943.2186568147661,0.7263106862656297,1.0183973056633064,0.7119249814924241,5334,1788,0.6881493962370121,39.15600367507368,True,0.015234837000207335,39.1496360547939,42.042844999331976,2.893208944538074,True,640.6689850243723,,,,,,,0,,,,,,,,,,,,,,,,,,,,
ridge_affine_cal,unseen_well,0,tr000ee,1788,790.8275374820291,0.6650543439982431,0.9596454368922025,0.6498274207190091,5334,1788,0.6881493962370121,39.15600367507368,True,0.022860834999846702,39.1496360547939,42.042844999331976,2.893208944538074,True,640.6689850243723,,,,,,,0,,,,,,,,,,,,,,,,,,,,
ridge_multibranch,unseen_well,0,tr000ee,1788,1586.1949212983614,0.9418777122786305,1.2323050660881165,0.9314598774053074,5334,1788,0.6881493962370121,39.15600367507368,True,0.02298754699950223,39.1496360547939,42.042844999331976,2.893208944538074,True,640.6689850243723,,,,,,,0,,,,,,,,,,,,,,,,,,,,
ridge_affine_multibranch,unseen_well,0,tr000ee,1788,1482.5215379259093,0.9105771511962674,1.1956893264232065,0.9003541997119782,5334,1788,0.6881493962370121,39.15600367507368,True,0.029588585999590578,39.1496360547939,42.042844999331976,2.893208944538074,True,640.6689850243723,,,,,,,0,,,,,,,,,,,,,,,,,,,,
ridge_gated_gbdt,unseen_well,0,tr000ee,1788,943.2186568147661,0.7263106862656297,1.0183973056633064,0.7119249814924241,5334,1788,0.6881493962370121,39.15600367507368,True,0.15656799699991097,39.1496360547939,42.042844999331976,2.893208944538074,True,640.6689850243723,0.0,0.0,,False,insufficient_hidden_gr_rows,,1788,1.0,,,,,,,,,,,,,,,,,,,
ridge_default,unseen_well,0,tr00063,3007,18489.158820465487,2.4796584360719525,4.483033490643898,2.0171808194714864,2583,3007,0.137567084078712,28.78536643854908,True,0.014854070000183128,18.63078451539629,28.789876385109768,10.159091869713478,True,658.1258287148269,,,,,,,0,,,,,,,,,,,,,,,,,,,,
ridge_affine_cal,unseen_well,0,tr00063,3007,19067.177342236453,2.51812038567785,4.54573318632249,2.060778976368613,2583,3007,0.137567084078712,28.78536643854908,True,0.022516905999509618,18.63078451539629,28.789876385109768,10.159091869713478,True,658.1258287148269,,,,,,,0,,,,,,,,,,,,,,,,,,,,
ridge_multibranch,unseen_well,0,tr00063,3007,17503.18098931553,2.4126358550302536,4.381596998865714,1.9466768657079594,2583,3007,0.137567084078712,28.78536643854908,True,0.025632634999965376,18.63078451539629,28.789876385109768,10.159091869713478,True,658.1258287148269,,,,,,,0,,,,,,,,,,,,,,,,,,,,
ridge_affine_multibranch,unseen_well,0,tr00063,3007,19286.923254254336,2.532589267624797,4.5390026522357445,2.0962689115412485,2583,3007,0.137567084078712,28.78536643854908,True,0.034322640000027604,18.63078451539629,28.789876385109768,10.159091869713478,True,658.1258287148269,,,,,,,0,,,,,,,,,,,,,,,,,,,,
ridge_gated_gbdt,unseen_well,0,tr00063,3007,18489.158820465487,2.4796584360719525,4.483033490643898,2.0171808194714864,2583,3007,0.137567084078712,28.78536643854908,True,0.2030571660006899,18.63078451539629,28.789876385109768,10.159091869713478,True,658.1258287148269,0.8270079370795537,1.0,,True,,,3007,1.0,,,,,,,,,,,,,,,,,,,
ridge_default,unseen_well,0,tr0009b,3346,9595.700961897423,1.6934617210573784,3.153767713084335,1.410906698152592,3548,3346,0.01392515230635335,25.08384165721611,True,0.01523525900029199,23.81417659671552,25.23464856631468,1.4204719695991592,True,651.5350855508575,,,,,,,0,,,,,,,,,,,,,,,,,,,,
ridge_affine_cal,unseen_well,0,tr0009b,3346,13907.782085984496,2.0387593714442303,3.5587219126692524,1.8105851266921762,3548,3346,0.01392515230635335,25.08384165721611,True,0.023051385000144364,23.81417659671552,25.23464856631468,1.4204719695991592,True,651.5350855508575,,,,,,,0,,,,,,,,,,,,,,,,,,,,
ridge_multibranch,unseen_well,0,tr0009b,3346,9384.949555008128,1.674761632503193,3.125650904209259,1.391323295164996,3548,3346,0.01392515230635335,25.08384165721611,True,0.024757319999480387,23.81417659671552,25.23464856631468,1.4204719695991592,True,651.5350855508575,,,,,,,0,,,,,,,,,,,,,,,,,,,,
ridge_affine_multibranch,unseen_well,0,tr0009b,3346,15222.836357011007,2.1329703629773693,3.668474949715531,1.9155183086197627,3548,3346,0.01392515230635335,25.08384165721611,True,0.03212165499917319,23.81417659671552,25.23464856631468,1.4204719695991592,True,651.5350855508575,,,,,,,0,,,,,,,,,,,,,,,,,,,,
ridge_gated_gbdt,unseen_well,0,tr0009b,3346,9595.700961897423,1.6934617210573784,3.153767713084335,1.410906698152592,3548,3346,0.01392515230635335,25.08384165721611,True,0.23845076500037976,23.81417659671552,25.23464856631468,1.4204719695991592,True,651.5350855508575,0.8107860083229417,1.0,,True,,,3346,1.0,,,,,,,,,,,,,,,,,,,
ridge_default,unseen_well,0,tr00069,3170,3904.692286679362,1.1098486961248455,1.7271772316793026,-1.0933254410509003,3737,3170,0.0,17.67890972484342,True,0.015202455999315134,17.6184223275676,25.440420688722025,7.821998361154424,True,687.6362245578827,,,,,,,0,,,,,,,,,,,,,,,,,,,,
ridge_affine_cal,unseen_well,0,tr00069,3170,4506.924914498411,1.192368598729475,1.7817288443231973,-1.1743447397199893,3737,3170,0.0,17.67890972484342,True,0.0235547950005639,17.6184223275676,25.440420688722025,7.821998361154424,True,687.6362245578827,,,,,,,0,,,,,,,,,,,,,,,,,,,,
ridge_multibranch,unseen_well,0,tr00069,3170,4940.197346292998,1.2483676845393779,1.907804983192694,-1.229002541190194,3737,3170,0.0,17.67890972484342,True,0.024660912999934226,17.6184223275676,25.440420688722025,7.821998361154424,True,687.6362245578827,,,,,,,0,,,,,,,,,,,,,,,,,,,,
ridge_affine_multibranch,unseen_well,0,tr00069,3170,5295.027083441288,1.2924223562082577,1.9123874295153165,-1.2687101855664953,3737,3170,0.0,17.67890972484342,True,0.03157062999980553,17.6184223275676,25.440420688722025,7.821998361154424,True,687.6362245578827,,,,,,,0,,,,,,,,,,,,,,,,,,,,
ridge_gated_gbdt,unseen_well,0,tr00069,3170,3904.692286679362,1.1098486961248455,1.7271772316793026,-1.0933254410509003,3737,3170,0.0,17.67890972484342,True,0.23537324399967474,17.6184223275676,25.440420688722025,7.821998361154424,True,687.6362245578827,0.8469302546489224,1.0,,True,,,3170,1.0,,,,,,,,,,,,,,,,,,,
ridge_default,unseen_well,0,tr00040,2042,4896.784384887805,1.5485585197761513,2.686989761808295,1.3459691516145023,4097,2042,0.0,31.77787361056654,True,0.01577946600082214,30.92862480331721,34.4105418156174,3.4819170123001904,True,670.7804434112135,,,,,,,0,,,,,,,,,,,,,,,,,,,,
ridge_affine_cal,unseen_well,0,tr00040,2042,4029.525845381135,1.404750204419776,2.5431597505077015,1.1686927465985366,4097,2042,0.0,31.77787361056654,True,0.02511322700047458,30.92862480331721,34.4105418156174,3.4819170123001904,True,670.7804434112135,,,,,,,0,,,,,,,,,,,,,,,,,,,,
ridge_multibranch,unseen_well,0,tr00040,2042,4283.515991007794,1.4483460104607353,2.5714140983567297,1.234965909891784,4097,2042,0.0,31.77787361056654,True,0.02478350099954696,30.92862480331721,34.4105418156174,3.4819170123001904,True,670.7804434112135,,,,,,,0,,,,,,,,,,,,,,,,,,,,
ridge_affine_multibranch,unseen_well,0,tr00040,2042,3162.0878926703967,1.2443974135914866,2.3506404796674296,0.9797074878985557,4097,2042,0.0,31.77787361056654,True,0.031788409000000684,30.92862480331721,34.4105418156174,3.4819170123001904,True,670.7804434112135,,,,,,,0,,,,,,,,,,,,,,,,,,,,
ridge_gated_gbdt,unseen_well,0,tr00040,2042,15774.504482939778,2.779393221759997,5.276141676483256,2.171427639584473,4097,2042,0.0,31.77787361056654,True,0.18121208400043542,30.92862480331721,34.4105418156174,3.4819170123001904,True,670.7804434112135,0.895674036728108,1.0,,True,,,0,0.0,,,,,,,,,,,,,,,,,,,
ridge_default,unseen_well,0,tr0001e,3528,42856.45046100584,3.485329248713876,6.678470461504556,-2.751153471128992,3426,3528,0.0,-4.194258473590515,True,0.015648773999600962,-4.218593474144552,2.462493087583466,6.681086561728018,True,650.1623401903256,,,,,,,0,,,,,,,,,,,,,,,,,,,,
ridge_affine_cal,unseen_well,0,tr0001e,3528,37974.60771024651,3.2808196682609827,6.4042669819495295,-2.491416438702603,3426,3528,0.0,-4.194258473590515,True,0.023263316999873496,-4.218593474144552,2.462493087583466,6.681086561728018,True,650.1623401903256,,,,,,,0,,,,,,,,,,,,,,,,,,,,
ridge_multibranch,unseen_well,0,tr0001e,3528,40542.806191922544,3.3899447061993735,6.581354009391049,-2.6134102704016775,3426,3528,0.0,-4.194258473590515,True,0.02453879299991968,-4.218593474144552,2.462493087583466,6.681086561728018,True,650.1623401903256,,,,,,,0,,,,,,,,,,,,,,,,,,,,
ridge_affine_multibranch,unseen_well,0,tr0001e,3528,33911.42763979411,3.100335895405647,6.1916849784729955,-2.2230469055501576,3426,3528,0.0,-4.194258473590515,True,0.0326685969994287,-4.218593474144552,2.462493087583466,6.681086561728018,True,650.1623401903256,,,,,,,0,,,,,,,,,,,,,,,,,,,,
ridge_gated_gbdt,unseen_well,0,tr0001e,3528,7103.2741032844715,1.4189431592349249,2.5180771030978217,-1.1139494385748823,3426,3528,0.0,-4.194258473590515,True,0.24398251900038304,-4.218593474144552,2.462493087583466,6.681086561728018,True,650.1623401903256,0.9269516188284741,1.0,,True,,,0,0.0,,,,,,,,,,,,,,,,,,,
ridge_default,unseen_well,0,tr0002c,2745,114.0191733522708,0.2038063774090352,1.6155367582929827,-0.00841748742825795,3213,2745,0.03289694528365223,45.88288349141776,True,0.014906622000125935,45.80313802516427,55.53870352053996,9.735565495375688,True,686.17405591583,,,,,,,0,,,,,,,,,,,,,,,,,,,,
ridge_affine_cal,unseen_well,0,tr0002c,2745,201.40089756278556,0.27086913849090877,1.3931212604516432,0.17525194622244974,3213,2745,0.03289694528365223,45.88288349141776,True,0.02279116400040948,45.80313802516427,55.53870352053996,9.735565495375688,True,686.17405591583,,,,,,,0,,,,,,,,,,,,,,,,,,,,
ridge_multibranch,unseen_well,0,tr0002c,2745,147.1149540742961,0.23150332652253702,1.7242219271066759,-0.1225837480203762,3213,2745,0.03289694528365223,45.88288349141776,True,0.024773609000476426,45.80313802516427,55.53870352053996,9.735565495375688,True,686.17405591583,,,,,,,0,,,,,,,,,,,,,,,,,,,,
ridge_affine_multibranch,unseen_well,0,tr0002c,2745,117.58287388543917,0.20696688390403636,1.5091958915827348,0.045743145728143614,3213,2745,0.03289694528365223,45.88288349141776,True,0.03093398199962394,45.80313802516427,55.53870352053996,9.735565495375688,True,686.17405591583,,,,,,,0,,,,,,,,,,,,,,,,,,,,
ridge_gated_gbdt,unseen_well,0,tr0002c,2745,4871.86516357126,1.3322215533608044,3.4060539817912456,0.926970936068105,3213,2745,0.03289694528365223,45.88288349141776,True,0.21494424900083686,45.80313802516427,55.53870352053996,9.735565495375688,True,686.17405591583,0.9805746984926926,1.0,,True,,,0,0.0,,,,,,,,,,,,,,,,,,,
ridge_default,unseen_well,0,tr000cc,3542,31431.257555734323,2.978904635550777,5.77474902577724,2.483858277372564,4844,3542,0.08561888862389697,54.4610955842358,True,0.023037255999952322,54.42845757004431,57.14336571652721,2.714908146482898,True,689.6199401003595,,,,,,,0,,,,,,,,,,,,,,,,,,,,
ridge_affine_cal,unseen_well,0,tr000cc,3542,35860.68998968467,3.18188912515301,6.029642872148926,2.7194356601984127,4844,3542,0.08561888862389697,54.4610955842358,True,0.028602842000509554,54.42845757004431,57.14336571652721,2.714908146482898,True,689.6199401003595,,,,,,,0,,,,,,,,,,,,,,,,,,,,
ridge_multibranch,unseen_well,0,tr000cc,3542,35228.132517276106,3.1537011193547047,5.966042421069332,2.699181346223529,4844,3542,0.08561888862389697,54.4610955842358,True,0.027563939000174287,54.42845757004431,57.14336571652721,2.714908146482898,True,689.6199401003595,,,,,,,0,,,,,,,,,,,,,,,,,,,,
ridge_affine_multibranch,unseen_well,0,tr000cc,3542,41342.65953013883,3.4164488817546808,6.297109861016779,2.9938080837590517,4844,3542,0.08561888862389697,54.4610955842358,True,0.035578494999754184,54.42845757004431,57.14336571652721,2.714908146482898,True,689.6199401003595,,,,,,,0,,,,,,,,,,,,,,,,,,,,
ridge_gated_gbdt,unseen_well,0,tr000cc,3542,31431.257555734323,2.978904635550777,5.77474902577724,2.483858277372564,4844,3542,0.08561888862389697,54.4610955842358,True,0.25910260599994217,54.42845757004431,57.14336571652721,2.714908146482898,True,689.6199401003595,0.9427813679226714,1.0,,True,,,3542,1.0,,,,,,,,,,,,,,,,,,,
ridge_default,unseen_well,0,tr000ab,2512,39607.85033074772,3.97082564989426,6.496556993202303,-3.0578819552719945,2412,2512,0.08590576766856214,10.228603450833347,True,0.015369528000519495,7.508790504890587,21.37083596503545,13.862045460144863,True,671.6837298184867,,,,,,,0,,,,,,,,,,,,,,,,,,,,
ridge_affine_cal,unseen_well,0,tr000ab,2512,40857.09177784444,4.032959934728978,6.568091288387187,-3.1700075489826407,2412,2512,0.08590576766856214,10.228603450833347,True,0.02275756199924217,7.508790504890587,21.37083596503545,13.862045460144863,True,671.6837298184867,,,,,,,0,,,,,,,,,,,,,,,,,,,,
ridge_multibranch,unseen_well,0,tr000ab,2512,37251.92554547638,3.8509204347604022,6.355662670445625,-2.9249466987694577,2412,2512,0.08590576766856214,10.228603450833347,True,0.024612225000055332,7.508790504890587,21.37083596503545,13.862045460144863,True,671.6837298184867,,,,,,,0,,,,,,,,,,,,,,,,,,,,
ridge_affine_multibranch,unseen_well,0,tr000ab,2512,39677.44609197829,3.974312728110281,6.505590271765602,-3.126975975773423,2412,2512,0.08590576766856214,10.228603450833347,True,0.032109341000250424,7.508790504890587,21.37083596503545,13.862045460144863,True,671.6837298184867,,,,,,,0,,,,,,,,,,,,,,,,,,,,
ridge_gated_gbdt,unseen_well,0,tr000ab,2512,189587.74738163906,8.6875099638315,13.60476604817168,-5.825976167089283,2412,2512,0.08590576766856214,10.228603450833347,True,0.1984617630005232,7.508790504890587,21.37083596503545,13.862045460144863,True,671.6837298184867,0.6633088242764322,1.0,,True,,,0,0.0,,,,,,,,,,,,,,,,,,,
ridge_default,unseen_well,0,tr00017,1666,2978.8523208185625,1.3371711196149842,2.3601357023328644,-1.144735673208286,2178,1666,0.05124869927159209,4.802856652870197,True,0.014638179999565182,4.7530675780647496,6.615633215060948,1.862565636996198,True,647.1674399544746,,,,,,,0,,,,,,,,,,,,,,,,,,,,
ridge_affine_cal,unseen_well,0,tr00017,1666,3657.5688646463805,1.4816948021041516,2.5262524629454237,-1.3074684056274282,2178,1666,0.05124869927159209,4.802856652870197,True,0.02913817199987534,4.7530675780647496,6.615633215060948,1.862565636996198,True,647.1674399544746,,,,,,,0,,,,,,,,,,,,,,,,,,,,
ridge_multibranch,unseen_well,0,tr00017,1666,2156.3307900784134,1.1376801837631079,2.1101888643691398,-0.902047819146449,2178,1666,0.05124869927159209,4.802856652870197,True,0.035679476999575854,4.7530675780647496,6.615633215060948,1.862565636996198,True,647.1674399544746,,,,,,,0,,,,,,,,,,,,,,,,,,,,
ridge_affine_multibranch,unseen_well,0,tr00017,1666,2893.8258663812962,1.3179492842879652,2.321737837051155,-1.1177022011720903,2178,1666,0.05124869927159209,4.802856652870197,True,0.03435665100005281,4.7530675780647496,6.615633215060948,1.862565636996198,True,647.1674399544746,,,,,,,0,,,,,,,,,,,,,,,,,,,,
ridge_gated_gbdt,unseen_well,0,tr00017,1666,101.09482670903742,0.24633547956561105,0.46710294990351287,0.23564908247499858,2178,1666,0.05124869927159209,4.802856652870197,True,0.17794864999996207,4.7530675780647496,6.615633215060948,1.862565636996198,True,647.1674399544746,0.9859118288552694,1.0,,True,,,0,0.0,,,,,,,,,,,,,,,,,,,
ridge_default,unseen_well,0,tr00014,2144,788.416738991166,0.6064088455508359,1.2196937534952994,0.4366195486833105,2057,2144,0.1547250654606046,40.26327247255445,True,0.016550989999814192,34.94199169491244,40.30823145125265,5.366239756340214,True,679.9780436185899,,,,,,,0,,,,,,,,,,,,,,,,,,,,
ridge_affine_cal,unseen_well,0,tr00014,2144,495.7627388877382,0.48086653111843614,1.0117960818948148,0.23393059243850947,2057,2144,0.1547250654606046,40.26327247255445,True,0.02473124399966764,34.94199169491244,40.30823145125265,5.366239756340214,True,679.9780436185899,,,,,,,0,,,,,,,,,,,,,,,,,,,,
ridge_multibranch,unseen_well,0,tr00014,2144,1133.7864500167661,0.7271989458950041,1.3379758864769897,0.6031503697755184,2057,2144,0.1547250654606046,40.26327247255445,True,0.026921874999970896,34.94199169491244,40.30823145125265,5.366239756340214,True,679.9780436185899,,,,,,,0,,,,,,,,,,,,,,,,,,,,
ridge_affine_multibranch,unseen_well,0,tr00014,2144,843.7901928277905,0.6273426962952957,1.223411111130389,0.4884937794363676,2057,2144,0.1547250654606046,40.26327247255445,True,0.035341298000275856,34.94199169491244,40.30823145125265,5.366239756340214,True,679.9780436185899,,,,,,,0,,,,,,,,,,,,,,,,,,,,
ridge_gated_gbdt,unseen_well,0,tr00014,2144,41620.120307009376,4.405947065748719,5.858446158938953,3.728517096985498,2057,2144,0.1547250654606046,40.26327247255445,True,0.19936712700018688,34.94199169491244,40.30823145125265,5.366239756340214,True,679.9780436185899,0.8858409526547739,1.0,,True,,,0,0.0,,,,,,,,,,,,,,,,,,,
ridge_default,unseen_well,0,tr00039,1678,3584.3662856116375,1.4615383436377927,2.5771285648167037,-1.0446203046601337,2209,1678,0.293285310007718,-1.2809125212336188,True,0.014312582000457041,-1.9709651601169789,1.5097777737999891,3.480742933916968,True,692.2357276343815,,,,,,,0,,,,,,,,,,,,,,,,,,,,
ridge_affine_cal,unseen_well,0,tr00039,1678,4979.107341799726,1.7225814507504262,2.907127409342255,-1.3836402880846999,2209,1678,0.293285310007718,-1.2809125212336188,True,0.02210212399950251,-1.9709651601169789,1.5097777737999891,3.480742933916968,True,692.2357276343815,,,,,,,0,,,,,,,,,,,,,,,,,,,,
ridge_multibranch,unseen_well,0,tr00039,1678,3803.7702770105516,1.505605394022374,2.6402809847850714,-1.0945928897928916,2209,1678,0.293285310007718,-1.2809125212336188,True,0.02364081999985501,-1.9709651601169789,1.5097777737999891,3.480742933916968,True,692.2357276343815,,,,,,,0,,,,,,,,,,,,,,,,,,,,
ridge_affine_multibranch,unseen_well,0,tr00039,1678,6144.813744235935,1.9136318184885475,3.144551280271815,-1.6037484594320037,2209,1678,0.293285310007718,-1.2809125212336188,True,0.030098231999545533,-1.9709651601169789,1.5097777737999891,3.480742933916968,True,692.2357276343815,,,,,,,0,,,,,,,,,,,,,,,,,,,,
ridge_gated_gbdt,unseen_well,0,tr00039,1678,8189.816481126866,2.2092308890319634,3.133961273755334,-1.6112977433348068,2209,1678,0.293285310007718,-1.2809125212336188,True,0.15265786300005857,-1.9709651601169789,1.5097777737999891,3.480742933916968,True,692.2357276343815,0.976775967326493,1.0,,True,,,0,0.0,,,,,,,,,,,,,,,,,,,
ridge_default,unseen_well,0,tr00016,3606,7625.5862425438245,1.454198717801385,2.1674953344639096,1.4021253286696964,4001,3606,0.0,11.990694314156492,True,0.015496846999667468,10.48507719240416,12.362785331987148,1.877708139582987,True,663.2148938112224,,,,,,,0,,,,,,,,,,,,,,,,,,,,
ridge_affine_cal,unseen_well,0,tr00016,3606,9381.50926165754,1.612959618327217,2.4105591983308745,1.5538144629009063,4001,3606,0.0,11.990694314156492,True,0.022954269000365457,10.48507719240416,12.362785331987148,1.877708139582987,True,663.2148938112224,,,,,,,0,,,,,,,,,,,,,,,,,,,,
ridge_multibranch,unseen_well,0,tr00016,3606,7677.56842136596,1.4591467983694757,2.1753600822935617,1.4084957983238093,4001,3606,0.0,11.990694314156492,True,0.024303598999722453,10.48507719240416,12.362785331987148,1.877708139582987,True,663.2148938112224,,,,,,,0,,,,,,,,,,,,,,,,,,,,
ridge_affine_multibranch,unseen_well,0,tr00016,3606,8414.388120040316,1.5275604620012317,2.3152338021635366,1.4687548616841717,4001,3606,0.0,11.990694314156492,True,0.032691785000679374,10.48507719240416,12.362785331987148,1.877708139582987,True,663.2148938112224,,,,,,,0,,,,,,,,,,,,,,,,,,,,
ridge_gated_gbdt,unseen_well,0,tr00016,3606,8930.57463634136,1.573717741806546,1.866513808294128,1.4723272991293979,4001,3606,0.0,11.990694314156492,True,0.25461788500069815,10.48507719240416,12.362785331987148,1.877708139582987,True,663.2148938112224,0.8775936729857053,0.9,,True,,,0,0.0,,,,,,,,,,,,,,,,,,,
ridge_default,unseen_well,0,tr000ac,2131,1648.7199910566135,0.8795929242372236,1.8264053401215796,0.3944244581556676,2301,2131,0.0,8.335874406765958,True,0.014524115000313031,2.529797134648127,8.32806587615286,5.798268741504732,True,665.4112650719859,,,,,,,0,,,,,,,,,,,,,,,,,,,,
ridge_affine_cal,unseen_well,0,tr000ac,2131,1302.7601612377987,0.7818807299994881,1.5152494659579703,0.08578554929463665,2301,2131,0.0,8.335874406765958,True,0.02228702600041288,2.529797134648127,8.32806587615286,5.798268741504732,True,665.4112650719859,,,,,,,0,,,,,,,,,,,,,,,,,,,,
ridge_multibranch,unseen_well,0,tr000ac,2131,1776.1492677952679,0.9129521289573952,1.9046083148679043,0.4897548045944081,2301,2131,0.0,8.335874406765958,True,0.02322214800005895,2.529797134648127,8.32806587615286,5.798268741504732,True,665.4112650719859,,,,,,,0,,,,,,,,,,,,,,,,,,,,
ridge_affine_multibranch,unseen_well,0,tr000ac,2131,1240.93068963813,0.76310102656361,1.4716946087061467,0.05797258719736801,2301,2131,0.0,8.335874406765958,True,0.030296218999865232,2.529797134648127,8.32806587615286,5.798268741504732,True,665.4112650719859,,,,,,,0,,,,,,,,,,,,,,,,,,,,
ridge_gated_gbdt,unseen_well,0,tr000ac,2131,12523.069048580219,2.4241732952602506,4.449267504010053,2.040196768512471,2301,2131,0.0,8.335874406765958,True,0.1727687300008256,2.529797134648127,8.32806587615286,5.798268741504732,True,665.4112650719859,0.9521291085987001,1.0,,True,,,0,0.0,,,,,,,,,,,,,,,,,,,
ridge_default,unseen_well,0,tr00091,1916,101632.28865906435,7.283130645076238,8.032634969753165,7.271717910490693,1768,1916,0.0,20.60169837950004,True,0.014796096999816655,20.5298070884602,21.988009874294644,1.4582027858344446,True,683.5314454988719,,,,,,,0,,,,,,,,,,,,,,,,,,,,
ridge_affine_cal,unseen_well,0,tr00091,1916,91839.18893328904,6.923349683643669,7.68103049910491,6.91132809867639,1768,1916,0.0,20.60169837950004,True,0.02250439199997345,20.5298070884602,21.988009874294644,1.4582027858344446,True,683.5314454988719,,,,,,,0,,,,,,,,,,,,,,,,,,,,
ridge_multibranch,unseen_well,0,tr00091,1916,107315.66059021864,7.484000351976297,8.24018545252014,7.472537663917538,1768,1916,0.0,20.60169837950004,True,0.023051637999742525,20.5298070884602,21.988009874294644,1.4582027858344446,True,683.5314454988719,,,,,,,0,,,,,,,,,,,,,,,,,,,,
ridge_affine_multibranch,unseen_well,0,tr00091,1916,93071.19125326208,6.96963258112641,7.742106618600964,6.957182931633208,1768,1916,0.0,20.60169837950004,True,0.029888301999562827,20.5298070884602,21.988009874294644,1.4582027858344446,True,683.5314454988719,,,,,,,0,,,,,,,,,,,,,,,,,,,,
ridge_gated_gbdt,unseen_well,0,tr00091,1916,101632.28865906435,7.283130645076238,8.032634969753165,7.271717910490693,1768,1916,0.0,20.60169837950004,True,0.15432060900002398,20.5298070884602,21.988009874294644,1.4582027858344446,True,683.5314454988719,0.9122295006271455,1.0,,True,,,1916,1.0,,,,,,,,,,,,,,,,,,,
ridge_default,unseen_well,0,tr0008f,2376,31077.169599029723,3.6165752908806517,7.271886984956512,-3.291591111407085,2373,2376,0.6849863129079806,9.964455121482931,True,0.015136442000766692,7.410402371871442,10.033484982065168,2.623082610193727,True,651.7822504433169,,,,,,,0,,,,,,,,,,,,,,,,,,,,
ridge_affine_cal,unseen_well,0,tr0008f,2376,33172.06954956852,3.736483471525518,7.4321117544933335,-3.4178707456583073,2373,2376,0.6849863129079806,9.964455121482931,True,0.021409963000223797,7.410402371871442,10.033484982065168,2.623082610193727,True,651.7822504433169,,,,,,,0,,,,,,,,,,,,,,,,,,,,
ridge_multibranch,unseen_well,0,tr0008f,2376,33892.604220842724,3.7768457826619355,7.618688380412489,-3.4292256435813635,2373,2376,0.6849863129079806,9.964455121482931,True,0.02139240999986214,7.410402371871442,10.033484982065168,2.623082610193727,True,651.7822504433169,,,,,,,0,,,,,,,,,,,,,,,,,,,,
ridge_affine_multibranch,unseen_well,0,tr0008f,2376,34653.44514387731,3.8190029208829723,7.761353260078603,-3.4775771068162835,2373,2376,0.6849863129079806,9.964455121482931,True,0.026284712000233412,7.410402371871442,10.033484982065168,2.623082610193727,True,651.7822504433169,,,,,,,0,,,,,,,,,,,,,,,,,,,,
ridge_gated_gbdt,unseen_well,0,tr0008f,2376,31077.169599029723,3.6165752908806517,7.271886984956512,-3.291591111407085,2373,2376,0.6849863129079806,9.964455121482931,True,0.16724291599985008,7.410402371871442,10.033484982065168,2.623082610193727,True,651.7822504433169,0.0,0.0,,False,affine_calibration_unusable,,2376,1.0,,,,,,,,,,,,,,,,,,,
ridge_default,unseen_well,0,tr0006b,1879,2128.1305241430296,1.064230595838716,2.0966512170948604,-0.9252670316401442,4038,1879,0.09869866486395133,4.406735519988748,True,0.014777917000174057,2.7493629723974777,5.712075614396486,2.9627126419990084,True,697.1695411870911,,,,,,,0,,,,,,,,,,,,,,,,,,,,
ridge_affine_cal,unseen_well,0,tr0006b,1879,1980.5365418874437,1.026663305202751,2.0616744089129653,-0.8764579570208177,4038,1879,0.09869866486395133,4.406735519988748,True,0.022296138999990944,2.7493629723974777,5.712075614396486,2.9627126419990084,True,697.1695411870911,,,,,,,0,,,,,,,,,,,,,,,,,,,,
ridge_multibranch,unseen_well,0,tr0006b,1879,1091.6605388077714,0.7622201329217683,1.7396609868456019,-0.5381207934383283,4038,1879,0.09869866486395133,4.406735519988748,True,0.02336905399988609,2.7493629723974777,5.712075614396486,2.9627126419990084,True,697.1695411870911,,,,,,,0,,,,,,,,,,,,,,,,,,,,
ridge_affine_multibranch,unseen_well,0,tr0006b,1879,1092.435143552204,0.7624905075538588,1.7457878498477495,-0.5302345766050465,4038,1879,0.09869866486395133,4.406735519988748,True,0.03075239900044835,2.7493629723974777,5.712075614396486,2.9627126419990084,True,697.1695411870911,,,,,,,0,,,,,,,,,,,,,,,,,,,,
ridge_gated_gbdt,unseen_well,0,tr0006b,1879,2128.1305241430296,1.064230595838716,2.0966512170948604,-0.9252670316401442,4038,1879,0.09869866486395133,4.406735519988748,True,0.17000504699990415,2.7493629723974777,5.712075614396486,2.9627126419990084,True,697.1695411870911,0.984428406881095,1.0,,True,,,1879,1.0,,,,,,,,,,,,,,,,,,,
ridge_default,unseen_well,0,tr00043,2849,36390.19420332718,3.5739293415425517,5.724216039902998,-2.9496153460529633,3069,2849,0.14109496451503886,14.46524395736811,True,0.014883152000038535,14.473782878079913,26.121560313770388,11.647777435690475,True,717.3524778069084,,,,,,,0,,,,,,,,,,,,,,,,,,,,
ridge_affine_cal,unseen_well,0,tr00043,2849,33976.1960026462,3.4533544160114147,5.568376064385042,-2.802624771687256,3069,2849,0.14109496451503886,14.46524395736811,True,0.022615935999965586,14.473782878079913,26.121560313770388,11.647777435690475,True,717.3524778069084,,,,,,,0,,,,,,,,,,,,,,,,,,,,
ridge_multibranch,unseen_well,0,tr00043,2849,36124.516617424735,3.560859167733834,5.735185225327847,-2.9332617355104205,3069,2849,0.14109496451503886,14.46524395736811,True,0.023624402000677946,14.473782878079913,26.121560313770388,11.647777435690475,True,717.3524778069084,,,,,,,0,,,,,,,,,,,,,,,,,,,,
ridge_affine_multibranch,unseen_well,0,tr00043,2849,34373.94065075245,3.47350906630159,5.6188024739005655,-2.831633503782763,3069,2849,0.14109496451503886,14.46524395736811,True,0.03137327300009929,14.473782878079913,26.121560313770388,11.647777435690475,True,717.3524778069084,,,,,,,0,,,,,,,,,,,,,,,,,,,,
ridge_gated_gbdt,unseen_well,0,tr00043,2849,103063.38546109755,6.0145893020329915,7.505511102303906,-5.027809993743376,3069,2849,0.14109496451503886,14.46524395736811,True,0.2102654509999411,14.473782878079913,26.121560313770388,11.647777435690475,True,717.3524778069084,0.8178341946513343,1.0,,True,,,0,0.0,,,,,,,,,,,,,,,,,,,
ridge_default,unseen_well,0,tr000be,2375,4569.589966851986,1.3870969255173855,2.581687605934695,-1.1620885063780588,3685,2375,0.0,10.217726930828254,True,0.015617304999977932,8.931490476002198,10.286899879893705,1.3554094038915068,True,683.8407902569965,,,,,,,0,,,,,,,,,,,,,,,,,,,,
ridge_affine_cal,unseen_well,0,tr000be,2375,4613.275999349029,1.3937115913006919,2.587809315161783,-1.168273686696682,3685,2375,0.0,10.217726930828254,True,0.022734584999852814,8.931490476002198,10.286899879893705,1.3554094038915068,True,683.8407902569965,,,,,,,0,,,,,,,,,,,,,,,,,,,,
ridge_multibranch,unseen_well,0,tr000be,2375,5819.982857271752,1.5654133951766966,2.804173740989441,-1.3644012197122823,3685,2375,0.0,10.217726930828254,True,0.023577752000164764,8.931490476002198,10.286899879893705,1.3554094038915068,True,683.8407902569965,,,,,,,0,,,,,,,,,,,,,,,,,,,,
ridge_affine_multibranch,unseen_well,0,tr000be,2375,6536.5512912754275,1.6589852689648228,2.912760275988288,-1.4695695039840717,3685,2375,0.0,10.217726930828254,True,0.03038653399926261,8.931490476002198,10.286899879893705,1.3554094038915068,True,683.8407902569965,,,,,,,0,,,,,,,,,,,,,,,,,,,,
ridge_gated_gbdt,unseen_well,0,tr000be,2375,4569.589966851986,1.3870969255173855,2.581687605934695,-1.1620885063780588,3685,2375,0.0,10.217726930828254,True,0.19224949100043887,8.931490476002198,10.286899879893705,1.3554094038915068,True,683.8407902569965,0.7867250761672866,1.0,,True,,,2375,1.0,,,,,,,,,,,,,,,,,,,
ridge_default,unseen_well,0,tr0003e,1967,236.40575237267996,0.34667844505642575,0.6611017578749525,-0.12036015893541047,1851,1967,0.026977475117862755,19.279388631744546,True,0.014339354000185267,19.268526414530616,21.84515910201294,2.5766326874823235,True,663.4347955416928,,,,,,,0,,,,,,,,,,,,,,,,,,,,
ridge_affine_cal,unseen_well,0,tr0003e,1967,204.66837771803046,0.3225694202312781,0.6060556251926599,-0.11152910805547686,1851,1967,0.026977475117862755,19.279388631744546,True,0.02197527599946625,19.268526414530616,21.84515910201294,2.5766326874823235,True,663.4347955416928,,,,,,,0,,,,,,,,,,,,,,,,,,,,
ridge_multibranch,unseen_well,0,tr0003e,1967,217.3657879943831,0.33242479912592426,0.6249539930975736,-0.08795264083057752,1851,1967,0.026977475117862755,19.279388631744546,True,0.023589815000377712,19.268526414530616,21.84515910201294,2.5766326874823235,True,663.4347955416928,,,,,,,0,,,,,,,,,,,,,,,,,,,,
ridge_affine_multibranch,unseen_well,0,tr0003e,1967,185.2390588778303,0.3068768325895395,0.6116745276846594,-0.048767542159267034,1851,1967,0.026977475117862755,19.279388631744546,True,0.030177915000422217,19.268526414530616,21.84515910201294,2.5766326874823235,True,663.4347955416928,,,,,,,0,,,,,,,,,,,,,,,,,,,,
ridge_gated_gbdt,unseen_well,0,tr0003e,1967,118.06687326994495,0.24499761188044253,0.5861734052464165,0.10883657874211881,1851,1967,0.026977475117862755,19.279388631744546,True,0.1592675660003806,19.268526414530616,21.84515910201294,2.5766326874823235,True,663.4347955416928,0.9291875193132415,1.0,,True,,,0,0.0,,,,,,,,,,,,,,,,,,,
ridge_default,unseen_well,0,tr0001a,2686,2696.298341869763,1.001915206548484,1.9177290154298916,-0.7676095843375393,6091,2686,0.09114731685086021,40.53228692085982,True,0.01693525900009263,40.50781415618084,46.31019554319242,5.802381387011579,True,662.3035657813798,,,,,,,0,,,,,,,,,,,,,,,,,,,,
ridge_affine_cal,unseen_well,0,tr0001a,2686,2625.1935054826317,0.9886160489729604,1.892900151957953,-0.7515049748633836,6091,2686,0.09114731685086021,40.53228692085982,True,0.02256118300010712,40.50781415618084,46.31019554319242,5.802381387011579,True,662.3035657813798,,,,,,,0,,,,,,,,,,,,,,,,,,,,
ridge_multibranch,unseen_well,0,tr0001a,2686,2031.355530599254,0.8696409189129866,1.7342857457648293,-0.5892811232184835,6091,2686,0.09114731685086021,40.53228692085982,True,0.02349510800013377,40.50781415618084,46.31019554319242,5.802381387011579,True,662.3035657813798,,,,,,,0,,,,,,,,,,,,,,,,,,,,
ridge_affine_multibranch,unseen_well,0,tr0001a,2686,1465.2491000970367,0.7385888166603222,1.5116726911266056,-0.39740162288318814,6091,2686,0.09114731685086021,40.53228692085982,True,0.03144102500027657,40.50781415618084,46.31019554319242,5.802381387011579,True,662.3035657813798,,,,,,,0,,,,,,,,,,,,,,,,,,,,
ridge_gated_gbdt,unseen_well,0,tr0001a,2686,361.17396753426664,0.3666951921375683,0.8230733438941797,-0.24582839981074917,6091,2686,0.09114731685086021,40.53228692085982,True,0.21451430299930507,40.50781415618084,46.31019554319242,5.802381387011579,True,662.3035657813798,0.884799042841112,1.0,,True,,,0,0.0,,,,,,,,,,,,,,,,,,,
ridge_default,unseen_well,0,tr000bb,1823,5086.614455719688,1.6704022882418876,3.0147090536091845,-1.411441692853268,3032,1823,0.0,15.489582875733197,True,0.014623576000303729,15.48914262857062,20.91992688239199,5.43078425382137,True,656.8448256468685,,,,,,,0,,,,,,,,,,,,,,,,,,,,
ridge_affine_cal,unseen_well,0,tr000bb,1823,5911.209474135497,1.8007144120961012,3.1669574780107297,-1.5605745806126943,3032,1823,0.0,15.489582875733197,True,0.021928047000074002,15.48914262857062,20.91992688239199,5.43078425382137,True,656.8448256468685,,,,,,,0,,,,,,,,,,,,,,,,,,,,
ridge_multibranch,unseen_well,0,tr000bb,1823,5226.623656999593,1.6932351700799293,3.0506822824933053,-1.4340150892100287,3032,1823,0.0,15.489582875733197,True,0.023058233000483597,15.48914262857062,20.91992688239199,5.43078425382137,True,656.8448256468685,,,,,,,0,,,,,,,,,,,,,,,,,,,,
ridge_affine_multibranch,unseen_well,0,tr000bb,1823,7006.534714718217,1.9604614403472553,3.356268534890269,-1.7399280962629826,3032,1823,0.0,15.489582875733197,True,0.030301046000204224,15.48914262857062,20.91992688239199,5.43078425382137,True,656.8448256468685,,,,,,,0,,,,,,,,,,,,,,,,,,,,
ridge_gated_gbdt,unseen_well,0,tr000bb,1823,334.91910963156204,0.42862414287967016,0.798348905761209,-0.39478346970011247,3032,1823,0.0,15.489582875733197,True,0.16691549999995914,15.48914262857062,20.91992688239199,5.43078425382137,True,656.8448256468685,0.7632498528671341,1.0,,True,,,0,0.0,,,,,,,,,,,,,,,,,,,
ridge_default,unseen_well,0,tr0003d,1683,1074.1902827963734,0.798911277446599,1.376636105102957,0.3425434809271195,4124,1683,0.0990184260375409,36.40236764433787,True,0.016341750000719912,28.85727982169025,36.57158867412467,7.714308852434421,True,717.7197740724698,,,,,,,0,,,,,,,,,,,,,,,,,,,,
ridge_affine_cal,unseen_well,0,tr0003d,1683,1078.231583662477,0.8004126920019521,1.399895760917687,0.37199042491829076,4124,1683,0.0990184260375409,36.40236764433787,True,0.023655158000110532,28.85727982169025,36.57158867412467,7.714308852434421,True,717.7197740724698,,,,,,,0,,,,,,,,,,,,,,,,,,,,
ridge_multibranch,unseen_well,0,tr0003d,1683,1114.8003951327162,0.8138727336501413,1.4075268153531972,0.43426979668799454,4124,1683,0.0990184260375409,36.40236764433787,True,0.023888742000053753,28.85727982169025,36.57158867412467,7.714308852434421,True,717.7197740724698,,,,,,,0,,,,,,,,,,,,,,,,,,,,
ridge_affine_multibranch,unseen_well,0,tr0003d,1683,961.1488488032329,0.7557066903134126,1.3153333216675733,0.3441976287813308,4124,1683,0.0990184260375409,36.40236764433787,True,0.029975247000038507,28.85727982169025,36.57158867412467,7.714308852434421,True,717.7197740724698,,,,,,,0,,,,,,,,,,,,,,,,,,,,
ridge_gated_gbdt,unseen_well,0,tr0003d,1683,1074.1902827963734,0.798911277446599,1.376636105102957,0.3425434809271195,4124,1683,0.0990184260375409,36.40236764433787,True,0.1565146779994393,28.85727982169025,36.57158867412467,7.714308852434421,True,717.7197740724698,0.913727150713087,0.7,,True,,,1683,1.0,,,,,,,,,,,,,,,,,,,
ridge_default,unseen_well,0,tr0003a,2473,4754.658838391839,1.3865885896179915,2.966234216905473,0.7519813174364293,2216,2473,0.03838771593090211,35.155824140414964,True,0.014695895999466302,24.198500849014195,35.15583736272127,10.957336513707077,True,713.0771505490707,,,,,,,0,,,,,,,,,,,,,,,,,,,,
ridge_affine_cal,unseen_well,0,tr0003a,2473,4188.36007376046,1.3013974376197035,2.7947164880669995,0.5650211742410011,2216,2473,0.03838771593090211,35.155824140414964,True,0.02206204699996306,24.198500849014195,35.15583736272127,10.957336513707077,True,713.0771505490707,,,,,,,0,,,,,,,,,,,,,,,,,,,,
ridge_multibranch,unseen_well,0,tr0003a,2473,3758.03304591026,1.2327307776648917,2.637675856880616,0.48049870158770214,2216,2473,0.03838771593090211,35.155824140414964,True,0.02368226099952153,24.198500849014195,35.15583736272127,10.957336513707077,True,713.0771505490707,,,,,,,0,,,,,,,,,,,,,,,,,,,,
ridge_affine_multibranch,unseen_well,0,tr0003a,2473,3283.39196671172,1.1522568734578857,2.367558553040343,0.20722357101859146,2216,2473,0.03838771593090211,35.155824140414964,True,0.030080363999331894,24.198500849014195,35.15583736272127,10.957336513707077,True,713.0771505490707,,,,,,,0,,,,,,,,,,,,,,,,,,,,
ridge_gated_gbdt,unseen_well,0,tr0003a,2473,32683.850834469038,3.635419661584983,9.004687190726209,-1.07660099846073,2216,2473,0.03838771593090211,35.155824140414964,True,0.17986672699953488,24.198500849014195,35.15583736272127,10.957336513707077,True,713.0771505490707,0.9186228537930218,1.0,,True,,,0,0.0,,,,,,,,,,,,,,,,,,,
ridge_default,unseen_well,0,tr000e5,1450,2836.4662089877406,1.3986363331493066,2.313916634901709,-1.205124186611717,3009,1450,0.0,29.98129082208483,True,0.014369911999892793,29.960073558166613,32.247668888154664,2.2875953299880507,True,709.1957724614157,,,,,,,0,,,,,,,,,,,,,,,,,,,,
ridge_affine_cal,unseen_well,0,tr000e5,1450,2130.7851661544028,1.212232243071008,2.0952682219241616,-0.9785241762072924,3009,1450,0.0,29.98129082208483,True,0.022149472999444697,29.960073558166613,32.247668888154664,2.2875953299880507,True,709.1957724614157,,,,,,,0,,,,,,,,,,,,,,,,,,,,
ridge_multibranch,unseen_well,0,tr000e5,1450,4004.0169556340647,1.66174336282278,2.6280078901958497,-1.4972550478174331,3009,1450,0.0,29.98129082208483,True,0.023298398999941128,29.960073558166613,32.247668888154664,2.2875953299880507,True,709.1957724614157,,,,,,,0,,,,,,,,,,,,,,,,,,,,
ridge_affine_multibranch,unseen_well,0,tr000e5,1450,3148.3250003921944,1.4735191281283504,2.4203861522595,-1.2815519071211738,3009,1450,0.0,29.98129082208483,True,0.036165903999972215,29.960073558166613,32.247668888154664,2.2875953299880507,True,709.1957724614157,,,,,,,0,,,,,,,,,,,,,,,,,,,,
ridge_gated_gbdt,unseen_well,0,tr000e5,1450,205.9065558898323,0.3768348727272101,0.6103030662244855,0.006309349581107995,3009,1450,0.0,29.98129082208483,True,0.1483183790005569,29.960073558166613,32.247668888154664,2.2875953299880507,True,709.1957724614157,0.9361110733852793,1.0,,True,,,0,0.0,,,,,,,,,,,,,,,,,,,
ridge_default,unseen_well,0,tr000b0,2525,890.3374839327164,0.593808811426547,1.1836985453717146,0.15909764722809067,3025,2525,0.0,6.250370137063619,True,0.014887308999277593,1.0018709123188998,6.330723033157842,5.328852120838942,True,670.9513949229723,,,,,,,0,,,,,,,,,,,,,,,,,,,,
ridge_affine_cal,unseen_well,0,tr000b0,2525,871.1108653803785,0.5873622409815283,1.1856596584310077,0.16220151509587594,3025,2525,0.0,6.250370137063619,True,0.023435293000147794,1.0018709123188998,6.330723033157842,5.328852120838942,True,670.9513949229723,,,,,,,0,,,,,,,,,,,,,,,,,,,,
ridge_multibranch,unseen_well,0,tr000b0,2525,938.6050811618436,0.6096923688373932,1.2518376338891612,0.2605201174211524,3025,2525,0.0,6.250370137063619,True,0.024383891999605112,1.0018709123188998,6.330723033157842,5.328852120838942,True,670.9513949229723,,,,,,,0,,,,,,,,,,,,,,,,,,,,
ridge_affine_multibranch,unseen_well,0,tr000b0,2525,921.1953129451375,0.6040114460082403,1.253809553896469,0.26840813904506206,3025,2525,0.0,6.250370137063619,True,0.031490792999647965,1.0018709123188998,6.330723033157842,5.328852120838942,True,670.9513949229723,,,,,,,0,,,,,,,,,,,,,,,,,,,,
ridge_gated_gbdt,unseen_well,0,tr000b0,2525,890.3374839327164,0.593808811426547,1.1836985453717146,0.15909764722809067,3025,2525,0.0,6.250370137063619,True,0.2029046659999949,1.0018709123188998,6.330723033157842,5.328852120838942,True,670.9513949229723,0.9822692704839799,1.0,,True,,,2525,1.0,,,,,,,,,,,,,,,,,,,
ridge_default,unseen_well,0,tr000ef,2253,296.6002832084342,0.36283166758241564,0.8013034743877698,-0.2520713224195264,2695,2253,0.19098625707356506,1.8667185975642977,True,0.014755899999727262,-0.9996429340376208,1.8506865940205384,2.8503295280581593,True,673.6773968694861,,,,,,,0,,,,,,,,,,,,,,,,,,,,
ridge_affine_cal,unseen_well,0,tr000ef,2253,150.6882435648813,0.2586182028828462,0.5624244625762467,-0.02423011018018561,2695,2253,0.19098625707356506,1.8667185975642977,True,0.022309085000415507,-0.9996429340376208,1.8506865940205384,2.8503295280581593,True,673.6773968694861,,,,,,,0,,,,,,,,,,,,,,,,,,,,
ridge_multibranch,unseen_well,0,tr000ef,2253,642.1349750905094,0.533866373283694,1.020697855037914,-0.46684159799278546,2695,2253,0.19098625707356506,1.8667185975642977,True,0.023561130000416597,-0.9996429340376208,1.8506865940205384,2.8503295280581593,True,673.6773968694861,,,,,,,0,,,,,,,,,,,,,,,,,,,,
ridge_affine_multibranch,unseen_well,0,tr000ef,2253,294.088609974941,0.36129213415574724,0.7993793901657926,-0.2576462502125459,2695,2253,0.19098625707356506,1.8667185975642977,True,0.030361568999978772,-0.9996429340376208,1.8506865940205384,2.8503295280581593,True,673.6773968694861,,,,,,,0,,,,,,,,,,,,,,,,,,,,
ridge_gated_gbdt,unseen_well,0,tr000ef,2253,296.6002832084342,0.36283166758241564,0.8013034743877698,-0.2520713224195264,2695,2253,0.19098625707356506,1.8667185975642977,True,0.18049349400007486,-0.9996429340376208,1.8506865940205384,2.8503295280581593,True,673.6773968694861,0.9512201520064589,1.0,,True,,,2253,1.0,,,,,,,,,,,,,,,,,,,
ridge_default,unseen_well,0,tr0004e,1813,5056.094802807825,1.669970126133252,2.161482886870294,1.6262502825715885,3610,1813,0.7717130739443112,13.818159454059208,True,0.015298825999707333,13.640803106233518,14.19315245643146,0.5523493501979413,True,682.6302940562789,,,,,,,0,,,,,,,,,,,,,,,,,,,,
ridge_affine_cal,unseen_well,0,tr0004e,1813,4259.59930924487,1.532799930068399,2.02481948143655,1.4722728500570403,3610,1813,0.7717130739443112,13.818159454059208,True,0.023037083000417624,13.640803106233518,14.19315245643146,0.5523493501979413,True,682.6302940562789,,,,,,,0,,,,,,,,,,,,,,,,,,,,
ridge_multibranch,unseen_well,0,tr0004e,1813,5033.859739131582,1.666294086911728,2.1552504811025255,1.6234697590822675,3610,1813,0.7717130739443112,13.818159454059208,True,0.02263884500007407,13.640803106233518,14.19315245643146,0.5523493501979413,True,682.6302940562789,,,,,,,0,,,,,,,,,,,,,,,,,,,,
ridge_affine_multibranch,unseen_well,0,tr0004e,1813,1437.6549586458186,0.8904887378868217,1.352227869289738,0.7598219604212404,3610,1813,0.7717130739443112,13.818159454059208,True,0.029056454999590642,13.640803106233518,14.19315245643146,0.5523493501979413,True,682.6302940562789,,,,,,,0,,,,,,,,,,,,,,,,,,,,
ridge_gated_gbdt,unseen_well,0,tr0004e,1813,5056.094802807825,1.669970126133252,2.161482886870294,1.6262502825715885,3610,1813,0.7717130739443112,13.818159454059208,True,0.17044510499999888,13.640803106233518,14.19315245643146,0.5523493501979413,True,682.6302940562789,0.0,0.0,,False,insufficient_hidden_gr_rows,,1813,1.0,,,,,,,,,,,,,,,,,,,
ridge_default,unseen_well,0,tr000a9,1536,2036.6917728740066,1.1515082311030962,1.9299364706382391,-0.8125337346521103,2110,1536,0.19171695008228196,10.262345774446173,True,0.025797551999858115,10.271286921322126,15.393870143780148,5.122583222458022,True,667.5872725628994,,,,,,,0,,,,,,,,,,,,,,,,,,,,
ridge_affine_cal,unseen_well,0,tr000a9,1536,2149.918641279606,1.1830835200510614,1.9550406033101275,-0.8500162064139342,2110,1536,0.19171695008228196,10.262345774446173,True,0.03575430199998664,10.271286921322126,15.393870143780148,5.122583222458022,True,667.5872725628994,,,,,,,0,,,,,,,,,,,,,,,,,,,,
ridge_multibranch,unseen_well,0,tr000a9,1536,1553.7178047123311,1.005750977682642,1.7373149870735318,-0.585241934413055,2110,1536,0.19171695008228196,10.262345774446173,True,0.023826765999729105,10.271286921322126,15.393870143780148,5.122583222458022,True,667.5872725628994,,,,,,,0,,,,,,,,,,,,,,,,,,,,
ridge_affine_multibranch,unseen_well,0,tr000a9,1536,1952.558576024442,1.127473720136858,1.9241053727074977,-0.7717849935659394,2110,1536,0.19171695008228196,10.262345774446173,True,0.031222413999785203,10.271286921322126,15.393870143780148,5.122583222458022,True,667.5872725628994,,,,,,,0,,,,,,,,,,,,,,,,,,,,
ridge_gated_gbdt,unseen_well,0,tr000a9,1536,148.3197278346168,0.31074478725956983,0.4772873392910775,-0.08428484216242,2110,1536,0.19171695008228196,10.262345774446173,True,0.14425387299979775,10.271286921322126,15.393870143780148,5.122583222458022,True,667.5872725628994,0.8529960284228535,1.0,,True,,,0,0.0,,,,,,,,,,,,,,,,,,,
ridge_default,unseen_well,1,tr000c9,2680,5154.561830870198,1.3868467711836845,2.6159498063916224,-0.9511673765947083,2969,2680,0.18587360594795538,24.227024463787096,True,0.015250839000145788,23.658848684263504,28.158844922909044,4.49999623864554,True,689.163512198987,,,,,,,0,,,,,,,,,,,,,,,,,,,,
ridge_affine_cal,unseen_well,1,tr000c9,2680,6693.351238690445,1.5803541118731412,2.8723751468696435,-1.222295357942556,2969,2680,0.18587360594795538,24.227024463787096,True,0.022436041999753797,23.658848684263504,28.158844922909044,4.49999623864554,True,689.163512198987,,,,,,,0,,,,,,,,,,,,,,,,,,,,
ridge_multibranch,unseen_well,1,tr000c9,2680,5673.481358513016,1.454981325021587,2.747518182271609,-1.022609696298433,2969,2680,0.18587360594795538,24.227024463787096,True,0.023727275999590347,23.658848684263504,28.158844922909044,4.49999623864554,True,689.163512198987,,,,,,,0,,,,,,,,,,,,,,,,,,,,
ridge_affine_multibranch,unseen_well,1,tr000c9,2680,6840.664004113758,1.5976503274181004,2.904700396362937,-1.2300259794222528,2969,2680,0.18587360594795538,24.227024463787096,True,0.030233266999857733,23.658848684263504,28.158844922909044,4.49999623864554,True,689.163512198987,,,,,,,0,,,,,,,,,,,,,,,,,,,,
ridge_gated_gbdt,unseen_well,1,tr000c9,2680,10626.377832460841,1.9912474370092321,2.9240525121168304,1.7986529857285953,2969,2680,0.18587360594795538,24.227024463787096,True,0.04271374200015998,23.658848684263504,28.158844922909044,4.49999623864554,True,689.163512198987,0.8437225105040365,1.0,,True,,,0,0.0,,,,,,,,,,,,,,,,,,,
ridge_default,unseen_well,1,tr000a4,1511,4401.547175203541,1.7067521094773899,2.2506875969725186,1.6896550910000465,2243,1511,0.0,45.40672112049938,True,0.014253749000090465,45.357761054062,47.84421267507116,2.4864516210091594,True,722.1911642288064,,,,,,,0,,,,,,,,,,,,,,,,,,,,
ridge_affine_cal,unseen_well,1,tr000a4,1511,3483.271385006649,1.518313396227504,2.082094918051311,1.49885787353406,2243,1511,0.0,45.40672112049938,True,0.021758617000159575,45.357761054062,47.84421267507116,2.4864516210091594,True,722.1911642288064,,,,,,,0,,,,,,,,,,,,,,,,,,,,
ridge_multibranch,unseen_well,1,tr000a4,1511,7813.78286495726,2.2740417673387396,2.770662215876662,2.2644544665897195,2243,1511,0.0,45.40672112049938,True,0.023168656999587256,45.357761054062,47.84421267507116,2.4864516210091594,True,722.1911642288064,,,,,,,0,,,,,,,,,,,,,,,,,,,,
ridge_affine_multibranch,unseen_well,1,tr000a4,1511,6777.4722728000725,2.117881430972601,2.633072853710985,2.1078055383427867,2243,1511,0.0,45.40672112049938,True,0.029970945999593823,45.357761054062,47.84421267507116,2.4864516210091594,True,722.1911642288064,,,,,,,0,,,,,,,,,,,,,,,,,,,,
ridge_gated_gbdt,unseen_well,1,tr000a4,1511,4401.547175203541,1.7067521094773899,2.2506875969725186,1.6896550910000465,2243,1511,0.0,45.40672112049938,True,0.039416296999661427,45.357761054062,47.84421267507116,2.4864516210091594,True,722.1911642288064,0.966022149933519,1.0,,True,,,1511,1.0,,,,,,,,,,,,,,,,,,,
ridge_default,unseen_well,1,tr00048,2125,2184.153949939071,1.013823038262844,1.5158248831937193,-0.9141917418574996,4647,2125,0.0,21.406691165405995,True,0.014838078000138921,21.3487852522424,26.530382306383768,5.181597054141367,True,687.7405890462137,,,,,,,0,,,,,,,,,,,,,,,,,,,,
ridge_affine_cal,unseen_well,1,tr00048,2125,2765.7915951439027,1.140854498150431,1.626393725555939,-1.0618889194010395,4647,2125,0.0,21.406691165405995,True,0.022588646999793127,21.3487852522424,26.530382306383768,5.181597054141367,True,687.7405890462137,,,,,,,0,,,,,,,,,,,,,,,,,,,,
ridge_multibranch,unseen_well,1,tr00048,2125,2814.1870534473996,1.150792474458086,1.6655404609576365,-1.040653877553864,4647,2125,0.0,21.406691165405995,True,0.024040111000431352,21.3487852522424,26.530382306383768,5.181597054141367,True,687.7405890462137,,,,,,,0,,,,,,,,,,,,,,,,,,,,
ridge_affine_multibranch,unseen_well,1,tr00048,2125,2974.4227110636,1.1831011514736027,1.752589135947197,-1.0850024064497563,4647,2125,0.0,21.406691165405995,True,0.031396600999869406,21.3487852522424,26.530382306383768,5.181597054141367,True,687.7405890462137,,,,,,,0,,,,,,,,,,,,,,,,,,,,
ridge_gated_gbdt,unseen_well,1,tr00048,2125,2184.153949939071,1.013823038262844,1.5158248831937193,-0.9141917418574996,4647,2125,0.0,21.406691165405995,True,0.04252843000085704,21.3487852522424,26.530382306383768,5.181597054141367,True,687.7405890462137,0.8992378039791327,1.0,,True,,,2125,1.0,,,,,,,,,,,,,,,,,,,
ridge_default,unseen_well,1,tr0008e,2415,3765.236081673321,1.248640848109092,2.4647858197450194,0.9094285870391595,3483,2415,0.12800949474398102,19.202675746120143,True,0.014928085000065039,13.791172524203931,19.225868095821323,5.434695571617391,True,648.950721094261,,,,,,,0,,,,,,,,,,,,,,,,,,,,
ridge_affine_cal,unseen_well,1,tr0008e,2415,4885.058507764772,1.4222512274348242,2.713949916052135,1.1337318949478266,3483,2415,0.12800949474398102,19.202675746120143,True,0.02274165000017092,13.791172524203931,19.225868095821323,5.434695571617391,True,648.950721094261,,,,,,,0,,,,,,,,,,,,,,,,,,,,
ridge_multibranch,unseen_well,1,tr0008e,2415,2223.8264508377024,0.9596036213342067,2.0699309735097557,0.46708826661637165,3483,2415,0.12800949474398102,19.202675746120143,True,0.02343212300002051,13.791172524203931,19.225868095821323,5.434695571617391,True,648.950721094261,,,,,,,0,,,,,,,,,,,,,,,,,,,,
ridge_affine_multibranch,unseen_well,1,tr0008e,2415,2788.828516346548,1.0746136127495525,2.199677224781359,0.6673659157265555,3483,2415,0.12800949474398102,19.202675746120143,True,0.03032455199991091,13.791172524203931,19.225868095821323,5.434695571617391,True,648.950721094261,,,,,,,0,,,,,,,,,,,,,,,,,,,,
ridge_gated_gbdt,unseen_well,1,tr0008e,2415,3765.236081673321,1.248640848109092,2.4647858197450194,0.9094285870391595,3483,2415,0.12800949474398102,19.202675746120143,True,0.041493622999951185,13.791172524203931,19.225868095821323,5.434695571617391,True,648.950721094261,0.907544323267665,1.0,,True,,,2415,1.0,,,,,,,,,,,,,,,,,,,
ridge_default,unseen_well,1,tr00067,1803,1909.867753514829,1.0292094962621772,1.8130471756391202,0.7162668835771638,2885,1803,0.1260665529010239,-11.485424446524116,True,0.014125370000328985,-22.92416159838261,-11.445533247854208,11.478628350528403,True,692.6435828770318,,,,,,,0,,,,,,,,,,,,,,,,,,,,
ridge_affine_cal,unseen_well,1,tr00067,1803,1037.4690643167255,0.7585596095645635,1.3171688939052117,0.3053890461500027,2885,1803,0.1260665529010239,-11.485424446524116,True,0.021877894000681408,-22.92416159838261,-11.445533247854208,11.478628350528403,True,692.6435828770318,,,,,,,0,,,,,,,,,,,,,,,,,,,,
ridge_multibranch,unseen_well,1,tr00067,1803,3913.1250177474203,1.4732077613198316,2.361995955362069,1.2314192764625829,2885,1803,0.1260665529010239,-11.485424446524116,True,0.02264583499982109,-22.92416159838261,-11.445533247854208,11.478628350528403,True,692.6435828770318,,,,,,,0,,,,,,,,,,,,,,,,,,,,
ridge_affine_multibranch,unseen_well,1,tr00067,1803,2365.4874272739335,1.1454139252043771,1.9441881136756543,0.8830294136931546,2885,1803,0.1260665529010239,-11.485424446524116,True,0.030161650000081863,-22.92416159838261,-11.445533247854208,11.478628350528403,True,692.6435828770318,,,,,,,0,,,,,,,,,,,,,,,,,,,,
ridge_gated_gbdt,unseen_well,1,tr00067,1803,68332.38165404845,6.156238202363686,7.91029597486067,4.88561168417564,2885,1803,0.1260665529010239,-11.485424446524116,True,0.04039858499982074,-22.92416159838261,-11.445533247854208,11.478628350528403,True,692.6435828770318,0.848912207135927,0.0,,True,,,0,0.0,,,,,,,,,,,,,,,,,,,
ridge_default,unseen_well,1,tr000da,3852,47008.184767597275,3.4933620768685194,6.492420113048997,2.769497140346958,4603,3852,0.0,29.00622167660675,True,0.015281002000847366,16.042871231708354,29.005027607131964,12.96215637542361,True,690.2232723640332,,,,,,,0,,,,,,,,,,,,,,,,,,,,
ridge_affine_cal,unseen_well,1,tr000da,3852,45074.97336917778,3.4207757135090544,6.420491148565674,2.676156073179473,4603,3852,0.0,29.00622167660675,True,0.02299952800058236,16.042871231708354,29.005027607131964,12.96215637542361,True,690.2232723640332,,,,,,,0,,,,,,,,,,,,,,,,,,,,
ridge_multibranch,unseen_well,1,tr000da,3852,42328.2389224038,3.314911671214679,6.234966968139339,2.541640335596313,4603,3852,0.0,29.00622167660675,True,0.024304191999362956,16.042871231708354,29.005027607131964,12.96215637542361,True,690.2232723640332,,,,,,,0,,,,,,,,,,,,,,,,,,,,
ridge_affine_multibranch,unseen_well,1,tr000da,3852,44649.793374301844,3.4046038623575456,6.380873543714241,2.65911063376858,4603,3852,0.0,29.00622167660675,True,0.032544138000048406,16.042871231708354,29.005027607131964,12.96215637542361,True,690.2232723640332,,,,,,,0,,,,,,,,,,,,,,,,,,,,
ridge_gated_gbdt,unseen_well,1,tr000da,3852,47008.184767597275,3.4933620768685194,6.492420113048997,2.769497140346958,4603,3852,0.0,29.00622167660675,True,0.04356983300021966,16.042871231708354,29.005027607131964,12.96215637542361,True,690.2232723640332,0.873463944168041,1.0,,True,,,3852,1.0,,,,,,,,,,,,,,,,,,,
ridge_default,unseen_well,1,tr00024,2599,88609.39358959846,5.838976702976182,9.246052791726946,5.047549742120627,4928,2599,0.06137903547229972,-20.85218760414956,True,0.015058670000144048,-34.13709229901351,-20.841254723568,13.29583757544551,True,681.4770403524844,,,,,,,0,,,,,,,,,,,,,,,,,,,,
ridge_affine_cal,unseen_well,1,tr00024,2599,88395.63171227199,5.831929457519892,9.25439710874253,5.043586364939901,4928,2599,0.06137903547229972,-20.85218760414956,True,0.023210340999867185,-34.13709229901351,-20.841254723568,13.29583757544551,True,681.4770403524844,,,,,,,0,,,,,,,,,,,,,,,,,,,,
ridge_multibranch,unseen_well,1,tr00024,2599,106992.66843690696,6.416140563413145,9.881864755452483,5.709899558829529,4928,2599,0.06137903547229972,-20.85218760414956,True,0.023695043999396148,-34.13709229901351,-20.841254723568,13.29583757544551,True,681.4770403524844,,,,,,,0,,,,,,,,,,,,,,,,,,,,
ridge_affine_multibranch,unseen_well,1,tr00024,2599,116037.23971629037,6.68183204367664,10.190782545647973,6.011496606159147,4928,2599,0.06137903547229972,-20.85218760414956,True,0.03132650299994566,-34.13709229901351,-20.841254723568,13.29583757544551,True,681.4770403524844,,,,,,,0,,,,,,,,,,,,,,,,,,,,
ridge_gated_gbdt,unseen_well,1,tr00024,2599,29974.277024741004,3.39602765847882,5.125012803656247,2.7033905300708567,4928,2599,0.06137903547229972,-20.85218760414956,True,0.042368691999399744,-34.13709229901351,-20.841254723568,13.29583757544551,True,681.4770403524844,0.6662462365740427,1.0,,True,,,0,0.0,,,,,,,,,,,,,,,,,,,
ridge_default,unseen_well,1,tr00005,3347,14905.135179393534,2.110280099233147,4.092028563389729,1.7102520996815707,3169,3347,0.0,15.398576549791596,True,0.014922524000212434,14.700362991137846,15.44245992630857,0.742096935170725,True,646.3645154558034,,,,,,,0,,,,,,,,,,,,,,,,,,,,
ridge_affine_cal,unseen_well,1,tr00005,3347,27344.498364836105,2.8582954906189966,5.0073805584261635,2.5667958700124927,3169,3347,0.0,15.398576549791596,True,0.021894308999435452,14.700362991137846,15.44245992630857,0.742096935170725,True,646.3645154558034,,,,,,,0,,,,,,,,,,,,,,,,,,,,
ridge_multibranch,unseen_well,1,tr00005,3347,7759.041256951953,1.5225661645430715,3.2477347990553778,0.9551225066002285,3169,3347,0.0,15.398576549791596,True,0.02175241599979927,14.700362991137846,15.44245992630857,0.742096935170725,True,646.3645154558034,,,,,,,0,,,,,,,,,,,,,,,,,,,,
ridge_affine_multibranch,unseen_well,1,tr00005,3347,14566.74686508005,2.086187940006317,4.083746707006135,1.6961459599122872,3169,3347,0.0,15.398576549791596,True,0.028119527999479033,14.700362991137846,15.44245992630857,0.742096935170725,True,646.3645154558034,,,,,,,0,,,,,,,,,,,,,,,,,,,,
ridge_gated_gbdt,unseen_well,1,tr00005,3347,4117.6769467986705,1.109170420651939,2.1953186634378756,0.855525361705646,3169,3347,0.0,15.398576549791596,True,0.04040496699963114,14.700362991137846,15.44245992630857,0.742096935170725,True,646.3645154558034,0.0,0.0,,False,affine_calibration_unusable,,0,0.0,,,,,,,,,,,,,,,,,,,
ridge_default,unseen_well,1,tr00083,1248,2269.3732621360937,1.3484836159957783,2.367049111401048,-1.1201637658377446,2725,1248,0.2912157060156053,32.58527195340754,True,0.014300026999990223,31.399088641838777,32.58161884074808,1.1825301989093013,True,695.7483428289589,,,,,,,0,,,,,,,,,,,,,,,,,,,,
ridge_affine_cal,unseen_well,1,tr00083,1248,2106.79954320327,1.2992846722785598,2.308466742544489,-1.059642742699715,2725,1248,0.2912157060156053,32.58527195340754,True,0.022274409000601736,31.399088641838777,32.58161884074808,1.1825301989093013,True,695.7483428289589,,,,,,,0,,,,,,,,,,,,,,,,,,,,
ridge_multibranch,unseen_well,1,tr00083,1248,1779.9137474586873,1.1942415746693882,2.172983788158163,-0.9266634248727493,2725,1248,0.2912157060156053,32.58527195340754,True,0.0234917880006833,31.399088641838777,32.58161884074808,1.1825301989093013,True,695.7483428289589,,,,,,,0,,,,,,,,,,,,,,,,,,,,
ridge_affine_multibranch,unseen_well,1,tr00083,1248,1251.7991780337409,1.0015209499396713,1.9047209203820543,-0.6771576327885414,2725,1248,0.2912157060156053,32.58527195340754,True,0.03084860800026945,31.399088641838777,32.58161884074808,1.1825301989093013,True,695.7483428289589,,,,,,,0,,,,,,,,,,,,,,,,,,,,
ridge_gated_gbdt,unseen_well,1,tr00083,1248,2269.3732621360937,1.3484836159957783,2.367049111401048,-1.1201637658377446,2725,1248,0.2912157060156053,32.58527195340754,True,0.042480170000089856,31.399088641838777,32.58161884074808,1.1825301989093013,True,695.7483428289589,0.9164176655362154,1.0,,True,,,1248,1.0,,,,,,,,,,,,,,,,,,,
ridge_default,unseen_well,1,tr000ec,1618,23869.768798773905,3.8409163383435536,6.306679903277249,3.3674700432582862,3416,1618,0.5411203814064363,-4.572241308387371,True,0.014506502000585897,-8.075223860770853,-4.578894050002106,3.4963298107687475,True,649.7364528819028,,,,,,,0,,,,,,,,,,,,,,,,,,,,
ridge_affine_cal,unseen_well,1,tr000ec,1618,20782.365908742668,3.5839194064535933,6.021604690597417,3.072296192473643,3416,1618,0.5411203814064363,-4.572241308387371,True,0.022081094999521156,-8.075223860770853,-4.578894050002106,3.4963298107687475,True,649.7364528819028,,,,,,,0,,,,,,,,,,,,,,,,,,,,
ridge_multibranch,unseen_well,1,tr000ec,1618,21842.95823813598,3.6742311017689695,6.086540422126173,3.1930937267376915,3416,1618,0.5411203814064363,-4.572241308387371,True,0.023921083999994153,-8.075223860770853,-4.578894050002106,3.4963298107687475,True,649.7364528819028,,,,,,,0,,,,,,,,,,,,,,,,,,,,
ridge_affine_multibranch,unseen_well,1,tr000ec,1618,15445.040856329317,3.089621453677905,5.393069834092252,2.5096826333808715,3416,1618,0.5411203814064363,-4.572241308387371,True,0.031463024000004225,-8.075223860770853,-4.578894050002106,3.4963298107687475,True,649.7364528819028,,,,,,,0,,,,,,,,,,,,,,,,,,,,
ridge_gated_gbdt,unseen_well,1,tr000ec,1618,23869.768798773905,3.8409163383435536,6.306679903277249,3.3674700432582862,3416,1618,0.5411203814064363,-4.572241308387371,True,0.04079715199986822,-8.075223860770853,-4.578894050002106,3.4963298107687475,True,649.7364528819028,0.0,0.0,,False,insufficient_hidden_gr_rows,,1618,1.0,,,,,,,,,,,,,,,,,,,
ridge_default,unseen_well,1,tr0005b,1828,1868.364938351854,1.0109804528884119,1.5500710492886256,-0.9734412763118544,2294,1828,0.10019408054342552,9.587895615972478,True,0.014603609000005235,1.9827925068505152,9.597182252277577,7.6143897454270615,True,646.2585985792108,,,,,,,0,,,,,,,,,,,,,,,,,,,,
ridge_affine_cal,unseen_well,1,tr0005b,1828,1268.2573576247037,0.8329436075780875,1.3504931292667868,-0.7884220027419098,2294,1828,0.10019408054342552,9.587895615972478,True,0.022902364000401576,1.9827925068505152,9.597182252277577,7.6143897454270615,True,646.2585985792108,,,,,,,0,,,,,,,,,,,,,,,,,,,,
ridge_multibranch,unseen_well,1,tr0005b,1828,1664.4038941469244,0.9542040728025751,1.4893420625782534,-0.9201253458670278,2294,1828,0.10019408054342552,9.587895615972478,True,0.024306673999490158,1.9827925068505152,9.597182252277577,7.6143897454270615,True,646.2585985792108,,,,,,,0,,,,,,,,,,,,,,,,,,,,
ridge_affine_multibranch,unseen_well,1,tr0005b,1828,984.9145286178773,0.7340255484712142,1.2129791254117226,-0.6924471182058616,2294,1828,0.10019408054342552,9.587895615972478,True,0.031823163999433746,1.9827925068505152,9.597182252277577,7.6143897454270615,True,646.2585985792108,,,,,,,0,,,,,,,,,,,,,,,,,,,,
ridge_gated_gbdt,unseen_well,1,tr0005b,1828,1868.364938351854,1.0109804528884119,1.5500710492886256,-0.9734412763118544,2294,1828,0.10019408054342552,9.587895615972478,True,0.042607201999999234,1.9827925068505152,9.597182252277577,7.6143897454270615,True,646.2585985792108,0.7913498480221679,1.0,,True,,,1828,1.0,,,,,,,,,,,,,,,,,,,
ridge_default,unseen_well,1,tr00097,1430,2149.782944879601,1.2261095859257531,1.824813869243382,1.1319856777212447,3348,1430,0.2402678945165341,-0.9418779072423592,True,0.015301143999749911,-3.378372223325938,-0.8694909251536496,2.5088812981722883,True,708.8509015167671,,,,,,,0,,,,,,,,,,,,,,,,,,,,
ridge_affine_cal,unseen_well,1,tr00097,1430,1512.773650625388,1.0285347207391715,1.6330236821275568,0.9206055435621534,3348,1430,0.2402678945165341,-0.9418779072423592,True,0.02358822600035637,-3.378372223325938,-0.8694909251536496,2.5088812981722883,True,708.8509015167671,,,,,,,0,,,,,,,,,,,,,,,,,,,,
ridge_multibranch,unseen_well,1,tr00097,1430,1598.1065526555917,1.0571456994327155,1.619528784277536,0.9530717898562447,3348,1430,0.2402678945165341,-0.9418779072423592,True,0.024377281999477418,-3.378372223325938,-0.8694909251536496,2.5088812981722883,True,708.8509015167671,,,,,,,0,,,,,,,,,,,,,,,,,,,,
ridge_affine_multibranch,unseen_well,1,tr00097,1430,829.3119505339276,0.76153688482358,1.3068220426668757,0.6243677576160226,3348,1430,0.2402678945165341,-0.9418779072423592,True,0.03059039500021754,-3.378372223325938,-0.8694909251536496,2.5088812981722883,True,708.8509015167671,,,,,,,0,,,,,,,,,,,,,,,,,,,,
ridge_gated_gbdt,unseen_well,1,tr00097,1430,2149.782944879601,1.2261095859257531,1.824813869243382,1.1319856777212447,3348,1430,0.2402678945165341,-0.9418779072423592,True,0.04172949799976777,-3.378372223325938,-0.8694909251536496,2.5088812981722883,True,708.8509015167671,0.8521251427230889,1.0,,True,,,1430,1.0,,,,,,,,,,,,,,,,,,,
ridge_default,unseen_well,1,tr000c6,1992,444.13411431813654,0.47218523137640406,0.9580455969763726,0.4233549653669593,4862,1992,0.1060694484972279,25.64991648927329,True,0.015550453999821912,25.62591049892032,28.31523300676565,2.689322507845329,True,653.8816433513798,,,,,,,0,,,,,,,,,,,,,,,,,,,,
ridge_affine_cal,unseen_well,1,tr000c6,1992,696.2046651347192,0.591185532555535,1.0980922407415648,0.5539167837824006,4862,1992,0.1060694484972279,25.64991648927329,True,0.023927072000333283,25.62591049892032,28.31523300676565,2.689322507845329,True,653.8816433513798,,,,,,,0,,,,,,,,,,,,,,,,,,,,
ridge_multibranch,unseen_well,1,tr000c6,1992,183.57055859209078,0.3035685999499085,0.7044944453707167,0.20398106602239982,4862,1992,0.1060694484972279,25.64991648927329,True,0.02438803299992287,25.62591049892032,28.31523300676565,2.689322507845329,True,653.8816433513798,,,,,,,0,,,,,,,,,,,,,,,,,,,,
ridge_affine_multibranch,unseen_well,1,tr000c6,1992,428.8391449812525,0.46398350754279305,0.9055585484099495,0.4053847982446992,4862,1992,0.1060694484972279,25.64991648927329,True,0.0311880809995273,25.62591049892032,28.31523300676565,2.689322507845329,True,653.8816433513798,,,,,,,0,,,,,,,,,,,,,,,,,,,,
ridge_gated_gbdt,unseen_well,1,tr000c6,1992,444.13411431813654,0.47218523137640406,0.9580455969763726,0.4233549653669593,4862,1992,0.1060694484972279,25.64991648927329,True,0.043351866000193695,25.62591049892032,28.31523300676565,2.689322507845329,True,653.8816433513798,0.8821362994740992,0.9,,True,,,1992,1.0,,,,,,,,,,,,,,,,,,,
ridge_default,unseen_well,1,tr000b9,3355,5970.860094717616,1.3340502401090104,1.6781031256018757,1.2982623386399164,4638,3355,0.0,1.471565067118222,True,0.015456389999599196,0.0264192113402508,6.321654195363152,6.295234984022901,True,695.5021833652809,,,,,,,0,,,,,,,,,,,,,,,,,,,,
ridge_affine_cal,unseen_well,1,tr000b9,3355,9456.513769723988,1.6788784995678436,2.102941318840343,1.6470539530200723,4638,3355,0.0,1.471565067118222,True,0.0235395489999064,0.0264192113402508,6.321654195363152,6.295234984022901,True,695.5021833652809,,,,,,,0,,,,,,,,,,,,,,,,,,,,
ridge_multibranch,unseen_well,1,tr000b9,3355,4774.78518829254,1.1929731157619237,1.5441699234413675,1.152664506320331,4638,3355,0.0,1.471565067118222,True,0.024642391999805113,0.0264192113402508,6.321654195363152,6.295234984022901,True,695.5021833652809,,,,,,,0,,,,,,,,,,,,,,,,,,,,
ridge_affine_multibranch,unseen_well,1,tr000b9,3355,7478.125007779442,1.4929666210863275,1.9574849099702485,1.4557042350066351,4638,3355,0.0,1.471565067118222,True,0.03194625800006179,0.0264192113402508,6.321654195363152,6.295234984022901,True,695.5021833652809,,,,,,,0,,,,,,,,,,,,,,,,,,,,
ridge_gated_gbdt,unseen_well,1,tr000b9,3355,5970.860094717616,1.3340502401090104,1.6781031256018757,1.2982623386399164,4638,3355,0.0,1.471565067118222,True,0.04412714299996878,0.0264192113402508,6.321654195363152,6.295234984022901,True,695.5021833652809,0.9501304818846331,1.0,,True,,,3355,1.0,,,,,,,,,,,,,,,,,,,
ridge_default,unseen_well,1,tr0000a,2192,571.5927528556064,0.5106497010462775,0.94626989203147,0.38590199738359626,2408,2192,0.0,26.740750671506948,True,0.014404977999220137,26.422382031880904,29.546233509691326,3.1238514778104225,True,712.294723561078,,,,,,,0,,,,,,,,,,,,,,,,,,,,
ridge_affine_cal,unseen_well,1,tr0000a,2192,609.9462478425958,0.5275036962555125,0.9809569309041706,0.4051472919063745,2408,2192,0.0,26.740750671506948,True,0.022873334999530925,26.422382031880904,29.546233509691326,3.1238514778104225,True,712.294723561078,,,,,,,0,,,,,,,,,,,,,,,,,,,,
ridge_multibranch,unseen_well,1,tr0000a,2192,910.8359078564769,0.6446140940333952,1.4160991694516234,-0.5484090765704325,2408,2192,0.0,26.740750671506948,True,0.023919356999613228,26.422382031880904,29.546233509691326,3.1238514778104225,True,712.294723561078,,,,,,,0,,,,,,,,,,,,,,,,,,,,
ridge_affine_multibranch,unseen_well,1,tr0000a,2192,1859.3695098066876,0.921006250574849,1.7385807030617464,-0.8553957913533141,2408,2192,0.0,26.740750671506948,True,0.030774522000683646,26.422382031880904,29.546233509691326,3.1238514778104225,True,712.294723561078,,,,,,,0,,,,,,,,,,,,,,,,,,,,
ridge_gated_gbdt,unseen_well,1,tr0000a,2192,14727.493837379305,2.5920546268521134,3.1158581837235353,-2.3779066029722693,2408,2192,0.0,26.740750671506948,True,0.04080041199995321,26.422382031880904,29.546233509691326,3.1238514778104225,True,712.294723561078,0.6774636392926972,1.0,,True,,,0,0.0,,,,,,,,,,,,,,,,,,,
ridge_default,unseen_well,1,tr00094,4581,24065.44479645178,2.2920115438036097,4.572367921218245,-1.788398859584704,4269,4581,0.0,14.63963791623113,True,0.015952548000313982,14.634431498104394,24.882710288190182,10.248278790085788,True,638.877044344984,,,,,,,0,,,,,,,,,,,,,,,,,,,,
ridge_affine_cal,unseen_well,1,tr00094,4581,21718.94340835694,2.1774049253103973,4.427907478376653,-1.6594239219824836,4269,4581,0.0,14.63963791623113,True,0.024732376000429213,14.634431498104394,24.882710288190182,10.248278790085788,True,638.877044344984,,,,,,,0,,,,,,,,,,,,,,,,,,,,
ridge_multibranch,unseen_well,1,tr00094,4581,28614.793438688634,2.4992814264701515,4.9048517520577875,-2.002851713292549,4269,4581,0.0,14.63963791623113,True,0.025056898000002548,14.634431498104394,24.882710288190182,10.248278790085788,True,638.877044344984,,,,,,,0,,,,,,,,,,,,,,,,,,,,
ridge_affine_multibranch,unseen_well,1,tr00094,4581,29943.68510472681,2.5566570613914408,4.965543682968491,-2.091895270442228,4269,4581,0.0,14.63963791623113,True,0.03313956599959056,14.634431498104394,24.882710288190182,10.248278790085788,True,638.877044344984,,,,,,,0,,,,,,,,,,,,,,,,,,,,
ridge_gated_gbdt,unseen_well,1,tr00094,4581,24065.44479645178,2.2920115438036097,4.572367921218245,-1.788398859584704,4269,4581,0.0,14.63963791623113,True,0.044829048999417864,14.634431498104394,24.882710288190182,10.248278790085788,True,638.877044344984,0.793300502044971,1.0,,True,,,4581,1.0,,,,,,,,,,,,,,,,,,,
ridge_default,unseen_well,1,tr00062,2035,793.475709183672,0.6244312239207853,1.2376689287215683,0.20357475645566087,2592,2035,0.06894315971471796,38.735914018300605,True,0.014041928000551707,35.96232533981842,38.78792591202911,2.825600572210689,True,647.5652651243727,,,,,,,0,,,,,,,,,,,,,,,,,,,,
ridge_affine_cal,unseen_well,1,tr00062,2035,731.1915315834678,0.599422954121707,1.3626196060650528,-0.07351245459770603,2592,2035,0.06894315971471796,38.735914018300605,True,0.02223666699956084,35.96232533981842,38.78792591202911,2.825600572210689,True,647.5652651243727,,,,,,,0,,,,,,,,,,,,,,,,,,,,
ridge_multibranch,unseen_well,1,tr00062,2035,996.317948245803,0.6997078885928877,1.6370589548359504,-0.3978549179403704,2592,2035,0.06894315971471796,38.735914018300605,True,0.023523210000348627,35.96232533981842,38.78792591202911,2.825600572210689,True,647.5652651243727,,,,,,,0,,,,,,,,,,,,,,,,,,,,
ridge_affine_multibranch,unseen_well,1,tr00062,2035,2389.452511205086,1.0835950065334916,2.1452237269608503,-0.9143719622859353,2592,2035,0.06894315971471796,38.735914018300605,True,0.0300659029999224,35.96232533981842,38.78792591202911,2.825600572210689,True,647.5652651243727,,,,,,,0,,,,,,,,,,,,,,,,,,,,
ridge_gated_gbdt,unseen_well,1,tr00062,2035,69.48708494901491,0.1847863298242963,0.3111258126881111,0.17764391125873732,2592,2035,0.06894315971471796,38.735914018300605,True,0.04036233799979527,35.96232533981842,38.78792591202911,2.825600572210689,True,647.5652651243727,0.9052239820211182,1.0,,True,,,0,0.0,,,,,,,,,,,,,,,,,,,
ridge_default,unseen_well,1,tr0002a,969,215.3357975868917,0.47140721813687764,0.7142272542989936,0.3970728760445525,2646,969,0.6149377593360996,17.098929239555186,True,0.0140106389999346,16.514689262500823,17.217834622213246,0.7031453597124226,True,707.198981470042,,,,,,,0,,,,,,,,,,,,,,,,,,,,
ridge_affine_cal,unseen_well,1,tr0002a,969,440.98211967375937,0.6746035182120423,0.9430092118257285,0.6254662305189462,2646,969,0.6149377593360996,17.098929239555186,True,0.021597547000055783,16.514689262500823,17.217834622213246,0.7031453597124226,True,707.198981470042,,,,,,,0,,,,,,,,,,,,,,,,,,,,
ridge_multibranch,unseen_well,1,tr0002a,969,571.262370769914,0.7678138122814336,1.028424853614947,0.7234623845850765,2646,969,0.6149377593360996,17.098929239555186,True,0.022764063999602513,16.514689262500823,17.217834622213246,0.7031453597124226,True,707.198981470042,,,,,,,0,,,,,,,,,,,,,,,,,,,,
ridge_affine_multibranch,unseen_well,1,tr0002a,969,2015.4881375475052,1.44220911043166,1.7406965646010448,1.420869457930328,2646,969,0.6149377593360996,17.098929239555186,True,0.02865371700045216,16.514689262500823,17.217834622213246,0.7031453597124226,True,707.198981470042,,,,,,,0,,,,,,,,,,,,,,,,,,,,
ridge_gated_gbdt,unseen_well,1,tr0002a,969,19.237002521906554,0.14089864365275237,0.3347145544888406,-0.1122282509965686,2646,969,0.6149377593360996,17.098929239555186,True,0.039579340999807755,16.514689262500823,17.217834622213246,0.7031453597124226,True,707.198981470042,0.8662591636801728,1.0,,True,,,0,0.0,,,,,,,,,,,,,,,,,,,
ridge_default,unseen_well,1,tr00035,2067,24749.917397822803,3.46032299346065,5.565315873095837,-2.429778482319557,3236,2067,0.2187441071091835,6.208405573268043,True,0.014693872999487212,6.194629919540369,29.92592421414534,23.73129429460497,True,704.9055561261561,,,,,,,0,,,,,,,,,,,,,,,,,,,,
ridge_affine_cal,unseen_well,1,tr00035,2067,18621.22525909686,3.0014691821871478,4.8581210805881305,-1.7773881344056552,3236,2067,0.2187441071091835,6.208405573268043,True,0.022533111000484496,6.194629919540369,29.92592421414534,23.73129429460497,True,704.9055561261561,,,,,,,0,,,,,,,,,,,,,,,,,,,,
ridge_multibranch,unseen_well,1,tr00035,2067,33298.63594314515,4.01368220820714,6.330993087115058,-3.0391819238361393,3236,2067,0.2187441071091835,6.208405573268043,True,0.023297404000004462,6.194629919540369,29.92592421414534,23.73129429460497,True,704.9055561261561,,,,,,,0,,,,,,,,,,,,,,,,,,,,
ridge_affine_multibranch,unseen_well,1,tr00035,2067,23356.800096112158,3.361525681683452,5.3932787706210625,-2.1353179283492167,3236,2067,0.2187441071091835,6.208405573268043,True,0.03046325800005434,6.194629919540369,29.92592421414534,23.73129429460497,True,704.9055561261561,,,,,,,0,,,,,,,,,,,,,,,,,,,,
ridge_gated_gbdt,unseen_well,1,tr00035,2067,350691.94916694536,13.025447705839683,19.27202338296759,-9.273525991928487,3236,2067,0.2187441071091835,6.208405573268043,True,0.040754886000286206,6.194629919540369,29.92592421414534,23.73129429460497,True,704.9055561261561,0.9790463878829091,1.0,,True,,,0,0.0,,,,,,,,,,,,,,,,,,,
ridge_default,unseen_well,1,tr00009,2735,4703.8514987117205,1.3114391244832877,1.9722504168608666,-1.2477330458723483,2445,2735,0.02335907335907336,4.080633796151196,True,0.014560563000486582,2.2289349187105625,4.114131246781267,1.8851963280707045,True,650.7847777618837,,,,,,,0,,,,,,,,,,,,,,,,,,,,
ridge_affine_cal,unseen_well,1,tr00009,2735,5135.3388231832905,1.370269168927703,2.0388339167928233,-1.3111576569170371,2445,2735,0.02335907335907336,4.080633796151196,True,0.02210615300009522,2.2289349187105625,4.114131246781267,1.8851963280707045,True,650.7847777618837,,,,,,,0,,,,,,,,,,,,,,,,,,,,
ridge_multibranch,unseen_well,1,tr00009,2735,4009.5779568281832,1.21079513011225,1.9022690925913932,-1.128971671717987,2445,2735,0.02335907335907336,4.080633796151196,True,0.023253665999618534,2.2289349187105625,4.114131246781267,1.8851963280707045,True,650.7847777618837,,,,,,,0,,,,,,,,,,,,,,,,,,,,
ridge_affine_multibranch,unseen_well,1,tr00009,2735,2533.250727559006,0.9624106554242972,1.636338844696584,-0.8659826712906933,2445,2735,0.02335907335907336,4.080633796151196,True,0.0305511699998533,2.2289349187105625,4.114131246781267,1.8851963280707045,True,650.7847777618837,,,,,,,0,,,,,,,,,,,,,,,,,,,,
ridge_gated_gbdt,unseen_well,1,tr00009,2735,17.321099788901797,0.0795809403400839,0.1984008523377998,-0.04007035954905915,2445,2735,0.02335907335907336,4.080633796151196,True,0.04111094699965179,2.2289349187105625,4.114131246781267,1.8851963280707045,True,650.7847777618837,0.9841226785625238,1.0,,True,,,0,0.0,,,,,,,,,,,,,,,,,,,
ridge_default,unseen_well,1,tr0007a,2430,1072.9489971555095,0.6644868675777853,1.2219835650041464,0.5314486529068304,5873,2430,0.0,-6.18964332467311,True,0.015078895999977249,-11.329583903798389,-6.186075535114544,5.143508368683844,True,639.9915888363819,,,,,,,0,,,,,,,,,,,,,,,,,,,,
ridge_affine_cal,unseen_well,1,tr0007a,2430,488.3467610892768,0.4482920312745132,0.9928967150262356,0.20927460453213834,5873,2430,0.0,-6.18964332467311,True,0.02296616500007076,-11.329583903798389,-6.186075535114544,5.143508368683844,True,639.9915888363819,,,,,,,0,,,,,,,,,,,,,,,,,,,,
ridge_multibranch,unseen_well,1,tr0007a,2430,480.5004275959534,0.44467606353368766,0.8976467515735145,0.23566055189628804,5873,2430,0.0,-6.18964332467311,True,0.024075594000350975,-11.329583903798389,-6.186075535114544,5.143508368683844,True,639.9915888363819,,,,,,,0,,,,,,,,,,,,,,,,,,,,
ridge_affine_multibranch,unseen_well,1,tr0007a,2430,407.0820238984695,0.40929630663479555,1.2321240055456864,-0.16027242353854312,5873,2430,0.0,-6.18964332467311,True,0.031119771999328805,-11.329583903798389,-6.186075535114544,5.143508368683844,True,639.9915888363819,,,,,,,0,,,,,,,,,,,,,,,,,,,,
ridge_gated_gbdt,unseen_well,1,tr0007a,2430,1072.9489971555095,0.6644868675777853,1.2219835650041464,0.5314486529068304,5873,2430,0.0,-6.18964332467311,True,0.04326139400018292,-11.329583903798389,-6.186075535114544,5.143508368683844,True,639.9915888363819,0.8047368326176256,1.0,,True,,,2430,1.0,,,,,,,,,,,,,,,,,,,
ridge_default,unseen_well,1,tr000a7,3587,36568.92901371868,3.1929376090573367,4.888861696928368,2.916485856367103,3073,3587,0.07402402402402403,0.0620469815624318,True,0.014735507999830588,0.0643145256638675,6.315577187437555,6.251262661773687,True,663.2373262682473,,,,,,,0,,,,,,,,,,,,,,,,,,,,
ridge_affine_cal,unseen_well,1,tr000a7,3587,36037.281866706944,3.169642817652962,4.91181652247521,2.8661060030628,3073,3587,0.07402402402402403,0.0620469815624318,True,0.023033679999571177,0.0643145256638675,6.315577187437555,6.251262661773687,True,663.2373262682473,,,,,,,0,,,,,,,,,,,,,,,,,,,,
ridge_multibranch,unseen_well,1,tr000a7,3587,32254.48686587195,2.99867487070049,4.595305362201065,2.724163318844923,3073,3587,0.07402402402402403,0.0620469815624318,True,0.023701165000602487,0.0643145256638675,6.315577187437555,6.251262661773687,True,663.2373262682473,,,,,,,0,,,,,,,,,,,,,,,,,,,,
ridge_affine_multibranch,unseen_well,1,tr000a7,3587,29511.868779889883,2.868353459656957,4.4962738238402,2.5423884637270695,3073,3587,0.07402402402402403,0.0620469815624318,True,0.03176171700033592,0.0643145256638675,6.315577187437555,6.251262661773687,True,663.2373262682473,,,,,,,0,,,,,,,,,,,,,,,,,,,,
ridge_gated_gbdt,unseen_well,1,tr000a7,3587,573.14298662348,0.3997291341829596,1.346110297055355,0.03855865262301553,3073,3587,0.07402402402402403,0.0620469815624318,True,0.04161919900070643,0.0643145256638675,6.315577187437555,6.251262661773687,True,663.2373262682473,0.9613197603218179,1.0,,True,,,0,0.0,,,,,,,,,,,,,,,,,,,
ridge_default,unseen_well,1,tr0002b,1637,339.3232371453795,0.4552840763662364,0.6727935805826508,0.42289147488286366,3064,1637,0.18613061050840246,12.709863577233817,True,0.013969753000310448,8.770454313878595,12.697776903291697,3.9273225894131016,True,690.8545471560299,,,,,,,0,,,,,,,,,,,,,,,,,,,,
ridge_affine_cal,unseen_well,1,tr0002b,1637,83.4755325289277,0.22581628556250322,0.9154904234719794,0.15851662459607976,3064,1637,0.18613061050840246,12.709863577233817,True,0.021898297999541683,8.770454313878595,12.697776903291697,3.9273225894131016,True,690.8545471560299,,,,,,,0,,,,,,,,,,,,,,,,,,,,
ridge_multibranch,unseen_well,1,tr0002b,1637,2274.652440909464,1.1787811542939897,1.4082338592313572,1.1646121521266037,3064,1637,0.18613061050840246,12.709863577233817,True,0.022974907000389067,8.770454313878595,12.697776903291697,3.9273225894131016,True,690.8545471560299,,,,,,,0,,,,,,,,,,,,,,,,,,,,
ridge_affine_multibranch,unseen_well,1,tr0002b,1637,1835.5239694640077,1.0589018093396816,1.2830736190715246,1.0452633079976679,3064,1637,0.18613061050840246,12.709863577233817,True,0.029924122999545943,8.770454313878595,12.697776903291697,3.9273225894131016,True,690.8545471560299,,,,,,,0,,,,,,,,,,,,,,,,,,,,
ridge_gated_gbdt,unseen_well,1,tr0002b,1637,339.3232371453795,0.4552840763662364,0.6727935805826508,0.42289147488286366,3064,1637,0.18613061050840246,12.709863577233817,True,0.0401284849995136,8.770454313878595,12.697776903291697,3.9273225894131016,True,690.8545471560299,0.8777555112135769,1.0,,True,,,1637,1.0,,,,,,,,,,,,,,,,,,,
ridge_default,unseen_well,1,tr000dd,2872,7751.540379994818,1.642864665936654,2.5446899274480685,-1.482838019302861,3674,2872,0.15582034830430797,49.627462319504254,True,0.015118846000405028,49.57177340023767,54.5760302395452,5.00425683930753,True,663.9485858602601,,,,,,,0,,,,,,,,,,,,,,,,,,,,
ridge_affine_cal,unseen_well,1,tr000dd,2872,6991.588354374666,1.5602554468171728,2.4323285987453858,-1.404500207752341,3674,2872,0.15582034830430797,49.627462319504254,True,0.022520662999340857,49.57177340023767,54.5760302395452,5.00425683930753,True,663.9485858602601,,,,,,,0,,,,,,,,,,,,,,,,,,,,
ridge_multibranch,unseen_well,1,tr000dd,2872,3253.4444599535755,1.0643377863169963,1.8807725602195262,-0.766434147773949,3674,2872,0.15582034830430797,49.627462319504254,True,0.023425241000040842,49.57177340023767,54.5760302395452,5.00425683930753,True,663.9485858602601,,,,,,,0,,,,,,,,,,,,,,,,,,,,
ridge_affine_multibranch,unseen_well,1,tr000dd,2872,1799.972090487939,0.7916635833979799,1.4489228198509636,-0.37351022381379434,3674,2872,0.15582034830430797,49.627462319504254,True,0.030535736000274483,49.57177340023767,54.5760302395452,5.00425683930753,True,663.9485858602601,,,,,,,0,,,,,,,,,,,,,,,,,,,,
ridge_gated_gbdt,unseen_well,1,tr000dd,2872,7751.540379994818,1.642864665936654,2.5446899274480685,-1.482838019302861,3674,2872,0.15582034830430797,49.627462319504254,True,0.042079287999513326,49.57177340023767,54.5760302395452,5.00425683930753,True,663.9485858602601,0.9815445321446631,1.0,,True,,,2872,1.0,,,,,,,,,,,,,,,,,,,
ridge_default,unseen_well,1,tr0007b,2914,2728.1246541269566,0.9675809994180242,1.21014085568269,0.949203688379576,2893,2914,0.11796108145341828,-11.397989954129754,True,0.01460306999979366,-18.983458670292865,-11.38285621253911,7.600602457753755,True,656.2182252194724,,,,,,,0,,,,,,,,,,,,,,,,,,,,
ridge_affine_cal,unseen_well,1,tr0007b,2914,4440.5926670157805,1.2344562277015383,1.4845932163054236,1.2204350853910768,2893,2914,0.11796108145341828,-11.397989954129754,True,0.0224713370007521,-18.983458670292865,-11.38285621253911,7.600602457753755,True,656.2182252194724,,,,,,,0,,,,,,,,,,,,,,,,,,,,
ridge_multibranch,unseen_well,1,tr0007b,2914,1233.3694199340996,0.6505816572658624,0.9055020508836478,0.6196938673704439,2893,2914,0.11796108145341828,-11.397989954129754,True,0.024057982000158518,-18.983458670292865,-11.38285621253911,7.600602457753755,True,656.2182252194724,,,,,,,0,,,,,,,,,,,,,,,,,,,,
ridge_affine_multibranch,unseen_well,1,tr0007b,2914,2408.9163751115316,0.9092139452969361,1.1687333430728586,0.8887577780559296,2893,2914,0.11796108145341828,-11.397989954129754,True,0.03126447900012863,-18.983458670292865,-11.38285621253911,7.600602457753755,True,656.2182252194724,,,,,,,0,,,,,,,,,,,,,,,,,,,,
ridge_gated_gbdt,unseen_well,1,tr0007b,2914,3369.099843374892,1.0752567239663096,2.464107012294402,-0.8930937923476633,2893,2914,0.11796108145341828,-11.397989954129754,True,0.041748681999706605,-18.983458670292865,-11.38285621253911,7.600602457753755,True,656.2182252194724,0.6622186274762156,1.0,,True,,,0,0.0,,,,,,,,,,,,,,,,,,,
ridge_default,unseen_well,1,tr00082,2352,2795.39639116322,1.0901921270096782,1.8461918866608311,-1.0446558705427693,3611,2352,0.0392419922857622,8.900425267530789,True,0.015136906999941857,7.351946270033165,8.935302597417142,1.583356327383977,True,685.3723801104582,,,,,,,0,,,,,,,,,,,,,,,,,,,,
ridge_affine_cal,unseen_well,1,tr00082,2352,2889.314021874311,1.1083545638613463,1.8858039818634262,-1.062459158074631,3611,2352,0.0392419922857622,8.900425267530789,True,0.02277349599989975,7.351946270033165,8.935302597417142,1.583356327383977,True,685.3723801104582,,,,,,,0,,,,,,,,,,,,,,,,,,,,
ridge_multibranch,unseen_well,1,tr00082,2352,8459.736403792009,1.8965301743691083,2.6823478854344565,-1.8684362866186295,3611,2352,0.0392419922857622,8.900425267530789,True,0.023672055000133696,7.351946270033165,8.935302597417142,1.583356327383977,True,685.3723801104582,,,,,,,0,,,,,,,,,,,,,,,,,,,,
ridge_affine_multibranch,unseen_well,1,tr00082,2352,8216.779712217369,1.8690983893867292,2.7001783429779502,-1.8409125871956575,3611,2352,0.0392419922857622,8.900425267530789,True,0.03101949699976103,7.351946270033165,8.935302597417142,1.583356327383977,True,685.3723801104582,,,,,,,0,,,,,,,,,,,,,,,,,,,,
ridge_gated_gbdt,unseen_well,1,tr00082,2352,2795.39639116322,1.0901921270096782,1.8461918866608311,-1.0446558705427693,3611,2352,0.0392419922857622,8.900425267530789,True,0.04248882899992168,7.351946270033165,8.935302597417142,1.583356327383977,True,685.3723801104582,0.9122139550096064,1.0,,True,,,2352,1.0,,,,,,,,,,,,,,,,,,,
ridge_default,unseen_well,1,tr000ce,2914,63389.34808298252,4.664051840995295,7.341168492108729,4.439296588352448,5126,2914,0.06654228855721393,11.534480027529948,True,0.015215476000776107,8.801643513398261,11.54143531785039,2.7397918044521283,True,663.2985864745796,,,,,,,0,,,,,,,,,,,,,,,,,,,,
ridge_affine_cal,unseen_well,1,tr000ce,2914,61085.00637501692,4.5784928262166735,7.292796722377343,4.34397396202502,5126,2914,0.06654228855721393,11.534480027529948,True,0.023443041000064113,8.801643513398261,11.54143531785039,2.7397918044521283,True,663.2985864745796,,,,,,,0,,,,,,,,,,,,,,,,,,,,
ridge_multibranch,unseen_well,1,tr000ce,2914,88214.83715750609,5.502069154598624,8.233017737592586,5.31290184441016,5126,2914,0.06654228855721393,11.534480027529948,True,0.024537973000406055,8.801643513398261,11.54143531785039,2.7397918044521283,True,663.2985864745796,,,,,,,0,,,,,,,,,,,,,,,,,,,,
ridge_affine_multibranch,unseen_well,1,tr000ce,2914,89068.43512490575,5.528625051849213,8.288056951456337,5.3340860633278675,5126,2914,0.06654228855721393,11.534480027529948,True,0.03296502400007739,8.801643513398261,11.54143531785039,2.7397918044521283,True,663.2985864745796,,,,,,,0,,,,,,,,,,,,,,,,,,,,
ridge_gated_gbdt,unseen_well,1,tr000ce,2914,63389.34808298252,4.664051840995295,7.341168492108729,4.439296588352448,5126,2914,0.06654228855721393,11.534480027529948,True,0.04403874800027552,8.801643513398261,11.54143531785039,2.7397918044521283,True,663.2985864745796,0.8774761582859517,1.0,,True,,,2914,1.0,,,,,,,,,,,,,,,,,,,
ridge_default,unseen_well,1,tr00030,1474,5050.896854312285,1.851123985504436,2.9773937436925557,1.6882873621021481,3378,1474,0.09047815333882935,30.112991400446887,True,0.014412186000299698,29.9391825496896,30.51947841629358,0.5802958666039792,True,655.722104026019,,,,,,,0,,,,,,,,,,,,,,,,,,,,
ridge_affine_cal,unseen_well,1,tr00030,1474,6239.594893673018,2.0574507836278597,3.2252900290043947,1.9103640126671049,3378,1474,0.09047815333882935,30.112991400446887,True,0.02222531400002481,29.9391825496896,30.51947841629358,0.5802958666039792,True,655.722104026019,,,,,,,0,,,,,,,,,,,,,,,,,,,,
ridge_multibranch,unseen_well,1,tr00030,1474,6300.947655208933,2.0675413028067977,3.1994785810737945,1.9269292354291634,3378,1474,0.09047815333882935,30.112991400446887,True,0.023810204000255908,29.9391825496896,30.51947841629358,0.5802958666039792,True,655.722104026019,,,,,,,0,,,,,,,,,,,,,,,,,,,,
ridge_affine_multibranch,unseen_well,1,tr00030,1474,9393.524400102433,2.5244428432819745,3.6987224250387847,2.4104053757926005,3378,1474,0.09047815333882935,30.112991400446887,True,0.030740555000193126,29.9391825496896,30.51947841629358,0.5802958666039792,True,655.722104026019,,,,,,,0,,,,,,,,,,,,,,,,,,,,
ridge_gated_gbdt,unseen_well,1,tr00030,1474,17.62197087960245,0.10933985606612387,0.2339251838880294,0.04242106600574996,3378,1474,0.09047815333882935,30.112991400446887,True,0.04150797400052397,29.9391825496896,30.51947841629358,0.5802958666039792,True,655.722104026019,0.9206801307171305,1.0,,True,,,0,0.0,,,,,,,,,,,,,,,,,,,
ridge_default,unseen_well,1,tr00098,1172,6574.119708415677,2.3683997038826154,3.1530075467547523,2.2824907365926723,3219,1172,0.7171487132771578,-4.535022499487355,True,0.0141596280000158,-7.832878508090293,-4.524488004998503,3.3083905030917906,True,666.919457698193,,,,,,,0,,,,,,,,,,,,,,,,,,,,
ridge_affine_cal,unseen_well,1,tr00098,1172,3139.7699079509616,1.6367603865862865,2.371891218066425,1.5125883917637934,3219,1172,0.7171487132771578,-4.535022499487355,True,0.021988104000229214,-7.832878508090293,-4.524488004998503,3.3083905030917906,True,666.919457698193,,,,,,,0,,,,,,,,,,,,,,,,,,,,
ridge_multibranch,unseen_well,1,tr00098,1172,12925.2004704263,3.3208926580723475,4.124764660254706,3.262011528187246,3219,1172,0.7171487132771578,-4.535022499487355,True,0.023639529999854858,-7.832878508090293,-4.524488004998503,3.3083905030917906,True,666.919457698193,,,,,,,0,,,,,,,,,,,,,,,,,,,,
ridge_affine_multibranch,unseen_well,1,tr00098,1172,12679.684643118526,3.289201050733888,4.088133560671592,3.2258332337682543,3219,1172,0.7171487132771578,-4.535022499487355,True,0.03013927899974078,-7.832878508090293,-4.524488004998503,3.3083905030917906,True,666.919457698193,,,,,,,0,,,,,,,,,,,,,,,,,,,,
ridge_gated_gbdt,unseen_well,1,tr00098,1172,6574.119708415677,2.3683997038826154,3.1530075467547523,2.2824907365926723,3219,1172,0.7171487132771578,-4.535022499487355,True,0.039538244000141276,-7.832878508090293,-4.524488004998503,3.3083905030917906,True,666.919457698193,0.9725978013452479,1.0,,True,,,1172,1.0,,,,,,,,,,,,,,,,,,,
ridge_default,unseen_well,1,tr00089,2128,2844.154884597394,1.1560877776055114,1.9764201721829835,-0.9800175550282376,2092,2128,0.21824644549763034,14.626779303723112,True,0.014193086999512161,11.55529638391987,14.63113976094256,3.0758433770226894,True,655.6658340616784,,,,,,,0,,,,,,,,,,,,,,,,,,,,
ridge_affine_cal,unseen_well,1,tr00089,2128,2985.7960764838235,1.1845250778273109,2.0240823198319564,-1.0079120000460173,2092,2128,0.21824644549763034,14.626779303723112,True,0.022711675000209652,11.55529638391987,14.63113976094256,3.0758433770226894,True,655.6658340616784,,,,,,,0,,,,,,,,,,,,,,,,,,,,
ridge_multibranch,unseen_well,1,tr00089,2128,2451.8132966311496,1.0733908433335138,1.8507713271390855,-0.8889458977201145,2092,2128,0.21824644549763034,14.626779303723112,True,0.023362387999441125,11.55529638391987,14.63113976094256,3.0758433770226894,True,655.6658340616784,,,,,,,0,,,,,,,,,,,,,,,,,,,,
ridge_affine_multibranch,unseen_well,1,tr00089,2128,2255.1709173747868,1.0294468269138717,1.8242897810132792,-0.827891925680965,2092,2128,0.21824644549763034,14.626779303723112,True,0.03022457199949713,11.55529638391987,14.63113976094256,3.0758433770226894,True,655.6658340616784,,,,,,,0,,,,,,,,,,,,,,,,,,,,
ridge_gated_gbdt,unseen_well,1,tr00089,2128,286.87353296868906,0.3671634391612471,0.5612383897251672,0.28711550458046453,2092,2128,0.21824644549763034,14.626779303723112,True,0.04058034499939822,11.55529638391987,14.63113976094256,3.0758433770226894,True,655.6658340616784,0.8304470574512668,1.0,,True,,,0,0.0,,,,,,,,,,,,,,,,,,,
ridge_default,unseen_well,1,tr00088,2047,1552.1644270117786,0.8707829995171357,3.399798886806452,-0.35527771835676536,3300,2047,0.06601832803441182,-4.171152212595086,True,0.01455173999966064,-5.73381052646881,2.4323861005563643,8.166196627025174,True,719.0719828413729,,,,,,,0,,,,,,,,,,,,,,,,,,,,
ridge_affine_cal,unseen_well,1,tr00088,2047,1901.6278987609664,0.9638375653346638,3.5423433981468593,-0.6035893357279447,3300,2047,0.06601832803441182,-4.171152212595086,True,0.023168889999396924,-5.73381052646881,2.4323861005563643,8.166196627025174,True,719.0719828413729,,,,,,,0,,,,,,,,,,,,,,,,,,,,
ridge_multibranch,unseen_well,1,tr00088,2047,1667.7213883030931,0.9026155849193352,3.5940617566232826,-0.39602311597891254,3300,2047,0.06601832803441182,-4.171152212595086,True,0.02389640599994891,-5.73381052646881,2.4323861005563643,8.166196627025174,True,719.0719828413729,,,,,,,0,,,,,,,,,,,,,,,,,,,,
ridge_affine_multibranch,unseen_well,1,tr00088,2047,2151.166450496622,1.025127978354979,3.2194402076581614,-0.6889110664952557,3300,2047,0.06601832803441182,-4.171152212595086,True,0.0311420010002621,-5.73381052646881,2.4323861005563643,8.166196627025174,True,719.0719828413729,,,,,,,0,,,,,,,,,,,,,,,,,,,,
ridge_gated_gbdt,unseen_well,1,tr00088,2047,32222.74643869968,3.9675495162626433,7.8979799847423955,-2.6128757704534062,3300,2047,0.06601832803441182,-4.171152212595086,True,0.04200285499973688,-5.73381052646881,2.4323861005563643,8.166196627025174,True,719.0719828413729,0.9355187021053549,1.0,,True,,,0,0.0,,,,,,,,,,,,,,,,,,,
ridge_default,unseen_well,1,tr00013,4023,13871.288926238201,1.8568780932264242,3.2290957949478596,-1.4175114819495513,4263,4023,0.03439536567704562,42.88676327187428,True,0.015817165000044042,41.2808618575962,49.60151563507191,8.320653777475712,True,664.1449571738669,,,,,,,0,,,,,,,,,,,,,,,,,,,,
ridge_affine_cal,unseen_well,1,tr00013,4023,16831.887692496883,2.0454619075496394,3.4765335438812386,-1.6881784697430593,4263,4023,0.03439536567704562,42.88676327187428,True,0.023869419999755337,41.2808618575962,49.60151563507191,8.320653777475712,True,664.1449571738669,,,,,,,0,,,,,,,,,,,,,,,,,,,,
ridge_multibranch,unseen_well,1,tr00013,4023,15258.995714430986,1.9475470536886499,3.3247437871136682,-1.4843367791514872,4263,4023,0.03439536567704562,42.88676327187428,True,0.025702167999952508,41.2808618575962,49.60151563507191,8.320653777475712,True,664.1449571738669,,,,,,,0,,,,,,,,,,,,,,,,,,,,
ridge_affine_multibranch,unseen_well,1,tr00013,4023,17306.35823069235,2.0740911016059447,3.499056679681736,-1.6877510049642865,4263,4023,0.03439536567704562,42.88676327187428,True,0.03326049800034525,41.2808618575962,49.60151563507191,8.320653777475712,True,664.1449571738669,,,,,,,0,,,,,,,,,,,,,,,,,,,,
ridge_gated_gbdt,unseen_well,1,tr00013,4023,247556.86852307722,7.844449543852933,10.609781167584664,-6.386243415707796,4263,4023,0.03439536567704562,42.88676327187428,True,0.04621262300042872,41.2808618575962,49.60151563507191,8.320653777475712,True,664.1449571738669,0.9173564957487854,1.0,,True,,,0,0.0,,,,,,,,,,,,,,,,,,,
ridge_default,unseen_well,1,tr00004,1838,3108.3010996386733,1.300435412903355,2.5789269074774737,0.9599733710043179,2009,1838,0.11125552378476736,42.29889026526904,True,0.01418726300016715,39.85995188618254,42.37634874701638,2.5163968608338365,True,685.6625259334902,,,,,,,0,,,,,,,,,,,,,,,,,,,,
ridge_affine_cal,unseen_well,1,tr00004,1838,3828.169732616283,1.4431877673340106,2.7843902679574413,1.1354172576879675,2009,1838,0.11125552378476736,42.29889026526904,True,0.022558712000318337,39.85995188618254,42.37634874701638,2.5163968608338365,True,685.6625259334902,,,,,,,0,,,,,,,,,,,,,,,,,,,,
ridge_multibranch,unseen_well,1,tr00004,1838,8524.937853795836,2.153638752653096,3.5653170333711586,1.974816227254023,2009,1838,0.11125552378476736,42.29889026526904,True,0.023879117999968003,39.85995188618254,42.37634874701638,2.5163968608338365,True,685.6625259334902,,,,,,,0,,,,,,,,,,,,,,,,,,,,
ridge_affine_multibranch,unseen_well,1,tr00004,1838,11772.292907887222,2.530799710591311,4.003040196921134,2.3742191814676996,2009,1838,0.11125552378476736,42.29889026526904,True,0.030580612000449037,39.85995188618254,42.37634874701638,2.5163968608338365,True,685.6625259334902,,,,,,,0,,,,,,,,,,,,,,,,,,,,
ridge_gated_gbdt,unseen_well,1,tr00004,1838,3108.3010996386733,1.300435412903355,2.5789269074774737,0.9599733710043179,2009,1838,0.11125552378476736,42.29889026526904,True,0.04004685999916546,39.85995188618254,42.37634874701638,2.5163968608338365,True,685.6625259334902,0.9309095440575974,1.0,,True,,,1838,1.0,,,,,,,,,,,,,,,,,,,
ridge_default,unseen_well,1,tr00055,2275,1808.3571771299385,0.8915617060313388,1.7837455694707707,0.6336997935399153,2411,2275,0.0,20.099713093936643,True,0.01433430499946553,19.940646909359987,20.49527544159264,0.5546285322326518,True,654.5747382757102,,,,,,,0,,,,,,,,,,,,,,,,,,,,
ridge_affine_cal,unseen_well,1,tr00055,2275,2294.1440436753974,1.0041986677211447,1.9844362749490614,0.7766077431342486,2411,2275,0.0,20.099713093936643,True,0.022972593999838864,19.940646909359987,20.49527544159264,0.5546285322326518,True,654.5747382757102,,,,,,,0,,,,,,,,,,,,,,,,,,,,
ridge_multibranch,unseen_well,1,tr00055,2275,838.5899424249121,0.6071333986063179,1.2120416410863477,0.11498701147530092,2411,2275,0.0,20.099713093936643,True,0.023432487000718538,19.940646909359987,20.49527544159264,0.5546285322326518,True,654.5747382757102,,,,,,,0,,,,,,,,,,,,,,,,,,,,
ridge_affine_multibranch,unseen_well,1,tr00055,2275,891.733314841864,0.6260756246992671,1.2765757375441318,0.07410512139889296,2411,2275,0.0,20.099713093936643,True,0.031101709999347804,19.940646909359987,20.49527544159264,0.5546285322326518,True,654.5747382757102,,,,,,,0,,,,,,,,,,,,,,,,,,,,
ridge_gated_gbdt,unseen_well,1,tr00055,2275,871.1584666607163,0.6188107938071079,1.4323984270898933,0.44153273373651136,2411,2275,0.0,20.099713093936643,True,0.04221897099978378,19.940646909359987,20.49527544159264,0.5546285322326518,True,654.5747382757102,0.5998323860289232,0.9,,True,,,0,0.0,,,,,,,,,,,,,,,,,,,
ridge_default,unseen_well,1,tr0009e,2153,642.9011199684061,0.5464495545225593,0.8144291812360933,0.49239717740783256,3476,2153,0.12169124178362054,41.967100966980965,True,0.014971251999668311,41.96509903977454,45.627144129684304,3.6620450899097605,True,672.0539264460263,,,,,,,0,,,,,,,,,,,,,,,,,,,,
ridge_affine_cal,unseen_well,1,tr0009e,2153,423.7458096943242,0.4436399967050043,0.6958654581966712,0.3831336002757659,3476,2153,0.12169124178362054,41.967100966980965,True,0.023084411000127147,41.96509903977454,45.627144129684304,3.6620450899097605,True,672.0539264460263,,,,,,,0,,,,,,,,,,,,,,,,,,,,
ridge_multibranch,unseen_well,1,tr0009e,2153,1401.72764366322,0.8068815854980792,1.132051137304643,0.7608749317613177,3476,2153,0.12169124178362054,41.967100966980965,True,0.02391004899982363,41.96509903977454,45.627144129684304,3.6620450899097605,True,672.0539264460263,,,,,,,0,,,,,,,,,,,,,,,,,,,,
ridge_affine_multibranch,unseen_well,1,tr0009e,2153,1562.9645745013877,0.8520254206680974,1.1766383365708535,0.8128254415062348,3476,2153,0.12169124178362054,41.967100966980965,True,0.03183703699960461,41.96509903977454,45.627144129684304,3.6620450899097605,True,672.0539264460263,,,,,,,0,,,,,,,,,,,,,,,,,,,,
ridge_gated_gbdt,unseen_well,1,tr0009e,2153,642.9011199684061,0.5464495545225593,0.8144291812360933,0.49239717740783256,3476,2153,0.12169124178362054,41.967100966980965,True,0.041914381999959005,41.96509903977454,45.627144129684304,3.6620450899097605,True,672.0539264460263,0.9441495585682603,1.0,,True,,,2153,1.0,,,,,,,,,,,,,,,,,,,
ridge_default,unseen_well,1,tr000de,2649,3211.451703820013,1.1010567873671082,1.7728886576878935,0.8071032712769916,2556,2649,0.17310278578290106,19.41118688144224,True,0.014390661999641452,16.213646205432823,19.488246548090057,3.2746003426572337,True,708.3988420339297,,,,,,,0,,,,,,,,,,,,,,,,,,,,
ridge_affine_cal,unseen_well,1,tr000de,2649,10805.328600849476,2.0196588188045617,2.8503541269623014,1.88012864108692,2556,2649,0.17310278578290106,19.41118688144224,True,0.02244419300041045,16.213646205432823,19.488246548090057,3.2746003426572337,True,708.3988420339297,,,,,,,0,,,,,,,,,,,,,,,,,,,,
ridge_multibranch,unseen_well,1,tr000de,2649,1602.354978194948,0.7777470774582725,1.187953038611763,0.2178822365741523,2556,2649,0.17310278578290106,19.41118688144224,True,0.023557380000056583,16.213646205432823,19.488246548090057,3.2746003426572337,True,708.3988420339297,,,,,,,0,,,,,,,,,,,,,,,,,,,,
ridge_affine_multibranch,unseen_well,1,tr000de,2649,7787.515058280979,1.7145828308911704,2.532112431552772,1.5753184368499962,2556,2649,0.17310278578290106,19.41118688144224,True,0.03256841499933216,16.213646205432823,19.488246548090057,3.2746003426572337,True,708.3988420339297,,,,,,,0,,,,,,,,,,,,,,,,,,,,
ridge_gated_gbdt,unseen_well,1,tr000de,2649,3211.451703820013,1.1010567873671082,1.7728886576878935,0.8071032712769916,2556,2649,0.17310278578290106,19.41118688144224,True,0.040971556999465975,16.213646205432823,19.488246548090057,3.2746003426572337,True,708.3988420339297,0.8257500625858545,0.9,,True,,,2649,1.0,,,,,,,,,,,,,,,,,,,
ridge_default,unseen_well,1,tr000e9,3452,2836.1210875537236,0.9064148060165217,1.3854594162634477,-0.8507974395642983,5441,3452,0.0,0.2137118786954657,True,0.015364861999842105,-11.755686874122468,0.2321587389996695,11.987845613122136,True,637.17909303711,,,,,,,0,,,,,,,,,,,,,,,,,,,,
ridge_affine_cal,unseen_well,1,tr000e9,3452,3689.550341079523,1.033835227883233,1.570482699579653,-0.9682894246207833,5441,3452,0.0,0.2137118786954657,True,0.02380134499981068,-11.755686874122468,0.2321587389996695,11.987845613122136,True,637.17909303711,,,,,,,0,,,,,,,,,,,,,,,,,,,,
ridge_multibranch,unseen_well,1,tr000e9,3452,1656.221413651272,0.6926658942336857,1.136370086209368,-0.6243730419225723,5441,3452,0.0,0.2137118786954657,True,0.024965164999230183,-11.755686874122468,0.2321587389996695,11.987845613122136,True,637.17909303711,,,,,,,0,,,,,,,,,,,,,,,,,,,,
ridge_affine_multibranch,unseen_well,1,tr000e9,3452,2193.165379749673,0.797077036290396,1.3233030274574382,-0.705599064203029,5441,3452,0.0,0.2137118786954657,True,0.03236611399916001,-11.755686874122468,0.2321587389996695,11.987845613122136,True,637.17909303711,,,,,,,0,,,,,,,,,,,,,,,,,,,,
ridge_gated_gbdt,unseen_well,1,tr000e9,3452,4778.5422941230645,1.1765552432741841,1.646903342216012,1.1499267520720688,5441,3452,0.0,0.2137118786954657,True,0.044242721000046004,-11.755686874122468,0.2321587389996695,11.987845613122136,True,637.17909303711,0.9399326707404776,1.0,,True,,,0,0.0,,,,,,,,,,,,,,,,,,,
ridge_default,unseen_well,1,tr000ba,2727,2932.941874423967,1.0370725975453112,1.6879221518254397,-0.981215617947994,6097,2727,0.0,15.809919711357052,True,0.015366410999376967,14.621103719576563,15.850556542987237,1.2294528234106732,True,652.1790259852512,,,,,,,0,,,,,,,,,,,,,,,,,,,,
ridge_affine_cal,unseen_well,1,tr000ba,2727,2315.913436631694,0.9215493396540575,1.5666894243910718,-0.858649490597476,6097,2727,0.0,15.809919711357052,True,0.023372478000055708,14.621103719576563,15.850556542987237,1.2294528234106732,True,652.1790259852512,,,,,,,0,,,,,,,,,,,,,,,,,,,,
ridge_multibranch,unseen_well,1,tr000ba,2727,4393.7328368709295,1.2693291508386064,1.9606189469643613,-1.2171197040083517,6097,2727,0.0,15.809919711357052,True,0.025040257999535243,14.621103719576563,15.850556542987237,1.2294528234106732,True,652.1790259852512,,,,,,,0,,,,,,,,,,,,,,,,,,,,
ridge_affine_multibranch,unseen_well,1,tr000ba,2727,3218.010026392835,1.086303371613515,1.7653388547480642,-1.0261677399207458,6097,2727,0.0,15.809919711357052,True,0.0322801789998266,14.621103719576563,15.850556542987237,1.2294528234106732,True,652.1790259852512,,,,,,,0,,,,,,,,,,,,,,,,,,,,
ridge_gated_gbdt,unseen_well,1,tr000ba,2727,465.566247733015,0.4131884517244353,0.9727794832297487,-0.30078750508205016,6097,2727,0.0,15.809919711357052,True,0.04400090599938267,14.621103719576563,15.850556542987237,1.2294528234106732,True,652.1790259852512,0.8804880496824478,1.0,,True,,,0,0.0,,,,,,,,,,,,,,,,,,,
ridge_default,unseen_well,1,tr0002d,3668,5144.9181468327715,1.1843350202746041,2.8603491448013063,-0.06417516280519403,3441,3668,0.08988605992403995,0.5805678181801976,True,0.015127694000511838,-1.1826715819719578,13.270572683848428,14.453244265820386,True,669.314946650252,,,,,,,0,,,,,,,,,,,,,,,,,,,,
ridge_affine_cal,unseen_well,1,tr0002d,3668,5300.408570312424,1.2020983755280703,2.729483831457065,0.019435064135224674,3441,3668,0.08988605992403995,0.5805678181801976,True,0.023386038999888115,-1.1826715819719578,13.270572683848428,14.453244265820386,True,669.314946650252,,,,,,,0,,,,,,,,,,,,,,,,,,,,
ridge_multibranch,unseen_well,1,tr0002d,3668,5757.662899827669,1.2528770488862282,2.8160075550891097,0.29657550936475513,3441,3668,0.08988605992403995,0.5805678181801976,True,0.0248869189999823,-1.1826715819719578,13.270572683848428,14.453244265820386,True,669.314946650252,,,,,,,0,,,,,,,,,,,,,,,,,,,,
ridge_affine_multibranch,unseen_well,1,tr0002d,3668,6301.741461013311,1.310737205994024,3.0670904655170084,0.3771283101290878,3441,3668,0.08988605992403995,0.5805678181801976,True,0.03142520199980936,-1.1826715819719578,13.270572683848428,14.453244265820386,True,669.314946650252,,,,,,,0,,,,,,,,,,,,,,,,,,,,
ridge_gated_gbdt,unseen_well,1,tr0002d,3668,5144.9181468327715,1.1843350202746041,2.8603491448013063,-0.06417516280519403,3441,3668,0.08988605992403995,0.5805678181801976,True,0.04296106299989333,-1.1826715819719578,13.270572683848428,14.453244265820386,True,669.314946650252,0.970426396427319,1.0,,True,,,3668,1.0,,,,,,,,,,,,,,,,,,,
ridge_default,unseen_well,1,tr00033,2766,4369.2535398287355,1.256832885024126,2.7803060308903813,-0.7202109999092499,5947,2766,0.023872374612647768,12.818682759745329,True,0.015466062000086822,1.238087170134488,12.84891736670319,11.610830196568703,True,675.1601710568043,,,,,,,0,,,,,,,,,,,,,,,,,,,,
ridge_affine_cal,unseen_well,1,tr00033,2766,4508.27246592046,1.2766709898452815,2.815672592934792,-0.7469879334069067,5947,2766,0.023872374612647768,12.818682759745329,True,0.024082122999971034,1.238087170134488,12.84891736670319,11.610830196568703,True,675.1601710568043,,,,,,,0,,,,,,,,,,,,,,,,,,,,
ridge_multibranch,unseen_well,1,tr00033,2766,8446.405559685043,1.7474705984061483,3.4647538702775584,-1.3865284817478292,5947,2766,0.023872374612647768,12.818682759745329,True,0.024102297999888833,1.238087170134488,12.84891736670319,11.610830196568703,True,675.1601710568043,,,,,,,0,,,,,,,,,,,,,,,,,,,,
ridge_affine_multibranch,unseen_well,1,tr00033,2766,10139.343807110872,1.9146034486414791,3.688484843688201,-1.580467101705877,5947,2766,0.023872374612647768,12.818682759745329,True,0.03200981800000591,1.238087170134488,12.84891736670319,11.610830196568703,True,675.1601710568043,,,,,,,0,,,,,,,,,,,,,,,,,,,,
ridge_gated_gbdt,unseen_well,1,tr00033,2766,4369.2535398287355,1.256832885024126,2.7803060308903813,-0.7202109999092499,5947,2766,0.023872374612647768,12.818682759745329,True,0.04383142000006046,1.238087170134488,12.84891736670319,11.610830196568703,True,675.1601710568043,0.43316499896800564,1.0,,True,,,2766,1.0,,,,,,,,,,,,,,,,,,,
ridge_default,unseen_well,1,tr000eb,3165,11245.367062591624,1.8849505474626278,2.643007857527138,1.8227854770843432,2705,3165,0.0,39.17885241183794,True,0.015028871000140498,39.19180158481568,49.39663771895072,10.204836134135043,True,630.7495798067866,,,,,,,0,,,,,,,,,,,,,,,,,,,,
ridge_affine_cal,unseen_well,1,tr000eb,3165,16446.37700866515,2.2795454917301705,3.20343773397488,2.1999068136968645,2705,3165,0.0,39.17885241183794,True,0.022778280000238738,39.19180158481568,49.39663771895072,10.204836134135043,True,630.7495798067866,,,,,,,0,,,,,,,,,,,,,,,,,,,,
ridge_multibranch,unseen_well,1,tr000eb,3165,1271.3185917720277,0.6337826439232913,1.3623637023858777,-0.48412277529602604,2705,3165,0.0,39.17885241183794,True,0.023988271000234818,39.19180158481568,49.39663771895072,10.204836134135043,True,630.7495798067866,,,,,,,0,,,,,,,,,,,,,,,,,,,,
ridge_affine_multibranch,unseen_well,1,tr000eb,3165,3077.5585426055004,0.9860894317108929,1.9243464921969178,-0.8225584687670294,2705,3165,0.0,39.17885241183794,True,0.03113170699998591,39.19180158481568,49.39663771895072,10.204836134135043,True,630.7495798067866,,,,,,,0,,,,,,,,,,,,,,,,,,,,
ridge_gated_gbdt,unseen_well,1,tr000eb,3165,887.8435830790456,0.5296407268621262,0.898869340204115,0.5027616252202881,2705,3165,0.0,39.17885241183794,True,0.04196619699996518,39.19180158481568,49.39663771895072,10.204836134135043,True,630.7495798067866,0.8529944368663341,0.09999999999999998,,True,,,0,0.0,,,,,,,,,,,,,,,,,,,
ridge_default,unseen_well,1,tr0000c,2134,4209.263757532182,1.4044486418509885,2.52042558364386,1.1953002013541234,2125,2134,0.03639351960554121,7.18215612430007,True,0.013970771999993303,6.105308472122712,7.2030015061460055,1.097693034023293,True,633.112726623425,,,,,,,0,,,,,,,,,,,,,,,,,,,,
ridge_affine_cal,unseen_well,1,tr0000c,2134,3373.8352577808914,1.2573747322613802,2.374396354350491,1.0117910626058988,2125,2134,0.03639351960554121,7.18215612430007,True,0.022147436000523157,6.105308472122712,7.2030015061460055,1.097693034023293,True,633.112726623425,,,,,,,0,,,,,,,,,,,,,,,,,,,,
ridge_multibranch,unseen_well,1,tr0000c,2134,5069.616875443198,1.5413112997381988,2.6710076824032285,1.3598889144807644,2125,2134,0.03639351960554121,7.18215612430007,True,0.023718433999420085,6.105308472122712,7.2030015061460055,1.097693034023293,True,633.112726623425,,,,,,,0,,,,,,,,,,,,,,,,,,,,
ridge_affine_multibranch,unseen_well,1,tr0000c,2134,3676.472183200585,1.3125577923993585,2.4185683489238734,1.0896731880654302,2125,2134,0.03639351960554121,7.18215612430007,True,0.030310113999803434,6.105308472122712,7.2030015061460055,1.097693034023293,True,633.112726623425,,,,,,,0,,,,,,,,,,,,,,,,,,,,
ridge_gated_gbdt,unseen_well,1,tr0000c,2134,10.705454273787606,0.07082805940418857,0.17167824112417396,0.05903956940698012,2125,2134,0.03639351960554121,7.18215612430007,True,0.04289312099990639,6.105308472122712,7.2030015061460055,1.097693034023293,True,633.112726623425,0.9851150083170517,1.0,,True,,,0,0.0,,,,,,,,,,,,,,,,,,,
ridge_default,unseen_well,1,tr0000e,1313,475.2243638634336,0.6016126866386926,0.9254414433110512,-0.5721634986900853,3657,1313,0.09698189134808853,26.31272931974714,True,0.014648182000200904,25.22290071117128,26.337007281176177,1.1141065700048962,True,653.4736998932805,,,,,,,0,,,,,,,,,,,,,,,,,,,,
ridge_affine_cal,unseen_well,1,tr0000e,1313,528.980358446558,0.6347276394431575,0.9629008479053418,-0.6076185315122371,3657,1313,0.09698189134808853,26.31272931974714,True,0.02294105100008892,25.22290071117128,26.337007281176177,1.1141065700048962,True,653.4736998932805,,,,,,,0,,,,,,,,,,,,,,,,,,,,
ridge_multibranch,unseen_well,1,tr0000e,1313,1976.3885619386515,1.2268848476951386,1.5648051219255272,-1.2124450979805332,3657,1313,0.09698189134808853,26.31272931974714,True,0.023773059000632202,25.22290071117128,26.337007281176177,1.1141065700048962,True,653.4736998932805,,,,,,,0,,,,,,,,,,,,,,,,,,,,
ridge_affine_multibranch,unseen_well,1,tr0000e,1313,1978.7266380140636,1.227610338190684,1.5753604916632398,-1.213283936511892,3657,1313,0.09698189134808853,26.31272931974714,True,0.030868697999721917,25.22290071117128,26.337007281176177,1.1141065700048962,True,653.4736998932805,,,,,,,0,,,,,,,,,,,,,,,,,,,,
ridge_gated_gbdt,unseen_well,1,tr0000e,1313,141.66937447425857,0.32847749881988286,0.46703044293070306,0.32243520415812704,3657,1313,0.09698189134808853,26.31272931974714,True,0.04245690799962176,25.22290071117128,26.337007281176177,1.1141065700048962,True,653.4736998932805,0.9420178119460529,1.0,,True,,,0,0.0,,,,,,,,,,,,,,,,,,,
ridge_default,unseen_well,1,tr00073,2232,6051.033918881139,1.646522609018072,2.8804013120929923,1.4230759807982363,2059,2232,0.18900023304591004,29.6532306631452,True,0.014788268999836873,28.96719165746864,32.69592412803584,3.728732470567202,True,682.3358101701596,,,,,,,0,,,,,,,,,,,,,,,,,,,,
ridge_affine_cal,unseen_well,1,tr00073,2232,6633.721638630178,1.7239772354491383,2.988704759839244,1.5168488386093122,2059,2232,0.18900023304591004,29.6532306631452,True,0.02281919500001095,28.96719165746864,32.69592412803584,3.728732470567202,True,682.3358101701596,,,,,,,0,,,,,,,,,,,,,,,,,,,,
ridge_multibranch,unseen_well,1,tr00073,2232,6870.602589929312,1.754487665050458,3.000052534319579,1.545231923169862,2059,2232,0.18900023304591004,29.6532306631452,True,0.023981769999409153,28.96719165746864,32.69592412803584,3.728732470567202,True,682.3358101701596,,,,,,,0,,,,,,,,,,,,,,,,,,,,
ridge_affine_multibranch,unseen_well,1,tr00073,2232,8187.521597109919,1.915266154650472,3.1694774537646637,1.7441870138207038,2059,2232,0.18900023304591004,29.6532306631452,True,0.03108604600038234,28.96719165746864,32.69592412803584,3.728732470567202,True,682.3358101701596,,,,,,,0,,,,,,,,,,,,,,,,,,,,
ridge_gated_gbdt,unseen_well,1,tr00073,2232,8715.777144256726,1.976086555640678,3.839243186856013,1.0845762330684847,2059,2232,0.18900023304591004,29.6532306631452,True,0.04131725900060701,28.96719165746864,32.69592412803584,3.728732470567202,True,682.3358101701596,0.8741005140101983,1.0,,True,,,0,0.0,,,,,,,,,,,,,,,,,,,
ridge_default,unseen_well,1,tr0004d,3494,2297.2325376044155,0.8108509486370916,1.5709877828979408,-0.5687652490959495,3250,3494,0.051601423487544484,-10.890355785491588,True,0.015512378000494209,-24.653708286769344,-10.840820501949151,13.812887784820193,True,677.7801728805133,,,,,,,0,,,,,,,,,,,,,,,,,,,,
ridge_affine_cal,unseen_well,1,tr0004d,3494,3443.1386313220987,0.992694930936927,1.8352064238798889,-0.8051356560122793,3250,3494,0.051601423487544484,-10.890355785491588,True,0.02346402599960129,-24.653708286769344,-10.840820501949151,13.812887784820193,True,677.7801728805133,,,,,,,0,,,,,,,,,,,,,,,,,,,,
ridge_multibranch,unseen_well,1,tr0004d,3494,2317.19017273356,0.8143655409738155,1.5535976589205909,-0.5687404929841677,3250,3494,0.051601423487544484,-10.890355785491588,True,0.02507442899968737,-24.653708286769344,-10.840820501949151,13.812887784820193,True,677.7801728805133,,,,,,,0,,,,,,,,,,,,,,,,,,,,
ridge_affine_multibranch,unseen_well,1,tr0004d,3494,2473.635233555852,0.8414074998886544,1.6349829139731487,-0.5963173264973908,3250,3494,0.051601423487544484,-10.890355785491588,True,0.03227142800005822,-24.653708286769344,-10.840820501949151,13.812887784820193,True,677.7801728805133,,,,,,,0,,,,,,,,,,,,,,,,,,,,
ridge_gated_gbdt,unseen_well,1,tr0004d,3494,93445.69984723156,5.171520018691767,11.341163490452752,3.32791281143548,3250,3494,0.051601423487544484,-10.890355785491588,True,0.043016042999624915,-24.653708286769344,-10.840820501949151,13.812887784820193,True,677.7801728805133,0.7967404074714158,0.9,,True,,,0,0.0,,,,,,,,,,,,,,,,,,,
ridge_default,unseen_well,1,tr00045,1709,194.37201318666524,0.3372452450186537,0.8264225762129769,-0.1223006644554304,3652,1709,0.7377354971087484,40.5987100501093,True,0.014857266000035452,40.58601939537105,44.012979420352174,3.4269600249811205,True,642.5741223792977,,,,,,,0,,,,,,,,,,,,,,,,,,,,
ridge_affine_cal,unseen_well,1,tr00045,1709,183.0844449405873,0.32730654704808854,0.7859464902439157,0.10910561222366862,3652,1709,0.7377354971087484,40.5987100501093,True,0.022134995000669733,40.58601939537105,44.012979420352174,3.4269600249811205,True,642.5741223792977,,,,,,,0,,,,,,,,,,,,,,,,,,,,
ridge_multibranch,unseen_well,1,tr00045,1709,206.73471485824268,0.347804881690105,0.8050251434026023,0.06749852529100676,3652,1709,0.7377354971087484,40.5987100501093,True,0.022244680999392585,40.58601939537105,44.012979420352174,3.4269600249811205,True,642.5741223792977,,,,,,,0,,,,,,,,,,,,,,,,,,,,
ridge_affine_multibranch,unseen_well,1,tr00045,1709,988.2050235064944,0.7604181903202863,1.4668641057247527,0.6582406145276826,3652,1709,0.7377354971087484,40.5987100501093,True,0.029601401999570953,40.58601939537105,44.012979420352174,3.4269600249811205,True,642.5741223792977,,,,,,,0,,,,,,,,,,,,,,,,,,,,
ridge_gated_gbdt,unseen_well,1,tr00045,1709,194.37201318666524,0.3372452450186537,0.8264225762129769,-0.1223006644554304,3652,1709,0.7377354971087484,40.5987100501093,True,0.039630358000067645,40.58601939537105,44.012979420352174,3.4269600249811205,True,642.5741223792977,0.0,0.0,,False,insufficient_hidden_gr_rows,,1709,1.0,,,,,,,,,,,,,,,,,,,
ridge_default,unseen_well,1,tr00078,2524,9955.629173159654,1.9860477254620188,2.912067689656695,1.839110907389968,5231,2524,0.0,39.815496333632815,True,0.015093623999746342,39.74489579363284,41.96600039476343,2.221104601130584,True,634.6901135020072,,,,,,,0,,,,,,,,,,,,,,,,,,,,
ridge_affine_cal,unseen_well,1,tr00078,2524,11930.723575801188,2.1741460585514703,3.148412953879685,2.0340704291219733,5231,2524,0.0,39.815496333632815,True,0.023768853000547097,39.74489579363284,41.96600039476343,2.221104601130584,True,634.6901135020072,,,,,,,0,,,,,,,,,,,,,,,,,,,,
ridge_multibranch,unseen_well,1,tr00078,2524,9672.496667583493,1.95760298739386,2.8581661594315335,1.8156510363782825,5231,2524,0.0,39.815496333632815,True,0.02445077599986689,39.74489579363284,41.96600039476343,2.221104601130584,True,634.6901135020072,,,,,,,0,,,,,,,,,,,,,,,,,,,,
ridge_affine_multibranch,unseen_well,1,tr00078,2524,13520.539263720982,2.3144741339081127,3.2858992973430787,2.190777894583704,5231,2524,0.0,39.815496333632815,True,0.031897574000140594,39.74489579363284,41.96600039476343,2.221104601130584,True,634.6901135020072,,,,,,,0,,,,,,,,,,,,,,,,,,,,
ridge_gated_gbdt,unseen_well,1,tr00078,2524,4635.449366005891,1.3551932988254534,2.426535918858086,-1.1654819952974065,5231,2524,0.0,39.815496333632815,True,0.045529471000008925,39.74489579363284,41.96600039476343,2.221104601130584,True,634.6901135020072,0.8936515000184059,1.0,,True,,,0,0.0,,,,,,,,,,,,,,,,,,,
ridge_default,unseen_well,1,tr000b8,3801,20860.217321403332,2.3426665662716495,4.208884252098979,1.9651829064963695,3755,3801,0.065643197458973,24.890637428653356,True,0.01729014800002915,24.843294380509004,27.341103128701075,2.497808748192071,True,694.845704624754,,,,,,,0,,,,,,,,,,,,,,,,,,,,
ridge_affine_cal,unseen_well,1,tr000b8,3801,18098.58894977779,2.1820938409223762,4.0505457176964015,1.7565372628066207,3755,3801,0.065643197458973,24.890637428653356,True,0.02564678599992476,24.843294380509004,27.341103128701075,2.497808748192071,True,694.845704624754,,,,,,,0,,,,,,,,,,,,,,,,,,,,
ridge_multibranch,unseen_well,1,tr000b8,3801,15900.783947545084,2.0453156127310574,3.798400760874653,1.6415076828836404,3755,3801,0.065643197458973,24.890637428653356,True,0.02535070599969913,24.843294380509004,27.341103128701075,2.497808748192071,True,694.845704624754,,,,,,,0,,,,,,,,,,,,,,,,,,,,
ridge_affine_multibranch,unseen_well,1,tr000b8,3801,13132.045500283555,1.8587340490957738,3.592415263649027,1.3886389538443826,3755,3801,0.065643197458973,24.890637428653356,True,0.03313575100037269,24.843294380509004,27.341103128701075,2.497808748192071,True,694.845704624754,,,,,,,0,,,,,,,,,,,,,,,,,,,,
ridge_gated_gbdt,unseen_well,1,tr000b8,3801,20860.217321403332,2.3426665662716495,4.208884252098979,1.9651829064963695,3755,3801,0.065643197458973,24.890637428653356,True,0.04994683599943528,24.843294380509004,27.341103128701075,2.497808748192071,True,694.845704624754,0.8713546959691326,1.0,,True,,,3801,1.0,,,,,,,,,,,,,,,,,,,
ridge_default,unseen_well,2,tr00075,1563,2849.7231094998083,1.3502738068579874,2.447229974897902,-1.1118751387793226,2056,1563,0.06825089803813209,-6.982307632581707,True,0.015014096000413701,-7.023579115671222,-6.445688679406514,0.5778904362647079,True,636.7345108074378,,,,,,,0,,,,,,,,,,,,,,,,,,,,
ridge_affine_cal,unseen_well,2,tr00075,1563,988.4739654715738,0.7952489944624799,1.5751623289366146,-0.25768309946899814,2056,1563,0.06825089803813209,-6.982307632581707,True,0.02151496300029976,-7.023579115671222,-6.445688679406514,0.5778904362647079,True,636.7345108074378,,,,,,,0,,,,,,,,,,,,,,,,,,,,
ridge_multibranch,unseen_well,2,tr00075,1563,5050.196628124459,1.7975238225386676,2.9696792851535596,-1.6261580730096397,2056,1563,0.06825089803813209,-6.982307632581707,True,0.021780793000289123,-7.023579115671222,-6.445688679406514,0.5778904362647079,True,636.7345108074378,,,,,,,0,,,,,,,,,,,,,,,,,,,,
ridge_affine_multibranch,unseen_well,2,tr00075,1563,1757.0318217448487,1.0602549886284958,2.0758732886384657,-0.7449562690420554,2056,1563,0.06825089803813209,-6.982307632581707,True,0.02780370300024515,-7.023579115671222,-6.445688679406514,0.5778904362647079,True,636.7345108074378,,,,,,,0,,,,,,,,,,,,,,,,,,,,
ridge_gated_gbdt,unseen_well,2,tr00075,1563,103.14248983949336,0.25688533759780935,0.4489342260708371,0.192625528227368,2056,1563,0.06825089803813209,-6.982307632581707,True,0.03921110899955238,-7.023579115671222,-6.445688679406514,0.5778904362647079,True,636.7345108074378,0.0,0.0,,False,affine_calibration_unusable,,0,0.0,,,,,,,,,,,,,,,,,,,
ridge_default,unseen_well,2,tr000c7,1915,1202.7268362545187,0.7924997092534801,1.5720680904290454,-0.37965983480290183,2077,1915,0.6703406813627254,20.94352479512033,True,0.014700506000735913,20.89499347707098,24.702206340168715,3.8072128630977353,True,690.5461055475046,,,,,,,0,,,,,,,,,,,,,,,,,,,,
ridge_affine_cal,unseen_well,2,tr000c7,1915,1005.1667449453452,0.7244937892240355,1.385113076738815,-0.22879760971383703,2077,1915,0.6703406813627254,20.94352479512033,True,0.022715330999744765,20.89499347707098,24.702206340168715,3.8072128630977353,True,690.5461055475046,,,,,,,0,,,,,,,,,,,,,,,,,,,,
ridge_multibranch,unseen_well,2,tr000c7,1915,1052.1504066881012,0.741232621946126,1.4770795434642245,-0.28042502228763105,2077,1915,0.6703406813627254,20.94352479512033,True,0.022797624999839172,20.89499347707098,24.702206340168715,3.8072128630977353,True,690.5461055475046,,,,,,,0,,,,,,,,,,,,,,,,,,,,
ridge_affine_multibranch,unseen_well,2,tr000c7,1915,945.5789200384124,0.702691178947374,1.3457790940557572,-0.18437696194894695,2077,1915,0.6703406813627254,20.94352479512033,True,0.031060832999173726,20.89499347707098,24.702206340168715,3.8072128630977353,True,690.5461055475046,,,,,,,0,,,,,,,,,,,,,,,,,,,,
ridge_gated_gbdt,unseen_well,2,tr000c7,1915,1202.7268362545187,0.7924997092534801,1.5720680904290454,-0.37965983480290183,2077,1915,0.6703406813627254,20.94352479512033,True,0.04260390699982963,20.89499347707098,24.702206340168715,3.8072128630977353,True,690.5461055475046,0.0,0.0,,False,insufficient_hidden_gr_rows,,1915,1.0,,,,,,,,,,,,,,,,,,,
ridge_default,unseen_well,2,tr00047,2551,3138.534872647006,1.109195885586368,1.7739432886424478,0.9576061045190691,2807,2551,0.03938036580813736,-5.920970646096533,True,0.015263473000231897,-11.019874208378855,-5.90808989772202,5.1117843106568355,True,671.8339088603502,,,,,,,0,,,,,,,,,,,,,,,,,,,,
ridge_affine_cal,unseen_well,2,tr00047,2551,7501.244526632219,1.714791934472185,2.467834276795939,1.6196396177394843,2807,2551,0.03938036580813736,-5.920970646096533,True,0.023434377999365097,-11.019874208378855,-5.90808989772202,5.1117843106568355,True,671.8339088603502,,,,,,,0,,,,,,,,,,,,,,,,,,,,
ridge_multibranch,unseen_well,2,tr00047,2551,4825.35790899786,1.3753382975728639,2.053710384004198,1.261377917164897,2807,2551,0.03938036580813736,-5.920970646096533,True,0.024368943999434123,-11.019874208378855,-5.90808989772202,5.1117843106568355,True,671.8339088603502,,,,,,,0,,,,,,,,,,,,,,,,,,,,
ridge_affine_multibranch,unseen_well,2,tr00047,2551,10257.789909356492,2.0052645244840517,2.76040247938508,1.9275481489071238,2807,2551,0.03938036580813736,-5.920970646096533,True,0.031400923000546754,-11.019874208378855,-5.90808989772202,5.1117843106568355,True,671.8339088603502,,,,,,,0,,,,,,,,,,,,,,,,,,,,
ridge_gated_gbdt,unseen_well,2,tr00047,2551,3138.534872647006,1.109195885586368,1.7739432886424478,0.9576061045190691,2807,2551,0.03938036580813736,-5.920970646096533,True,0.04292109999914828,-11.019874208378855,-5.90808989772202,5.1117843106568355,True,671.8339088603502,0.7878262239842078,1.0,,True,,,2551,1.0,,,,,,,,,,,,,,,,,,,
ridge_default,unseen_well,2,tr00006,2473,1168.5415762674875,0.6874007890824476,2.1649524211342133,0.1561037373766625,3193,2473,0.014119308153900459,-0.6279435894302612,True,0.014722169000378926,-1.8366726977481065,6.969094667259231,8.805767365007338,True,713.1012151440522,,,,,,,0,,,,,,,,,,,,,,,,,,,,
ridge_affine_cal,unseen_well,2,tr00006,2473,1993.4443823896268,0.8978215046777833,1.5471471670253931,0.6274625565940188,3193,2473,0.014119308153900459,-0.6279435894302612,True,0.023014811999928497,-1.8366726977481065,6.969094667259231,8.805767365007338,True,713.1012151440522,,,,,,,0,,,,,,,,,,,,,,,,,,,,
ridge_multibranch,unseen_well,2,tr00006,2473,1138.7953219172095,0.678595193232824,2.244579210810043,0.12574209377824377,3193,2473,0.014119308153900459,-0.6279435894302612,True,0.024623837000035564,-1.8366726977481065,6.969094667259231,8.805767365007338,True,713.1012151440522,,,,,,,0,,,,,,,,,,,,,,,,,,,,
ridge_affine_multibranch,unseen_well,2,tr00006,2473,1291.3240139879922,0.7226126425211616,1.6122535250890273,0.35612944558206666,3193,2473,0.014119308153900459,-0.6279435894302612,True,0.03136613900005614,-1.8366726977481065,6.969094667259231,8.805767365007338,True,713.1012151440522,,,,,,,0,,,,,,,,,,,,,,,,,,,,
ridge_gated_gbdt,unseen_well,2,tr00006,2473,35961.172941266115,3.8133341797201092,8.047820954023784,-2.2071763164880536,3193,2473,0.014119308153900459,-0.6279435894302612,True,0.045380446999843116,-1.8366726977481065,6.969094667259231,8.805767365007338,True,713.1012151440522,0.9697909103911151,1.0,,True,,,0,0.0,,,,,,,,,,,,,,,,,,,
ridge_default,unseen_well,2,tr00054,1457,744.8154969413476,0.7149811238833541,2.804958062635013,-0.2537788862626528,4039,1457,0.8131368267831149,24.78757266028122,True,0.015284595999219164,21.704006948313133,24.770670745002644,3.066663796689511,True,688.3896423312751,,,,,,,0,,,,,,,,,,,,,,,,,,,,
ridge_affine_cal,unseen_well,2,tr00054,1457,826.4420448177356,0.7531412345377916,2.8084124220118696,-0.3671658279562522,4039,1457,0.8131368267831149,24.78757266028122,True,0.02346804399985558,21.704006948313133,24.770670745002644,3.066663796689511,True,688.3896423312751,,,,,,,0,,,,,,,,,,,,,,,,,,,,
ridge_multibranch,unseen_well,2,tr00054,1457,643.4252827439788,0.6645371814848483,2.66370986104177,-0.11015006953394825,4039,1457,0.8131368267831149,24.78757266028122,True,0.023146374999669206,21.704006948313133,24.770670745002644,3.066663796689511,True,688.3896423312751,,,,,,,0,,,,,,,,,,,,,,,,,,,,
ridge_affine_multibranch,unseen_well,2,tr00054,1457,615.3334755108525,0.6498685129195896,2.5971010939778445,-0.10812636606477803,4039,1457,0.8131368267831149,24.78757266028122,True,0.030319536000206426,21.704006948313133,24.770670745002644,3.066663796689511,True,688.3896423312751,,,,,,,0,,,,,,,,,,,,,,,,,,,,
ridge_gated_gbdt,unseen_well,2,tr00054,1457,744.8154969413476,0.7149811238833541,2.804958062635013,-0.2537788862626528,4039,1457,0.8131368267831149,24.78757266028122,True,0.04227671599983296,21.704006948313133,24.770670745002644,3.066663796689511,True,688.3896423312751,0.0,0.0,,False,insufficient_hidden_gr_rows,,1457,1.0,,,,,,,,,,,,,,,,,,,
ridge_default,unseen_well,2,tr000d7,1044,7210.8116676521195,2.628099641877402,4.227783043453435,-2.4357641340511473,2744,1044,0.10137275607180571,63.028438130411146,True,0.01503761799995118,63.01089074333838,66.34300924693282,3.332118503594444,True,714.5972461468525,,,,,,,0,,,,,,,,,,,,,,,,,,,,
ridge_affine_cal,unseen_well,2,tr000d7,1044,8373.82236929617,2.8321198160710885,4.460740045635475,-2.6515438292839275,2744,1044,0.10137275607180571,63.028438130411146,True,0.0231048430005103,63.01089074333838,66.34300924693282,3.332118503594444,True,714.5972461468525,,,,,,,0,,,,,,,,,,,,,,,,,,,,
ridge_multibranch,unseen_well,2,tr000d7,1044,7322.389269079415,2.6483547392274907,4.262906796946943,-2.4571202249915474,2744,1044,0.10137275607180571,63.028438130411146,True,0.024342216000150074,63.01089074333838,66.34300924693282,3.332118503594444,True,714.5972461468525,,,,,,,0,,,,,,,,,,,,,,,,,,,,
ridge_affine_multibranch,unseen_well,2,tr000d7,1044,8215.201997849248,2.805167986215814,4.449481917919975,-2.6212654730458476,2744,1044,0.10137275607180571,63.028438130411146,True,0.03197627099962119,63.01089074333838,66.34300924693282,3.332118503594444,True,714.5972461468525,,,,,,,0,,,,,,,,,,,,,,,,,,,,
ridge_gated_gbdt,unseen_well,2,tr000d7,1044,7210.8116676521195,2.628099641877402,4.227783043453435,-2.4357641340511473,2744,1044,0.10137275607180571,63.028438130411146,True,0.04239209099978325,63.01089074333838,66.34300924693282,3.332118503594444,True,714.5972461468525,0.8132979103809272,1.0,,True,,,1044,1.0,,,,,,,,,,,,,,,,,,,
ridge_default,unseen_well,2,tr00044,1698,479.1311646933491,0.5312003678434583,1.5687150696026038,-0.5242109359925189,4755,1698,0.03455757012242368,5.247733115837404,True,0.015169676999903459,1.846313375062392,5.272780369766426,3.4264669947040343,True,669.8196725674077,,,,,,,0,,,,,,,,,,,,,,,,,,,,
ridge_affine_cal,unseen_well,2,tr00044,1698,241.87278925080682,0.37741978550944694,1.3496816966471044,-0.36799615462430496,4755,1698,0.03455757012242368,5.247733115837404,True,0.022903443000359403,1.846313375062392,5.272780369766426,3.4264669947040343,True,669.8196725674077,,,,,,,0,,,,,,,,,,,,,,,,,,,,
ridge_multibranch,unseen_well,2,tr00044,1698,463.5228562969505,0.5224764670265591,1.5758462892437768,-0.5160604360710023,4755,1698,0.03455757012242368,5.247733115837404,True,0.024351328000193462,1.846313375062392,5.272780369766426,3.4264669947040343,True,669.8196725674077,,,,,,,0,,,,,,,,,,,,,,,,,,,,
ridge_affine_multibranch,unseen_well,2,tr00044,1698,309.9017649861611,0.4272117430177891,1.4314663141018782,-0.41881031149906145,4755,1698,0.03455757012242368,5.247733115837404,True,0.031736703000206035,1.846313375062392,5.272780369766426,3.4264669947040343,True,669.8196725674077,,,,,,,0,,,,,,,,,,,,,,,,,,,,
ridge_gated_gbdt,unseen_well,2,tr00044,1698,479.1311646933491,0.5312003678434583,1.5687150696026038,-0.5242109359925189,4755,1698,0.03455757012242368,5.247733115837404,True,0.04384563399980834,1.846313375062392,5.272780369766426,3.4264669947040343,True,669.8196725674077,0.9860004843607831,1.0,,True,,,1698,1.0,,,,,,,,,,,,,,,,,,,
ridge_default,unseen_well,2,tr00041,2310,2219.489434254225,0.9802132099225102,1.8701172691754708,0.7251118366536542,6300,2310,0.06620209059233449,9.263493423234506,True,0.015643140000065614,5.973678873545879,9.304973842537198,3.331294968991319,True,658.7731247870016,,,,,,,0,,,,,,,,,,,,,,,,,,,,
ridge_affine_cal,unseen_well,2,tr00041,2310,3086.740861093407,1.1559634315231564,2.106611694711761,0.9490235587503033,6300,2310,0.06620209059233449,9.263493423234506,True,0.023772464000103355,5.973678873545879,9.304973842537198,3.331294968991319,True,658.7731247870016,,,,,,,0,,,,,,,,,,,,,,,,,,,,
ridge_multibranch,unseen_well,2,tr00041,2310,1781.4823765363078,0.8781824935667185,1.707072535298784,0.5959095218199681,6300,2310,0.06620209059233449,9.263493423234506,True,0.02525785400030145,5.973678873545879,9.304973842537198,3.331294968991319,True,658.7731247870016,,,,,,,0,,,,,,,,,,,,,,,,,,,,
ridge_affine_multibranch,unseen_well,2,tr00041,2310,2564.5810707505016,1.0536642044485274,1.9620691320639736,0.8353408234672511,6300,2310,0.06620209059233449,9.263493423234506,True,0.03229960899989237,5.973678873545879,9.304973842537198,3.331294968991319,True,658.7731247870016,,,,,,,0,,,,,,,,,,,,,,,,,,,,
ridge_gated_gbdt,unseen_well,2,tr00041,2310,2219.489434254225,0.9802132099225102,1.8701172691754708,0.7251118366536542,6300,2310,0.06620209059233449,9.263493423234506,True,0.045780987000398454,5.973678873545879,9.304973842537198,3.331294968991319,True,658.7731247870016,0.91232339048057,1.0,,True,,,2310,1.0,,,,,,,,,,,,,,,,,,,
ridge_default,unseen_well,2,tr0006a,2356,2168.156023744874,0.9593070202728027,1.7232666110295545,-0.9099948927635939,6214,2356,0.0,3.126338859090525,True,0.015659802999834938,-3.5785828343911765,3.138013431102604,6.716596265493781,True,663.2158355270587,,,,,,,0,,,,,,,,,,,,,,,,,,,,
ridge_affine_cal,unseen_well,2,tr0006a,2356,821.6745044045742,0.5905575997392222,1.277818375291827,-0.5201924245070231,6214,2356,0.0,3.126338859090525,True,0.023371552999378764,-3.5785828343911765,3.138013431102604,6.716596265493781,True,663.2158355270587,,,,,,,0,,,,,,,,,,,,,,,,,,,,
ridge_multibranch,unseen_well,2,tr0006a,2356,2900.0671975954656,1.1094721051564642,1.866555466297594,-1.074041736191535,6214,2356,0.0,3.126338859090525,True,0.025123003999397042,-3.5785828343911765,3.138013431102604,6.716596265493781,True,663.2158355270587,,,,,,,0,,,,,,,,,,,,,,,,,,,,
ridge_affine_multibranch,unseen_well,2,tr0006a,2356,1289.192570046133,0.7397266306785439,1.4402822801289235,-0.6923112328477202,6214,2356,0.0,3.126338859090525,True,0.03204887100037013,-3.5785828343911765,3.138013431102604,6.716596265493781,True,663.2158355270587,,,,,,,0,,,,,,,,,,,,,,,,,,,,
ridge_gated_gbdt,unseen_well,2,tr0006a,2356,2168.156023744874,0.9593070202728027,1.7232666110295545,-0.9099948927635939,6214,2356,0.0,3.126338859090525,True,0.04581616199993732,-3.5785828343911765,3.138013431102604,6.716596265493781,True,663.2158355270587,0.9021077978509411,1.0,,True,,,2356,1.0,,,,,,,,,,,,,,,,,,,
ridge_default,unseen_well,2,tr0000d,2780,524.7627563018783,0.4344693100824883,1.4250457677703494,-0.038633570224506544,3361,2780,0.08923628073603648,1.7460045891805382,True,0.015313863000301353,-4.598604685457876,2.251149268421772,6.849753953879649,True,687.9514453164231,,,,,,,0,,,,,,,,,,,,,,,,,,,,
ridge_affine_cal,unseen_well,2,tr0000d,2780,700.2204537852604,0.5018743478938076,1.7003305860852551,0.24329537330422638,3361,2780,0.08923628073603648,1.7460045891805382,True,0.023445699000149034,-4.598604685457876,2.251149268421772,6.849753953879649,True,687.9514453164231,,,,,,,0,,,,,,,,,,,,,,,,,,,,
ridge_multibranch,unseen_well,2,tr0000d,2780,509.0325736136415,0.42790798345796877,1.3854623852151144,-0.07602772278520313,3361,2780,0.08923628073603648,1.7460045891805382,True,0.024326519000169355,-4.598604685457876,2.251149268421772,6.849753953879649,True,687.9514453164231,,,,,,,0,,,,,,,,,,,,,,,,,,,,
ridge_affine_multibranch,unseen_well,2,tr0000d,2780,672.8686752251841,0.49197468614515133,1.6318122942268642,0.2446650085374811,3361,2780,0.08923628073603648,1.7460045891805382,True,0.03245114699984697,-4.598604685457876,2.251149268421772,6.849753953879649,True,687.9514453164231,,,,,,,0,,,,,,,,,,,,,,,,,,,,
ridge_gated_gbdt,unseen_well,2,tr0000d,2780,4466.06838184201,1.2674775808387226,6.640670450515954,0.29687778795295267,3361,2780,0.08923628073603648,1.7460045891805382,True,0.04305653299979895,-4.598604685457876,2.251149268421772,6.849753953879649,True,687.9514453164231,0.9776741473030046,1.0,,True,,,0,0.0,,,,,,,,,,,,,,,,,,,
ridge_default,unseen_well,2,tr0004b,2285,981.0499055978298,0.6552430873682744,1.388290990486258,0.4678848150928418,3164,2285,0.05505597357313269,22.959111662426395,True,0.014909026000168524,22.72242021631603,30.62221992235433,7.899799706038298,True,691.5843869938166,,,,,,,0,,,,,,,,,,,,,,,,,,,,
ridge_affine_cal,unseen_well,2,tr0004b,2285,1324.7436125351787,0.7614174311058048,1.5124910781308571,0.6053688701192078,3164,2285,0.05505597357313269,22.959111662426395,True,0.023205131999930018,22.72242021631603,30.62221992235433,7.899799706038298,True,691.5843869938166,,,,,,,0,,,,,,,,,,,,,,,,,,,,
ridge_multibranch,unseen_well,2,tr0004b,2285,1010.2640529457616,0.6649275813040764,1.405367107387839,0.4816603928828496,3164,2285,0.05505597357313269,22.959111662426395,True,0.024203129999477824,22.72242021631603,30.62221992235433,7.899799706038298,True,691.5843869938166,,,,,,,0,,,,,,,,,,,,,,,,,,,,
ridge_affine_multibranch,unseen_well,2,tr0004b,2285,1247.0575045122487,0.7387544975592392,1.52316327427949,0.5718896459387572,3164,2285,0.05505597357313269,22.959111662426395,True,0.03144737100046768,22.72242021631603,30.62221992235433,7.899799706038298,True,691.5843869938166,,,,,,,0,,,,,,,,,,,,,,,,,,,,
ridge_gated_gbdt,unseen_well,2,tr0004b,2285,71270.6636102886,5.58486010670857,7.4134853384553026,-4.5101848922603605,3164,2285,0.05505597357313269,22.959111662426395,True,0.04958779600019625,22.72242021631603,30.62221992235433,7.899799706038298,True,691.5843869938166,0.9569032801186911,1.0,,True,,,0,0.0,,,,,,,,,,,,,,,,,,,
ridge_default,unseen_well,2,tr0005e,987,968.5905244699875,0.9906301272969628,2.0293027150074643,-0.9881303459574282,2557,987,0.04966139954853273,31.08168396518601,True,0.017439945999285555,29.092229381601197,31.077579785800992,1.9853504041997958,True,710.3926287089326,,,,,,,0,,,,,,,,,,,,,,,,,,,,
ridge_affine_cal,unseen_well,2,tr0005e,987,1058.1465556158962,1.0354147202809922,2.0151309039489007,-1.0331284345549516,2557,987,0.04966139954853273,31.08168396518601,True,0.024866844999451132,29.092229381601197,31.077579785800992,1.9853504041997958,True,710.3926287089326,,,,,,,0,,,,,,,,,,,,,,,,,,,,
ridge_multibranch,unseen_well,2,tr0005e,987,1651.1428957434055,1.2934026719772218,2.369445750237098,-1.2914361007753952,2557,987,0.04966139954853273,31.08168396518601,True,0.026201671000308124,29.092229381601197,31.077579785800992,1.9853504041997958,True,710.3926287089326,,,,,,,0,,,,,,,,,,,,,,,,,,,,
ridge_affine_multibranch,unseen_well,2,tr0005e,987,1887.6299782893414,1.382928913292072,2.4343657041346702,-1.381063699235726,2557,987,0.04966139954853273,31.08168396518601,True,0.03193473200008157,29.092229381601197,31.077579785800992,1.9853504041997958,True,710.3926287089326,,,,,,,0,,,,,,,,,,,,,,,,,,,,
ridge_gated_gbdt,unseen_well,2,tr0005e,987,968.5905244699875,0.9906301272969628,2.0293027150074643,-0.9881303459574282,2557,987,0.04966139954853273,31.08168396518601,True,0.04133502400054567,29.092229381601197,31.077579785800992,1.9853504041997958,True,710.3926287089326,0.9053736135535286,1.0,,True,,,987,1.0,,,,,,,,,,,,,,,,,,,
ridge_default,unseen_well,2,tr0003c,2761,18695.083806680792,2.6021390781834914,44.369370961470295,-0.1127198029744712,5707,2761,0.06896551724137931,51.9085405792719,True,0.015999301999727322,51.87973743174564,62.11382472851109,10.234087296765452,True,681.6613800670655,,,,,,,0,,,,,,,,,,,,,,,,,,,,
ridge_affine_cal,unseen_well,2,tr0003c,2761,16229.171802162553,2.42445973341945,41.615691323027406,0.033874030131214046,5707,2761,0.06896551724137931,51.9085405792719,True,0.02411732199925609,51.87973743174564,62.11382472851109,10.234087296765452,True,681.6613800670655,,,,,,,0,,,,,,,,,,,,,,,,,,,,
ridge_multibranch,unseen_well,2,tr0003c,2761,18511.386097721683,2.5893232218968785,44.21638256399196,0.4264945446122131,5707,2761,0.06896551724137931,51.9085405792719,True,0.024460859000100754,51.87973743174564,62.11382472851109,10.234087296765452,True,681.6613800670655,,,,,,,0,,,,,,,,,,,,,,,,,,,,
ridge_affine_multibranch,unseen_well,2,tr0003c,2761,19082.70080293927,2.6289765797575866,43.728165601191535,0.8185998105149022,5707,2761,0.06896551724137931,51.9085405792719,True,0.03270299999985582,51.87973743174564,62.11382472851109,10.234087296765452,True,681.6613800670655,,,,,,,0,,,,,,,,,,,,,,,,,,,,
ridge_gated_gbdt,unseen_well,2,tr0003c,2761,18695.083806680792,2.6021390781834914,44.369370961470295,-0.1127198029744712,5707,2761,0.06896551724137931,51.9085405792719,True,0.045879538999543,51.87973743174564,62.11382472851109,10.234087296765452,True,681.6613800670655,0.7529386355548306,1.0,,True,,,2761,1.0,,,,,,,,,,,,,,,,,,,
ridge_default,unseen_well,2,tr000d1,1697,593.9323107112964,0.5915991684755916,1.075752288144738,-0.510940445385361,4548,1697,0.10136108887109688,20.90601514747245,True,0.015219316999719013,20.91005811236961,24.96000494208682,4.049946829717207,True,645.4121438020999,,,,,,,0,,,,,,,,,,,,,,,,,,,,
ridge_affine_cal,unseen_well,2,tr000d1,1697,1975.2059170355442,1.0788604381668512,1.5760043377478041,-1.0339141222305173,4548,1697,0.10136108887109688,20.90601514747245,True,0.023136464999879536,20.91005811236961,24.96000494208682,4.049946829717207,True,645.4121438020999,,,,,,,0,,,,,,,,,,,,,,,,,,,,
ridge_multibranch,unseen_well,2,tr000d1,1697,347.0850780861422,0.4522484116732914,1.2134837800227345,-0.3350880232056042,4548,1697,0.10136108887109688,20.90601514747245,True,0.0247191059997931,20.91005811236961,24.96000494208682,4.049946829717207,True,645.4121438020999,,,,,,,0,,,,,,,,,,,,,,,,,,,,
ridge_affine_multibranch,unseen_well,2,tr000d1,1697,1480.7376012981504,0.9341102363145347,1.4492379019714612,-0.8781579206490889,4548,1697,0.10136108887109688,20.90601514747245,True,0.031417709000379546,20.91005811236961,24.96000494208682,4.049946829717207,True,645.4121438020999,,,,,,,0,,,,,,,,,,,,,,,,,,,,
ridge_gated_gbdt,unseen_well,2,tr000d1,1697,593.9323107112964,0.5915991684755916,1.075752288144738,-0.510940445385361,4548,1697,0.10136108887109688,20.90601514747245,True,0.04363004300012108,20.91005811236961,24.96000494208682,4.049946829717207,True,645.4121438020999,0.8585612806724704,1.0,,True,,,1697,1.0,,,,,,,,,,,,,,,,,,,
ridge_default,unseen_well,2,tr000b7,1205,149.17272405294642,0.35184484044132824,1.4091525764482213,-0.2881141084315182,3490,1205,0.7488817891373802,5.481348196773666,True,0.014890632000060577,0.1928476232173714,5.505547314077283,5.312699690859912,True,679.6472876616932,,,,,,,0,,,,,,,,,,,,,,,,,,,,
ridge_affine_cal,unseen_well,2,tr000b7,1205,133.02344090151777,0.3322542656064895,1.3559319041247093,-0.265400082097985,3490,1205,0.7488817891373802,5.481348196773666,True,0.022449095000411035,0.1928476232173714,5.505547314077283,5.312699690859912,True,679.6472876616932,,,,,,,0,,,,,,,,,,,,,,,,,,,,
ridge_multibranch,unseen_well,2,tr000b7,1205,97.51078646976532,0.284467598326647,1.3446563410994141,-0.20451851065764437,3490,1205,0.7488817891373802,5.481348196773666,True,0.023295399999369693,0.1928476232173714,5.505547314077283,5.312699690859912,True,679.6472876616932,,,,,,,0,,,,,,,,,,,,,,,,,,,,
ridge_affine_multibranch,unseen_well,2,tr000b7,1205,149.27665031230595,0.3519673814483004,1.4201263794485488,-0.29570463382470874,3490,1205,0.7488817891373802,5.481348196773666,True,0.029732323999269283,0.1928476232173714,5.505547314077283,5.312699690859912,True,679.6472876616932,,,,,,,0,,,,,,,,,,,,,,,,,,,,
ridge_gated_gbdt,unseen_well,2,tr000b7,1205,149.17272405294642,0.35184484044132824,1.4091525764482213,-0.2881141084315182,3490,1205,0.7488817891373802,5.481348196773666,True,0.040141466000022774,0.1928476232173714,5.505547314077283,5.312699690859912,True,679.6472876616932,0.0,0.0,,False,insufficient_hidden_gr_rows,,1205,1.0,,,,,,,,,,,,,,,,,,,
ridge_default,unseen_well,2,tr000b5,2607,1125.5422182265534,0.6570680941366692,1.3470508577555123,-0.5716971465928309,2268,2607,0.5421538461538462,35.92749545972412,True,0.014545468000505934,35.88282944685584,40.83978779583673,4.956958348980891,True,639.9758023869924,,,,,,,0,,,,,,,,,,,,,,,,,,,,
ridge_affine_cal,unseen_well,2,tr000b5,2607,2517.2179775132945,0.9826297231455442,1.5139473443176854,-0.9279375628287102,2268,2607,0.5421538461538462,35.92749545972412,True,0.022952067000005627,35.88282944685584,40.83978779583673,4.956958348980891,True,639.9758023869924,,,,,,,0,,,,,,,,,,,,,,,,,,,,
ridge_multibranch,unseen_well,2,tr000b5,2607,1021.0819565671644,0.6258349104078634,1.340676336558701,-0.5294904999405144,2268,2607,0.5421538461538462,35.92749545972412,True,0.02367823300028249,35.88282944685584,40.83978779583673,4.956958348980891,True,639.9758023869924,,,,,,,0,,,,,,,,,,,,,,,,,,,,
ridge_affine_multibranch,unseen_well,2,tr000b5,2607,3253.158139124626,1.1170743301676636,1.791199810354783,-1.0324385595784566,2268,2607,0.5421538461538462,35.92749545972412,True,0.03047822700045799,35.88282944685584,40.83978779583673,4.956958348980891,True,639.9758023869924,,,,,,,0,,,,,,,,,,,,,,,,,,,,
ridge_gated_gbdt,unseen_well,2,tr000b5,2607,5034.645175716584,1.3896771564098636,2.4098537501409254,1.215888410548092,2268,2607,0.5421538461538462,35.92749545972412,True,0.04330740600016725,35.88282944685584,40.83978779583673,4.956958348980891,True,639.9758023869924,0.0,0.0,,False,insufficient_hidden_gr_rows,,0,0.0,,,,,,,,,,,,,,,,,,,
ridge_default,unseen_well,2,tr0005c,2086,1515.5498818317942,0.8523696262685199,2.404471272936025,0.11710345588462592,2036,2086,0.0,-13.21882061956447,True,0.014904667000337213,-15.874212591135835,-13.134784125348384,2.7394284657874515,True,717.3899210800612,,,,,,,0,,,,,,,,,,,,,,,,,,,,
ridge_affine_cal,unseen_well,2,tr0005c,2086,17343.972745694828,2.883481299314605,4.3290568111786545,2.753012950121257,2036,2086,0.0,-13.21882061956447,True,0.02357782700073585,-15.874212591135835,-13.134784125348384,2.7394284657874515,True,717.3899210800612,,,,,,,0,,,,,,,,,,,,,,,,,,,,
ridge_multibranch,unseen_well,2,tr0005c,2086,1734.016507519357,0.9117367524729135,2.902726188104978,-0.36702003130003225,2036,2086,0.0,-13.21882061956447,True,0.024485507999997935,-15.874212591135835,-13.134784125348384,2.7394284657874515,True,717.3899210800612,,,,,,,0,,,,,,,,,,,,,,,,,,,,
ridge_affine_multibranch,unseen_well,2,tr0005c,2086,12821.780082419162,2.479231092182894,3.8969459732393013,2.3288753602598193,2036,2086,0.0,-13.21882061956447,True,0.032195660999605025,-15.874212591135835,-13.134784125348384,2.7394284657874515,True,717.3899210800612,,,,,,,0,,,,,,,,,,,,,,,,,,,,
ridge_gated_gbdt,unseen_well,2,tr0005c,2086,1515.5498818317942,0.8523696262685199,2.404471272936025,0.11710345588462592,2036,2086,0.0,-13.21882061956447,True,0.04208128600021155,-15.874212591135835,-13.134784125348384,2.7394284657874515,True,717.3899210800612,0.652516166069979,1.0,,True,,,2086,1.0,,,,,,,,,,,,,,,,,,,
ridge_default,unseen_well,2,tr000d3,3173,31107.457101381053,3.1311020273838897,5.8377013121699175,-2.605546033077004,5817,3173,0.7351501668520578,17.562051555922903,True,0.01592971099944407,15.833834694542782,17.733934812759134,1.9001001182163524,True,664.9772061221943,,,,,,,0,,,,,,,,,,,,,,,,,,,,
ridge_affine_cal,unseen_well,2,tr000d3,3173,36269.73472764461,3.38093758628935,6.158256291914448,-2.8976956979141506,5817,3173,0.7351501668520578,17.562051555922903,True,0.023840683000344143,15.833834694542782,17.733934812759134,1.9001001182163524,True,664.9772061221943,,,,,,,0,,,,,,,,,,,,,,,,,,,,
ridge_multibranch,unseen_well,2,tr000d3,3173,30843.98440361749,3.117813989479868,5.810271225324064,-2.603406900814207,5817,3173,0.7351501668520578,17.562051555922903,True,0.023388731000522966,15.833834694542782,17.733934812759134,1.9001001182163524,True,664.9772061221943,,,,,,,0,,,,,,,,,,,,,,,,,,,,
ridge_affine_multibranch,unseen_well,2,tr000d3,3173,36298.26935246321,3.382267273685033,6.1749966736041575,-2.8853039188417133,5817,3173,0.7351501668520578,17.562051555922903,True,0.03133218699986173,15.833834694542782,17.733934812759134,1.9001001182163524,True,664.9772061221943,,,,,,,0,,,,,,,,,,,,,,,,,,,,
ridge_gated_gbdt,unseen_well,2,tr000d3,3173,31107.457101381053,3.1311020273838897,5.8377013121699175,-2.605546033077004,5817,3173,0.7351501668520578,17.562051555922903,True,0.044505320000098436,15.833834694542782,17.733934812759134,1.9001001182163524,True,664.9772061221943,0.0,0.0,,False,insufficient_hidden_gr_rows,,3173,1.0,,,,,,,,,,,,,,,,,,,
ridge_default,unseen_well,2,tr0009d,3222,1683.3146687443,0.7228028993215432,1.1710087599098262,-0.6531514622116683,5218,3222,0.052843601895734595,-9.632826933014004,True,0.01637373999983538,-12.717507578076564,-9.634290792390974,3.0832167856855897,True,672.9324136034986,,,,,,,0,,,,,,,,,,,,,,,,,,,,
ridge_affine_cal,unseen_well,2,tr0009d,3222,630.4694418086083,0.4423532809218629,0.8466757460204626,-0.33018375115177856,5218,3222,0.052843601895734595,-9.632826933014004,True,0.024306446999617037,-12.717507578076564,-9.634290792390974,3.0832167856855897,True,672.9324136034986,,,,,,,0,,,,,,,,,,,,,,,,,,,,
ridge_multibranch,unseen_well,2,tr0009d,3222,3232.899515176824,1.0016899926912195,1.482765415846222,-0.9527381149774747,5218,3222,0.052843601895734595,-9.632826933014004,True,0.0250341210003171,-12.717507578076564,-9.634290792390974,3.0832167856855897,True,672.9324136034986,,,,,,,0,,,,,,,,,,,,,,,,,,,,
ridge_affine_multibranch,unseen_well,2,tr0009d,3222,1385.9521261472555,0.6558603047433715,1.1178326652482689,-0.5871117894870448,5218,3222,0.052843601895734595,-9.632826933014004,True,0.03328625700032717,-12.717507578076564,-9.634290792390974,3.0832167856855897,True,672.9324136034986,,,,,,,0,,,,,,,,,,,,,,,,,,,,
ridge_gated_gbdt,unseen_well,2,tr0009d,3222,1683.3146687443,0.7228028993215432,1.1710087599098262,-0.6531514622116683,5218,3222,0.052843601895734595,-9.632826933014004,True,0.04535158399994543,-12.717507578076564,-9.634290792390974,3.0832167856855897,True,672.9324136034986,0.9035453017474675,1.0,,True,,,3222,1.0,,,,,,,,,,,,,,,,,,,
ridge_default,unseen_well,2,tr00066,3353,14868.843563741562,2.10582277995964,4.092122206800027,1.568406402316281,5494,3353,0.0,6.276394383861216,True,0.015905000000202563,-4.144356267507877,6.31102988799006,10.455386155497937,True,650.6382119206224,,,,,,,0,,,,,,,,,,,,,,,,,,,,
ridge_affine_cal,unseen_well,2,tr00066,3353,10636.757160932613,1.7810981208889092,3.6233451055244705,1.1065949427798456,5494,3353,0.0,6.276394383861216,True,0.02366043600068224,-4.144356267507877,6.31102988799006,10.455386155497937,True,650.6382119206224,,,,,,,0,,,,,,,,,,,,,,,,,,,,
ridge_multibranch,unseen_well,2,tr00066,3353,14414.146063161217,2.073374164120925,4.057679717720696,1.5092648964345428,5494,3353,0.0,6.276394383861216,True,0.024885449999601406,-4.144356267507877,6.31102988799006,10.455386155497937,True,650.6382119206224,,,,,,,0,,,,,,,,,,,,,,,,,,,,
ridge_affine_multibranch,unseen_well,2,tr00066,3353,9901.6201868588,1.7184478416435538,3.530366645295648,0.9684795588614357,5494,3353,0.0,6.276394383861216,True,0.03255652999996528,-4.144356267507877,6.31102988799006,10.455386155497937,True,650.6382119206224,,,,,,,0,,,,,,,,,,,,,,,,,,,,
ridge_gated_gbdt,unseen_well,2,tr00066,3353,940.1603284192933,0.5295222141249623,0.9591484868062956,0.502665061973428,5494,3353,0.0,6.276394383861216,True,0.044911859999956505,-4.144356267507877,6.31102988799006,10.455386155497937,True,650.6382119206224,0.9785371092428962,1.0,,True,,,0,0.0,,,,,,,,,,,,,,,,,,,
ridge_default,unseen_well,2,tr00057,3339,43878.90151570323,3.625097266747779,5.8508618734763544,3.273477161710441,3271,3339,0.0518910741301059,3.331257071562016,True,0.015275593000296794,2.050672246508361,8.347207219669803,6.296534973161442,True,675.3044718182219,,,,,,,0,,,,,,,,,,,,,,,,,,,,
ridge_affine_cal,unseen_well,2,tr00057,3339,21959.63012069817,2.564509432920035,4.608577509654257,2.0493629269004643,3271,3339,0.0518910741301059,3.331257071562016,True,0.023442843000339053,2.050672246508361,8.347207219669803,6.296534973161442,True,675.3044718182219,,,,,,,0,,,,,,,,,,,,,,,,,,,,
ridge_multibranch,unseen_well,2,tr00057,3339,46161.82513696047,3.718204535074454,5.922823978223908,3.381612127935678,3271,3339,0.0518910741301059,3.331257071562016,True,0.02519267600018793,2.050672246508361,8.347207219669803,6.296534973161442,True,675.3044718182219,,,,,,,0,,,,,,,,,,,,,,,,,,,,
ridge_affine_multibranch,unseen_well,2,tr00057,3339,22645.070592260607,2.6042257566563634,4.633833979853717,2.1014716670313054,3271,3339,0.0518910741301059,3.331257071562016,True,0.032864867000171216,2.050672246508361,8.347207219669803,6.296534973161442,True,675.3044718182219,,,,,,,0,,,,,,,,,,,,,,,,,,,,
ridge_gated_gbdt,unseen_well,2,tr00057,3339,63950.14741975481,4.376355218834964,6.729298703178181,-2.8914414437182643,3271,3339,0.0518910741301059,3.331257071562016,True,0.04400097300003836,2.050672246508361,8.347207219669803,6.296534973161442,True,675.3044718182219,0.9854023888161387,1.0,,True,,,0,0.0,,,,,,,,,,,,,,,,,,,
ridge_default,unseen_well,2,tr0007c,1150,50.33895246661607,0.20921998505134146,0.7195610042960077,-0.16437175883831234,2934,1150,0.1270812928501469,32.347452248429946,True,0.01455004400031612,32.274229424113884,33.48487108097457,1.2106416568606875,True,648.2392144444551,,,,,,,0,,,,,,,,,,,,,,,,,,,,
ridge_affine_cal,unseen_well,2,tr0007c,1150,781.006121322557,0.8240969346331709,1.3469643844555712,-0.8143249399392637,2934,1150,0.1270812928501469,32.347452248429946,True,0.02218446499955462,32.274229424113884,33.48487108097457,1.2106416568606875,True,648.2392144444551,,,,,,,0,,,,,,,,,,,,,,,,,,,,
ridge_multibranch,unseen_well,2,tr0007c,1150,38.69237348370359,0.18342721215714491,0.7214747610758039,-0.1337554281660527,2934,1150,0.1270812928501469,32.347452248429946,True,0.023846647000027588,32.274229424113884,33.48487108097457,1.2106416568606875,True,648.2392144444551,,,,,,,0,,,,,,,,,,,,,,,,,,,,
ridge_affine_multibranch,unseen_well,2,tr0007c,1150,728.7361432902416,0.7960424629761151,1.3504289568888872,-0.7866028897574002,2934,1150,0.1270812928501469,32.347452248429946,True,0.030578971000068123,32.274229424113884,33.48487108097457,1.2106416568606875,True,648.2392144444551,,,,,,,0,,,,,,,,,,,,,,,,,,,,
ridge_gated_gbdt,unseen_well,2,tr0007c,1150,1299.6976672817298,1.0630954259109615,1.9576945727523025,0.8814473731146983,2934,1150,0.1270812928501469,32.347452248429946,True,0.04171024300012505,32.274229424113884,33.48487108097457,1.2106416568606875,True,648.2392144444551,0.9190737981787239,0.9,,True,,,0,0.0,,,,,,,,,,,,,,,,,,,
ridge_default,unseen_well,2,tr00084,1986,9539.945203647181,2.1917111548577486,3.4322029806302536,2.1098480739882546,5720,1986,0.8093693226057618,-2.002901881869027,True,0.015074953999828722,-2.0474841563312527,1.1389446410120223,3.186428797343275,True,674.0702631733185,,,,,,,0,,,,,,,,,,,,,,,,,,,,
ridge_affine_cal,unseen_well,2,tr00084,1986,13987.995971216922,2.6539218325454295,3.9190187095224607,2.585008464504969,5720,1986,0.8093693226057618,-2.002901881869027,True,0.022822912000265205,-2.0474841563312527,1.1389446410120223,3.186428797343275,True,674.0702631733185,,,,,,,0,,,,,,,,,,,,,,,,,,,,
ridge_multibranch,unseen_well,2,tr00084,1986,9329.168123569016,2.167363911775541,3.411393351921877,2.0849636685330664,5720,1986,0.8093693226057618,-2.002901881869027,True,0.023382426000353007,-2.0474841563312527,1.1389446410120223,3.186428797343275,True,674.0702631733185,,,,,,,0,,,,,,,,,,,,,,,,,,,,
ridge_affine_multibranch,unseen_well,2,tr00084,1986,14063.746685044778,2.661098165541612,3.9171224231045274,2.592401629736395,5720,1986,0.8093693226057618,-2.002901881869027,True,0.029551907000495703,-2.0474841563312527,1.1389446410120223,3.186428797343275,True,674.0702631733185,,,,,,,0,,,,,,,,,,,,,,,,,,,,
ridge_gated_gbdt,unseen_well,2,tr00084,1986,9539.945203647181,2.1917111548577486,3.4322029806302536,2.1098480739882546,5720,1986,0.8093693226057618,-2.002901881869027,True,0.0414937559999089,-2.0474841563312527,1.1389446410120223,3.186428797343275,True,674.0702631733185,0.0,0.0,,False,insufficient_hidden_gr_rows,,1986,1.0,,,,,,,,,,,,,,,,,,,
ridge_default,unseen_well,2,tr0006e,2956,2031.0792054381811,0.8289173216079098,1.4913341057652847,-0.7049666213142699,3542,2956,0.09679901508156356,1.4338558221069952,True,0.015533353999671817,-3.5961594814785123,1.4812632615105166,5.077422742989029,True,654.319460313301,,,,,,,0,,,,,,,,,,,,,,,,,,,,
ridge_affine_cal,unseen_well,2,tr0006e,2956,1052.969928824677,0.5968370422045326,1.2151118786685622,-0.4272669532627985,3542,2956,0.09679901508156356,1.4338558221069952,True,0.02329165399987687,-3.5961594814785123,1.4812632615105166,5.077422742989029,True,654.319460313301,,,,,,,0,,,,,,,,,,,,,,,,,,,,
ridge_multibranch,unseen_well,2,tr0006e,2956,2314.4204710329186,0.8848484941440224,1.57411555871324,-0.7633465036245223,3542,2956,0.09679901508156356,1.4338558221069952,True,0.024341598999853886,-3.5961594814785123,1.4812632615105166,5.077422742989029,True,654.319460313301,,,,,,,0,,,,,,,,,,,,,,,,,,,,
ridge_affine_multibranch,unseen_well,2,tr0006e,2956,1425.093421402231,0.694335631630142,1.3576367746101745,-0.5555582224049225,3542,2956,0.09679901508156356,1.4338558221069952,True,0.03175107199967897,-3.5961594814785123,1.4812632615105166,5.077422742989029,True,654.319460313301,,,,,,,0,,,,,,,,,,,,,,,,,,,,
ridge_gated_gbdt,unseen_well,2,tr0006e,2956,2031.0792054381811,0.8289173216079098,1.4913341057652847,-0.7049666213142699,3542,2956,0.09679901508156356,1.4338558221069952,True,0.04269083600047452,-3.5961594814785123,1.4812632615105166,5.077422742989029,True,654.319460313301,0.9581149864420945,1.0,,True,,,2956,1.0,,,,,,,,,,,,,,,,,,,
ridge_default,unseen_well,2,tr000a0,2595,50178.72388789628,4.397350922981293,8.611168780319957,3.6217010896661006,4265,2595,0.0575801749271137,32.83941034215134,True,0.015429528999447939,16.496179089535385,32.85057621059701,16.354397121061627,True,692.5022532866543,,,,,,,0,,,,,,,,,,,,,,,,,,,,
ridge_affine_cal,unseen_well,2,tr000a0,2595,50030.34907114296,4.390844787337688,8.602636381277467,3.606217021831526,4265,2595,0.0575801749271137,32.83941034215134,True,0.023524988000644953,16.496179089535385,32.85057621059701,16.354397121061627,True,692.5022532866543,,,,,,,0,,,,,,,,,,,,,,,,,,,,
ridge_multibranch,unseen_well,2,tr000a0,2595,45397.895990366545,4.182627433877292,8.313396514037127,3.3651576798459217,4265,2595,0.0575801749271137,32.83941034215134,True,0.024283798999931605,16.496179089535385,32.85057621059701,16.354397121061627,True,692.5022532866543,,,,,,,0,,,,,,,,,,,,,,,,,,,,
ridge_affine_multibranch,unseen_well,2,tr000a0,2595,44151.114864344236,4.124792976148792,8.262607883021055,3.2895302042399486,4265,2595,0.0575801749271137,32.83941034215134,True,0.031464508000681235,16.496179089535385,32.85057621059701,16.354397121061627,True,692.5022532866543,,,,,,,0,,,,,,,,,,,,,,,,,,,,
ridge_gated_gbdt,unseen_well,2,tr000a0,2595,31701.213746334688,3.4951777264722907,8.655862609578534,2.5121394953322183,4265,2595,0.0575801749271137,32.83941034215134,True,0.043914542000493384,16.496179089535385,32.85057621059701,16.354397121061627,True,692.5022532866543,0.9092633837592983,1.0,,True,,,0,0.0,,,,,,,,,,,,,,,,,,,
ridge_default,unseen_well,2,tr00001,3735,3511.2172737996707,0.96957977811581,1.6811507723168972,-0.8022986963704881,4570,3735,0.04105960264900662,13.354091501842325,True,0.01599149799949373,13.308265183584355,18.5926105695108,5.284345385926445,True,646.5626473309338,,,,,,,0,,,,,,,,,,,,,,,,,,,,
ridge_affine_cal,unseen_well,2,tr00001,3735,4559.343180407205,1.1048564064274975,1.8705278336885485,-0.9702249949527701,4570,3735,0.04105960264900662,13.354091501842325,True,0.02431335800065426,13.308265183584355,18.5926105695108,5.284345385926445,True,646.5626473309338,,,,,,,0,,,,,,,,,,,,,,,,,,,,
ridge_multibranch,unseen_well,2,tr00001,3735,3769.7365299840376,1.0046393759780032,1.7641419659540105,-0.8276952981315343,4570,3735,0.04105960264900662,13.354091501842325,True,0.025141080000139482,13.308265183584355,18.5926105695108,5.284345385926445,True,646.5626473309338,,,,,,,0,,,,,,,,,,,,,,,,,,,,
ridge_affine_multibranch,unseen_well,2,tr00001,3735,5336.343601694511,1.1952990923331277,2.0190567935712203,-1.0617886954596079,4570,3735,0.04105960264900662,13.354091501842325,True,0.0328148170001441,13.308265183584355,18.5926105695108,5.284345385926445,True,646.5626473309338,,,,,,,0,,,,,,,,,,,,,,,,,,,,
ridge_gated_gbdt,unseen_well,2,tr00001,3735,51.26595368356307,0.11715726302453933,0.2866785718985234,0.100207306012048,4570,3735,0.04105960264900662,13.354091501842325,True,0.04552974599937443,13.308265183584355,18.5926105695108,5.284345385926445,True,646.5626473309338,0.8517201439362463,1.0,,True,,,0,0.0,,,,,,,,,,,,,,,,,,,
ridge_default,unseen_well,2,tr000c2,3862,33208.562089981926,2.9323708993133533,4.993749094656156,-2.57362841603961,4391,3862,0.0,5.830171246946295,True,0.01557309100007842,5.663929333836873,6.678798831923155,1.0148694980862816,True,639.4529298160194,,,,,,,0,,,,,,,,,,,,,,,,,,,,
ridge_affine_cal,unseen_well,2,tr000c2,3862,37457.30737648964,3.1143121686686395,5.191469669124381,-2.788189676285533,4391,3862,0.0,5.830171246946295,True,0.024258036999526666,5.663929333836873,6.678798831923155,1.0148694980862816,True,639.4529298160194,,,,,,,0,,,,,,,,,,,,,,,,,,,,
ridge_multibranch,unseen_well,2,tr000c2,3862,36145.66416371579,3.059299317789109,5.115822668705094,-2.731200818485479,4391,3862,0.0,5.830171246946295,True,0.02509910399930959,5.663929333836873,6.678798831923155,1.0148694980862816,True,639.4529298160194,,,,,,,0,,,,,,,,,,,,,,,,,,,,
ridge_affine_multibranch,unseen_well,2,tr000c2,3862,42451.08886343162,3.315417934535552,5.379708555618677,-3.027132291270029,4391,3862,0.0,5.830171246946295,True,0.032214471999395755,5.663929333836873,6.678798831923155,1.0148694980862816,True,639.4529298160194,,,,,,,0,,,,,,,,,,,,,,,,,,,,
ridge_gated_gbdt,unseen_well,2,tr000c2,3862,69.67931531748843,0.13432158336242245,0.23975515482706022,0.12441680263656016,4391,3862,0.0,5.830171246946295,True,0.04548735799926362,5.663929333836873,6.678798831923155,1.0148694980862816,True,639.4529298160194,0.9848839495839551,1.0,,True,,,0,0.0,,,,,,,,,,,,,,,,,,,
ridge_default,unseen_well,2,tr000c4,2153,13169.355255145869,2.473205717056046,3.9677150863168666,2.192629050701305,5430,2153,0.08677304496900963,-8.001102111341288,True,0.015442672000062885,-8.973445053257528,-8.004649388053652,0.968795665203876,True,661.0280132189455,,,,,,,0,,,,,,,,,,,,,,,,,,,,
ridge_affine_cal,unseen_well,2,tr000c4,2153,11700.988887348292,2.3312522511913554,3.7909282875951433,2.03974632623433,5430,2153,0.08677304496900963,-8.001102111341288,True,0.02355089999946358,-8.973445053257528,-8.004649388053652,0.968795665203876,True,661.0280132189455,,,,,,,0,,,,,,,,,,,,,,,,,,,,
ridge_multibranch,unseen_well,2,tr000c4,2153,15401.819593343598,2.6746317832046644,4.1818990331219545,2.420098649007995,5430,2153,0.08677304496900963,-8.001102111341288,True,0.025628759999563044,-8.973445053257528,-8.004649388053652,0.968795665203876,True,661.0280132189455,,,,,,,0,,,,,,,,,,,,,,,,,,,,
ridge_affine_multibranch,unseen_well,2,tr000c4,2153,13813.780712493182,2.5329945994278575,4.016085617491353,2.2710219439995374,5430,2153,0.08677304496900963,-8.001102111341288,True,0.032040044999121164,-8.973445053257528,-8.004649388053652,0.968795665203876,True,661.0280132189455,,,,,,,0,,,,,,,,,,,,,,,,,,,,
ridge_gated_gbdt,unseen_well,2,tr000c4,2153,5650.908943737757,1.6200825332828832,3.255831744334234,-1.300383724100712,5430,2153,0.08677304496900963,-8.001102111341288,True,0.04440137199981109,-8.973445053257528,-8.004649388053652,0.968795665203876,True,661.0280132189455,0.8352568543210623,1.0,,True,,,0,0.0,,,,,,,,,,,,,,,,,,,
ridge_default,unseen_well,2,tr000a5,3988,96413.5630750876,4.9169013132607144,9.243155754100467,4.001693248800649,3937,3988,0.012870662460567823,-1.1739900032888757,True,0.015999715000361903,-18.590388643773405,-1.1633658180856845,17.42702282568772,True,665.6314093453784,,,,,,,0,,,,,,,,,,,,,,,,,,,,
ridge_affine_cal,unseen_well,2,tr000a5,3988,88085.0978647453,4.699737979655736,9.00162662808263,3.740840706480873,3937,3988,0.012870662460567823,-1.1739900032888757,True,0.0242796870006714,-18.590388643773405,-1.1633658180856845,17.42702282568772,True,665.6314093453784,,,,,,,0,,,,,,,,,,,,,,,,,,,,
ridge_multibranch,unseen_well,2,tr000a5,3988,88693.91781721149,4.7159516594708935,8.987342550978656,3.7606260940972347,3937,3988,0.012870662460567823,-1.1739900032888757,True,0.02527796199956356,-18.590388643773405,-1.1633658180856845,17.42702282568772,True,665.6314093453784,,,,,,,0,,,,,,,,,,,,,,,,,,,,
ridge_affine_multibranch,unseen_well,2,tr000a5,3988,77632.81817266748,4.4120975007625995,8.64000172702885,3.3788640796462843,3937,3988,0.012870662460567823,-1.1739900032888757,True,0.03271305399994162,-18.590388643773405,-1.1633658180856845,17.42702282568772,True,665.6314093453784,,,,,,,0,,,,,,,,,,,,,,,,,,,,
ridge_gated_gbdt,unseen_well,2,tr000a5,3988,96413.5630750876,4.9169013132607144,9.243155754100467,4.001693248800649,3937,3988,0.012870662460567823,-1.1739900032888757,True,0.046124426999995194,-18.590388643773405,-1.1633658180856845,17.42702282568772,True,665.6314093453784,0.9307935459827743,1.0,,True,,,3988,1.0,,,,,,,,,,,,,,,,,,,
ridge_default,unseen_well,2,tr00022,2467,3259.376516097485,1.149430432277269,2.2281600582021666,-0.8314770136796481,6499,2467,0.06803479812625474,-8.830233124405527,True,0.01544400099919585,-8.901894878619707,-7.366782486108215,1.5351123925114925,True,648.7703604485824,,,,,,,0,,,,,,,,,,,,,,,,,,,,
ridge_affine_cal,unseen_well,2,tr00022,2467,2319.5920541904097,0.9696639090688238,1.9501588477130314,-0.573346933090547,6499,2467,0.06803479812625474,-8.830233124405527,True,0.02347490200008906,-8.901894878619707,-7.366782486108215,1.5351123925114925,True,648.7703604485824,,,,,,,0,,,,,,,,,,,,,,,,,,,,
ridge_multibranch,unseen_well,2,tr00022,2467,5413.313854187121,1.4813136642671316,2.637324142362197,-1.2634525586563037,6499,2467,0.06803479812625474,-8.830233124405527,True,0.024213474000134738,-8.901894878619707,-7.366782486108215,1.5351123925114925,True,648.7703604485824,,,,,,,0,,,,,,,,,,,,,,,,,,,,
ridge_affine_multibranch,unseen_well,2,tr00022,2467,3545.4696267154227,1.1988153906188077,2.272550721487616,-0.9289203770370155,6499,2467,0.06803479812625474,-8.830233124405527,True,0.03184234999935143,-8.901894878619707,-7.366782486108215,1.5351123925114925,True,648.7703604485824,,,,,,,0,,,,,,,,,,,,,,,,,,,,
ridge_gated_gbdt,unseen_well,2,tr00022,2467,3259.376516097485,1.149430432277269,2.2281600582021666,-0.8314770136796481,6499,2467,0.06803479812625474,-8.830233124405527,True,0.04443056900072406,-8.901894878619707,-7.366782486108215,1.5351123925114925,True,648.7703604485824,0.9236048990321307,1.0,,True,,,2467,1.0,,,,,,,,,,,,,,,,,,,
ridge_default,unseen_well,2,tr00028,3643,57112.40656154949,3.9594571257424644,7.470619889508242,3.2446129666506303,3193,3643,0.0,38.6478360788245,True,0.015555988999949477,33.86163596011407,45.94314555333885,12.08150959322478,True,698.3899567907439,,,,,,,0,,,,,,,,,,,,,,,,,,,,
ridge_affine_cal,unseen_well,2,tr00028,3643,68450.08012756525,4.334683521530995,7.952998258160214,3.6816929819493494,3193,3643,0.0,38.6478360788245,True,0.02393034600027022,33.86163596011407,45.94314555333885,12.08150959322478,True,698.3899567907439,,,,,,,0,,,,,,,,,,,,,,,,,,,,
ridge_multibranch,unseen_well,2,tr00028,3643,54878.096931909306,3.8812349689064187,7.367462753018252,3.1497658947067975,3193,3643,0.0,38.6478360788245,True,0.024305584999638086,33.86163596011407,45.94314555333885,12.08150959322478,True,698.3899567907439,,,,,,,0,,,,,,,,,,,,,,,,,,,,
ridge_affine_multibranch,unseen_well,2,tr00028,3643,63225.89298105102,4.165986903392092,7.748823054589735,3.4774710484480953,3193,3643,0.0,38.6478360788245,True,0.03163747100006731,33.86163596011407,45.94314555333885,12.08150959322478,True,698.3899567907439,,,,,,,0,,,,,,,,,,,,,,,,,,,,
ridge_gated_gbdt,unseen_well,2,tr00028,3643,192976.08656024752,7.278169437410871,19.681098325542074,-5.880951062488847,3193,3643,0.0,38.6478360788245,True,0.04361752300064836,33.86163596011407,45.94314555333885,12.08150959322478,True,698.3899567907439,0.9158627781136923,1.0,,True,,,0,0.0,,,,,,,,,,,,,,,,,,,
ridge_default,unseen_well,2,tr000b3,2505,9112.261120899975,1.907256980582331,22.901901551223176,0.5611488382490986,2381,2505,0.12054850593532541,48.0430233875357,True,0.01485279000007722,47.955081260239695,54.43906986755823,6.483988607318537,True,676.9581729944838,,,,,,,0,,,,,,,,,,,,,,,,,,,,
ridge_affine_cal,unseen_well,2,tr000b3,2505,7297.148626192372,1.706761079855505,21.07354406112549,0.263923200527483,2381,2505,0.12054850593532541,48.0430233875357,True,0.022873891000017466,47.955081260239695,54.43906986755823,6.483988607318537,True,676.9581729944838,,,,,,,0,,,,,,,,,,,,,,,,,,,,
ridge_multibranch,unseen_well,2,tr000b3,2505,8621.608939980473,1.8551981176899754,22.446817865921403,0.4855492370141936,2381,2505,0.12054850593532541,48.0430233875357,True,0.024038497999754327,47.955081260239695,54.43906986755823,6.483988607318537,True,676.9581729944838,,,,,,,0,,,,,,,,,,,,,,,,,,,,
ridge_affine_multibranch,unseen_well,2,tr000b3,2505,7830.380439749676,1.7680215991750698,21.781932507034043,0.3321843597793101,2381,2505,0.12054850593532541,48.0430233875357,True,0.03130098600013298,47.955081260239695,54.43906986755823,6.483988607318537,True,676.9581729944838,,,,,,,0,,,,,,,,,,,,,,,,,,,,
ridge_gated_gbdt,unseen_well,2,tr000b3,2505,185397.12591726705,8.602954649972755,10.121823087761307,-8.49153561474376,2381,2505,0.12054850593532541,48.0430233875357,True,0.041425045000323735,47.955081260239695,54.43906986755823,6.483988607318537,True,676.9581729944838,0.899238109605133,1.0,,True,,,0,0.0,,,,,,,,,,,,,,,,,,,
ridge_default,unseen_well,2,tr000cb,1837,7488.577450985271,2.019040752067998,3.059892785523097,-1.639008842394299,4534,1837,0.13467273583424894,20.16231789080254,True,0.014943386000595638,20.147992514404727,30.11490074330259,9.966908228897864,True,693.930945002689,,,,,,,0,,,,,,,,,,,,,,,,,,,,
ridge_affine_cal,unseen_well,2,tr000cb,1837,8195.523824355289,2.112193882289892,3.1690935054249536,-1.7561543109296236,4534,1837,0.13467273583424894,20.16231789080254,True,0.02330143700055487,20.147992514404727,30.11490074330259,9.966908228897864,True,693.930945002689,,,,,,,0,,,,,,,,,,,,,,,,,,,,
ridge_multibranch,unseen_well,2,tr000cb,1837,7284.064058841275,1.991279854605661,3.023274515561255,-1.6114957329232895,4534,1837,0.13467273583424894,20.16231789080254,True,0.023851237000599212,20.147992514404727,30.11490074330259,9.966908228897864,True,693.930945002689,,,,,,,0,,,,,,,,,,,,,,,,,,,,
ridge_affine_multibranch,unseen_well,2,tr000cb,1837,7678.095412298683,2.044429665641862,3.0934308465182845,-1.690239907497409,4534,1837,0.13467273583424894,20.16231789080254,True,0.031275069000002986,20.147992514404727,30.11490074330259,9.966908228897864,True,693.930945002689,,,,,,,0,,,,,,,,,,,,,,,,,,,,
ridge_gated_gbdt,unseen_well,2,tr000cb,1837,7488.577450985271,2.019040752067998,3.059892785523097,-1.639008842394299,4534,1837,0.13467273583424894,20.16231789080254,True,0.04381621999982599,20.147992514404727,30.11490074330259,9.966908228897864,True,693.930945002689,0.848139817281643,1.0,,True,,,1837,1.0,,,,,,,,,,,,,,,,,,,
ridge_default,unseen_well,2,tr00003,2817,5071.881987231149,1.341810377638705,2.361902424305562,-1.2184413455276786,4992,2817,0.06146753745678064,-1.2984790307663323,True,0.015710216999650584,-9.670321511449549,-1.2359597506771824,8.434361760772367,True,668.3529068714009,,,,,,,0,,,,,,,,,,,,,,,,,,,,
ridge_affine_cal,unseen_well,2,tr00003,2817,1832.4721885770978,0.8065388144874337,1.7271692333631332,-0.5904018371081586,4992,2817,0.06146753745678064,-1.2984790307663323,True,0.023773144999722717,-9.670321511449549,-1.2359597506771824,8.434361760772367,True,668.3529068714009,,,,,,,0,,,,,,,,,,,,,,,,,,,,
ridge_multibranch,unseen_well,2,tr00003,2817,7152.368994660564,1.5934246540172583,2.6522623579307716,-1.488391265916574,4992,2817,0.06146753745678064,-1.2984790307663323,True,0.02455984999960492,-9.670321511449549,-1.2359597506771824,8.434361760772367,True,668.3529068714009,,,,,,,0,,,,,,,,,,,,,,,,,,,,
ridge_affine_multibranch,unseen_well,2,tr00003,2817,3977.0759735159513,1.1881971878264408,2.2093232965748104,-1.0500801676308387,4992,2817,0.06146753745678064,-1.2984790307663323,True,0.03241823000007571,-9.670321511449549,-1.2359597506771824,8.434361760772367,True,668.3529068714009,,,,,,,0,,,,,,,,,,,,,,,,,,,,
ridge_gated_gbdt,unseen_well,2,tr00003,2817,5388.616718385765,1.3830733833775826,3.0194555016588964,0.33187829983741396,4992,2817,0.06146753745678064,-1.2984790307663323,True,0.04385686299974623,-9.670321511449549,-1.2359597506771824,8.434361760772367,True,668.3529068714009,0.9635850212601368,1.0,,True,,,0,0.0,,,,,,,,,,,,,,,,,,,
ridge_default,unseen_well,2,tr00042,2629,1841.857829198551,0.8370140714469103,1.1166929175689297,-0.8343325132419149,4210,2629,0.0,22.45016656751664,True,0.01495529399926454,19.5747612442453,22.478445222804677,2.9036839785593784,True,671.5560426311561,,,,,,,0,,,,,,,,,,,,,,,,,,,,
ridge_affine_cal,unseen_well,2,tr00042,2629,1377.7572634444532,0.7239208107398972,1.0042772286132973,-0.7207929270145434,4210,2629,0.0,22.45016656751664,True,0.02348633899964625,19.5747612442453,22.478445222804677,2.9036839785593784,True,671.5560426311561,,,,,,,0,,,,,,,,,,,,,,,,,,,,
ridge_multibranch,unseen_well,2,tr00042,2629,2255.8236871802883,0.9263119852104771,1.181326884257146,-0.924744518897572,4210,2629,0.0,22.45016656751664,True,0.02408237000054214,19.5747612442453,22.478445222804677,2.9036839785593784,True,671.5560426311561,,,,,,,0,,,,,,,,,,,,,,,,,,,,
ridge_affine_multibranch,unseen_well,2,tr00042,2629,1399.6682930703014,0.7296545067029212,0.9945769325711034,-0.7275816034591811,4210,2629,0.0,22.45016656751664,True,0.031515209999270155,19.5747612442453,22.478445222804677,2.9036839785593784,True,671.5560426311561,,,,,,,0,,,,,,,,,,,,,,,,,,,,
ridge_gated_gbdt,unseen_well,2,tr00042,2629,1841.857829198551,0.8370140714469103,1.1166929175689297,-0.8343325132419149,4210,2629,0.0,22.45016656751664,True,0.04438661299991509,19.5747612442453,22.478445222804677,2.9036839785593784,True,671.5560426311561,0.9217402300898994,1.0,,True,,,2629,1.0,,,,,,,,,,,,,,,,,,,
ridge_default,unseen_well,2,tr0009c,1815,29649.182805448654,4.041736991608695,10.261314021149389,3.410593830747424,2366,1815,0.0,-6.875454679549043,True,0.015330091999203432,-23.88394759222202,-6.860698762994518,17.023248829227505,True,685.5508236884067,,,,,,,0,,,,,,,,,,,,,,,,,,,,
ridge_affine_cal,unseen_well,2,tr0009c,1815,36139.29153119882,4.46222538528594,10.786716977864923,3.8995808197559145,2366,1815,0.0,-6.875454679549043,True,0.02355382399946393,-23.88394759222202,-6.860698762994518,17.023248829227505,True,685.5508236884067,,,,,,,0,,,,,,,,,,,,,,,,,,,,
ridge_multibranch,unseen_well,2,tr0009c,1815,30701.387502805497,4.112829319983973,10.275512241783645,3.5005536990570834,2366,1815,0.0,-6.875454679549043,True,0.025210194999999658,-23.88394759222202,-6.860698762994518,17.023248829227505,True,685.5508236884067,,,,,,,0,,,,,,,,,,,,,,,,,,,,
ridge_affine_multibranch,unseen_well,2,tr0009c,1815,37981.65273885009,4.574552484629305,10.8125463171329,4.034872272525717,2366,1815,0.0,-6.875454679549043,True,0.03205900700049824,-23.88394759222202,-6.860698762994518,17.023248829227505,True,685.5508236884067,,,,,,,0,,,,,,,,,,,,,,,,,,,,
ridge_gated_gbdt,unseen_well,2,tr0009c,1815,29649.182805448654,4.041736991608695,10.261314021149389,3.410593830747424,2366,1815,0.0,-6.875454679549043,True,0.04327051600012055,-23.88394759222202,-6.860698762994518,17.023248829227505,True,685.5508236884067,0.8135645733354508,1.0,,True,,,1815,1.0,,,,,,,,,,,,,,,,,,,
ridge_default,unseen_well,2,tr00018,1170,371.94398830647117,0.5638269634439148,0.7880192470854119,0.5400142660644143,3168,1170,0.10396496081143385,28.42198955430906,True,0.015238369000144303,28.357148249829503,30.19830358502331,1.8411553351938075,True,656.1332067016363,,,,,,,0,,,,,,,,,,,,,,,,,,,,
ridge_affine_cal,unseen_well,2,tr00018,1170,227.85788037924658,0.4413052516234847,0.8456373258765417,0.41275026652027536,3168,1170,0.10396496081143385,28.42198955430906,True,0.022906401999534864,28.357148249829503,30.19830358502331,1.8411553351938075,True,656.1332067016363,,,,,,,0,,,,,,,,,,,,,,,,,,,,
ridge_multibranch,unseen_well,2,tr00018,1170,196.66560275455848,0.4099881202725024,0.9967448444396929,0.37186604993186495,3168,1170,0.10396496081143385,28.42198955430906,True,0.02410624200001621,28.357148249829503,30.19830358502331,1.8411553351938075,True,656.1332067016363,,,,,,,0,,,,,,,,,,,,,,,,,,,,
ridge_affine_multibranch,unseen_well,2,tr00018,1170,151.18417205586974,0.35946799728681406,1.0227863780633477,0.3160854640281046,3168,1170,0.10396496081143385,28.42198955430906,True,0.030858841999361175,28.357148249829503,30.19830358502331,1.8411553351938075,True,656.1332067016363,,,,,,,0,,,,,,,,,,,,,,,,,,,,
ridge_gated_gbdt,unseen_well,2,tr00018,1170,15.800038878552252,0.11620803213980238,0.2506219228783273,0.09704209141750404,3168,1170,0.10396496081143385,28.42198955430906,True,0.04142432899971027,28.357148249829503,30.19830358502331,1.8411553351938075,True,656.1332067016363,0.8713675002683989,1.0,,True,,,0,0.0,,,,,,,,,,,,,,,,,,,
ridge_default,unseen_well,2,tr000af,3573,168703.24955441343,6.871399768310264,11.51097365169764,-5.955520594354309,3930,3573,0.15820338531254166,46.5103064249648,True,0.015862872000070638,46.508222608333895,59.2996463151338,12.791423706799904,True,652.4377727709442,,,,,,,0,,,,,,,,,,,,,,,,,,,,
ridge_affine_cal,unseen_well,2,tr000af,3573,179345.232898928,7.084813307115248,11.779260900272575,-6.2042768347381685,3930,3573,0.15820338531254166,46.5103064249648,True,0.02374344799954997,46.508222608333895,59.2996463151338,12.791423706799904,True,652.4377727709442,,,,,,,0,,,,,,,,,,,,,,,,,,,,
ridge_multibranch,unseen_well,2,tr000af,3573,165660.47727578104,6.809150699066071,11.462267725214453,-5.873172443701519,3930,3573,0.15820338531254166,46.5103064249648,True,0.02468064700042305,46.508222608333895,59.2996463151338,12.791423706799904,True,652.4377727709442,,,,,,,0,,,,,,,,,,,,,,,,,,,,
ridge_affine_multibranch,unseen_well,2,tr000af,3573,183189.26231773378,7.1603375938431855,11.897366260658586,-6.280239903531225,3930,3573,0.15820338531254166,46.5103064249648,True,0.03194155600067461,46.508222608333895,59.2996463151338,12.791423706799904,True,652.4377727709442,,,,,,,0,,,,,,,,,,,,,,,,,,,,
ridge_gated_gbdt,unseen_well,2,tr000af,3573,300.03702626627444,0.2897816748004862,0.7583073397560653,0.012124122020408157,3930,3573,0.15820338531254166,46.5103064249648,True,0.04350875799991627,46.508222608333895,59.2996463151338,12.791423706799904,True,652.4377727709442,0.9823371485253943,1.0,,True,,,0,0.0,,,,,,,,,,,,,,,,,,,
ridge_default,unseen_well,2,tr00056,2970,1494.6509582240938,0.7094007900217854,1.6226113831063103,0.36783388340124296,2982,2970,0.0,23.85647878715253,True,0.015039693999824522,20.540122546833604,23.85072426543035,3.3106017185967467,True,668.2395082890408,,,,,,,0,,,,,,,,,,,,,,,,,,,,
ridge_affine_cal,unseen_well,2,tr00056,2970,1723.7720152302013,0.761836345892362,1.7367532379978705,0.44606996059473564,2982,2970,0.0,23.85647878715253,True,0.02354219000062585,20.540122546833604,23.85072426543035,3.3106017185967467,True,668.2395082890408,,,,,,,0,,,,,,,,,,,,,,,,,,,,
ridge_multibranch,unseen_well,2,tr00056,2970,6738.970836891587,1.506324583147718,2.6280027606752476,1.3810707375207218,2982,2970,0.0,23.85647878715253,True,0.024267714000416163,20.540122546833604,23.85072426543035,3.3106017185967467,True,668.2395082890408,,,,,,,0,,,,,,,,,,,,,,,,,,,,
ridge_affine_multibranch,unseen_well,2,tr00056,2970,9803.73227682569,1.8168434050647206,3.009160050355206,1.7080057515771507,2982,2970,0.0,23.85647878715253,True,0.03120010599923262,20.540122546833604,23.85072426543035,3.3106017185967467,True,668.2395082890408,,,,,,,0,,,,,,,,,,,,,,,,,,,,
ridge_gated_gbdt,unseen_well,2,tr00056,2970,1494.6509582240938,0.7094007900217854,1.6226113831063103,0.36783388340124296,2982,2970,0.0,23.85647878715253,True,0.043408981000538915,20.540122546833604,23.85072426543035,3.3106017185967467,True,668.2395082890408,0.784799731807221,0.0,,True,,,2970,1.0,,,,,,,,,,,,,,,,,,,
ridge_default,unseen_well,2,tr00065,1950,1223.9516418787507,0.7922546993585898,0.9717755061144473,-0.7839478449608505,3639,1950,0.639112542494185,45.93354631905282,True,0.014622505000261299,45.940909802966814,47.68894900685491,1.7480392038880979,True,693.0444673020385,,,,,,,0,,,,,,,,,,,,,,,,,,,,
ridge_affine_cal,unseen_well,2,tr00065,1950,722.8244087556651,0.6088342828531128,0.8018130709481923,-0.5936449022999953,3639,1950,0.639112542494185,45.93354631905282,True,0.02137934599977598,45.940909802966814,47.68894900685491,1.7480392038880979,True,693.0444673020385,,,,,,,0,,,,,,,,,,,,,,,,,,,,
ridge_multibranch,unseen_well,2,tr00065,1950,1307.0821074140486,0.818717604930167,1.0130686721333717,-0.8097619014373686,3639,1950,0.639112542494185,45.93354631905282,True,0.021431010000014794,45.940909802966814,47.68894900685491,1.7480392038880979,True,693.0444673020385,,,,,,,0,,,,,,,,,,,,,,,,,,,,
ridge_affine_multibranch,unseen_well,2,tr00065,1950,208.16669983628861,0.32672948101173743,0.5160445561651201,-0.2987196466079813,3639,1950,0.639112542494185,45.93354631905282,True,0.027040627999667777,45.940909802966814,47.68894900685491,1.7480392038880979,True,693.0444673020385,,,,,,,0,,,,,,,,,,,,,,,,,,,,
ridge_gated_gbdt,unseen_well,2,tr00065,1950,1223.9516418787507,0.7922546993585898,0.9717755061144473,-0.7839478449608505,3639,1950,0.639112542494185,45.93354631905282,True,0.039165037000202574,45.940909802966814,47.68894900685491,1.7480392038880979,True,693.0444673020385,0.0,0.0,,False,affine_calibration_unusable,,1950,1.0,,,,,,,,,,,,,,,,,,,
ridge_default,unseen_well,2,tr000a8,4096,38304.06109707941,3.0580348945489737,4.961665847495212,2.606858018182836,3564,4096,0.15339425587467362,38.04160780970638,True,0.015739683999527188,32.23681572201001,38.040427681090165,5.803611959080158,True,635.3529906960887,,,,,,,0,,,,,,,,,,,,,,,,,,,,
ridge_affine_cal,unseen_well,2,tr000a8,4096,52575.134180780406,3.5826981617706215,5.59979219070231,3.197009792448628,3564,4096,0.15339425587467362,38.04160780970638,True,0.024508840000635246,32.23681572201001,38.040427681090165,5.803611959080158,True,635.3529906960887,,,,,,,0,,,,,,,,,,,,,,,,,,,,
ridge_multibranch,unseen_well,2,tr000a8,4096,43493.9699469341,3.258626245302721,5.1798195193194445,2.844221218103493,3564,4096,0.15339425587467362,38.04160780970638,True,0.0250642990004053,32.23681572201001,38.040427681090165,5.803611959080158,True,635.3529906960887,,,,,,,0,,,,,,,,,,,,,,,,,,,,
ridge_affine_multibranch,unseen_well,2,tr000a8,4096,58123.37717373925,3.7669984908820227,5.807342610987156,3.403670051110001,3564,4096,0.15339425587467362,38.04160780970638,True,0.03248964700014767,32.23681572201001,38.040427681090165,5.803611959080158,True,635.3529906960887,,,,,,,0,,,,,,,,,,,,,,,,,,,,
ridge_gated_gbdt,unseen_well,2,tr000a8,4096,34011.38370561697,2.881589921380928,5.892451168531604,-2.2384235000461303,3564,4096,0.15339425587467362,38.04160780970638,True,0.04376968900032807,32.23681572201001,38.040427681090165,5.803611959080158,True,635.3529906960887,0.9148106947733629,1.0,,True,,,0,0.0,,,,,,,,,,,,,,,,,,,
ridge_default,unseen_well,2,tr00020,3495,2520.9214613210165,0.8492901119325057,1.9868589441227247,0.6880096395655657,3784,3495,0.6487154828960022,-4.626904010247895,True,0.01546520500050974,-9.88723296966323,-3.474891347266743,6.412341622396488,True,658.5532886829399,,,,,,,0,,,,,,,,,,,,,,,,,,,,
ridge_affine_cal,unseen_well,2,tr00020,3495,5879.141230520239,1.296980231055308,2.4756139119485425,1.1995882847400012,3784,3495,0.6487154828960022,-4.626904010247895,True,0.023396142999445146,-9.88723296966323,-3.474891347266743,6.412341622396488,True,658.5532886829399,,,,,,,0,,,,,,,,,,,,,,,,,,,,
ridge_multibranch,unseen_well,2,tr00020,3495,1733.9706063576955,0.7043642018570433,1.7665586184851492,0.5169747414919802,3784,3495,0.6487154828960022,-4.626904010247895,True,0.023350196000137657,-9.88723296966323,-3.474891347266743,6.412341622396488,True,658.5532886829399,,,,,,,0,,,,,,,,,,,,,,,,,,,,
ridge_affine_multibranch,unseen_well,2,tr00020,3495,3861.154589539121,1.0510781425140125,2.1515369347329045,0.9420458339783581,3784,3495,0.6487154828960022,-4.626904010247895,True,0.03099474500049837,-9.88723296966323,-3.474891347266743,6.412341622396488,True,658.5532886829399,,,,,,,0,,,,,,,,,,,,,,,,,,,,
ridge_gated_gbdt,unseen_well,2,tr00020,3495,2520.9214613210165,0.8492901119325057,1.9868589441227247,0.6880096395655657,3784,3495,0.6487154828960022,-4.626904010247895,True,0.0427475010001217,-9.88723296966323,-3.474891347266743,6.412341622396488,True,658.5532886829399,0.0,0.0,,False,insufficient_hidden_gr_rows,,3495,1.0,,,,,,,,,,,,,,,,,,,
ridge_default,unseen_well,2,tr00049,3850,18883.076044550282,2.214654617882113,2.6220118534985186,1.9962308686028587,3783,3850,0.03380060264640377,15.139849350270728,True,0.015607378999447974,-5.954903342280295,15.17352452044944,21.128427862729737,True,684.8321235669893,,,,,,,0,,,,,,,,,,,,,,,,,,,,
ridge_affine_cal,unseen_well,2,tr00049,3850,22232.585689023203,2.403060045351441,2.9476687518847466,2.1764409107162135,3783,3850,0.03380060264640377,15.139849350270728,True,0.023438604999682866,-5.954903342280295,15.17352452044944,21.128427862729737,True,684.8321235669893,,,,,,,0,,,,,,,,,,,,,,,,,,,,
ridge_multibranch,unseen_well,2,tr00049,3850,19172.485170746982,2.23156139913651,2.6803970150568244,2.0073201415781496,3783,3850,0.03380060264640377,15.139849350270728,True,0.025421415999517194,-5.954903342280295,15.17352452044944,21.128427862729737,True,684.8321235669893,,,,,,,0,,,,,,,,,,,,,,,,,,,,
ridge_affine_multibranch,unseen_well,2,tr00049,3850,21914.813917656895,2.3858246916174837,3.009880702727733,2.146953218016225,3783,3850,0.03380060264640377,15.139849350270728,True,0.03286276100061514,-5.954903342280295,15.17352452044944,21.128427862729737,True,684.8321235669893,,,,,,,0,,,,,,,,,,,,,,,,,,,,
ridge_gated_gbdt,unseen_well,2,tr00049,3850,18883.076044550282,2.214654617882113,2.6220118534985186,1.9962308686028587,3783,3850,0.03380060264640377,15.139849350270728,True,0.04477647799922124,-5.954903342280295,15.17352452044944,21.128427862729737,True,684.8321235669893,0.8128297102689719,1.0,,True,,,3850,1.0,,,,,,,,,,,,,,,,,,,
ridge_default,unseen_well,2,tr0001f,3631,3741.3711583249346,1.0150846782277412,4.129046874805001,-0.7127575249850514,4291,3631,0.0,-15.66919290422473,True,0.015654753000490018,-19.061246004817647,-11.52196244610166,7.5392835587159865,True,663.4379201942842,,,,,,,0,,,,,,,,,,,,,,,,,,,,
ridge_affine_cal,unseen_well,2,tr0001f,3631,3821.407133910627,1.0258846474177241,4.129015148759526,-0.7451409035038912,4291,3631,0.0,-15.66919290422473,True,0.023511297999903036,-19.061246004817647,-11.52196244610166,7.5392835587159865,True,663.4379201942842,,,,,,,0,,,,,,,,,,,,,,,,,,,,
ridge_multibranch,unseen_well,2,tr0001f,3631,6448.4680468073475,1.3326470787574964,4.529655633854782,-1.1124402782716467,4291,3631,0.0,-15.66919290422473,True,0.02463804400031222,-19.061246004817647,-11.52196244610166,7.5392835587159865,True,663.4379201942842,,,,,,,0,,,,,,,,,,,,,,,,,,,,
ridge_affine_multibranch,unseen_well,2,tr0001f,3631,6404.91236999714,1.3281388225742654,4.47627346384788,-1.1248124875377532,4291,3631,0.0,-15.66919290422473,True,0.032126613999935216,-19.061246004817647,-11.52196244610166,7.5392835587159865,True,663.4379201942842,,,,,,,0,,,,,,,,,,,,,,,,,,,,
ridge_gated_gbdt,unseen_well,2,tr0001f,3631,3741.3711583249346,1.0150846782277412,4.129046874805001,-0.7127575249850514,4291,3631,0.0,-15.66919290422473,True,0.04411403199992492,-19.061246004817647,-11.52196244610166,7.5392835587159865,True,663.4379201942842,0.7559590009456785,1.0,,True,,,3631,1.0,,,,,,,,,,,,,,,,,,,
ridge_default,unseen_well,2,tr0004c,1939,24811.609557965974,3.5771616378309856,5.8761396086985895,3.2567334394958674,2642,1939,0.5457323728443572,-5.27947306011493,True,0.014792366999245132,-5.700802675836797,-2.402168269336837,3.2986344064999598,True,677.1539144422585,,,,,,,0,,,,,,,,,,,,,,,,,,,,
ridge_affine_cal,unseen_well,2,tr0004c,1939,34440.149150745885,4.214476215790473,6.548312669488374,3.9526837336818237,2642,1939,0.5457323728443572,-5.27947306011493,True,0.02194831199994951,-5.700802675836797,-2.402168269336837,3.2986344064999598,True,677.1539144422585,,,,,,,0,,,,,,,,,,,,,,,,,,,,
ridge_multibranch,unseen_well,2,tr0004c,1939,21939.621687416726,3.3637651188572923,5.637603230902205,3.0226664452015393,2642,1939,0.5457323728443572,-5.27947306011493,True,0.021267622999403102,-5.700802675836797,-2.402168269336837,3.2986344064999598,True,677.1539144422585,,,,,,,0,,,,,,,,,,,,,,,,,,,,
ridge_affine_multibranch,unseen_well,2,tr0004c,1939,33282.52519109892,4.143040990547255,6.586588543839844,3.835332846039644,2642,1939,0.5457323728443572,-5.27947306011493,True,0.028525138000077277,-5.700802675836797,-2.402168269336837,3.2986344064999598,True,677.1539144422585,,,,,,,0,,,,,,,,,,,,,,,,,,,,
ridge_gated_gbdt,unseen_well,2,tr0004c,1939,24811.609557965974,3.5771616378309856,5.8761396086985895,3.2567334394958674,2642,1939,0.5457323728443572,-5.27947306011493,True,0.039007331999528105,-5.700802675836797,-2.402168269336837,3.2986344064999598,True,677.1539144422585,0.0,0.0,,False,affine_calibration_unusable,,1939,1.0,,,,,,,,,,,,,,,,,,,
ridge_default,unseen_well,2,tr00071,1879,903.686753906467,0.6934985673063953,3.9745400704607228,-0.3193301244332992,1895,1879,0.1494435612082671,23.258077459065948,True,0.01452119700024923,14.585343510042335,23.27132768885789,8.685984178815556,True,719.0307079462174,,,,,,,0,,,,,,,,,,,,,,,,,,,,
ridge_affine_cal,unseen_well,2,tr00071,1879,717.9023647520187,0.6181150270536342,3.6210682523246547,-0.2327697267777534,1895,1879,0.1494435612082671,23.258077459065948,True,0.022651483999652555,14.585343510042335,23.27132768885789,8.685984178815556,True,719.0307079462174,,,,,,,0,,,,,,,,,,,,,,,,,,,,
ridge_multibranch,unseen_well,2,tr00071,1879,863.7488846381445,0.6780010395271264,3.9215392835791967,-0.26694589807780983,1895,1879,0.1494435612082671,23.258077459065948,True,0.023544110999864643,14.585343510042335,23.27132768885789,8.685984178815556,True,719.0307079462174,,,,,,,0,,,,,,,,,,,,,,,,,,,,
ridge_affine_multibranch,unseen_well,2,tr00071,1879,814.418580736143,0.6583554675298695,3.8021383098421033,-0.291452818378375,1895,1879,0.1494435612082671,23.258077459065948,True,0.030325004000587796,14.585343510042335,23.27132768885789,8.685984178815556,True,719.0307079462174,,,,,,,0,,,,,,,,,,,,,,,,,,,,
ridge_gated_gbdt,unseen_well,2,tr00071,1879,903.686753906467,0.6934985673063953,3.9745400704607228,-0.3193301244332992,1895,1879,0.1494435612082671,23.258077459065948,True,0.04028374400058965,14.585343510042335,23.27132768885789,8.685984178815556,True,719.0307079462174,0.9105285399167573,1.0,,True,,,1879,1.0,,,,,,,,,,,,,,,,,,,
ridge_default,unseen_well,2,tr0003b,2358,6603.22761237078,1.6734249253101214,3.0500663690012075,1.4224260355327591,2613,2358,0.5429491048078857,30.895936559215837,True,0.014616327999647183,26.058716834144462,33.919077382470114,7.860360548325652,True,685.7192914186917,,,,,,,0,,,,,,,,,,,,,,,,,,,,
ridge_affine_cal,unseen_well,2,tr0003b,2358,6842.040765564246,1.7034168084748096,3.0642848472030906,1.4589494261104,2613,2358,0.5429491048078857,30.895936559215837,True,0.022736425999937637,26.058716834144462,33.919077382470114,7.860360548325652,True,685.7192914186917,,,,,,,0,,,,,,,,,,,,,,,,,,,,
ridge_multibranch,unseen_well,2,tr0003b,2358,6914.296824716081,1.7123877382786263,3.0983092548488784,1.4654694834214297,2613,2358,0.5429491048078857,30.895936559215837,True,0.023928960999910487,26.058716834144462,33.919077382470114,7.860360548325652,True,685.7192914186917,,,,,,,0,,,,,,,,,,,,,,,,,,,,
ridge_affine_multibranch,unseen_well,2,tr0003b,2358,5719.968171578983,1.5574887046560038,2.8903645328378715,1.2819175858958964,2613,2358,0.5429491048078857,30.895936559215837,True,0.0302649229997769,26.058716834144462,33.919077382470114,7.860360548325652,True,685.7192914186917,,,,,,,0,,,,,,,,,,,,,,,,,,,,
ridge_gated_gbdt,unseen_well,2,tr0003b,2358,6603.22761237078,1.6734249253101214,3.0500663690012075,1.4224260355327591,2613,2358,0.5429491048078857,30.895936559215837,True,0.04132636600024853,26.058716834144462,33.919077382470114,7.860360548325652,True,685.7192914186917,0.0,0.0,,False,insufficient_hidden_gr_rows,,2358,1.0,,,,,,,,,,,,,,,,,,,
ridge_default,unseen_well,2,tr00021,3251,6077.776597189158,1.3673002132013108,2.0750953143322706,-1.247841655280101,5184,3251,0.034854771784232366,8.066507127028071,True,0.01552549000007275,7.803882250651217,8.277369751958588,0.47348750130737116,True,672.8447659715703,,,,,,,0,,,,,,,,,,,,,,,,,,,,
ridge_affine_cal,unseen_well,2,tr00021,3251,7921.01509333974,1.5609246379693642,2.2758163896515757,-1.4648924651210904,5184,3251,0.034854771784232366,8.066507127028071,True,0.023902384999928472,7.803882250651217,8.277369751958588,0.47348750130737116,True,672.8447659715703,,,,,,,0,,,,,,,,,,,,,,,,,,,,
ridge_multibranch,unseen_well,2,tr00021,3251,7233.438595830942,1.4916396354893167,2.183954393570133,-1.3918411248881828,5184,3251,0.034854771784232366,8.066507127028071,True,0.02497333199971763,7.803882250651217,8.277369751958588,0.47348750130737116,True,672.8447659715703,,,,,,,0,,,,,,,,,,,,,,,,,,,,
ridge_affine_multibranch,unseen_well,2,tr00021,3251,9006.353507475615,1.6644318202817854,2.358205663125476,-1.5844828143125673,5184,3251,0.034854771784232366,8.066507127028071,True,0.03276216399990517,7.803882250651217,8.277369751958588,0.47348750130737116,True,672.8447659715703,,,,,,,0,,,,,,,,,,,,,,,,,,,,
ridge_gated_gbdt,unseen_well,2,tr00021,3251,6077.776597189158,1.3673002132013108,2.0750953143322706,-1.247841655280101,5184,3251,0.034854771784232366,8.066507127028071,True,0.04435256299984758,7.803882250651217,8.277369751958588,0.47348750130737116,True,672.8447659715703,0.9739800944595545,1.0,,True,,,3251,1.0,,,,,,,,,,,,,,,,,,,
ridge_default,unseen_well,3,tr000ed,3197,2858.890510305693,0.9456435036546716,1.3999781740591395,-0.8692303532063318,4112,3197,0.09139417156929812,9.18850196567312,True,0.015640428000551765,6.952453812255458,9.843342848461202,2.890889036205744,True,665.3794454827386,,,,,,,0,,,,,,,,,,,,,,,,,,,,
ridge_affine_cal,unseen_well,3,tr000ed,3197,2722.9595712443925,0.9228885938512524,1.3754214691649178,-0.843387210688897,4112,3197,0.09139417156929812,9.18850196567312,True,0.02367515799960529,6.952453812255458,9.843342848461202,2.890889036205744,True,665.3794454827386,,,,,,,0,,,,,,,,,,,,,,,,,,,,
ridge_multibranch,unseen_well,3,tr000ed,3197,3899.456189451207,1.1044109516079859,1.5588832831156463,-1.042223981754935,4112,3197,0.09139417156929812,9.18850196567312,True,0.024573730000156502,6.952453812255458,9.843342848461202,2.890889036205744,True,665.3794454827386,,,,,,,0,,,,,,,,,,,,,,,,,,,,
ridge_affine_multibranch,unseen_well,3,tr000ed,3197,4914.85244538277,1.2398921882691003,1.7204800782037282,-1.18307101368525,4112,3197,0.09139417156929812,9.18850196567312,True,0.032027435000600235,6.952453812255458,9.843342848461202,2.890889036205744,True,665.3794454827386,,,,,,,0,,,,,,,,,,,,,,,,,,,,
ridge_gated_gbdt,unseen_well,3,tr000ed,3197,4894.7291826385135,1.2373512912280895,3.041395915629044,0.9275038110865654,4112,3197,0.09139417156929812,9.18850196567312,True,0.044255687999793736,6.952453812255458,9.843342848461202,2.890889036205744,True,665.3794454827386,0.8416283673778053,1.0,,True,,,0,0.0,,,,,,,,,,,,,,,,,,,
ridge_default,unseen_well,3,tr00029,3675,5062.72879671125,1.1737177164960348,2.505740618448682,-0.5709253405762875,3299,3675,0.038141669056495554,-6.887267618606794,True,0.015217837999443873,-13.783674557545856,-0.1660484983181636,13.617626059227693,True,687.6310698048053,,,,,,,0,,,,,,,,,,,,,,,,,,,,
ridge_affine_cal,unseen_well,3,tr00029,3675,6096.197418927343,1.287955445518242,2.7222206639266773,-0.7443438759501456,3299,3675,0.038141669056495554,-6.887267618606794,True,0.023046588999932283,-13.783674557545856,-0.1660484983181636,13.617626059227693,True,687.6310698048053,,,,,,,0,,,,,,,,,,,,,,,,,,,,
ridge_multibranch,unseen_well,3,tr00029,3675,4854.903791182933,1.1493747239713423,2.4410379259928394,-0.5003511234219397,3299,3675,0.038141669056495554,-6.887267618606794,True,0.024811238999973284,-13.783674557545856,-0.1660484983181636,13.617626059227693,True,687.6310698048053,,,,,,,0,,,,,,,,,,,,,,,,,,,,
ridge_affine_multibranch,unseen_well,3,tr00029,3675,5957.991450317455,1.2732722267259615,2.7038449256936303,-0.7020492733833883,3299,3675,0.038141669056495554,-6.887267618606794,True,0.031920084999910614,-13.783674557545856,-0.1660484983181636,13.617626059227693,True,687.6310698048053,,,,,,,0,,,,,,,,,,,,,,,,,,,,
ridge_gated_gbdt,unseen_well,3,tr00029,3675,5062.72879671125,1.1737177164960348,2.505740618448682,-0.5709253405762875,3299,3675,0.038141669056495554,-6.887267618606794,True,0.04480846099977498,-13.783674557545856,-0.1660484983181636,13.617626059227693,True,687.6310698048053,0.6786402987068935,1.0,,True,,,3675,1.0,,,,,,,,,,,,,,,,,,,
ridge_default,unseen_well,3,tr0008a,1611,1935.8967533653095,1.0962089045259937,2.3690568725822096,0.9229926988939073,3285,1611,0.24816176470588236,24.10615556442764,True,0.014334239999698184,18.90870729597271,24.13684706035896,5.228139764386249,True,647.6843495112017,,,,,,,0,,,,,,,,,,,,,,,,,,,,
ridge_affine_cal,unseen_well,3,tr0008a,1611,1962.0773214834421,1.1035964348107636,2.385592492892922,0.9265619163181088,3285,1611,0.24816176470588236,24.10615556442764,True,0.022499478999634448,18.90870729597271,24.13684706035896,5.228139764386249,True,647.6843495112017,,,,,,,0,,,,,,,,,,,,,,,,,,,,
ridge_multibranch,unseen_well,3,tr0008a,1611,2230.8236654909974,1.1767517458311127,2.4556151715097485,1.025709720653961,3285,1611,0.24816176470588236,24.10615556442764,True,0.023712091000561486,18.90870729597271,24.13684706035896,5.228139764386249,True,647.6843495112017,,,,,,,0,,,,,,,,,,,,,,,,,,,,
ridge_affine_multibranch,unseen_well,3,tr0008a,1611,2126.335331188362,1.1488626419522359,2.4157738428433504,0.9831321149150439,3285,1611,0.24816176470588236,24.10615556442764,True,0.030592068000260042,18.90870729597271,24.13684706035896,5.228139764386249,True,647.6843495112017,,,,,,,0,,,,,,,,,,,,,,,,,,,,
ridge_gated_gbdt,unseen_well,3,tr0008a,1611,945.0327472085517,0.7659063297991558,1.1945270370500367,0.6996590578464078,3285,1611,0.24816176470588236,24.10615556442764,True,0.04184281400011969,18.90870729597271,24.13684706035896,5.228139764386249,True,647.6843495112017,0.8715496615867153,1.0,,True,,,0,0.0,,,,,,,,,,,,,,,,,,,
ridge_default,unseen_well,3,tr000cd,2885,19065.071445173595,2.5706698845189795,4.90532189812622,2.0489786417424622,5229,2885,0.0,6.576926173361023,True,0.016320568000082858,-0.8767695439515437,6.596485739173224,7.473255283124768,True,641.2352434524034,,,,,,,0,,,,,,,,,,,,,,,,,,,,
ridge_affine_cal,unseen_well,3,tr000cd,2885,21715.151944103516,2.7435225079914396,5.133536631849898,2.2584004128848263,5229,2885,0.0,6.576926173361023,True,0.02410073699957138,-0.8767695439515437,6.596485739173224,7.473255283124768,True,641.2352434524034,,,,,,,0,,,,,,,,,,,,,,,,,,,,
ridge_multibranch,unseen_well,3,tr000cd,2885,19581.48789395039,2.6052531848840506,4.92409880520189,2.110402265232588,5229,2885,0.0,6.576926173361023,True,0.024826422999467468,-0.8767695439515437,6.596485739173224,7.473255283124768,True,641.2352434524034,,,,,,,0,,,,,,,,,,,,,,,,,,,,
ridge_affine_multibranch,unseen_well,3,tr000cd,2885,23575.336718020564,2.858617469407594,5.232522036307287,2.422549675727357,5229,2885,0.0,6.576926173361023,True,0.03279707000001508,-0.8767695439515437,6.596485739173224,7.473255283124768,True,641.2352434524034,,,,,,,0,,,,,,,,,,,,,,,,,,,,
ridge_gated_gbdt,unseen_well,3,tr000cd,2885,19065.071445173595,2.5706698845189795,4.90532189812622,2.0489786417424622,5229,2885,0.0,6.576926173361023,True,0.04633097900023131,-0.8767695439515437,6.596485739173224,7.473255283124768,True,641.2352434524034,0.975409905302932,1.0,,True,,,2885,1.0,,,,,,,,,,,,,,,,,,,
ridge_default,unseen_well,3,tr000d8,2745,161.20165674636723,0.24233356765674982,0.44695517861858036,-0.1797886911939947,2741,2745,0.048122493620123954,16.154360716640525,True,0.015161289000388933,16.083951384907692,22.14382219888993,6.059870813982236,True,644.9414316794378,,,,,,,0,,,,,,,,,,,,,,,,,,,,
ridge_affine_cal,unseen_well,3,tr000d8,2745,159.49747724621375,0.24104922234732284,0.4540892754394328,-0.16886955419961913,2741,2745,0.048122493620123954,16.154360716640525,True,0.022840792999886617,16.083951384907692,22.14382219888993,6.059870813982236,True,644.9414316794378,,,,,,,0,,,,,,,,,,,,,,,,,,,,
ridge_multibranch,unseen_well,3,tr000d8,2745,460.50699905636384,0.4095877349101646,0.6455114767925991,-0.3751143453053543,2741,2745,0.048122493620123954,16.154360716640525,True,0.025336348000564612,16.083951384907692,22.14382219888993,6.059870813982236,True,644.9414316794378,,,,,,,0,,,,,,,,,,,,,,,,,,,,
ridge_affine_multibranch,unseen_well,3,tr000d8,2745,652.6597143942001,0.4876095792567563,0.7524106788921401,-0.45166034505730446,2741,2745,0.048122493620123954,16.154360716640525,True,0.03231026199955522,16.083951384907692,22.14382219888993,6.059870813982236,True,644.9414316794378,,,,,,,0,,,,,,,,,,,,,,,,,,,,
ridge_gated_gbdt,unseen_well,3,tr000d8,2745,30.863514268339678,0.10603555486519609,0.29660954328681655,-0.0030294151204397087,2741,2745,0.048122493620123954,16.154360716640525,True,0.04333032499926048,16.083951384907692,22.14382219888993,6.059870813982236,True,644.9414316794378,0.8326691850392111,1.0,,True,,,0,0.0,,,,,,,,,,,,,,,,,,,
ridge_default,unseen_well,3,tr00019,3877,7641.753513125832,1.4039402079824645,2.2753368070677276,1.1927148356566277,4837,3877,0.6727105806747762,11.687565113672369,True,0.01574124499984464,11.62717662905566,24.417904785681653,12.790728156625994,True,678.5082288022403,,,,,,,0,,,,,,,,,,,,,,,,,,,,
ridge_affine_cal,unseen_well,3,tr00019,3877,5813.309286038134,1.224514167375035,2.0464047847499067,0.9625671848930015,4837,3877,0.6727105806747762,11.687565113672369,True,0.025208637999639905,11.62717662905566,24.417904785681653,12.790728156625994,True,678.5082288022403,,,,,,,0,,,,,,,,,,,,,,,,,,,,
ridge_multibranch,unseen_well,3,tr00019,3877,6234.166863259868,1.268064401397778,2.1194849197129066,1.0248810057447633,4837,3877,0.6727105806747762,11.687565113672369,True,0.02450156499980949,11.62717662905566,24.417904785681653,12.790728156625994,True,678.5082288022403,,,,,,,0,,,,,,,,,,,,,,,,,,,,
ridge_affine_multibranch,unseen_well,3,tr00019,3877,2985.977054279274,0.87759740933154,1.53227661233295,0.442691406166923,4837,3877,0.6727105806747762,11.687565113672369,True,0.03235436799968738,11.62717662905566,24.417904785681653,12.790728156625994,True,678.5082288022403,,,,,,,0,,,,,,,,,,,,,,,,,,,,
ridge_gated_gbdt,unseen_well,3,tr00019,3877,7641.753513125832,1.4039402079824645,2.2753368070677276,1.1927148356566277,4837,3877,0.6727105806747762,11.687565113672369,True,0.045332437999604736,11.62717662905566,24.417904785681653,12.790728156625994,True,678.5082288022403,0.0,0.0,,False,insufficient_hidden_gr_rows,,3877,1.0,,,,,,,,,,,,,,,,,,,
ridge_default,unseen_well,3,tr0004a,3373,15856.407470663042,2.1681744792307427,3.6852701312034846,0.48977352848708255,3708,3373,0.5229487360542296,7.086627863851463,True,0.01693406699996558,7.074873949267669,22.226071445773567,15.151197496505898,True,701.3280947971909,,,,,,,0,,,,,,,,,,,,,,,,,,,,
ridge_affine_cal,unseen_well,3,tr0004a,3373,17598.219873262013,2.2841583023276875,3.8493538115717563,0.8856146181704366,3708,3373,0.5229487360542296,7.086627863851463,True,0.02235714500056929,7.074873949267669,22.226071445773567,15.151197496505898,True,701.3280947971909,,,,,,,0,,,,,,,,,,,,,,,,,,,,
ridge_multibranch,unseen_well,3,tr0004a,3373,15879.12535073153,2.169727122785258,3.8222212647668776,0.39906028098274776,3708,3373,0.5229487360542296,7.086627863851463,True,0.022040238000045065,7.074873949267669,22.226071445773567,15.151197496505898,True,701.3280947971909,,,,,,,0,,,,,,,,,,,,,,,,,,,,
ridge_affine_multibranch,unseen_well,3,tr0004a,3373,20197.838391768346,2.4470580721247965,4.279584056187646,1.2167298125382995,3708,3373,0.5229487360542296,7.086627863851463,True,0.02942025599986664,7.074873949267669,22.226071445773567,15.151197496505898,True,701.3280947971909,,,,,,,0,,,,,,,,,,,,,,,,,,,,
ridge_gated_gbdt,unseen_well,3,tr0004a,3373,15856.407470663042,2.1681744792307427,3.6852701312034846,0.48977352848708255,3708,3373,0.5229487360542296,7.086627863851463,True,0.04140675300004659,7.074873949267669,22.226071445773567,15.151197496505898,True,701.3280947971909,0.0,0.0,,False,affine_calibration_unusable,,3373,1.0,,,,,,,,,,,,,,,,,,,
ridge_default,unseen_well,3,tr00077,1111,138.65015913245963,0.3532670703327892,0.6064178116720234,0.07367459842814987,3317,1111,0.0,-4.504862695946003,True,0.01456281900027534,-4.646189405721036,-3.7899615894613374,0.8562278162596986,True,728.9201395158517,,,,,,,0,,,,,,,,,,,,,,,,,,,,
ridge_affine_cal,unseen_well,3,tr00077,1111,151.96413050676642,0.36983968904871384,0.6666117962878055,0.12000907416021511,3317,1111,0.0,-4.504862695946003,True,0.02254415900006279,-4.646189405721036,-3.7899615894613374,0.8562278162596986,True,728.9201395158517,,,,,,,0,,,,,,,,,,,,,,,,,,,,
ridge_multibranch,unseen_well,3,tr00077,1111,171.42848839401037,0.39281174837519245,0.7168589002039099,0.1895257504610469,3317,1111,0.0,-4.504862695946003,True,0.023602420999850438,-4.646189405721036,-3.7899615894613374,0.8562278162596986,True,728.9201395158517,,,,,,,0,,,,,,,,,,,,,,,,,,,,
ridge_affine_multibranch,unseen_well,3,tr00077,1111,180.19708650812856,0.402732662217801,0.7469832414317983,0.2008974324123524,3317,1111,0.0,-4.504862695946003,True,0.03134806999969442,-4.646189405721036,-3.7899615894613374,0.8562278162596986,True,728.9201395158517,,,,,,,0,,,,,,,,,,,,,,,,,,,,
ridge_gated_gbdt,unseen_well,3,tr00077,1111,138.65015913245963,0.3532670703327892,0.6064178116720234,0.07367459842814987,3317,1111,0.0,-4.504862695946003,True,0.04242339099982928,-4.646189405721036,-3.7899615894613374,0.8562278162596986,True,728.9201395158517,0.9320185687275528,1.0,,True,,,1111,1.0,,,,,,,,,,,,,,,,,,,
ridge_default,unseen_well,3,tr0007e,2744,3470.188217987941,1.1245647389263198,1.8001137529774418,-0.9382305259001995,4014,2744,0.7169280852323172,23.579967673429444,True,0.01610286599952815,23.57004634016506,25.364075345311317,1.7940290051462568,True,644.2209715608859,,,,,,,0,,,,,,,,,,,,,,,,,,,,
ridge_affine_cal,unseen_well,3,tr0007e,2744,1824.309705040064,0.8153746981224128,1.4134650888732594,-0.6642088338051708,4014,2744,0.7169280852323172,23.579967673429444,True,0.023000853999292303,23.57004634016506,25.364075345311317,1.7940290051462568,True,644.2209715608859,,,,,,,0,,,,,,,,,,,,,,,,,,,,
ridge_multibranch,unseen_well,3,tr0007e,2744,3536.669835563888,1.1352857996028323,1.8042898984432867,-0.9600936447759115,4014,2744,0.7169280852323172,23.579967673429444,True,0.022240242999941984,23.57004634016506,25.364075345311317,1.7940290051462568,True,644.2209715608859,,,,,,,0,,,,,,,,,,,,,,,,,,,,
ridge_affine_multibranch,unseen_well,3,tr0007e,2744,830.0905151852501,0.5500101096292077,1.0545344149586349,-0.29381336141340403,4014,2744,0.7169280852323172,23.579967673429444,True,0.02790772200023639,23.57004634016506,25.364075345311317,1.7940290051462568,True,644.2209715608859,,,,,,,0,,,,,,,,,,,,,,,,,,,,
ridge_gated_gbdt,unseen_well,3,tr0007e,2744,3470.188217987941,1.1245647389263198,1.8001137529774418,-0.9382305259001995,4014,2744,0.7169280852323172,23.579967673429444,True,0.04034442899956048,23.57004634016506,25.364075345311317,1.7940290051462568,True,644.2209715608859,0.0,0.0,,False,affine_calibration_unusable,,2744,1.0,,,,,,,,,,,,,,,,,,,
ridge_default,unseen_well,3,tr00059,2065,9917.237820442071,2.1914690220923383,2.673439121172453,-2.185202798065271,4473,2065,0.0,0.5288020952986274,True,0.015174393000052078,-1.4794171043334332,0.5333741052082077,2.012791209541641,True,665.9543660702461,,,,,,,0,,,,,,,,,,,,,,,,,,,,
ridge_affine_cal,unseen_well,3,tr00059,2065,9867.993445004175,2.186021344729875,2.6558204465120037,-2.179467389610126,4473,2065,0.0,0.5288020952986274,True,0.02310833800038381,-1.4794171043334332,0.5333741052082077,2.012791209541641,True,665.9543660702461,,,,,,,0,,,,,,,,,,,,,,,,,,,,
ridge_multibranch,unseen_well,3,tr00059,2065,9071.39261349014,2.0959308683923643,2.5541003966698392,-2.090167459207984,4473,2065,0.0,0.5288020952986274,True,0.0247995190002257,-1.4794171043334332,0.5333741052082077,2.012791209541641,True,665.9543660702461,,,,,,,0,,,,,,,,,,,,,,,,,,,,
ridge_affine_multibranch,unseen_well,3,tr00059,2065,8888.404692924954,2.0746836385250784,2.4974456887805534,-2.069427300237411,4473,2065,0.0,0.5288020952986274,True,0.03236279799966724,-1.4794171043334332,0.5333741052082077,2.012791209541641,True,665.9543660702461,,,,,,,0,,,,,,,,,,,,,,,,,,,,
ridge_gated_gbdt,unseen_well,3,tr00059,2065,9917.237820442071,2.1914690220923383,2.673439121172453,-2.185202798065271,4473,2065,0.0,0.5288020952986274,True,0.043803612000374414,-1.4794171043334332,0.5333741052082077,2.012791209541641,True,665.9543660702461,0.978971098796472,1.0,,True,,,2065,1.0,,,,,,,,,,,,,,,,,,,
ridge_default,unseen_well,3,tr000a1,2970,6449.906845705371,1.4736640752338386,2.8280450534015458,-1.03383111630212,3104,2970,0.0,8.970083831015057,True,0.015242760000546696,8.943974645726787,16.841380397103944,7.897405751377157,True,651.9882633591925,,,,,,,0,,,,,,,,,,,,,,,,,,,,
ridge_affine_cal,unseen_well,3,tr000a1,2970,5803.153756094849,1.39782825254069,2.7190870357185037,-0.9103777815342751,3104,2970,0.0,8.970083831015057,True,0.023690694999459083,8.943974645726787,16.841380397103944,7.897405751377157,True,651.9882633591925,,,,,,,0,,,,,,,,,,,,,,,,,,,,
ridge_multibranch,unseen_well,3,tr000a1,2970,8830.615021180405,1.7243175609215644,3.1591953033133535,-1.3728472350438023,3104,2970,0.0,8.970083831015057,True,0.025167717999465822,8.943974645726787,16.841380397103944,7.897405751377157,True,651.9882633591925,,,,,,,0,,,,,,,,,,,,,,,,,,,,
ridge_affine_multibranch,unseen_well,3,tr000a1,2970,8576.378534361604,1.6993144324076965,3.1447097409600993,-1.327440911006162,3104,2970,0.0,8.970083831015057,True,0.03241012000034971,8.943974645726787,16.841380397103944,7.897405751377157,True,651.9882633591925,,,,,,,0,,,,,,,,,,,,,,,,,,,,
ridge_gated_gbdt,unseen_well,3,tr000a1,2970,536.027613653224,0.42483017547923607,0.7627053416671536,0.35008294071065627,3104,2970,0.0,8.970083831015057,True,0.04331137099961779,8.943974645726787,16.841380397103944,7.897405751377157,True,651.9882633591925,0.6018035992874906,1.0,,True,,,0,0.0,,,,,,,,,,,,,,,,,,,
ridge_default,unseen_well,3,tr000aa,2609,787.098932389098,0.5492595567750626,1.1453578146579488,-0.35635303425685955,5887,2609,0.06497175141242938,61.76666043310726,True,0.015860567999880004,61.75473200906061,63.045079735081714,1.2903477260211034,True,662.2244126961115,,,,,,,0,,,,,,,,,,,,,,,,,,,,
ridge_affine_cal,unseen_well,3,tr000aa,2609,478.11604608446095,0.4280846151731837,0.8671883954539794,-0.06613668050883881,5887,2609,0.06497175141242938,61.76666043310726,True,0.02364752799985581,61.75473200906061,63.045079735081714,1.2903477260211034,True,662.2244126961115,,,,,,,0,,,,,,,,,,,,,,,,,,,,
ridge_multibranch,unseen_well,3,tr000aa,2609,812.6544268635948,0.558104999821224,1.1596325967442098,-0.373128309666956,5887,2609,0.06497175141242938,61.76666043310726,True,0.02482154600056674,61.75473200906061,63.045079735081714,1.2903477260211034,True,662.2244126961115,,,,,,,0,,,,,,,,,,,,,,,,,,,,
ridge_affine_multibranch,unseen_well,3,tr000aa,2609,471.2621336205424,0.4250051895250734,0.730454460083827,0.07174332900952501,5887,2609,0.06497175141242938,61.76666043310726,True,0.03234379000059562,61.75473200906061,63.045079735081714,1.2903477260211034,True,662.2244126961115,,,,,,,0,,,,,,,,,,,,,,,,,,,,
ridge_gated_gbdt,unseen_well,3,tr000aa,2609,787.098932389098,0.5492595567750626,1.1453578146579488,-0.35635303425685955,5887,2609,0.06497175141242938,61.76666043310726,True,0.0451979620002021,61.75473200906061,63.045079735081714,1.2903477260211034,True,662.2244126961115,0.7903808744422962,1.0,,True,,,2609,1.0,,,,,,,,,,,,,,,,,,,
ridge_default,unseen_well,3,tr00053,3026,154.74501239087294,0.22613816731681274,0.4098420809366523,0.11310968000475166,3528,3026,0.03387244430881904,13.189606189874516,True,0.015076198000315344,9.856707105865882,13.231984064789362,3.3752769589234806,True,669.362781457787,,,,,,,0,,,,,,,,,,,,,,,,,,,,
ridge_affine_cal,unseen_well,3,tr00053,3026,153.95819128257864,0.22556252020890705,0.6211048860999426,-0.14984937655718283,3528,3026,0.03387244430881904,13.189606189874516,True,0.02364513900010934,9.856707105865882,13.231984064789362,3.3752769589234806,True,669.362781457787,,,,,,,0,,,,,,,,,,,,,,,,,,,,
ridge_multibranch,unseen_well,3,tr00053,3026,3053.2955343042822,1.004500042407362,1.243731116282147,0.984918996882178,3528,3026,0.03387244430881904,13.189606189874516,True,0.02478607400007604,9.856707105865882,13.231984064789362,3.3752769589234806,True,669.362781457787,,,,,,,0,,,,,,,,,,,,,,,,,,,,
ridge_affine_multibranch,unseen_well,3,tr00053,3026,4384.161337306565,1.2036737850164434,1.555467942386537,1.1908882817167878,3528,3026,0.03387244430881904,13.189606189874516,True,0.03196393500002159,9.856707105865882,13.231984064789362,3.3752769589234806,True,669.362781457787,,,,,,,0,,,,,,,,,,,,,,,,,,,,
ridge_gated_gbdt,unseen_well,3,tr00053,3026,154.74501239087294,0.22613816731681274,0.4098420809366523,0.11310968000475166,3528,3026,0.03387244430881904,13.189606189874516,True,0.04373882399977447,9.856707105865882,13.231984064789362,3.3752769589234806,True,669.362781457787,0.7956960012601704,0.9,,True,,,3026,1.0,,,,,,,,,,,,,,,,,,,
ridge_default,unseen_well,3,tr00096,2783,11632.289123888258,2.044447633050579,3.9355555708437358,-1.4229425474267847,4133,2783,0.07200694042799306,-8.836171646168252,True,0.015750968999782344,-8.854277612692867,-2.650601059769345,6.203676552923522,True,658.0616049079988,,,,,,,0,,,,,,,,,,,,,,,,,,,,
ridge_affine_cal,unseen_well,3,tr00096,2783,10110.134857015446,1.905995500805097,3.7351750727056148,-1.197441125911143,4133,2783,0.07200694042799306,-8.836171646168252,True,0.023932968999361037,-8.854277612692867,-2.650601059769345,6.203676552923522,True,658.0616049079988,,,,,,,0,,,,,,,,,,,,,,,,,,,,
ridge_multibranch,unseen_well,3,tr00096,2783,13420.13504022568,2.1959469280037935,4.144956114949275,-1.6358607111503072,4133,2783,0.07200694042799306,-8.836171646168252,True,0.024793581000267295,-8.854277612692867,-2.650601059769345,6.203676552923522,True,658.0616049079988,,,,,,,0,,,,,,,,,,,,,,,,,,,,
ridge_affine_multibranch,unseen_well,3,tr00096,2783,10877.035571406986,1.976963591426984,3.8527302747463317,-1.303567074566331,4133,2783,0.07200694042799306,-8.836171646168252,True,0.032495006999852194,-8.854277612692867,-2.650601059769345,6.203676552923522,True,658.0616049079988,,,,,,,0,,,,,,,,,,,,,,,,,,,,
ridge_gated_gbdt,unseen_well,3,tr00096,2783,9007.42804906629,1.7990523365820996,2.7066350099515715,-1.3560056127426954,4133,2783,0.07200694042799306,-8.836171646168252,True,0.044811216999733006,-8.854277612692867,-2.650601059769345,6.203676552923522,True,658.0616049079988,0.8528854461241004,1.0,,True,,,0,0.0,,,,,,,,,,,,,,,,,,,
ridge_default,unseen_well,3,tr0006d,3139,33386.90305324021,3.2613124635313664,4.959022105741553,-3.0031983003183287,2862,3139,0.0,36.63732962060186,True,0.015255124999384861,36.63006740466818,43.00731893587383,6.377251531205651,True,638.8779559209298,,,,,,,0,,,,,,,,,,,,,,,,,,,,
ridge_affine_cal,unseen_well,3,tr0006d,3139,51896.01610850054,4.066037240742277,5.843649692220453,-3.858026970434405,2862,3139,0.0,36.63732962060186,True,0.02313084199977311,36.63006740466818,43.00731893587383,6.377251531205651,True,638.8779559209298,,,,,,,0,,,,,,,,,,,,,,,,,,,,
ridge_multibranch,unseen_well,3,tr0006d,3139,24526.38018264689,2.795252664542569,4.452299791773839,-2.487979854553585,2862,3139,0.0,36.63732962060186,True,0.024814924000565952,36.63006740466818,43.00731893587383,6.377251531205651,True,638.8779559209298,,,,,,,0,,,,,,,,,,,,,,,,,,,,
ridge_affine_multibranch,unseen_well,3,tr0006d,3139,32988.084621251066,3.2417751746001837,4.9170104935759795,-2.991013617646355,2862,3139,0.0,36.63732962060186,True,0.03197929900034069,36.63006740466818,43.00731893587383,6.377251531205651,True,638.8779559209298,,,,,,,0,,,,,,,,,,,,,,,,,,,,
ridge_gated_gbdt,unseen_well,3,tr0006d,3139,991.681670920377,0.5620701028769146,0.9372643447527338,0.38206381618622554,2862,3139,0.0,36.63732962060186,True,0.043541287999687484,36.63006740466818,43.00731893587383,6.377251531205651,True,638.8779559209298,0.5994964547309781,0.30000000000000004,,True,,,0,0.0,,,,,,,,,,,,,,,,,,,
ridge_default,unseen_well,3,tr0006f,1895,7319.628886681432,1.9653500949220866,3.0181097653957174,-1.6508165258476777,4633,1895,0.05177696078431373,-9.83165800741191,True,0.015323184999942896,-9.954049117861905,-2.851450000210048,7.102599117651857,True,669.5141164103757,,,,,,,0,,,,,,,,,,,,,,,,,,,,
ridge_affine_cal,unseen_well,3,tr0006f,1895,8915.606449093686,2.1690563648816523,3.2648076550354523,-1.873872789117556,4633,1895,0.05177696078431373,-9.83165800741191,True,0.02312532299947634,-9.954049117861905,-2.851450000210048,7.102599117651857,True,669.5141164103757,,,,,,,0,,,,,,,,,,,,,,,,,,,,
ridge_multibranch,unseen_well,3,tr0006f,1895,7410.965966924386,1.977574267264279,3.024254855134439,-1.659867330030068,4633,1895,0.05177696078431373,-9.83165800741191,True,0.02409629500016308,-9.954049117861905,-2.851450000210048,7.102599117651857,True,669.5141164103757,,,,,,,0,,,,,,,,,,,,,,,,,,,,
ridge_affine_multibranch,unseen_well,3,tr0006f,1895,7373.487467089302,1.9725674665454438,3.042483951115208,-1.6266886835842895,4633,1895,0.05177696078431373,-9.83165800741191,True,0.03160615500019048,-9.954049117861905,-2.851450000210048,7.102599117651857,True,669.5141164103757,,,,,,,0,,,,,,,,,,,,,,,,,,,,
ridge_gated_gbdt,unseen_well,3,tr0006f,1895,62811.57763349742,5.757252057864262,7.029156741963727,-4.930165178489459,4633,1895,0.05177696078431373,-9.83165800741191,True,0.044115189999502036,-9.954049117861905,-2.851450000210048,7.102599117651857,True,669.5141164103757,0.651772410249883,0.9,,True,,,0,0.0,,,,,,,,,,,,,,,,,,,
ridge_default,unseen_well,3,tr0000f,3108,99527.04849710144,5.658874435504137,9.537544344105697,-5.042836046166467,2673,3108,0.101712506486767,44.21143127159413,True,0.014704217999678804,44.10141416069661,45.16303803683304,1.06162387613643,True,640.9369694422088,,,,,,,0,,,,,,,,,,,,,,,,,,,,
ridge_affine_cal,unseen_well,3,tr0000f,3108,87844.51762880267,5.316389922783041,9.128409783163,-4.66725271047473,2673,3108,0.101712506486767,44.21143127159413,True,0.02282727799956774,44.10141416069661,45.16303803683304,1.06162387613643,True,640.9369694422088,,,,,,,0,,,,,,,,,,,,,,,,,,,,
ridge_multibranch,unseen_well,3,tr0000f,3108,90364.0779521721,5.392093392717019,9.253711072790615,-4.733917406886163,2673,3108,0.101712506486767,44.21143127159413,True,0.024301372000081756,44.10141416069661,45.16303803683304,1.06162387613643,True,640.9369694422088,,,,,,,0,,,,,,,,,,,,,,,,,,,,
ridge_affine_multibranch,unseen_well,3,tr0000f,3108,80582.65905903309,5.091904995160493,8.907886173487626,-4.391929349528182,2673,3108,0.101712506486767,44.21143127159413,True,0.03141394800059061,44.10141416069661,45.16303803683304,1.06162387613643,True,640.9369694422088,,,,,,,0,,,,,,,,,,,,,,,,,,,,
ridge_gated_gbdt,unseen_well,3,tr0000f,3108,571.7850278340779,0.42891959232195404,0.8096072997687642,-0.3686558489723626,2673,3108,0.101712506486767,44.21143127159413,True,0.04195224100021733,44.10141416069661,45.16303803683304,1.06162387613643,True,640.9369694422088,0.9740521990586923,1.0,,True,,,0,0.0,,,,,,,,,,,,,,,,,,,
ridge_default,unseen_well,3,tr000b1,2597,10703.686147455519,2.0301620645312175,3.722639224198584,-1.3284684053408442,4831,2597,0.7036887452880991,7.072607520137584,True,0.014880724000249757,7.080043352953897,11.236217119187504,4.156173766233607,True,647.6817786907934,,,,,,,0,,,,,,,,,,,,,,,,,,,,
ridge_affine_cal,unseen_well,3,tr000b1,2597,11689.08426763707,2.121554877272881,3.8745695730591896,-1.4560113350253472,4831,2597,0.7036887452880991,7.072607520137584,True,0.023126615999899514,7.080043352953897,11.236217119187504,4.156173766233607,True,647.6817786907934,,,,,,,0,,,,,,,,,,,,,,,,,,,,
ridge_multibranch,unseen_well,3,tr000b1,2597,12303.41981870144,2.176591590215628,3.92708539805625,-1.5511899897843382,4831,2597,0.7036887452880991,7.072607520137584,True,0.023411610999573895,7.080043352953897,11.236217119187504,4.156173766233607,True,647.6817786907934,,,,,,,0,,,,,,,,,,,,,,,,,,,,
ridge_affine_multibranch,unseen_well,3,tr000b1,2597,17279.36718242898,2.579454917482415,4.5039849573397674,-2.066749059865201,4831,2597,0.7036887452880991,7.072607520137584,True,0.03013466900029016,7.080043352953897,11.236217119187504,4.156173766233607,True,647.6817786907934,,,,,,,0,,,,,,,,,,,,,,,,,,,,
ridge_gated_gbdt,unseen_well,3,tr000b1,2597,10703.686147455519,2.0301620645312175,3.722639224198584,-1.3284684053408442,4831,2597,0.7036887452880991,7.072607520137584,True,0.04219972500050062,7.080043352953897,11.236217119187504,4.156173766233607,True,647.6817786907934,0.0,0.0,,False,insufficient_hidden_gr_rows,,2597,1.0,,,,,,,,,,,,,,,,,,,
ridge_default,unseen_well,3,tr00032,3614,565.8243471411677,0.3956824074359131,0.8560069707261988,0.17467074758534842,3629,3614,0.0,36.47594639651975,True,0.015065290999700665,36.3959371027353,38.4374780836548,2.0415409809194998,True,677.8595236313635,,,,,,,0,,,,,,,,,,,,,,,,,,,,
ridge_affine_cal,unseen_well,3,tr00032,3614,564.8469702887753,0.3953405186702768,1.1911758738845464,-0.18148580566561515,3629,3614,0.0,36.47594639651975,True,0.023515322000093875,36.3959371027353,38.4374780836548,2.0415409809194998,True,677.8595236313635,,,,,,,0,,,,,,,,,,,,,,,,,,,,
ridge_multibranch,unseen_well,3,tr00032,3614,522.1614384841665,0.38010914988060596,1.1722277428841466,-0.13108193476407345,3629,3614,0.0,36.47594639651975,True,0.024578637000558956,36.3959371027353,38.4374780836548,2.0415409809194998,True,677.8595236313635,,,,,,,0,,,,,,,,,,,,,,,,,,,,
ridge_affine_multibranch,unseen_well,3,tr00032,3614,890.033435521077,0.49625978933025466,1.3729579094647093,-0.3580010379274532,3629,3614,0.0,36.47594639651975,True,0.032082293000712525,36.3959371027353,38.4374780836548,2.0415409809194998,True,677.8595236313635,,,,,,,0,,,,,,,,,,,,,,,,,,,,
ridge_gated_gbdt,unseen_well,3,tr00032,3614,565.8243471411677,0.3956824074359131,0.8560069707261988,0.17467074758534842,3629,3614,0.0,36.47594639651975,True,0.0439876810005444,36.3959371027353,38.4374780836548,2.0415409809194998,True,677.8595236313635,0.8715992499452342,1.0,,True,,,3614,1.0,,,,,,,,,,,,,,,,,,,
ridge_default,unseen_well,3,tr0001c,2143,3198.3443960542154,1.2216633008910096,2.129128489830874,-1.026545759641799,5778,2143,0.06867819719732357,13.6516323621902,True,0.015464181000425015,13.62590411847947,15.651637014702228,2.025732896222758,True,676.8946114694497,,,,,,,0,,,,,,,,,,,,,,,,,,,,
ridge_affine_cal,unseen_well,3,tr0001c,2143,2166.7931078226443,1.0055360312472936,1.8680599312756794,-0.7584348918377102,5778,2143,0.06867819719732357,13.6516323621902,True,0.02312582900049165,13.62590411847947,15.651637014702228,2.025732896222758,True,676.8946114694497,,,,,,,0,,,,,,,,,,,,,,,,,,,,
ridge_multibranch,unseen_well,3,tr0001c,2143,1370.2412957337185,0.7996269824872473,1.59832741870939,0.43892974308843163,5778,2143,0.06867819719732357,13.6516323621902,True,0.02448380999976507,13.62590411847947,15.651637014702228,2.025732896222758,True,676.8946114694497,,,,,,,0,,,,,,,,,,,,,,,,,,,,
ridge_affine_multibranch,unseen_well,3,tr0001c,2143,2745.610768008167,1.1319008842487168,2.10188881888922,0.9077645224330462,5778,2143,0.06867819719732357,13.6516323621902,True,0.03237864500079013,13.62590411847947,15.651637014702228,2.025732896222758,True,676.8946114694497,,,,,,,0,,,,,,,,,,,,,,,,,,,,
ridge_gated_gbdt,unseen_well,3,tr0001c,2143,3198.3443960542154,1.2216633008910096,2.129128489830874,-1.026545759641799,5778,2143,0.06867819719732357,13.6516323621902,True,0.04454808100035734,13.62590411847947,15.651637014702228,2.025732896222758,True,676.8946114694497,0.8557301576113794,0.0,,True,,,2143,1.0,,,,,,,,,,,,,,,,,,,
ridge_default,unseen_well,3,tr00012,1767,54529.25273846391,5.555159057608308,6.354132910536322,5.537934286143936,3965,1767,0.0,32.32011310841779,True,0.014658486999906017,28.406169279031232,32.376815389125234,3.970646110094002,True,702.0270766129267,,,,,,,0,,,,,,,,,,,,,,,,,,,,
ridge_affine_cal,unseen_well,3,tr00012,1767,51962.439884008185,5.422836278336811,6.236905142298124,5.404475219236571,3965,1767,0.0,32.32011310841779,True,0.0226114189999862,28.406169279031232,32.376815389125234,3.970646110094002,True,702.0270766129267,,,,,,,0,,,,,,,,,,,,,,,,,,,,
ridge_multibranch,unseen_well,3,tr00012,1767,61759.37950908763,5.911983145585627,6.694435151127443,5.896746078701418,3965,1767,0.0,32.32011310841779,True,0.02385421800045151,28.406169279031232,32.376815389125234,3.970646110094002,True,702.0270766129267,,,,,,,0,,,,,,,,,,,,,,,,,,,,
ridge_affine_multibranch,unseen_well,3,tr00012,1767,56441.89557432351,5.651744504550949,6.44983478532,5.635158089753995,3965,1767,0.0,32.32011310841779,True,0.03089921700029663,28.406169279031232,32.376815389125234,3.970646110094002,True,702.0270766129267,,,,,,,0,,,,,,,,,,,,,,,,,,,,
ridge_gated_gbdt,unseen_well,3,tr00012,1767,54529.25273846391,5.555159057608308,6.354132910536322,5.537934286143936,3965,1767,0.0,32.32011310841779,True,0.04292883800007985,28.406169279031232,32.376815389125234,3.970646110094002,True,702.0270766129267,0.8890197238390685,1.0,,True,,,1767,1.0,,,,,,,,,,,,,,,,,,,
ridge_default,unseen_well,3,tr00010,2774,6705.91619512764,1.5548046559200055,2.005172803139441,1.5333635975753899,6176,2774,0.711731843575419,-0.542505610440358,True,0.015629728000021714,-0.6907835601121128,2.823863528871687,3.5146470889838,True,687.3369963175936,,,,,,,0,,,,,,,,,,,,,,,,,,,,
ridge_affine_cal,unseen_well,3,tr00010,2774,895.8186708751659,0.5682727440541937,3.9590327078868084,-0.12954331131598612,6176,2774,0.711731843575419,-0.542505610440358,True,0.023058347000187496,-0.6907835601121128,2.823863528871687,3.5146470889838,True,687.3369963175936,,,,,,,0,,,,,,,,,,,,,,,,,,,,
ridge_multibranch,unseen_well,3,tr00010,2774,3991.9723524226292,1.1996112612986531,1.6521372590881165,1.1713843783044346,6176,2774,0.711731843575419,-0.542505610440358,True,0.022626737999416946,-0.6907835601121128,2.823863528871687,3.5146470889838,True,687.3369963175936,,,,,,,0,,,,,,,,,,,,,,,,,,,,
ridge_affine_multibranch,unseen_well,3,tr00010,2774,2129.275542866952,0.8761182046160254,4.674350970953979,-0.46825930474023103,6176,2774,0.711731843575419,-0.542505610440358,True,0.029235879000225395,-0.6907835601121128,2.823863528871687,3.5146470889838,True,687.3369963175936,,,,,,,0,,,,,,,,,,,,,,,,,,,,
ridge_gated_gbdt,unseen_well,3,tr00010,2774,6705.91619512764,1.5548046559200055,2.005172803139441,1.5333635975753899,6176,2774,0.711731843575419,-0.542505610440358,True,0.04159365400028037,-0.6907835601121128,2.823863528871687,3.5146470889838,True,687.3369963175936,0.0,0.0,,False,insufficient_prefix_observations,,2774,1.0,,,,,,,,,,,,,,,,,,,
ridge_default,unseen_well,3,tr00008,1523,574.9873360636819,0.6144395863667997,2.0500743101415893,-0.21368709016640183,2333,1523,0.09880705394190871,32.219101399861444,True,0.014220414999726927,32.18093109714488,43.75268399511717,11.571752897972289,True,719.9792006805657,,,,,,,0,,,,,,,,,,,,,,,,,,,,
ridge_affine_cal,unseen_well,3,tr00008,1523,873.6213960545172,0.7573762447658356,3.0342010513139286,-0.3316443527061778,2333,1523,0.09880705394190871,32.219101399861444,True,0.0225330599996596,32.18093109714488,43.75268399511717,11.571752897972289,True,719.9792006805657,,,,,,,0,,,,,,,,,,,,,,,,,,,,
ridge_multibranch,unseen_well,3,tr00008,1523,742.6370938075715,0.698294091402543,2.1883092911013193,-0.3826626025704159,2333,1523,0.09880705394190871,32.219101399861444,True,0.02365224000004673,32.18093109714488,43.75268399511717,11.571752897972289,True,719.9792006805657,,,,,,,0,,,,,,,,,,,,,,,,,,,,
ridge_affine_multibranch,unseen_well,3,tr00008,1523,712.8038565630616,0.6841243817992461,2.8656458850186084,-0.17715845916927522,2333,1523,0.09880705394190871,32.219101399861444,True,0.03068598000027123,32.18093109714488,43.75268399511717,11.571752897972289,True,719.9792006805657,,,,,,,0,,,,,,,,,,,,,,,,,,,,
ridge_gated_gbdt,unseen_well,3,tr00008,1523,574.9873360636819,0.6144395863667997,2.0500743101415893,-0.21368709016640183,2333,1523,0.09880705394190871,32.219101399861444,True,0.0412387510004919,32.18093109714488,43.75268399511717,11.571752897972289,True,719.9792006805657,0.8364804404335611,1.0,,True,,,1523,1.0,,,,,,,,,,,,,,,,,,,
ridge_default,unseen_well,3,tr00052,3230,476.73671559315113,0.38418290744850764,0.6452385955089319,0.17212869473910405,5362,3230,0.049348230912476726,10.11580218871859,True,0.015548779999335238,10.068923352981024,12.39044614549597,2.321522792514946,True,653.4013253798961,,,,,,,0,,,,,,,,,,,,,,,,,,,,
ridge_affine_cal,unseen_well,3,tr00052,3230,395.2345983381621,0.3498051639645606,0.6960853535141425,0.10213391672950192,5362,3230,0.049348230912476726,10.11580218871859,True,0.023923007000121288,10.068923352981024,12.39044614549597,2.321522792514946,True,653.4013253798961,,,,,,,0,,,,,,,,,,,,,,,,,,,,
ridge_multibranch,unseen_well,3,tr00052,3230,4174.164990146831,1.1367986376048835,1.5899449793536,1.0742307806104723,5362,3230,0.049348230912476726,10.11580218871859,True,0.025096993999795814,10.068923352981024,12.39044614549597,2.321522792514946,True,653.4013253798961,,,,,,,0,,,,,,,,,,,,,,,,,,,,
ridge_affine_multibranch,unseen_well,3,tr00052,3230,3461.775387763144,1.0352570144629696,1.5024606008627934,0.9677699772419849,5362,3230,0.049348230912476726,10.11580218871859,True,0.03240446699965105,10.068923352981024,12.39044614549597,2.321522792514946,True,653.4013253798961,,,,,,,0,,,,,,,,,,,,,,,,,,,,
ridge_gated_gbdt,unseen_well,3,tr00052,3230,476.73671559315113,0.38418290744850764,0.6452385955089319,0.17212869473910405,5362,3230,0.049348230912476726,10.11580218871859,True,0.04460243099947547,10.068923352981024,12.39044614549597,2.321522792514946,True,653.4013253798961,0.7919150403748116,0.0,,True,,,3230,1.0,,,,,,,,,,,,,,,,,,,
ridge_default,unseen_well,3,tr000e4,2164,1358.2480967477265,0.7922475856349585,1.136749318017209,-0.76327063172221,5145,2164,0.5714872075523327,6.312295890313532,True,0.015142813000238675,3.969528738745456,6.329786786436918,2.360258047691462,True,690.3765949895607,,,,,,,0,,,,,,,,,,,,,,,,,,,,
ridge_affine_cal,unseen_well,3,tr000e4,2164,1180.3212987480085,0.7385357005163375,1.107940422807129,-0.702919778759629,5145,2164,0.5714872075523327,6.312295890313532,True,0.02283144600005471,3.969528738745456,6.329786786436918,2.360258047691462,True,690.3765949895607,,,,,,,0,,,,,,,,,,,,,,,,,,,,
ridge_multibranch,unseen_well,3,tr000e4,2164,1847.835156620234,0.9240659861082315,1.294560979998244,-0.8989401249438246,5145,2164,0.5714872075523327,6.312295890313532,True,0.02322706599989033,3.969528738745456,6.329786786436918,2.360258047691462,True,690.3765949895607,,,,,,,0,,,,,,,,,,,,,,,,,,,,
ridge_affine_multibranch,unseen_well,3,tr000e4,2164,2349.111766943577,1.0418932200334856,1.4610442530277608,-1.009667222964217,5145,2164,0.5714872075523327,6.312295890313532,True,0.030100725000011153,3.969528738745456,6.329786786436918,2.360258047691462,True,690.3765949895607,,,,,,,0,,,,,,,,,,,,,,,,,,,,
ridge_gated_gbdt,unseen_well,3,tr000e4,2164,1358.2480967477265,0.7922475856349585,1.136749318017209,-0.76327063172221,5145,2164,0.5714872075523327,6.312295890313532,True,0.04267032100051438,3.969528738745456,6.329786786436918,2.360258047691462,True,690.3765949895607,0.0,0.0,,False,insufficient_hidden_gr_rows,,2164,1.0,,,,,,,,,,,,,,,,,,,
ridge_default,unseen_well,3,tr000b4,4119,13636.253221908628,1.8194982101687114,3.8729581788738585,1.4750366265684065,4413,4119,0.0,40.43133204490053,True,0.01567031499962468,40.40984097699285,43.40189947180776,2.9920584948149127,True,672.2643047661711,,,,,,,0,,,,,,,,,,,,,,,,,,,,
ridge_affine_cal,unseen_well,3,tr000b4,4119,13957.729008155624,1.8408206821206519,3.928149108984968,1.5060531059611173,4413,4119,0.0,40.43133204490053,True,0.023482106999836105,40.40984097699285,43.40189947180776,2.9920584948149127,True,672.2643047661711,,,,,,,0,,,,,,,,,,,,,,,,,,,,
ridge_multibranch,unseen_well,3,tr000b4,4119,14786.088235035226,1.8946576632332717,3.9610235645682863,1.566868957915495,4413,4119,0.0,40.43133204490053,True,0.024912412999583466,40.40984097699285,43.40189947180776,2.9920584948149127,True,672.2643047661711,,,,,,,0,,,,,,,,,,,,,,,,,,,,
ridge_affine_multibranch,unseen_well,3,tr000b4,4119,15307.967970597838,1.9278039973368803,4.044978912297331,1.605302767854924,4413,4119,0.0,40.43133204490053,True,0.03205434600022272,40.40984097699285,43.40189947180776,2.9920584948149127,True,672.2643047661711,,,,,,,0,,,,,,,,,,,,,,,,,,,,
ridge_gated_gbdt,unseen_well,3,tr000b4,4119,15272.027834142622,1.9255396127394646,3.510464880267044,1.6300222863294822,4413,4119,0.0,40.43133204490053,True,0.044967818000259285,40.40984097699285,43.40189947180776,2.9920584948149127,True,672.2643047661711,0.9289720343342249,1.0,,True,,,0,0.0,,,,,,,,,,,,,,,,,,,
ridge_default,unseen_well,3,tr00070,1835,1143.172400314367,0.7892922364395473,1.3210940013759611,-0.6189614213962749,3529,1835,0.06711409395973154,30.82268086122569,True,0.015153008000197588,30.77305543700387,33.959469998250825,3.1864145612469557,True,638.5186426962517,,,,,,,0,,,,,,,,,,,,,,,,,,,,
ridge_affine_cal,unseen_well,3,tr00070,1835,1012.651633923653,0.7428685963594313,1.2286061650645728,-0.5535626558635502,3529,1835,0.06711409395973154,30.82268086122569,True,0.022822240999630594,30.77305543700387,33.959469998250825,3.1864145612469557,True,638.5186426962517,,,,,,,0,,,,,,,,,,,,,,,,,,,,
ridge_multibranch,unseen_well,3,tr00070,1835,1425.9077521936188,0.8815108878154154,1.4663845446530637,-0.7341692928548319,3529,1835,0.06711409395973154,30.82268086122569,True,0.024155221000000893,30.77305543700387,33.959469998250825,3.1864145612469557,True,638.5186426962517,,,,,,,0,,,,,,,,,,,,,,,,,,,,
ridge_affine_multibranch,unseen_well,3,tr00070,1835,1603.0922463288202,0.934676282339372,1.4852251082842436,-0.7953822756635919,3529,1835,0.06711409395973154,30.82268086122569,True,0.03103355500024918,30.77305543700387,33.959469998250825,3.1864145612469557,True,638.5186426962517,,,,,,,0,,,,,,,,,,,,,,,,,,,,
ridge_gated_gbdt,unseen_well,3,tr00070,1835,127.0639750171745,0.26314382575671913,0.5543957581872831,0.12257867153605553,3529,1835,0.06711409395973154,30.82268086122569,True,0.042313501000535325,30.77305543700387,33.959469998250825,3.1864145612469557,True,638.5186426962517,0.9161824537502732,1.0,,True,,,0,0.0,,,,,,,,,,,,,,,,,,,
ridge_default,unseen_well,3,tr00058,1856,4030.1106304108107,1.4735656801781616,2.3910738464544536,1.376259469291218,5173,1856,0.0684307867406459,50.60592609336871,True,0.015237607000017306,50.61749187760151,54.02575572739697,3.4082638497954605,True,675.4471651818244,,,,,,,0,,,,,,,,,,,,,,,,,,,,
ridge_affine_cal,unseen_well,3,tr00058,1856,3236.020544345367,1.3204338498804926,2.219461297581276,1.2158617846945028,5173,1856,0.0684307867406459,50.60592609336871,True,0.023124970000026224,50.61749187760151,54.02575572739697,3.4082638497954605,True,675.4471651818244,,,,,,,0,,,,,,,,,,,,,,,,,,,,
ridge_multibranch,unseen_well,3,tr00058,1856,4110.242958470682,1.488143326269631,2.4160372472758027,1.389965297409177,5173,1856,0.0684307867406459,50.60592609336871,True,0.0239420779998909,50.61749187760151,54.02575572739697,3.4082638497954605,True,675.4471651818244,,,,,,,0,,,,,,,,,,,,,,,,,,,,
ridge_affine_multibranch,unseen_well,3,tr00058,1856,2560.3770607120396,1.1745269271237737,2.07043254723461,1.0509066764464228,5173,1856,0.0684307867406459,50.60592609336871,True,0.03156636399944546,50.61749187760151,54.02575572739697,3.4082638497954605,True,675.4471651818244,,,,,,,0,,,,,,,,,,,,,,,,,,,,
ridge_gated_gbdt,unseen_well,3,tr00058,1856,4030.1106304108107,1.4735656801781616,2.3910738464544536,1.376259469291218,5173,1856,0.0684307867406459,50.60592609336871,True,0.04409931400005007,50.61749187760151,54.02575572739697,3.4082638497954605,True,675.4471651818244,0.9836805498986534,1.0,,True,,,1856,1.0,,,,,,,,,,,,,,,,,,,
ridge_default,unseen_well,3,tr00026,2443,6075.707054587205,1.5770181054856522,2.3995385813913295,1.1304319644587955,6113,2443,0.0,6.7587508657699615,True,0.015967155999533134,-7.411691849463267,6.745302630240587,14.156994479703854,True,673.0731024866623,,,,,,,0,,,,,,,,,,,,,,,,,,,,
ridge_affine_cal,unseen_well,3,tr00026,2443,6705.5981941992695,1.656750192715838,2.5230363900044157,1.232968807914445,6113,2443,0.0,6.7587508657699615,True,0.024095075999866822,-7.411691849463267,6.745302630240587,14.156994479703854,True,673.0731024866623,,,,,,,0,,,,,,,,,,,,,,,,,,,,
ridge_multibranch,unseen_well,3,tr00026,2443,7658.295316329553,1.770534204629327,2.6689896284296424,1.3732448978182374,6113,2443,0.0,6.7587508657699615,True,0.024788381000689697,-7.411691849463267,6.745302630240587,14.156994479703854,True,673.0731024866623,,,,,,,0,,,,,,,,,,,,,,,,,,,,
ridge_affine_multibranch,unseen_well,3,tr00026,2443,9270.571063561933,1.948011472164993,2.889983374905764,1.6107058055544583,6113,2443,0.0,6.7587508657699615,True,0.031851118999838945,-7.411691849463267,6.745302630240587,14.156994479703854,True,673.0731024866623,,,,,,,0,,,,,,,,,,,,,,,,,,,,
ridge_gated_gbdt,unseen_well,3,tr00026,2443,6075.707054587205,1.5770181054856522,2.3995385813913295,1.1304319644587955,6113,2443,0.0,6.7587508657699615,True,0.04549915000006877,-7.411691849463267,6.745302630240587,14.156994479703854,True,673.0731024866623,0.9806019152417781,1.0,,True,,,2443,1.0,,,,,,,,,,,,,,,,,,,
ridge_default,unseen_well,3,tr0001b,2571,13879.442096218398,2.323458749068397,4.17285119073739,-1.978870422103416,2650,2571,0.0,17.16388288632683,True,0.014675477999844588,17.168546608842846,26.12025686861092,8.951710259768074,True,681.9840281719487,,,,,,,0,,,,,,,,,,,,,,,,,,,,
ridge_affine_cal,unseen_well,3,tr0001b,2571,14037.258960320916,2.3366309109757055,4.179394606627,-1.9910766403137206,2650,2571,0.0,17.16388288632683,True,0.023194845000034547,17.168546608842846,26.12025686861092,8.951710259768074,True,681.9840281719487,,,,,,,0,,,,,,,,,,,,,,,,,,,,
ridge_multibranch,unseen_well,3,tr0001b,2571,13601.957359438577,2.3001156143839165,4.1456231958432355,-1.9525249423880666,2650,2571,0.0,17.16388288632683,True,0.024448443000437692,17.168546608842846,26.12025686861092,8.951710259768074,True,681.9840281719487,,,,,,,0,,,,,,,,,,,,,,,,,,,,
ridge_affine_multibranch,unseen_well,3,tr0001b,2571,14588.04555706296,2.382031592324329,4.239498485064029,-2.0412611497269766,2650,2571,0.0,17.16388288632683,True,0.03274178499941627,17.168546608842846,26.12025686861092,8.951710259768074,True,681.9840281719487,,,,,,,0,,,,,,,,,,,,,,,,,,,,
ridge_gated_gbdt,unseen_well,3,tr0001b,2571,13879.442096218398,2.323458749068397,4.17285119073739,-1.978870422103416,2650,2571,0.0,17.16388288632683,True,0.04255802500028949,17.168546608842846,26.12025686861092,8.951710259768074,True,681.9840281719487,0.8822677304974893,1.0,,True,,,2571,1.0,,,,,,,,,,,,,,,,,,,
ridge_default,unseen_well,3,tr0009f,1947,402.11725320629733,0.4544576076010502,0.8319331518878903,0.1056102418849653,4256,1947,0.729163308076737,-2.288951889051435,True,0.01505218900001637,-4.112222824763061,-2.3008750031698515,1.811347821593209,True,654.6467367029725,,,,,,,0,,,,,,,,,,,,,,,,,,,,
ridge_affine_cal,unseen_well,3,tr0009f,1947,543.199521496973,0.5281979527571582,1.0259356144792657,0.3080257934095156,4256,1947,0.729163308076737,-2.288951889051435,True,0.023251065999829734,-4.112222824763061,-2.3008750031698515,1.811347821593209,True,654.6467367029725,,,,,,,0,,,,,,,,,,,,,,,,,,,,
ridge_multibranch,unseen_well,3,tr0009f,1947,377.0586817098122,0.4400697297958528,0.7645653859610899,-0.08152907628118655,4256,1947,0.729163308076737,-2.288951889051435,True,0.022566317999917374,-4.112222824763061,-2.3008750031698515,1.811347821593209,True,654.6467367029725,,,,,,,0,,,,,,,,,,,,,,,,,,,,
ridge_affine_multibranch,unseen_well,3,tr0009f,1947,371.38020351086016,0.43674344873832976,0.8087132630834708,0.09603958636093493,4256,1947,0.729163308076737,-2.288951889051435,True,0.030465378000371857,-4.112222824763061,-2.3008750031698515,1.811347821593209,True,654.6467367029725,,,,,,,0,,,,,,,,,,,,,,,,,,,,
ridge_gated_gbdt,unseen_well,3,tr0009f,1947,402.11725320629733,0.4544576076010502,0.8319331518878903,0.1056102418849653,4256,1947,0.729163308076737,-2.288951889051435,True,0.04094440700009727,-4.112222824763061,-2.3008750031698515,1.811347821593209,True,654.6467367029725,0.0,0.0,,False,insufficient_hidden_gr_rows,,1947,1.0,,,,,,,,,,,,,,,,,,,
ridge_default,unseen_well,3,tr000b2,1372,362.85629402392254,0.5142689155589201,0.9920669633439587,0.18881028790750173,2393,1372,0.023373173970783534,23.096667857427168,True,0.014211439000064274,20.113399296726357,23.129975386086706,3.016576089360349,True,655.2478356160209,,,,,,,0,,,,,,,,,,,,,,,,,,,,
ridge_affine_cal,unseen_well,3,tr000b2,1372,361.5655783191899,0.5133534480485314,0.9922677240640638,0.17641005419518135,2393,1372,0.023373173970783534,23.096667857427168,True,0.022288125000159198,20.113399296726357,23.129975386086706,3.016576089360349,True,655.2478356160209,,,,,,,0,,,,,,,,,,,,,,,,,,,,
ridge_multibranch,unseen_well,3,tr000b2,1372,314.3756556335586,0.47868233228636975,1.0559840284520021,-0.08325023554481088,2393,1372,0.023373173970783534,23.096667857427168,True,0.023901349999505328,20.113399296726357,23.129975386086706,3.016576089360349,True,655.2478356160209,,,,,,,0,,,,,,,,,,,,,,,,,,,,
ridge_affine_multibranch,unseen_well,3,tr000b2,1372,457.36602078749644,0.5773709015947889,1.2681394141456188,-0.3311678508729509,2393,1372,0.023373173970783534,23.096667857427168,True,0.030804891999650863,20.113399296726357,23.129975386086706,3.016576089360349,True,655.2478356160209,,,,,,,0,,,,,,,,,,,,,,,,,,,,
ridge_gated_gbdt,unseen_well,3,tr000b2,1372,199.32604941782512,0.381157942494571,0.6171073563648122,0.35183380386713003,2393,1372,0.023373173970783534,23.096667857427168,True,0.041253383999901416,20.113399296726357,23.129975386086706,3.016576089360349,True,655.2478356160209,0.8972067857938921,1.0,,True,,,0,0.0,,,,,,,,,,,,,,,,,,,
ridge_default,unseen_well,3,tr00051,1395,457.4021123070454,0.5726140225824871,0.8500625167803797,-0.5567678271008428,2627,1395,0.19666832421680755,-7.029987476385142,True,0.014298156000222662,-9.071527884863515,-7.016054643050679,2.0554732418128365,True,639.2149481460586,,,,,,,0,,,,,,,,,,,,,,,,,,,,
ridge_affine_cal,unseen_well,3,tr00051,1395,2711.368720852177,1.3941425650378465,1.7376511096074534,-1.3870381145858288,2627,1395,0.19666832421680755,-7.029987476385142,True,0.022223617999770795,-9.071527884863515,-7.016054643050679,2.0554732418128365,True,639.2149481460586,,,,,,,0,,,,,,,,,,,,,,,,,,,,
ridge_multibranch,unseen_well,3,tr00051,1395,1023.0512189886174,0.8563702759053504,1.1352672544433169,-0.8469939693804795,2627,1395,0.19666832421680755,-7.029987476385142,True,0.02369803600049636,-9.071527884863515,-7.016054643050679,2.0554732418128365,True,639.2149481460586,,,,,,,0,,,,,,,,,,,,,,,,,,,,
ridge_affine_multibranch,unseen_well,3,tr00051,1395,3263.0100528902485,1.5294035787624407,1.8944735007307916,-1.5231528862588994,2627,1395,0.19666832421680755,-7.029987476385142,True,0.03018729199993686,-9.071527884863515,-7.016054643050679,2.0554732418128365,True,639.2149481460586,,,,,,,0,,,,,,,,,,,,,,,,,,,,
ridge_gated_gbdt,unseen_well,3,tr00051,1395,12.700724191123237,0.09541730338754824,0.18116039119404626,0.03936080923252164,2627,1395,0.19666832421680755,-7.029987476385142,True,0.0410331019993464,-9.071527884863515,-7.016054643050679,2.0554732418128365,True,639.2149481460586,0.723125251667419,1.0,,True,,,0,0.0,,,,,,,,,,,,,,,,,,,
ridge_default,unseen_well,3,tr000ad,3617,1143.6267949023195,0.5622997711156527,1.0059246933104795,0.40338230648745727,4463,3617,0.5429455445544554,-11.473235981692117,True,0.01585811899985856,-16.969611247642735,-11.477098680529688,5.492512567113048,True,684.7251349092874,,,,,,,0,,,,,,,,,,,,,,,,,,,,
ridge_affine_cal,unseen_well,3,tr000ad,3617,1514.1138869403642,0.6470010969015909,1.1089286309212625,0.5306703078409809,4463,3617,0.5429455445544554,-11.473235981692117,True,0.023514047000389837,-16.969611247642735,-11.477098680529688,5.492512567113048,True,684.7251349092874,,,,,,,0,,,,,,,,,,,,,,,,,,,,
ridge_multibranch,unseen_well,3,tr000ad,3617,829.7501867812796,0.47896019840527704,0.8750291283647691,0.23815574435423206,4463,3617,0.5429455445544554,-11.473235981692117,True,0.023954774000230827,-16.969611247642735,-11.477098680529688,5.492512567113048,True,684.7251349092874,,,,,,,0,,,,,,,,,,,,,,,,,,,,
ridge_affine_multibranch,unseen_well,3,tr000ad,3617,729.7635131638804,0.44917628452166525,0.8256755771578312,0.22787222610477906,4463,3617,0.5429455445544554,-11.473235981692117,True,0.03196185199976753,-16.969611247642735,-11.477098680529688,5.492512567113048,True,684.7251349092874,,,,,,,0,,,,,,,,,,,,,,,,,,,,
ridge_gated_gbdt,unseen_well,3,tr000ad,3617,1143.6267949023195,0.5622997711156527,1.0059246933104795,0.40338230648745727,4463,3617,0.5429455445544554,-11.473235981692117,True,0.04493862099934631,-16.969611247642735,-11.477098680529688,5.492512567113048,True,684.7251349092874,0.0,0.0,,False,insufficient_hidden_gr_rows,,3617,1.0,,,,,,,,,,,,,,,,,,,
ridge_default,unseen_well,3,tr000a3,2433,779.3571049321284,0.5659749307603015,1.025759894869796,-0.4842132927136719,2501,2433,0.11978111066072153,-7.180910164471143,True,0.015389363999929628,-8.410702239881829,-7.156221991812847,1.2544802480689814,True,669.3007745097375,,,,,,,0,,,,,,,,,,,,,,,,,,,,
ridge_affine_cal,unseen_well,3,tr000a3,2433,1445.3519759666465,0.7707539441372069,1.2367038139833042,-0.7176202731627856,2501,2433,0.11978111066072153,-7.180910164471143,True,0.023206435999782116,-8.410702239881829,-7.156221991812847,1.2544802480689814,True,669.3007745097375,,,,,,,0,,,,,,,,,,,,,,,,,,,,
ridge_multibranch,unseen_well,3,tr000a3,2433,867.94018910114,0.5972743230504696,1.0701267217941446,-0.5205505379316422,2501,2433,0.11978111066072153,-7.180910164471143,True,0.024293787000715383,-8.410702239881829,-7.156221991812847,1.2544802480689814,True,669.3007745097375,,,,,,,0,,,,,,,,,,,,,,,,,,,,
ridge_affine_multibranch,unseen_well,3,tr000a3,2433,1972.28404566683,0.9003547836282728,1.373702966300229,-0.8575991346194116,2501,2433,0.11978111066072153,-7.180910164471143,True,0.03167727100026241,-8.410702239881829,-7.156221991812847,1.2544802480689814,True,669.3007745097375,,,,,,,0,,,,,,,,,,,,,,,,,,,,
ridge_gated_gbdt,unseen_well,3,tr000a3,2433,779.3571049321284,0.5659749307603015,1.025759894869796,-0.4842132927136719,2501,2433,0.11978111066072153,-7.180910164471143,True,0.04208987000038178,-8.410702239881829,-7.156221991812847,1.2544802480689814,True,669.3007745097375,0.8977706612506127,1.0,,True,,,2433,1.0,,,,,,,,,,,,,,,,,,,
ridge_default,unseen_well,3,tr00092,1842,1527.0870908478169,0.9105149689069325,2.0091770611236743,-0.8982544155260198,2772,1842,0.09037711313394019,17.836104376696518,True,0.015148638000027859,15.811786812560372,17.84106488043247,2.029278067872097,True,642.8619279863559,,,,,,,0,,,,,,,,,,,,,,,,,,,,
ridge_affine_cal,unseen_well,3,tr00092,1842,1899.5508568814435,1.0155016883731565,1.8568989087192094,-1.0123339934923348,2772,1842,0.09037711313394019,17.836104376696518,True,0.022965226999986044,15.811786812560372,17.84106488043247,2.029278067872097,True,642.8619279863559,,,,,,,0,,,,,,,,,,,,,,,,,,,,
ridge_multibranch,unseen_well,3,tr00092,1842,3129.8187127187543,1.3035112342628608,2.3547266369179987,-1.2944603069015308,2772,1842,0.09037711313394019,17.836104376696518,True,0.023729823999929067,15.811786812560372,17.84106488043247,2.029278067872097,True,642.8619279863559,,,,,,,0,,,,,,,,,,,,,,,,,,,,
ridge_affine_multibranch,unseen_well,3,tr00092,1842,2709.938034608457,1.2129275687258805,1.909701026599647,-1.210333702754958,2772,1842,0.09037711313394019,17.836104376696518,True,0.030479164999633213,15.811786812560372,17.84106488043247,2.029278067872097,True,642.8619279863559,,,,,,,0,,,,,,,,,,,,,,,,,,,,
ridge_gated_gbdt,unseen_well,3,tr00092,1842,450.9716474746526,0.49480013154977937,0.958485165585163,-0.44775057662851453,2772,1842,0.09037711313394019,17.836104376696518,True,0.0415974819998155,15.811786812560372,17.84106488043247,2.029278067872097,True,642.8619279863559,0.6307272077784472,1.0,,True,,,0,0.0,,,,,,,,,,,,,,,,,,,
ridge_default,unseen_well,3,tr000e8,2929,984.5183354348098,0.5797653000593329,1.1666289984510225,0.13612447418505425,4364,2929,0.0,14.459250353588072,True,0.015417724999679194,7.836571262986206,14.468872605043709,6.632301342057502,True,662.7835819262406,,,,,,,0,,,,,,,,,,,,,,,,,,,,
ridge_affine_cal,unseen_well,3,tr000e8,2929,963.9375506223363,0.5736734666790618,1.1415680920045386,0.11686664591766463,4364,2929,0.0,14.459250353588072,True,0.023694491000242124,7.836571262986206,14.468872605043709,6.632301342057502,True,662.7835819262406,,,,,,,0,,,,,,,,,,,,,,,,,,,,
ridge_multibranch,unseen_well,3,tr000e8,2929,1096.9692345773833,0.6119804349607902,1.2100715741045072,-0.2115769213801711,4364,2929,0.0,14.459250353588072,True,0.024123469999722147,7.836571262986206,14.468872605043709,6.632301342057502,True,662.7835819262406,,,,,,,0,,,,,,,,,,,,,,,,,,,,
ridge_affine_multibranch,unseen_well,3,tr000e8,2929,1192.4184677945543,0.6380499235550741,1.263275608993272,-0.32112671037114304,4364,2929,0.0,14.459250353588072,True,0.03225420400030998,7.836571262986206,14.468872605043709,6.632301342057502,True,662.7835819262406,,,,,,,0,,,,,,,,,,,,,,,,,,,,
ridge_gated_gbdt,unseen_well,3,tr000e8,2929,984.5183354348098,0.5797653000593329,1.1666289984510225,0.13612447418505425,4364,2929,0.0,14.459250353588072,True,0.04465246899962949,7.836571262986206,14.468872605043709,6.632301342057502,True,662.7835819262406,0.8672448357515238,1.0,,True,,,2929,1.0,,,,,,,,,,,,,,,,,,,
ridge_default,unseen_well,3,tr00080,2691,5118.773673654141,1.3791964002229748,2.31294453574926,1.1677301386654952,6019,2691,0.08358208955223881,40.04198636343594,True,0.01592564700058574,37.92004829797535,40.04099822520722,2.1209499272318695,True,651.0007908217459,,,,,,,0,,,,,,,,,,,,,,,,,,,,
ridge_affine_cal,unseen_well,3,tr00080,2691,5543.97930057742,1.4353372345212827,2.380587323911854,1.238353643999597,6019,2691,0.08358208955223881,40.04198636343594,True,0.02342108500033646,37.92004829797535,40.04099822520722,2.1209499272318695,True,651.0007908217459,,,,,,,0,,,,,,,,,,,,,,,,,,,,
ridge_multibranch,unseen_well,3,tr00080,2691,4139.596750550213,1.2402869374905268,2.1559754879497746,0.9939602526386014,6019,2691,0.08358208955223881,40.04198636343594,True,0.024236684999777935,37.92004829797535,40.04099822520722,2.1209499272318695,True,651.0007908217459,,,,,,,0,,,,,,,,,,,,,,,,,,,,
ridge_affine_multibranch,unseen_well,3,tr00080,2691,4708.2316484869225,1.3227326152114347,2.253806399652241,1.1051113574489035,6019,2691,0.08358208955223881,40.04198636343594,True,0.031541943999400246,37.92004829797535,40.04099822520722,2.1209499272318695,True,651.0007908217459,,,,,,,0,,,,,,,,,,,,,,,,,,,,
ridge_gated_gbdt,unseen_well,3,tr00080,2691,5118.773673654141,1.3791964002229748,2.31294453574926,1.1677301386654952,6019,2691,0.08358208955223881,40.04198636343594,True,0.04409269099960511,37.92004829797535,40.04099822520722,2.1209499272318695,True,651.0007908217459,0.9314898310341903,0.9,,True,,,2691,1.0,,,,,,,,,,,,,,,,,,,
ridge_default,unseen_well,3,tr0003f,1739,668.18119875792,0.6198653134038967,1.0929525465462753,-0.5497087652647913,4016,1739,0.06046915725456125,-5.027034759856612,True,0.014713563999976031,-8.722268401868913,-5.024837547409479,3.6974308544594336,True,717.7669568230979,,,,,,,0,,,,,,,,,,,,,,,,,,,,
ridge_affine_cal,unseen_well,3,tr0003f,1739,339.75857614184594,0.4420133872058024,0.8813230998058987,-0.3373311055585341,4016,1739,0.06046915725456125,-5.027034759856612,True,0.022952506000365247,-8.722268401868913,-5.024837547409479,3.6974308544594336,True,717.7669568230979,,,,,,,0,,,,,,,,,,,,,,,,,,,,
ridge_multibranch,unseen_well,3,tr0003f,1739,659.0091041794147,0.6155961799771208,1.0809193183547112,-0.5492007265404931,4016,1739,0.06046915725456125,-5.027034759856612,True,0.023803375999705167,-8.722268401868913,-5.024837547409479,3.6974308544594336,True,717.7669568230979,,,,,,,0,,,,,,,,,,,,,,,,,,,,
ridge_affine_multibranch,unseen_well,3,tr0003f,1739,146.450882448267,0.2901991963734078,0.5846335659523376,-0.024511487571691352,4016,1739,0.06046915725456125,-5.027034759856612,True,0.031178552000710624,-8.722268401868913,-5.024837547409479,3.6974308544594336,True,717.7669568230979,,,,,,,0,,,,,,,,,,,,,,,,,,,,
ridge_gated_gbdt,unseen_well,3,tr0003f,1739,668.18119875792,0.6198653134038967,1.0929525465462753,-0.5497087652647913,4016,1739,0.06046915725456125,-5.027034759856612,True,0.0426544299998568,-8.722268401868913,-5.024837547409479,3.6974308544594336,True,717.7669568230979,0.7849372209057769,1.0,,True,,,1739,1.0,,,,,,,,,,,,,,,,,,,
ridge_default,unseen_well,3,tr00031,2623,6336.646348419353,1.5542847628616199,2.320359624886093,-1.4514978649917112,3343,2623,0.0,11.943204172432312,True,0.014964259999942442,11.803045891896703,13.87398887407047,2.070942982173767,True,645.138663859885,,,,,,,0,,,,,,,,,,,,,,,,,,,,
ridge_affine_cal,unseen_well,3,tr00031,2623,6803.4510103024,1.6105176386942586,2.3870573801993764,-1.5131041355883446,3343,2623,0.0,11.943204172432312,True,0.02299629300068773,11.803045891896703,13.87398887407047,2.070942982173767,True,645.138663859885,,,,,,,0,,,,,,,,,,,,,,,,,,,,
ridge_multibranch,unseen_well,3,tr00031,2623,4971.9512877042525,1.3767791716250675,2.1517500635979037,-1.2528310546618266,3343,2623,0.0,11.943204172432312,True,0.024415156000031857,11.803045891896703,13.87398887407047,2.070942982173767,True,645.138663859885,,,,,,,0,,,,,,,,,,,,,,,,,,,,
ridge_affine_multibranch,unseen_well,3,tr00031,2623,6670.904384113497,1.5947522098414908,2.4136125115018334,-1.4865799054670499,3343,2623,0.0,11.943204172432312,True,0.031079811000381596,11.803045891896703,13.87398887407047,2.070942982173767,True,645.138663859885,,,,,,,0,,,,,,,,,,,,,,,,,,,,
ridge_gated_gbdt,unseen_well,3,tr00031,2623,757.804649060166,0.5375012608697642,1.2600644285390459,0.33181271442793736,3343,2623,0.0,11.943204172432312,True,0.04264243499983422,11.803045891896703,13.87398887407047,2.070942982173767,True,645.138663859885,0.9273230192549311,1.0,,True,,,0,0.0,,,,,,,,,,,,,,,,,,,
ridge_default,unseen_well,3,tr00060,1532,62.69833933084184,0.20230128265211395,0.3378017812332388,0.17102032232843442,3561,1532,0.0,15.423086265012294,True,0.016167143000529904,15.38890434265272,18.374021416589432,2.9851170739367117,True,678.3226931240591,,,,,,,0,,,,,,,,,,,,,,,,,,,,
ridge_affine_cal,unseen_well,3,tr00060,1532,35.98444808028555,0.15325972443321717,0.29327266335421776,0.10072238823359042,3561,1532,0.0,15.423086265012294,True,0.023062188999574573,15.38890434265272,18.374021416589432,2.9851170739367117,True,678.3226931240591,,,,,,,0,,,,,,,,,,,,,,,,,,,,
ridge_multibranch,unseen_well,3,tr00060,1532,445.8486877832414,0.5394663545015496,0.7594108140892359,-0.5283623298983303,3561,1532,0.0,15.423086265012294,True,0.024960438999187318,15.38890434265272,18.374021416589432,2.9851170739367117,True,678.3226931240591,,,,,,,0,,,,,,,,,,,,,,,,,,,,
ridge_affine_multibranch,unseen_well,3,tr00060,1532,825.1434993145812,0.7338974160651935,0.9407825294803267,-0.7237964028543874,3561,1532,0.0,15.423086265012294,True,0.030708235000020068,15.38890434265272,18.374021416589432,2.9851170739367117,True,678.3226931240591,,,,,,,0,,,,,,,,,,,,,,,,,,,,
ridge_gated_gbdt,unseen_well,3,tr00060,1532,62.69833933084184,0.20230128265211395,0.3378017812332388,0.17102032232843442,3561,1532,0.0,15.423086265012294,True,0.041542674000083935,15.38890434265272,18.374021416589432,2.9851170739367117,True,678.3226931240591,0.7430411962765362,1.0,,True,,,1532,1.0,,,,,,,,,,,,,,,,,,,
ridge_default,unseen_well,3,tr00038,2964,1779.5142790611985,0.7748392979224742,1.4791037820690036,0.5753841446437704,5034,2964,0.06001500375093773,13.482515649623249,True,0.015641402000255766,12.326322447138018,13.58531489245076,1.2589924453127423,True,688.0028656959453,,,,,,,0,,,,,,,,,,,,,,,,,,,,
ridge_affine_cal,unseen_well,3,tr00038,2964,2168.618593059759,0.8553669953381524,1.5895655981143637,0.6796109957880361,5034,2964,0.06001500375093773,13.482515649623249,True,0.02382238999962283,12.326322447138018,13.58531489245076,1.2589924453127423,True,688.0028656959453,,,,,,,0,,,,,,,,,,,,,,,,,,,,
ridge_multibranch,unseen_well,3,tr00038,2964,2216.326850360404,0.8647245804223683,1.5980768178931424,0.6907580494849916,5034,2964,0.06001500375093773,13.482515649623249,True,0.02583924200007459,12.326322447138018,13.58531489245076,1.2589924453127423,True,688.0028656959453,,,,,,,0,,,,,,,,,,,,,,,,,,,,
ridge_affine_multibranch,unseen_well,3,tr00038,2964,2705.878080266497,0.9554655054337214,1.696952361453862,0.8103681821975969,5034,2964,0.06001500375093773,13.482515649623249,True,0.03277614299986453,12.326322447138018,13.58531489245076,1.2589924453127423,True,688.0028656959453,,,,,,,0,,,,,,,,,,,,,,,,,,,,
ridge_gated_gbdt,unseen_well,3,tr00038,2964,1779.5142790611985,0.7748392979224742,1.4791037820690036,0.5753841446437704,5034,2964,0.06001500375093773,13.482515649623249,True,0.04505065699959232,12.326322447138018,13.58531489245076,1.2589924453127423,True,688.0028656959453,0.8940450241462252,1.0,,True,,,2964,1.0,,,,,,,,,,,,,,,,,,,
ridge_default,unseen_well,3,tr000a6,1643,314.1064283545748,0.4372397432002553,0.8775412205157522,0.38860167760338243,4841,1643,0.0,24.77495852574219,True,0.01530736299991986,24.73632771288113,25.63846759468819,0.9021398818070594,True,647.3398975700431,,,,,,,0,,,,,,,,,,,,,,,,,,,,
ridge_affine_cal,unseen_well,3,tr000a6,1643,622.2577914788068,0.6154126086846633,1.0674098553499185,0.5836874519347611,4841,1643,0.0,24.77495852574219,True,0.023730171999886807,24.73632771288113,25.63846759468819,0.9021398818070594,True,647.3398975700431,,,,,,,0,,,,,,,,,,,,,,,,,,,,
ridge_multibranch,unseen_well,3,tr000a6,1643,373.3896297086237,0.4767188714059993,0.9308788842365132,0.43057156940643765,4841,1643,0.0,24.77495852574219,True,0.02487599800042517,24.73632771288113,25.63846759468819,0.9021398818070594,True,647.3398975700431,,,,,,,0,,,,,,,,,,,,,,,,,,,,
ridge_affine_multibranch,unseen_well,3,tr000a6,1643,899.4286987025004,0.7398856233689,1.212469443961968,0.7123591084452382,4841,1643,0.0,24.77495852574219,True,0.031935173999954714,24.73632771288113,25.63846759468819,0.9021398818070594,True,647.3398975700431,,,,,,,0,,,,,,,,,,,,,,,,,,,,
ridge_gated_gbdt,unseen_well,3,tr000a6,1643,314.1064283545748,0.4372397432002553,0.8775412205157522,0.38860167760338243,4841,1643,0.0,24.77495852574219,True,0.04296280700054922,24.73632771288113,25.63846759468819,0.9021398818070594,True,647.3398975700431,0.8756562744432131,1.0,,True,,,1643,1.0,,,,,,,,,,,,,,,,,,,
ridge_default,unseen_well,3,tr000e0,1732,1284.4313571052091,0.861155353791222,1.6729082312623476,0.6586733267950017,2192,1732,0.0,22.330221158335952,True,0.014443390000451473,21.37752776350799,22.657822127944584,1.2802943644365925,True,641.8777122615029,,,,,,,0,,,,,,,,,,,,,,,,,,,,
ridge_affine_cal,unseen_well,3,tr000e0,1732,1650.6164008183418,0.9762232217907321,1.8487492847595064,0.8000967968496153,2192,1732,0.0,22.330221158335952,True,0.023461593000320136,21.37752776350799,22.657822127944584,1.2802943644365925,True,641.8777122615029,,,,,,,0,,,,,,,,,,,,,,,,,,,,
ridge_multibranch,unseen_well,3,tr000e0,1732,840.7238256185896,0.6967111064355114,1.432480132383457,0.43905016329567836,2192,1732,0.0,22.330221158335952,True,0.02495859600003314,21.37752776350799,22.657822127944584,1.2802943644365925,True,641.8777122615029,,,,,,,0,,,,,,,,,,,,,,,,,,,,
ridge_affine_multibranch,unseen_well,3,tr000e0,1732,1073.685823214056,0.7873442597618527,1.6058166254811006,0.5662267049937406,2192,1732,0.0,22.330221158335952,True,0.03190065400031017,21.37752776350799,22.657822127944584,1.2802943644365925,True,641.8777122615029,,,,,,,0,,,,,,,,,,,,,,,,,,,,
ridge_gated_gbdt,unseen_well,3,tr000e0,1732,173.45631656757243,0.31646167031783423,0.6565373552754394,0.23157060646053973,2192,1732,0.0,22.330221158335952,True,0.040861303999918164,21.37752776350799,22.657822127944584,1.2802943644365925,True,641.8777122615029,0.927769369471832,1.0,,True,,,0,0.0,,,,,,,,,,,,,,,,,,,
ridge_default,unseen_well,3,tr00007,1758,5248.060145146417,1.7277860627679995,2.821285382827938,1.4951791500245295,4708,1758,0.0,12.78697650542172,True,0.015493041999434354,12.748402714878775,14.724531679488356,1.9761289646095808,True,659.164581966167,,,,,,,0,,,,,,,,,,,,,,,,,,,,
ridge_affine_cal,unseen_well,3,tr00007,1758,3871.54261933208,1.4839955098020592,2.53588515723731,1.2091881515755165,4708,1758,0.0,12.78697650542172,True,0.023937113000101817,12.748402714878775,14.724531679488356,1.9761289646095808,True,659.164581966167,,,,,,,0,,,,,,,,,,,,,,,,,,,,
ridge_multibranch,unseen_well,3,tr00007,1758,4449.087168219241,1.5908382404543668,2.6434285105876683,1.3414388732061922,4708,1758,0.0,12.78697650542172,True,0.02447130600012315,12.748402714878775,14.724531679488356,1.9761289646095808,True,659.164581966167,,,,,,,0,,,,,,,,,,,,,,,,,,,,
ridge_affine_multibranch,unseen_well,3,tr00007,1758,2202.547760269007,1.119317340372207,2.0307728226340274,0.7318396241871403,4708,1758,0.0,12.78697650542172,True,0.03222273299979861,12.748402714878775,14.724531679488356,1.9761289646095808,True,659.164581966167,,,,,,,0,,,,,,,,,,,,,,,,,,,,
ridge_gated_gbdt,unseen_well,3,tr00007,1758,210.57876178729342,0.3460970108920381,0.5350907353977448,0.30395083828662545,4708,1758,0.0,12.78697650542172,True,0.04317883099975006,12.748402714878775,14.724531679488356,1.9761289646095808,True,659.164581966167,0.8513017851197626,1.0,,True,,,0,0.0,,,,,,,,,,,,,,,,,,,
ridge_default,unseen_well,3,tr0007f,3670,39823.43490792488,3.2940965653720413,4.981869869709376,2.9122787815165982,4521,3670,0.1078012452691979,-7.431353202718895,True,0.015741872000035073,-9.795996850503291,-7.224879994853878,2.5711168556494135,True,674.776286308792,,,,,,,0,,,,,,,,,,,,,,,,,,,,
ridge_affine_cal,unseen_well,3,tr0007f,3670,40156.61841699624,3.307847922636488,5.020037531879216,2.9218547753196904,4521,3670,0.1078012452691979,-7.431353202718895,True,0.02372207500047807,-9.795996850503291,-7.224879994853878,2.5711168556494135,True,674.776286308792,,,,,,,0,,,,,,,,,,,,,,,,,,,,
ridge_multibranch,unseen_well,3,tr0007f,3670,44625.71498164621,3.487061135518903,5.178394557920088,3.136850688992317,4521,3670,0.1078012452691979,-7.431353202718895,True,0.024783484999716165,-9.795996850503291,-7.224879994853878,2.5711168556494135,True,674.776286308792,,,,,,,0,,,,,,,,,,,,,,,,,,,,
ridge_affine_multibranch,unseen_well,3,tr0007f,3670,43879.242173220664,3.457773384339165,5.152031909492602,3.1063035916615247,4521,3670,0.1078012452691979,-7.431353202718895,True,0.0323463830000037,-9.795996850503291,-7.224879994853878,2.5711168556494135,True,674.776286308792,,,,,,,0,,,,,,,,,,,,,,,,,,,,
ridge_gated_gbdt,unseen_well,3,tr0007f,3670,6220.304355134413,1.3018854860692297,3.26685468746148,-0.5874381307665889,4521,3670,0.1078012452691979,-7.431353202718895,True,0.044692896000015025,-9.795996850503291,-7.224879994853878,2.5711168556494135,True,674.776286308792,0.8809243321444351,0.4,,True,,,0,0.0,,,,,,,,,,,,,,,,,,,
ridge_default,unseen_well,3,tr000b6,2009,4273.983161460348,1.4585671732338605,1.6873801439184497,1.438255845095552,4428,2009,0.060742581948112474,5.883320590740002,True,0.014787147999413719,4.484952978251615,6.388790226200031,1.9038372479484167,True,685.6238159760031,,,,,,,0,,,,,,,,,,,,,,,,,,,,
ridge_affine_cal,unseen_well,3,tr000b6,2009,4386.574201397032,1.4776540609497308,1.74163311208674,1.4587867826885652,4428,2009,0.060742581948112474,5.883320590740002,True,0.022704144999806886,4.484952978251615,6.388790226200031,1.9038372479484167,True,685.6238159760031,,,,,,,0,,,,,,,,,,,,,,,,,,,,
ridge_multibranch,unseen_well,3,tr000b6,2009,4800.714115375672,1.5458343508946903,1.8030389063643932,1.5265728492369197,4428,2009,0.060742581948112474,5.883320590740002,True,0.024412055999164295,4.484952978251615,6.388790226200031,1.9038372479484167,True,685.6238159760031,,,,,,,0,,,,,,,,,,,,,,,,,,,,
ridge_affine_multibranch,unseen_well,3,tr000b6,2009,4957.895772410453,1.5709368524959373,1.8632776819964691,1.554003817078702,4428,2009,0.060742581948112474,5.883320590740002,True,0.03123073300048418,4.484952978251615,6.388790226200031,1.9038372479484167,True,685.6238159760031,,,,,,,0,,,,,,,,,,,,,,,,,,,,
ridge_gated_gbdt,unseen_well,3,tr000b6,2009,4273.983161460348,1.4585671732338605,1.6873801439184497,1.438255845095552,4428,2009,0.060742581948112474,5.883320590740002,True,0.042576007999741705,4.484952978251615,6.388790226200031,1.9038372479484167,True,685.6238159760031,0.9849546688110472,1.0,,True,,,2009,1.0,,,,,,,,,,,,,,,,,,,
ridge_default,unseen_well,3,tr000cf,2997,47696.506627768234,3.9893295543088807,6.711034703520372,3.3704950669365297,2798,2997,0.5848144952545298,10.411172834598736,True,0.014675758000521455,4.482208991261004,10.412849362641523,5.93064037138052,True,643.5419661848304,,,,,,,0,,,,,,,,,,,,,,,,,,,,
ridge_affine_cal,unseen_well,3,tr000cf,2997,43017.73694283927,3.7886144230918974,6.5096578947112285,3.1146373245968357,2798,2997,0.5848144952545298,10.411172834598736,True,0.02350614900024084,4.482208991261004,10.412849362641523,5.93064037138052,True,643.5419661848304,,,,,,,0,,,,,,,,,,,,,,,,,,,,
ridge_multibranch,unseen_well,3,tr000cf,2997,46150.44252220728,3.924140634642981,6.620767149285928,3.3023700268638683,2798,2997,0.5848144952545298,10.411172834598736,True,0.023796131000381138,4.482208991261004,10.412849362641523,5.93064037138052,True,643.5419661848304,,,,,,,0,,,,,,,,,,,,,,,,,,,,
ridge_affine_multibranch,unseen_well,3,tr000cf,2997,35493.171853922744,3.4413515055608226,6.047706995454993,2.7123813507012065,2798,2997,0.5848144952545298,10.411172834598736,True,0.03229440700033592,4.482208991261004,10.412849362641523,5.93064037138052,True,643.5419661848304,,,,,,,0,,,,,,,,,,,,,,,,,,,,
ridge_gated_gbdt,unseen_well,3,tr000cf,2997,1594.0589952699574,0.7293043831670187,1.575089588824385,-0.5903954858984113,2798,2997,0.5848144952545298,10.411172834598736,True,0.043841837999934796,4.482208991261004,10.412849362641523,5.93064037138052,True,643.5419661848304,0.0,0.0,,False,insufficient_hidden_gr_rows,,0,0.0,,,,,,,,,,,,,,,,,,,
ridge_default,unseen_well,4,tr00099,2607,3607.2844662587604,1.1763042881790737,1.4310365576509003,-1.167267698901729,4203,2607,0.10176211453744494,14.120303929862638,True,0.015509254999415134,9.917277688056505,15.724694007066036,5.807416319009532,True,654.561306073783,,,,,,,0,,,,,,,,,,,,,,,,,,,,
ridge_affine_cal,unseen_well,4,tr00099,2607,5167.153769360879,1.4078460846782213,1.672105496143697,-1.4006725935547675,4203,2607,0.10176211453744494,14.120303929862638,True,0.024269441000797087,9.917277688056505,15.724694007066036,5.807416319009532,True,654.561306073783,,,,,,,0,,,,,,,,,,,,,,,,,,,,
ridge_multibranch,unseen_well,4,tr00099,2607,5103.328911380446,1.3991241864873278,1.7082266086760658,-1.3886891671255783,4203,2607,0.10176211453744494,14.120303929862638,True,0.024038849999669765,9.917277688056505,15.724694007066036,5.807416319009532,True,654.561306073783,,,,,,,0,,,,,,,,,,,,,,,,,,,,
ridge_affine_multibranch,unseen_well,4,tr00099,2607,11541.484197451628,2.1040706339437203,2.4268548828535836,-2.0966780424936164,4203,2607,0.10176211453744494,14.120303929862638,True,0.03105786400010402,9.917277688056505,15.724694007066036,5.807416319009532,True,654.561306073783,,,,,,,0,,,,,,,,,,,,,,,,,,,,
ridge_gated_gbdt,unseen_well,4,tr00099,2607,4365.723486166606,1.2940694867964753,1.7284174538473067,-1.250923118429174,4203,2607,0.10176211453744494,14.120303929862638,True,0.04346618300041882,9.917277688056505,15.724694007066036,5.807416319009532,True,654.561306073783,0.0,0.0,,False,insufficient_hidden_gr_rows,,0,0.0,,,,,,,,,,,,,,,,,,,
ridge_default,unseen_well,4,tr000e2,1641,33173.317844162506,4.496143505878057,5.413155547141393,4.367475431530625,3983,1641,0.11130867709815079,32.42297219274662,True,0.014785337999455805,17.078219880176338,33.00478670591787,15.926566825741535,True,720.3630458119482,,,,,,,0,,,,,,,,,,,,,,,,,,,,
ridge_affine_cal,unseen_well,4,tr000e2,1641,32031.281958779568,4.418072818972934,5.415126864012244,4.2919941676164814,3983,1641,0.11130867709815079,32.42297219274662,True,0.022981838999839965,17.078219880176338,33.00478670591787,15.926566825741535,True,720.3630458119482,,,,,,,0,,,,,,,,,,,,,,,,,,,,
ridge_multibranch,unseen_well,4,tr000e2,1641,23430.03914954583,3.778611279159577,4.48446464752195,3.6368012939319274,3983,1641,0.11130867709815079,32.42297219274662,True,0.02399083199998131,17.078219880176338,33.00478670591787,15.926566825741535,True,720.3630458119482,,,,,,,0,,,,,,,,,,,,,,,,,,,,
ridge_affine_multibranch,unseen_well,4,tr000e2,1641,18874.196342346353,3.3914072461576907,4.136529401120082,3.238923996122634,3983,1641,0.11130867709815079,32.42297219274662,True,0.031162639999820385,17.078219880176338,33.00478670591787,15.926566825741535,True,720.3630458119482,,,,,,,0,,,,,,,,,,,,,,,,,,,,
ridge_gated_gbdt,unseen_well,4,tr000e2,1641,33173.317844162506,4.496143505878057,5.413155547141393,4.367475431530625,3983,1641,0.11130867709815079,32.42297219274662,True,0.04235976899963134,17.078219880176338,33.00478670591787,15.926566825741535,True,720.3630458119482,0.5985227732654657,0.9,,True,,,1641,1.0,,,,,,,,,,,,,,,,,,,
ridge_default,unseen_well,4,tr00027,2048,1875.3797973840026,0.9569288331382891,2.1974287099562817,-0.7761717785700271,2237,2048,0.12438739789964995,5.888290479841958,True,0.014488762999462779,5.767462127302439,7.417164471402515,1.649702344100076,True,681.5837798267679,,,,,,,0,,,,,,,,,,,,,,,,,,,,
ridge_affine_cal,unseen_well,4,tr00027,2048,2699.887649282259,1.148174427624611,2.381554579860654,-1.0004569927444615,2237,2048,0.12438739789964995,5.888290479841958,True,0.022428377000323962,5.767462127302439,7.417164471402515,1.649702344100076,True,681.5837798267679,,,,,,,0,,,,,,,,,,,,,,,,,,,,
ridge_multibranch,unseen_well,4,tr00027,2048,1214.069248328705,0.7699397704759123,1.95163911743085,-0.5280631223217256,2237,2048,0.12438739789964995,5.888290479841958,True,0.02332566599943675,5.767462127302439,7.417164471402515,1.649702344100076,True,681.5837798267679,,,,,,,0,,,,,,,,,,,,,,,,,,,,
ridge_affine_multibranch,unseen_well,4,tr00027,2048,1438.8046020930656,0.8381773736004537,2.0112834045120414,-0.6174770478874394,2237,2048,0.12438739789964995,5.888290479841958,True,0.03032772699953057,5.767462127302439,7.417164471402515,1.649702344100076,True,681.5837798267679,,,,,,,0,,,,,,,,,,,,,,,,,,,,
ridge_gated_gbdt,unseen_well,4,tr00027,2048,112.19019493236777,0.23405206390741398,1.027930397689567,0.20375410084815337,2237,2048,0.12438739789964995,5.888290479841958,True,0.041181143000358134,5.767462127302439,7.417164471402515,1.649702344100076,True,681.5837798267679,0.9877587123508136,1.0,,True,,,0,0.0,,,,,,,,,,,,,,,,,,,
ridge_default,unseen_well,4,tr00011,2787,40140.80830157968,3.795111783428643,5.3976686465157195,-3.5756734792497253,6146,2787,0.05877084965856935,3.8806956082837294,True,0.015769079999699898,3.841023424993572,5.91990628509734,2.0788828601037674,True,684.2944678707153,,,,,,,0,,,,,,,,,,,,,,,,,,,,
ridge_affine_cal,unseen_well,4,tr00011,2787,46065.582163906685,4.065554597041313,5.701230315105125,-3.8568094620533597,6146,2787,0.05877084965856935,3.8806956082837294,True,0.024708222999834106,3.841023424993572,5.91990628509734,2.0788828601037674,True,684.2944678707153,,,,,,,0,,,,,,,,,,,,,,,,,,,,
ridge_multibranch,unseen_well,4,tr00011,2787,35865.62983404183,3.5873251853801404,5.170377198413946,-3.3586299000672524,6146,2787,0.05877084965856935,3.8806956082837294,True,0.02479362900066917,3.841023424993572,5.91990628509734,2.0788828601037674,True,684.2944678707153,,,,,,,0,,,,,,,,,,,,,,,,,,,,
ridge_affine_multibranch,unseen_well,4,tr00011,2787,42506.794141875085,3.9053565627565825,5.540075345667622,-3.696934183399042,6146,2787,0.05877084965856935,3.8806956082837294,True,0.03235013900030026,3.841023424993572,5.91990628509734,2.0788828601037674,True,684.2944678707153,,,,,,,0,,,,,,,,,,,,,,,,,,,,
ridge_gated_gbdt,unseen_well,4,tr00011,2787,103.1821752690561,0.1924127538382854,0.45512235125513545,0.16724796033149922,6146,2787,0.05877084965856935,3.8806956082837294,True,0.0457872219994897,3.841023424993572,5.91990628509734,2.0788828601037674,True,684.2944678707153,0.983254121646645,1.0,,True,,,0,0.0,,,,,,,,,,,,,,,,,,,
ridge_default,unseen_well,4,tr00076,2881,10174.390443678538,1.8792413968373345,3.4117340734644905,1.603840019779923,2432,2881,0.2059100319969885,16.047267519322695,True,0.015717781999228464,6.087863166174435,18.118975522188293,12.031112356013859,True,689.6677186279031,,,,,,,0,,,,,,,,,,,,,,,,,,,,
ridge_affine_cal,unseen_well,4,tr00076,2881,11373.35377698274,1.9868846065566728,3.6040994801967674,1.7351511220713163,2432,2881,0.2059100319969885,16.047267519322695,True,0.02416213400010747,6.087863166174435,18.118975522188293,12.031112356013859,True,689.6677186279031,,,,,,,0,,,,,,,,,,,,,,,,,,,,
ridge_multibranch,unseen_well,4,tr00076,2881,14734.405664620224,2.2614900544645966,3.541735073918714,2.0492710236492684,2432,2881,0.2059100319969885,16.047267519322695,True,0.024974460000521503,6.087863166174435,18.118975522188293,12.031112356013859,True,689.6677186279031,,,,,,,0,,,,,,,,,,,,,,,,,,,,
ridge_affine_multibranch,unseen_well,4,tr00076,2881,15979.24169965585,2.3550842811708894,3.729779383227113,2.1517690284859396,2432,2881,0.2059100319969885,16.047267519322695,True,0.031966552999620035,6.087863166174435,18.118975522188293,12.031112356013859,True,689.6677186279031,,,,,,,0,,,,,,,,,,,,,,,,,,,,
ridge_gated_gbdt,unseen_well,4,tr00076,2881,137247.28930001904,6.902084289980642,11.893169977460795,5.281250704124938,2432,2881,0.2059100319969885,16.047267519322695,True,0.043282298000121955,6.087863166174435,18.118975522188293,12.031112356013859,True,689.6677186279031,0.6323805608135336,1.0,,True,,,0,0.0,,,,,,,,,,,,,,,,,,,
ridge_default,unseen_well,4,tr000c5,3186,13204.52849544168,2.035816187763115,3.983415955044542,-1.5195722792188548,5135,3186,0.07162600648960461,19.54022539523374,True,0.01668204300040088,19.492862669803056,28.013868757507453,8.521006087704396,True,683.1247440635293,,,,,,,0,,,,,,,,,,,,,,,,,,,,
ridge_affine_cal,unseen_well,4,tr000c5,3186,10400.988433490193,1.8068180520353354,3.6625309880815387,-1.177492927003181,5135,3186,0.07162600648960461,19.54022539523374,True,0.024510964000000968,19.492862669803056,28.013868757507453,8.521006087704396,True,683.1247440635293,,,,,,,0,,,,,,,,,,,,,,,,,,,,
ridge_multibranch,unseen_well,4,tr000c5,3186,13130.751636021276,2.030120925402743,3.916273417237832,-1.5577062689358934,5135,3186,0.07162600648960461,19.54022539523374,True,0.024896959000216157,19.492862669803056,28.013868757507453,8.521006087704396,True,683.1247440635293,,,,,,,0,,,,,,,,,,,,,,,,,,,,
ridge_affine_multibranch,unseen_well,4,tr000c5,3186,9114.008521888394,1.6913435417178282,3.423404279349203,-1.0812328387857966,5135,3186,0.07162600648960461,19.54022539523374,True,0.033012972000506124,19.492862669803056,28.013868757507453,8.521006087704396,True,683.1247440635293,,,,,,,0,,,,,,,,,,,,,,,,,,,,
ridge_gated_gbdt,unseen_well,4,tr000c5,3186,1341.5830801634693,0.6489121420009358,1.6815227958631382,0.29186288139882754,5135,3186,0.07162600648960461,19.54022539523374,True,0.04658555500009243,19.492862669803056,28.013868757507453,8.521006087704396,True,683.1247440635293,0.9020263509594205,1.0,,True,,,0,0.0,,,,,,,,,,,,,,,,,,,
ridge_default,unseen_well,4,tr000e7,3454,19542.044232398574,2.378613225797378,4.450337687778029,-1.9023239230986473,3802,3454,0.14608599779492834,-5.64605880004301,True,0.017951472999811813,-5.677647498795125,2.8473808260632616,8.525028324858386,True,670.6992528192476,,,,,,,0,,,,,,,,,,,,,,,,,,,,
ridge_affine_cal,unseen_well,4,tr000e7,3454,22931.21848116634,2.5766320198040584,4.76519131347051,-2.103553240410662,3802,3454,0.14608599779492834,-5.64605880004301,True,0.02432138499989378,-5.677647498795125,2.8473808260632616,8.525028324858386,True,670.6992528192476,,,,,,,0,,,,,,,,,,,,,,,,,,,,
ridge_multibranch,unseen_well,4,tr000e7,3454,32327.504928440692,3.0593201465762703,5.314928012883856,-2.6850664202283703,3802,3454,0.14608599779492834,-5.64605880004301,True,0.0248468910003794,-5.677647498795125,2.8473808260632616,8.525028324858386,True,670.6992528192476,,,,,,,0,,,,,,,,,,,,,,,,,,,,
ridge_affine_multibranch,unseen_well,4,tr000e7,3454,36447.61068387391,3.248428896625468,5.619837723911162,-2.8699089577455523,3802,3454,0.14608599779492834,-5.64605880004301,True,0.03299975399932009,-5.677647498795125,2.8473808260632616,8.525028324858386,True,670.6992528192476,,,,,,,0,,,,,,,,,,,,,,,,,,,,
ridge_gated_gbdt,unseen_well,4,tr000e7,3454,2171.1167203976934,0.7928306284713633,1.114607770234592,-0.7178861216006399,3802,3454,0.14608599779492834,-5.64605880004301,True,0.04424578799989831,-5.677647498795125,2.8473808260632616,8.525028324858386,True,670.6992528192476,0.8702455874599703,1.0,,True,,,0,0.0,,,,,,,,,,,,,,,,,,,
ridge_default,unseen_well,4,tr00093,1471,1599.2736497607164,1.0426896304130886,2.1748940222666064,-0.5734075880915435,2791,1471,0.6755044580009385,35.223575726376936,True,0.014559965000444208,35.23652980048713,41.41058362409413,6.174053823606997,True,657.2692845716189,,,,,,,0,,,,,,,,,,,,,,,,,,,,
ridge_affine_cal,unseen_well,4,tr00093,1471,1183.1724605852144,0.8968456167150977,1.7971961457361374,-0.15816620551115787,2791,1471,0.6755044580009385,35.223575726376936,True,0.023047399999995832,35.23652980048713,41.41058362409413,6.174053823606997,True,657.2692845716189,,,,,,,0,,,,,,,,,,,,,,,,,,,,
ridge_multibranch,unseen_well,4,tr00093,1471,15342.514886016646,3.2295494616692615,4.692347465546234,-3.1084403341422786,2791,1471,0.6755044580009385,35.223575726376936,True,0.023254090000591532,35.23652980048713,41.41058362409413,6.174053823606997,True,657.2692845716189,,,,,,,0,,,,,,,,,,,,,,,,,,,,
ridge_affine_multibranch,unseen_well,4,tr00093,1471,11974.559148337019,2.8531422857993483,4.33480404085045,-2.704588559987435,2791,1471,0.6755044580009385,35.223575726376936,True,0.03028088600058254,35.23652980048713,41.41058362409413,6.174053823606997,True,657.2692845716189,,,,,,,0,,,,,,,,,,,,,,,,,,,,
ridge_gated_gbdt,unseen_well,4,tr00093,1471,1599.2736497607164,1.0426896304130886,2.1748940222666064,-0.5734075880915435,2791,1471,0.6755044580009385,35.223575726376936,True,0.04110661199956667,35.23652980048713,41.41058362409413,6.174053823606997,True,657.2692845716189,0.9100679935019993,0.0,,True,,,1471,1.0,,,,,,,,,,,,,,,,,,,
ridge_default,unseen_well,4,tr000ca,3115,18986.440304225394,2.468838882292164,4.599815075921569,-1.9537554534163333,5365,3115,0.0,28.87473035683048,True,0.0162917119996564,28.869337985360147,37.44086906425555,8.571531078895404,True,650.9118580300619,,,,,,,0,,,,,,,,,,,,,,,,,,,,
ridge_affine_cal,unseen_well,4,tr000ca,3115,16335.039278075861,2.289976713352541,4.366002291985588,-1.7294083785994616,5365,3115,0.0,28.87473035683048,True,0.024352938999982143,28.869337985360147,37.44086906425555,8.571531078895404,True,650.9118580300619,,,,,,,0,,,,,,,,,,,,,,,,,,,,
ridge_multibranch,unseen_well,4,tr000ca,3115,24789.912989133325,2.821035008606944,5.06390855131545,-2.3657322497915825,5365,3115,0.0,28.87473035683048,True,0.02555900799961819,28.869337985360147,37.44086906425555,8.571531078895404,True,650.9118580300619,,,,,,,0,,,,,,,,,,,,,,,,,,,,
ridge_affine_multibranch,unseen_well,4,tr000ca,3115,20053.478480665442,2.537265023202431,4.711483724707634,-2.030522994026768,5365,3115,0.0,28.87473035683048,True,0.03261175900024682,28.869337985360147,37.44086906425555,8.571531078895404,True,650.9118580300619,,,,,,,0,,,,,,,,,,,,,,,,,,,,
ridge_gated_gbdt,unseen_well,4,tr000ca,3115,18986.440304225394,2.468838882292164,4.599815075921569,-1.9537554534163333,5365,3115,0.0,28.87473035683048,True,0.04642063299979782,28.869337985360147,37.44086906425555,8.571531078895404,True,650.9118580300619,0.8803375449809134,1.0,,True,,,3115,1.0,,,,,,,,,,,,,,,,,,,
ridge_default,unseen_well,4,tr000d9,3662,34002.01811519771,3.047145395529367,5.2403209524571235,-2.5867622622933304,4182,3662,0.6907190209077001,0.0144705799092621,True,0.016794102999483584,-3.617538464484849,0.0429579947953593,3.6604964592802083,True,656.2831968044311,,,,,,,0,,,,,,,,,,,,,,,,,,,,
ridge_affine_cal,unseen_well,4,tr000d9,3662,34754.12270720766,3.0806615993097006,5.283743500790354,-2.6309315114571117,4182,3662,0.6907190209077001,0.0144705799092621,True,0.024170871999558585,-3.617538464484849,0.0429579947953593,3.6604964592802083,True,656.2831968044311,,,,,,,0,,,,,,,,,,,,,,,,,,,,
ridge_multibranch,unseen_well,4,tr000d9,3662,33118.95604107239,3.0073165849884123,5.20114299555342,-2.5368181841705337,4182,3662,0.6907190209077001,0.0144705799092621,True,0.023358305000328983,-3.617538464484849,0.0429579947953593,3.6604964592802083,True,656.2831968044311,,,,,,,0,,,,,,,,,,,,,,,,,,,,
ridge_affine_multibranch,unseen_well,4,tr000d9,3662,35892.31644105098,3.1307008706203208,5.3592076498239365,-2.6817669055029474,4182,3662,0.6907190209077001,0.0144705799092621,True,0.032212600000093516,-3.617538464484849,0.0429579947953593,3.6604964592802083,True,656.2831968044311,,,,,,,0,,,,,,,,,,,,,,,,,,,,
ridge_gated_gbdt,unseen_well,4,tr000d9,3662,34002.01811519771,3.047145395529367,5.2403209524571235,-2.5867622622933304,4182,3662,0.6907190209077001,0.0144705799092621,True,0.04323168500013708,-3.617538464484849,0.0429579947953593,3.6604964592802083,True,656.2831968044311,0.0,0.0,,False,insufficient_hidden_gr_rows,,3662,1.0,,,,,,,,,,,,,,,,,,,
ridge_default,unseen_well,4,tr00034,3550,5129.059453753065,1.2020006156115066,2.203365652155103,0.9994930742321547,4190,3550,0.015762273901808784,0.7976736443059895,True,0.015535023999291298,0.6913560124295586,3.566297236924824,2.8749412244952652,True,641.4854158617763,,,,,,,0,,,,,,,,,,,,,,,,,,,,
ridge_affine_cal,unseen_well,4,tr00034,3550,4552.48258440216,1.1324263598110804,2.11522196489849,0.933803684971248,4190,3550,0.015762273901808784,0.7976736443059895,True,0.023442846999387257,0.6913560124295586,3.566297236924824,2.8749412244952652,True,641.4854158617763,,,,,,,0,,,,,,,,,,,,,,,,,,,,
ridge_multibranch,unseen_well,4,tr00034,3550,6357.068605396953,1.3381791923416098,2.351267751545876,1.1633986464926964,4190,3550,0.015762273901808784,0.7976736443059895,True,0.02690229499967245,0.6913560124295586,3.566297236924824,2.8749412244952652,True,641.4854158617763,,,,,,,0,,,,,,,,,,,,,,,,,,,,
ridge_affine_multibranch,unseen_well,4,tr00034,3550,5416.081790402942,1.2351748225927477,2.2337741415606445,1.0614897200452174,4190,3550,0.015762273901808784,0.7976736443059895,True,0.032447028999740724,0.6913560124295586,3.566297236924824,2.8749412244952652,True,641.4854158617763,,,,,,,0,,,,,,,,,,,,,,,,,,,,
ridge_gated_gbdt,unseen_well,4,tr00034,3550,120.76765028503111,0.18444255587667024,0.6060107918714797,0.050030412365450874,4190,3550,0.015762273901808784,0.7976736443059895,True,0.04450711499976023,0.6913560124295586,3.566297236924824,2.8749412244952652,True,641.4854158617763,0.9603007398185645,1.0,,True,,,0,0.0,,,,,,,,,,,,,,,,,,,
ridge_default,unseen_well,4,tr000ae,2607,663.6528249442936,0.5045450597104386,0.9242150378343545,-0.13000679298282095,3547,2607,0.0,25.391444680812292,True,0.015451100000063889,15.34468103574417,25.391650049693848,10.046969013949678,True,673.5756758539543,,,,,,,0,,,,,,,,,,,,,,,,,,,,
ridge_affine_cal,unseen_well,4,tr000ae,2607,1023.617345048131,0.6266114155903267,1.2005759608231124,-0.39260830841285915,3547,2607,0.0,25.391444680812292,True,0.023266224000508373,15.34468103574417,25.391650049693848,10.046969013949678,True,673.5756758539543,,,,,,,0,,,,,,,,,,,,,,,,,,,,
ridge_multibranch,unseen_well,4,tr000ae,2607,515.6976839082241,0.444761385929116,0.797371097481939,-0.07014441362193681,3547,2607,0.0,25.391444680812292,True,0.02475838499958627,15.34468103574417,25.391650049693848,10.046969013949678,True,673.5756758539543,,,,,,,0,,,,,,,,,,,,,,,,,,,,
ridge_affine_multibranch,unseen_well,4,tr000ae,2607,1074.388672667607,0.6419632911256676,1.1957011541216005,-0.4632695463833773,3547,2607,0.0,25.391444680812292,True,0.03165642600015417,15.34468103574417,25.391650049693848,10.046969013949678,True,673.5756758539543,,,,,,,0,,,,,,,,,,,,,,,,,,,,
ridge_gated_gbdt,unseen_well,4,tr000ae,2607,663.6528249442936,0.5045450597104386,0.9242150378343545,-0.13000679298282095,3547,2607,0.0,25.391444680812292,True,0.044701562999762245,15.34468103574417,25.391650049693848,10.046969013949678,True,673.5756758539543,0.7601008904946212,1.0,,True,,,2607,1.0,,,,,,,,,,,,,,,,,,,
ridge_default,unseen_well,4,tr00095,4361,31340.87469852659,2.6807882618318897,3.7762881841503138,-2.4709871410427784,3700,4361,0.0,26.560909291850304,True,0.016005831999791553,26.4081201435878,29.50265302966613,3.09453288607833,True,647.2026169294057,,,,,,,0,,,,,,,,,,,,,,,,,,,,
ridge_affine_cal,unseen_well,4,tr00095,4361,37091.10702868292,2.9163648450342654,4.046848112531279,-2.7176520449225787,3700,4361,0.0,26.560909291850304,True,0.023874657999840565,26.4081201435878,29.50265302966613,3.09453288607833,True,647.2026169294057,,,,,,,0,,,,,,,,,,,,,,,,,,,,
ridge_multibranch,unseen_well,4,tr00095,4361,30655.256815265417,2.651303444599721,3.7701593599127783,-2.424399002476121,3700,4361,0.0,26.560909291850304,True,0.024995515999762574,26.4081201435878,29.50265302966613,3.09453288607833,True,647.2026169294057,,,,,,,0,,,,,,,,,,,,,,,,,,,,
ridge_affine_multibranch,unseen_well,4,tr00095,4361,37645.16377750811,2.9380660315672182,4.0886345679916865,-2.7308333796277267,3700,4361,0.0,26.560909291850304,True,0.03307130699977279,26.4081201435878,29.50265302966613,3.09453288607833,True,647.2026169294057,,,,,,,0,,,,,,,,,,,,,,,,,,,,
ridge_gated_gbdt,unseen_well,4,tr00095,4361,19703.879227176792,2.125606282917565,4.749645854489863,1.5838045366981857,3700,4361,0.0,26.560909291850304,True,0.04550294999990001,26.4081201435878,29.50265302966613,3.09453288607833,True,647.2026169294057,0.9261804673597102,1.0,,True,,,0,0.0,,,,,,,,,,,,,,,,,,,
ridge_default,unseen_well,4,tr00090,2398,7706.307626736977,1.7926626966871986,3.754559446258162,1.2954633047834594,2171,2398,0.08338804990151018,4.552765075875542,True,0.014820716000031098,-3.0341786455023536,4.590322744139894,7.624501389642248,True,698.0161820586571,,,,,,,0,,,,,,,,,,,,,,,,,,,,
ridge_affine_cal,unseen_well,4,tr00090,2398,11440.627847510652,2.1842399188616457,4.352734139651468,1.7593930630185706,2171,2398,0.08338804990151018,4.552765075875542,True,0.023747893999825465,-3.0341786455023536,4.590322744139894,7.624501389642248,True,698.0161820586571,,,,,,,0,,,,,,,,,,,,,,,,,,,,
ridge_multibranch,unseen_well,4,tr00090,2398,9155.66722996123,1.9539813326532771,3.9877480026344867,1.4951988103083134,2171,2398,0.08338804990151018,4.552765075875542,True,0.0241807290003635,-3.0341786455023536,4.590322744139894,7.624501389642248,True,698.0161820586571,,,,,,,0,,,,,,,,,,,,,,,,,,,,
ridge_affine_multibranch,unseen_well,4,tr00090,2398,15958.596748571119,2.579721130826352,4.880551371984063,2.203569923243128,2171,2398,0.08338804990151018,4.552765075875542,True,0.031181807999928424,-3.0341786455023536,4.590322744139894,7.624501389642248,True,698.0161820586571,,,,,,,0,,,,,,,,,,,,,,,,,,,,
ridge_gated_gbdt,unseen_well,4,tr00090,2398,7706.307626736977,1.7926626966871986,3.754559446258162,1.2954633047834594,2171,2398,0.08338804990151018,4.552765075875542,True,0.041903825999725086,-3.0341786455023536,4.590322744139894,7.624501389642248,True,698.0161820586571,0.9794168144110142,1.0,,True,,,2398,1.0,,,,,,,,,,,,,,,,,,,
ridge_default,unseen_well,4,tr0008b,2179,4399.757360388523,1.4209727453712457,2.864291176158984,0.9259671806919104,4670,2179,0.7865381807563148,10.814984534814128,True,0.01508420899972407,0.7895243958502665,10.808230521068106,10.01870612521784,True,699.498953615121,,,,,,,0,,,,,,,,,,,,,,,,,,,,
ridge_affine_cal,unseen_well,4,tr0008b,2179,2992.5837145076785,1.1719107524100778,2.470663472118064,0.5812255214631367,4670,2179,0.7865381807563148,10.814984534814128,True,0.022509379999974044,0.7895243958502665,10.808230521068106,10.01870612521784,True,699.498953615121,,,,,,,0,,,,,,,,,,,,,,,,,,,,
ridge_multibranch,unseen_well,4,tr0008b,2179,3837.7479491672652,1.3271182119861262,2.754433385408463,0.7951536384895427,4670,2179,0.7865381807563148,10.814984534814128,True,0.02239242199993896,0.7895243958502665,10.808230521068106,10.01870612521784,True,699.498953615121,,,,,,,0,,,,,,,,,,,,,,,,,,,,
ridge_affine_multibranch,unseen_well,4,tr0008b,2179,2233.264087607622,1.0123750326808758,2.2384418219614473,0.26326262987970667,4670,2179,0.7865381807563148,10.814984534814128,True,0.02973494900015794,0.7895243958502665,10.808230521068106,10.01870612521784,True,699.498953615121,,,,,,,0,,,,,,,,,,,,,,,,,,,,
ridge_gated_gbdt,unseen_well,4,tr0008b,2179,4399.757360388523,1.4209727453712457,2.864291176158984,0.9259671806919104,4670,2179,0.7865381807563148,10.814984534814128,True,0.04260054200040031,0.7895243958502665,10.808230521068106,10.01870612521784,True,699.498953615121,0.0,0.0,,False,insufficient_hidden_gr_rows,,2179,1.0,,,,,,,,,,,,,,,,,,,
ridge_default,unseen_well,4,tr00061,2525,14945.96404426047,2.432939308921461,4.590199573598857,-1.8715453560515254,3235,2525,0.09774305555555556,10.356268071690604,True,0.015264165000189678,10.366617181225203,14.256472936845451,3.889855755620248,True,644.1564306751181,,,,,,,0,,,,,,,,,,,,,,,,,,,,
ridge_affine_cal,unseen_well,4,tr00061,2525,14999.320323621738,2.4372781705505573,4.601129658724849,-1.8683529988025493,3235,2525,0.09774305555555556,10.356268071690604,True,0.023856002000684384,10.366617181225203,14.256472936845451,3.889855755620248,True,644.1564306751181,,,,,,,0,,,,,,,,,,,,,,,,,,,,
ridge_multibranch,unseen_well,4,tr00061,2525,10892.548163108233,2.0769883149976853,4.099529194253828,-1.3844425862089582,3235,2525,0.09774305555555556,10.356268071690604,True,0.0249042660007035,10.366617181225203,14.256472936845451,3.889855755620248,True,644.1564306751181,,,,,,,0,,,,,,,,,,,,,,,,,,,,
ridge_affine_multibranch,unseen_well,4,tr00061,2525,11521.207585092576,2.136083914350177,4.182434345408543,-1.4653579463391404,3235,2525,0.09774305555555556,10.356268071690604,True,0.031779784999343974,10.366617181225203,14.256472936845451,3.889855755620248,True,644.1564306751181,,,,,,,0,,,,,,,,,,,,,,,,,,,,
ridge_gated_gbdt,unseen_well,4,tr00061,2525,14945.96404426047,2.432939308921461,4.590199573598857,-1.8715453560515254,3235,2525,0.09774305555555556,10.356268071690604,True,0.04417165399991063,10.366617181225203,14.256472936845451,3.889855755620248,True,644.1564306751181,0.7909501031071502,1.0,,True,,,2525,1.0,,,,,,,,,,,,,,,,,,,
ridge_default,unseen_well,4,tr00085,2529,6158.104572592847,1.560447332294653,2.7627815124541297,-1.3228983515634298,6195,2529,0.03587803759743237,-0.2994575832122099,True,0.01566980200004764,-0.5081690080152912,0.1010296051087582,0.6091986131240494,True,635.4951565357713,,,,,,,0,,,,,,,,,,,,,,,,,,,,
ridge_affine_cal,unseen_well,4,tr00085,2529,6324.2867075298345,1.5813622253468644,2.8035854840252186,-1.3532257331849056,6195,2529,0.03587803759743237,-0.2994575832122099,True,0.02413667400014674,-0.5081690080152912,0.1010296051087582,0.6091986131240494,True,635.4951565357713,,,,,,,0,,,,,,,,,,,,,,,,,,,,
ridge_multibranch,unseen_well,4,tr00085,2529,7899.313068764059,1.7673405761329342,3.0226088941640836,-1.5496113694244813,6195,2529,0.03587803759743237,-0.2994575832122099,True,0.024606205000054615,-0.5081690080152912,0.1010296051087582,0.6091986131240494,True,635.4951565357713,,,,,,,0,,,,,,,,,,,,,,,,,,,,
ridge_affine_multibranch,unseen_well,4,tr00085,2529,8410.36097913231,1.8236139408091852,3.106418919481991,-1.6214630662926628,6195,2529,0.03587803759743237,-0.2994575832122099,True,0.032641681999848515,-0.5081690080152912,0.1010296051087582,0.6091986131240494,True,635.4951565357713,,,,,,,0,,,,,,,,,,,,,,,,,,,,
ridge_gated_gbdt,unseen_well,4,tr00085,2529,6158.104572592847,1.560447332294653,2.7627815124541297,-1.3228983515634298,6195,2529,0.03587803759743237,-0.2994575832122099,True,0.04498575199977495,-0.5081690080152912,0.1010296051087582,0.6091986131240494,True,635.4951565357713,0.9816054834696821,1.0,,True,,,2529,1.0,,,,,,,,,,,,,,,,,,,
ridge_default,unseen_well,4,tr000a2,4253,5148.208545264768,1.1002221250693283,1.9880977073049735,-0.9172422670128956,4332,4253,0.018637157833430402,-10.584273569322642,True,0.01611301800039655,-17.209391459424747,-10.55365536097084,6.655736098453907,True,673.5203526175122,,,,,,,0,,,,,,,,,,,,,,,,,,,,
ridge_affine_cal,unseen_well,4,tr000a2,4253,5687.074925897429,1.156369913516561,2.068306557066684,-0.9844495002181779,4332,4253,0.018637157833430402,-10.584273569322642,True,0.02386050799941586,-17.209391459424747,-10.55365536097084,6.655736098453907,True,673.5203526175122,,,,,,,0,,,,,,,,,,,,,,,,,,,,
ridge_multibranch,unseen_well,4,tr000a2,4253,6387.292635443302,1.2254926633461294,2.2343817064803275,-1.0125304679329985,4332,4253,0.018637157833430402,-10.584273569322642,True,0.025255284000195388,-17.209391459424747,-10.55365536097084,6.655736098453907,True,673.5203526175122,,,,,,,0,,,,,,,,,,,,,,,,,,,,
ridge_affine_multibranch,unseen_well,4,tr000a2,4253,6926.388208794922,1.2761617491400687,2.3014808561166475,-1.0804852661900992,4332,4253,0.018637157833430402,-10.584273569322642,True,0.03304887299964321,-17.209391459424747,-10.55365536097084,6.655736098453907,True,673.5203526175122,,,,,,,0,,,,,,,,,,,,,,,,,,,,
ridge_gated_gbdt,unseen_well,4,tr000a2,4253,5148.208545264768,1.1002221250693283,1.9880977073049735,-0.9172422670128956,4332,4253,0.018637157833430402,-10.584273569322642,True,0.04618707099962194,-17.209391459424747,-10.55365536097084,6.655736098453907,True,673.5203526175122,0.8162532843401553,0.8,,True,,,4253,1.0,,,,,,,,,,,,,,,,,,,
ridge_default,unseen_well,4,tr000bd,2754,19582.97634769113,2.6665969726521137,4.096408978813045,-2.4460903450052576,3273,2754,0.0,52.77886297415402,True,0.01550932199916133,52.7678700678552,55.86847938056759,3.1006093127123933,True,666.8588018317779,,,,,,,0,,,,,,,,,,,,,,,,,,,,
ridge_affine_cal,unseen_well,4,tr000bd,2754,23460.91947111283,2.9187073142103497,4.379257622989748,-2.7143886930900423,3273,2754,0.0,52.77886297415402,True,0.02344319900021219,52.7678700678552,55.86847938056759,3.1006093127123933,True,666.8588018317779,,,,,,,0,,,,,,,,,,,,,,,,,,,,
ridge_multibranch,unseen_well,4,tr000bd,2754,25519.1395832526,3.0440448418185952,4.562639778529494,-2.8363987929343635,3273,2754,0.0,52.77886297415402,True,0.02475766299994575,52.7678700678552,55.86847938056759,3.1006093127123933,True,666.8588018317779,,,,,,,0,,,,,,,,,,,,,,,,,,,,
ridge_affine_multibranch,unseen_well,4,tr000bd,2754,30779.709314193547,3.3431070933838676,4.880527283354908,-3.154041940689959,3273,2754,0.0,52.77886297415402,True,0.03251239900055225,52.7678700678552,55.86847938056759,3.1006093127123933,True,666.8588018317779,,,,,,,0,,,,,,,,,,,,,,,,,,,,
ridge_gated_gbdt,unseen_well,4,tr000bd,2754,19582.97634769113,2.6665969726521137,4.096408978813045,-2.4460903450052576,3273,2754,0.0,52.77886297415402,True,0.04338270799962629,52.7678700678552,55.86847938056759,3.1006093127123933,True,666.8588018317779,0.9594118669853121,1.0,,True,,,2754,1.0,,,,,,,,,,,,,,,,,,,
ridge_default,unseen_well,4,tr0005a,1378,463.8716135666278,0.5801954112325085,0.9316014117196048,0.35882019805174314,2599,1378,0.1528790545637415,37.91325976740664,True,0.014551269000548928,35.02754790629005,37.91722256027256,2.88967465398251,True,633.635249010016,,,,,,,0,,,,,,,,,,,,,,,,,,,,
ridge_affine_cal,unseen_well,4,tr0005a,1378,432.545711975252,0.5602622960099775,0.9159824415186577,0.32684206837232216,2599,1378,0.1528790545637415,37.91325976740664,True,0.02274901900000259,35.02754790629005,37.91722256027256,2.88967465398251,True,633.635249010016,,,,,,,0,,,,,,,,,,,,,,,,,,,,
ridge_multibranch,unseen_well,4,tr0005a,1378,290.0301539265447,0.45877206738866544,1.3216150559508577,-0.08498011757785508,2599,1378,0.1528790545637415,37.91325976740664,True,0.023589592999996967,35.02754790629005,37.91722256027256,2.88967465398251,True,633.635249010016,,,,,,,0,,,,,,,,,,,,,,,,,,,,
ridge_affine_multibranch,unseen_well,4,tr0005a,1378,299.01035244998513,0.4658203996592904,1.3511904997541535,-0.14879186008945197,2599,1378,0.1528790545637415,37.91325976740664,True,0.031049234999954933,35.02754790629005,37.91722256027256,2.88967465398251,True,633.635249010016,,,,,,,0,,,,,,,,,,,,,,,,,,,,
ridge_gated_gbdt,unseen_well,4,tr0005a,1378,667.7211079617465,0.6961020999099847,1.390297383538524,-0.5910457217459782,2599,1378,0.1528790545637415,37.91325976740664,True,0.041384199999811244,35.02754790629005,37.91722256027256,2.88967465398251,True,633.635249010016,0.9072261187351721,1.0,,True,,,0,0.0,,,,,,,,,,,,,,,,,,,
ridge_default,unseen_well,4,tr00025,3480,7554.9713934857355,1.4734207787429676,3.021552698372796,0.04548102049369637,5410,3480,0.0,9.93860133886738,True,0.01610380000056466,-3.987336199589088,14.1004671859597,18.08780338554879,True,682.08006408817,,,,,,,0,,,,,,,,,,,,,,,,,,,,
ridge_affine_cal,unseen_well,4,tr00025,3480,7444.724141030289,1.462630693740929,3.1598956308062203,0.24022332911434174,5410,3480,0.0,9.93860133886738,True,0.02424279599927104,-3.987336199589088,14.1004671859597,18.08780338554879,True,682.08006408817,,,,,,,0,,,,,,,,,,,,,,,,,,,,
ridge_multibranch,unseen_well,4,tr00025,3480,7472.305251355448,1.465337555885451,2.964243297773857,0.27428579084688914,5410,3480,0.0,9.93860133886738,True,0.025410624999494758,-3.987336199589088,14.1004671859597,18.08780338554879,True,682.08006408817,,,,,,,0,,,,,,,,,,,,,,,,,,,,
ridge_affine_multibranch,unseen_well,4,tr00025,3480,7765.860362908126,1.4938437233530104,3.05444003421659,0.49406438887726456,5410,3480,0.0,9.93860133886738,True,0.032852264999746694,-3.987336199589088,14.1004671859597,18.08780338554879,True,682.08006408817,,,,,,,0,,,,,,,,,,,,,,,,,,,,
ridge_gated_gbdt,unseen_well,4,tr00025,3480,659177.2857390748,13.762948821740531,23.890542477224233,9.45096822240203,5410,3480,0.0,9.93860133886738,True,0.047095773000364716,-3.987336199589088,14.1004671859597,18.08780338554879,True,682.08006408817,0.8163500870098019,1.0,,True,,,0,0.0,,,,,,,,,,,,,,,,,,,
ridge_default,unseen_well,4,tr0002f,2063,6534.8780090202345,1.7797915002338125,2.9941629274770385,1.5594476419606478,4132,2063,0.02986279257465698,21.17765480715713,True,0.015313505999984045,21.151065229861093,22.38002594108257,1.2289607112214789,True,671.4843612742116,,,,,,,0,,,,,,,,,,,,,,,,,,,,
ridge_affine_cal,unseen_well,4,tr0002f,2063,5825.920750795341,1.6804773850848311,2.873346388291438,1.4441071595885984,4132,2063,0.02986279257465698,21.17765480715713,True,0.024183341000025393,21.151065229861093,22.38002594108257,1.2289607112214789,True,671.4843612742116,,,,,,,0,,,,,,,,,,,,,,,,,,,,
ridge_multibranch,unseen_well,4,tr0002f,2063,6813.560959927716,1.8173453283900909,3.015264707930079,1.6075186811708857,4132,2063,0.02986279257465698,21.17765480715713,True,0.025222444999599247,21.151065229861093,22.38002594108257,1.2289607112214789,True,671.4843612742116,,,,,,,0,,,,,,,,,,,,,,,,,,,,
ridge_affine_multibranch,unseen_well,4,tr0002f,2063,5947.984132310819,1.6979906194178553,2.8804066662771604,1.468068390452279,4132,2063,0.02986279257465698,21.17765480715713,True,0.03175047300010192,21.151065229861093,22.38002594108257,1.2289607112214789,True,671.4843612742116,,,,,,,0,,,,,,,,,,,,,,,,,,,,
ridge_gated_gbdt,unseen_well,4,tr0002f,2063,6534.8780090202345,1.7797915002338125,2.9941629274770385,1.5594476419606478,4132,2063,0.02986279257465698,21.17765480715713,True,0.044332426999972085,21.151065229861093,22.38002594108257,1.2289607112214789,True,671.4843612742116,0.9059330384170644,1.0,,True,,,2063,1.0,,,,,,,,,,,,,,,,,,,
ridge_default,unseen_well,4,tr000d5,2437,4550.08659791786,1.3664132558821942,2.423496388005093,-1.150275878311187,6281,2437,0.04496444138563891,2.9784448078715613,True,0.016547384000659804,2.787892791769691,3.754378869797285,0.9664860780275939,True,658.4834025747354,,,,,,,0,,,,,,,,,,,,,,,,,,,,
ridge_affine_cal,unseen_well,4,tr000d5,2437,4416.551845434323,1.3462133774806913,2.3975960434556685,-1.130687397982518,6281,2437,0.04496444138563891,2.9784448078715613,True,0.023908749999463907,2.787892791769691,3.754378869797285,0.9664860780275939,True,658.4834025747354,,,,,,,0,,,,,,,,,,,,,,,,,,,,
ridge_multibranch,unseen_well,4,tr000d5,2437,9278.120508339254,1.9512020335169915,3.100359893576039,-1.797948395066879,6281,2437,0.04496444138563891,2.9784448078715613,True,0.024462416999995185,2.787892791769691,3.754378869797285,0.9664860780275939,True,658.4834025747354,,,,,,,0,,,,,,,,,,,,,,,,,,,,
ridge_affine_multibranch,unseen_well,4,tr000d5,2437,9503.858545892772,1.9747959017236216,3.120196111108591,-1.828247864243779,6281,2437,0.04496444138563891,2.9784448078715613,True,0.03410030900067795,2.787892791769691,3.754378869797285,0.9664860780275939,True,658.4834025747354,,,,,,,0,,,,,,,,,,,,,,,,,,,,
ridge_gated_gbdt,unseen_well,4,tr000d5,2437,20.234605338886706,0.09112123652108771,0.20940665853687657,-0.0745254155613432,6281,2437,0.04496444138563891,2.9784448078715613,True,0.046494840000377735,2.787892791769691,3.754378869797285,0.9664860780275939,True,658.4834025747354,0.9826697296944693,1.0,,True,,,0,0.0,,,,,,,,,,,,,,,,,,,
ridge_default,unseen_well,4,tr000e3,2590,13913.370034097881,2.3177483776550756,4.097895410503632,-1.9807215720052898,6177,2590,0.0,15.559959966701904,True,0.01576845100044011,15.570414811509876,19.810573809864987,4.240158998355112,True,675.0306144681084,,,,,,,0,,,,,,,,,,,,,,,,,,,,
ridge_affine_cal,unseen_well,4,tr000e3,2590,13772.5373363963,2.3059882877336118,4.111050002793105,-1.9569766349383197,6177,2590,0.0,15.559959966701904,True,0.0237090900000112,15.570414811509876,19.810573809864987,4.240158998355112,True,675.0306144681084,,,,,,,0,,,,,,,,,,,,,,,,,,,,
ridge_multibranch,unseen_well,4,tr000e3,2590,13433.42927897438,2.27742227776586,4.07858859223049,-1.919582200213032,6177,2590,0.0,15.559959966701904,True,0.025084255000365374,15.570414811509876,19.810573809864987,4.240158998355112,True,675.0306144681084,,,,,,,0,,,,,,,,,,,,,,,,,,,,
ridge_affine_multibranch,unseen_well,4,tr000e3,2590,13654.971319087728,2.2961249309411436,4.119401203367735,-1.9352394264250716,6177,2590,0.0,15.559959966701904,True,0.03229544500027259,15.570414811509876,19.810573809864987,4.240158998355112,True,675.0306144681084,,,,,,,0,,,,,,,,,,,,,,,,,,,,
ridge_gated_gbdt,unseen_well,4,tr000e3,2590,238.46206978100966,0.30343087715778866,0.5592346656353904,-0.1440136640471504,6177,2590,0.0,15.559959966701904,True,0.04527477400006319,15.570414811509876,19.810573809864987,4.240158998355112,True,675.0306144681084,0.7937823242909826,1.0,,True,,,0,0.0,,,,,,,,,,,,,,,,,,,
ridge_default,unseen_well,4,tr000ea,1520,6891.292134465302,2.1292592198476257,3.4851211516851137,-1.9558306198818127,3005,1520,0.6901657458563536,1.351625579422974,True,0.014516815000206407,1.348600721533051,5.88402978142005,4.535429059886999,True,680.0722558705461,,,,,,,0,,,,,,,,,,,,,,,,,,,,
ridge_affine_cal,unseen_well,4,tr000ea,1520,8484.013592227024,2.3625384419355044,3.694989897823268,-2.2078948688569278,3005,1520,0.6901657458563536,1.351625579422974,True,0.022524366000652662,1.348600721533051,5.88402978142005,4.535429059886999,True,680.0722558705461,,,,,,,0,,,,,,,,,,,,,,,,,,,,
ridge_multibranch,unseen_well,4,tr000ea,1520,3275.688559828755,1.4680116699281494,2.718887539424197,-1.1879495623700853,3005,1520,0.6901657458563536,1.351625579422974,True,0.022937776999242487,1.348600721533051,5.88402978142005,4.535429059886999,True,680.0722558705461,,,,,,,0,,,,,,,,,,,,,,,,,,,,
ridge_affine_multibranch,unseen_well,4,tr000ea,1520,1894.1170027833573,1.1163017544975524,2.218971157895731,-0.7280932017824749,3005,1520,0.6901657458563536,1.351625579422974,True,0.02952575600011187,1.348600721533051,5.88402978142005,4.535429059886999,True,680.0722558705461,,,,,,,0,,,,,,,,,,,,,,,,,,,,
ridge_gated_gbdt,unseen_well,4,tr000ea,1520,6891.292134465302,2.1292592198476257,3.4851211516851137,-1.9558306198818127,3005,1520,0.6901657458563536,1.351625579422974,True,0.0407845930003532,1.348600721533051,5.88402978142005,4.535429059886999,True,680.0722558705461,0.9945276029131224,1.0,,True,,,1520,1.0,,,,,,,,,,,,,,,,,,,
ridge_default,unseen_well,4,tr00002,1907,582.3028702851914,0.552585034533841,1.1550611891408815,-0.37676034483474385,2276,1907,0.0,3.1095389996337275,True,0.014580525999917882,3.0618408360792007,5.84198870715964,2.7801478710804393,True,713.1770944572065,,,,,,,0,,,,,,,,,,,,,,,,,,,,
ridge_affine_cal,unseen_well,4,tr00002,1907,400.10915018957326,0.4580510628603602,1.0053439009576834,-0.22456377861684323,2276,1907,0.0,3.1095389996337275,True,0.02277885800049262,3.0618408360792007,5.84198870715964,2.7801478710804393,True,713.1770944572065,,,,,,,0,,,,,,,,,,,,,,,,,,,,
ridge_multibranch,unseen_well,4,tr00002,1907,558.0643700643612,0.5409620525984485,1.145610400450714,-0.3300651823136857,2276,1907,0.0,3.1095389996337275,True,0.023342941000009887,3.0618408360792007,5.84198870715964,2.7801478710804393,True,713.1770944572065,,,,,,,0,,,,,,,,,,,,,,,,,,,,
ridge_affine_multibranch,unseen_well,4,tr00002,1907,373.57125327874246,0.4425999679864848,0.9603354112237596,-0.14254283477268972,2276,1907,0.0,3.1095389996337275,True,0.030612328999268357,3.0618408360792007,5.84198870715964,2.7801478710804393,True,713.1770944572065,,,,,,,0,,,,,,,,,,,,,,,,,,,,
ridge_gated_gbdt,unseen_well,4,tr00002,1907,582.3028702851914,0.552585034533841,1.1550611891408815,-0.37676034483474385,2276,1907,0.0,3.1095389996337275,True,0.042072594999808643,3.0618408360792007,5.84198870715964,2.7801478710804393,True,713.1770944572065,0.980709267241064,1.0,,True,,,1907,1.0,,,,,,,,,,,,,,,,,,,
ridge_default,unseen_well,4,tr0000b,3824,26053.398326376806,2.61019676986234,6.413180919839354,-1.718396457211057,3308,3824,0.07501402131239485,14.267515323903154,True,0.01549405200057663,2.8499216517947623,14.287033309380709,11.437111657585946,True,711.5035056174825,,,,,,,0,,,,,,,,,,,,,,,,,,,,
ridge_affine_cal,unseen_well,4,tr0000b,3824,29636.960900873477,2.7839273125584967,6.664731759453787,-1.9776476761686634,3308,3824,0.07501402131239485,14.267515323903154,True,0.024027815000408737,2.8499216517947623,14.287033309380709,11.437111657585946,True,711.5035056174825,,,,,,,0,,,,,,,,,,,,,,,,,,,,
ridge_multibranch,unseen_well,4,tr0000b,3824,26563.466648734342,2.635623881543402,6.34915407812962,-1.7020402922485227,3308,3824,0.07501402131239485,14.267515323903154,True,0.024655363999954716,2.8499216517947623,14.287033309380709,11.437111657585946,True,711.5035056174825,,,,,,,0,,,,,,,,,,,,,,,,,,,,
ridge_affine_multibranch,unseen_well,4,tr0000b,3824,31447.538115224495,2.867704410607426,6.777379727610693,-2.052503085604064,3308,3824,0.07501402131239485,14.267515323903154,True,0.0323111150000841,2.8499216517947623,14.287033309380709,11.437111657585946,True,711.5035056174825,,,,,,,0,,,,,,,,,,,,,,,,,,,,
ridge_gated_gbdt,unseen_well,4,tr0000b,3824,26053.398326376806,2.61019676986234,6.413180919839354,-1.718396457211057,3308,3824,0.07501402131239485,14.267515323903154,True,0.04454252899995481,2.8499216517947623,14.287033309380709,11.437111657585946,True,711.5035056174825,0.8706600448859788,1.0,,True,,,3824,1.0,,,,,,,,,,,,,,,,,,,
ridge_default,unseen_well,4,tr00087,1529,9102.715384602849,2.4399545644113254,4.071739613181961,-2.1632222672369728,4148,1529,0.14180024660912455,47.086145765495445,True,0.015290811999875586,47.10069087212315,48.646356017100345,1.5456651449771925,True,657.9237395439635,,,,,,,0,,,,,,,,,,,,,,,,,,,,
ridge_affine_cal,unseen_well,4,tr00087,1529,10377.474727070412,2.605206178573582,4.247748808763738,-2.34634184074559,4148,1529,0.14180024660912455,47.086145765495445,True,0.02359448499919381,47.10069087212315,48.646356017100345,1.5456651449771925,True,657.9237395439635,,,,,,,0,,,,,,,,,,,,,,,,,,,,
ridge_multibranch,unseen_well,4,tr00087,1529,12027.851344784314,2.8047249847150963,4.4999048220533595,-2.5591095808609814,4148,1529,0.14180024660912455,47.086145765495445,True,0.024043811000410642,47.10069087212315,48.646356017100345,1.5456651449771925,True,657.9237395439635,,,,,,,0,,,,,,,,,,,,,,,,,,,,
ridge_affine_multibranch,unseen_well,4,tr00087,1529,13868.771278511524,3.0117245578953873,4.714466859906615,-2.7838974145934903,4148,1529,0.14180024660912455,47.086145765495445,True,0.031857859999945504,47.10069087212315,48.646356017100345,1.5456651449771925,True,657.9237395439635,,,,,,,0,,,,,,,,,,,,,,,,,,,,
ridge_gated_gbdt,unseen_well,4,tr00087,1529,753.2856748770453,0.7019014047566621,1.3548268926495552,0.6144734318204346,4148,1529,0.14180024660912455,47.086145765495445,True,0.042891072999736934,47.10069087212315,48.646356017100345,1.5456651449771925,True,657.9237395439635,0.984035741360317,1.0,,True,,,0,0.0,,,,,,,,,,,,,,,,,,,
ridge_default,unseen_well,4,tr00037,1859,20571.355530943576,3.3265324182249683,5.81700281653405,-2.7851868941613556,2305,1859,0.143611911623439,31.4001838915549,True,0.015940998999212752,31.331833397668344,35.80715847041695,4.475325072748607,True,647.44359648813,,,,,,,0,,,,,,,,,,,,,,,,,,,,
ridge_affine_cal,unseen_well,4,tr00037,1859,18708.962058097088,3.172379627396631,5.637409682693647,-2.593936080713714,2305,1859,0.143611911623439,31.4001838915549,True,0.022807719000411453,31.331833397668344,35.80715847041695,4.475325072748607,True,647.44359648813,,,,,,,0,,,,,,,,,,,,,,,,,,,,
ridge_multibranch,unseen_well,4,tr00037,1859,23183.330106025052,3.531410587119138,6.089665382103746,-3.0098323376780693,2305,1859,0.143611911623439,31.4001838915549,True,0.024248925000392774,31.331833397668344,35.80715847041695,4.475325072748607,True,647.44359648813,,,,,,,0,,,,,,,,,,,,,,,,,,,,
ridge_affine_multibranch,unseen_well,4,tr00037,1859,19650.713449109164,3.2512432718671334,5.774465303586425,-2.6712117029551115,2305,1859,0.143611911623439,31.4001838915549,True,0.031969159000254876,31.331833397668344,35.80715847041695,4.475325072748607,True,647.44359648813,,,,,,,0,,,,,,,,,,,,,,,,,,,,
ridge_gated_gbdt,unseen_well,4,tr00037,1859,20571.355530943576,3.3265324182249683,5.81700281653405,-2.7851868941613556,2305,1859,0.143611911623439,31.4001838915549,True,0.04127129399967089,31.331833397668344,35.80715847041695,4.475325072748607,True,647.44359648813,0.9348699433027057,0.4,,True,,,1859,1.0,,,,,,,,,,,,,,,,,,,
ridge_default,unseen_well,4,tr00072,3889,22470.57391266594,2.403743433132705,4.470405463574728,-2.0145671048861575,3439,3889,0.0656386462882096,-5.768876648047621,True,0.01600660100029927,-8.889787221834013,-5.763212085257872,3.1265751365761405,True,636.328562764627,,,,,,,0,,,,,,,,,,,,,,,,,,,,
ridge_affine_cal,unseen_well,4,tr00072,3889,23761.71426265861,2.4718374795362386,4.543709508032116,-2.0982912868254795,3439,3889,0.0656386462882096,-5.768876648047621,True,0.0240575349998835,-8.889787221834013,-5.763212085257872,3.1265751365761405,True,636.328562764627,,,,,,,0,,,,,,,,,,,,,,,,,,,,
ridge_multibranch,unseen_well,4,tr00072,3889,17490.823358543676,2.12073378618346,4.152526217875129,-1.649310464333805,3439,3889,0.0656386462882096,-5.768876648047621,True,0.025560635999681836,-8.889787221834013,-5.763212085257872,3.1265751365761405,True,636.328562764627,,,,,,,0,,,,,,,,,,,,,,,,,,,,
ridge_affine_multibranch,unseen_well,4,tr00072,3889,18282.550125404137,2.1682003731586055,4.204943537404649,-1.7212053233680868,3439,3889,0.0656386462882096,-5.768876648047621,True,0.03374468499987415,-8.889787221834013,-5.763212085257872,3.1265751365761405,True,636.328562764627,,,,,,,0,,,,,,,,,,,,,,,,,,,,
ridge_gated_gbdt,unseen_well,4,tr00072,3889,22470.57391266594,2.403743433132705,4.470405463574728,-2.0145671048861575,3439,3889,0.0656386462882096,-5.768876648047621,True,0.048210849000497547,-8.889787221834013,-5.763212085257872,3.1265751365761405,True,636.328562764627,0.766876457308521,0.0,,True,,,3889,1.0,,,,,,,,,,,,,,,,,,,
ridge_default,unseen_well,4,tr000d4,3842,62704.583265339745,4.039903233070256,7.503344242421475,3.2930938103808596,3149,3842,0.057502503218423685,5.767121893187037,True,0.016026100000090082,-5.572543264088546,5.757003507944804,11.32954677203335,True,654.4677970079786,,,,,,,0,,,,,,,,,,,,,,,,,,,,
ridge_affine_cal,unseen_well,4,tr000d4,3842,60717.90153360128,3.9753895933541905,7.4113569102785855,3.2340805306503775,3149,3842,0.057502503218423685,5.767121893187037,True,0.023948643000039738,-5.572543264088546,5.757003507944804,11.32954677203335,True,654.4677970079786,,,,,,,0,,,,,,,,,,,,,,,,,,,,
ridge_multibranch,unseen_well,4,tr000d4,3842,68970.88040965966,4.236958445480642,7.803077715350862,3.4759767715048095,3149,3842,0.057502503218423685,5.767121893187037,True,0.025379483000506298,-5.572543264088546,5.757003507944804,11.32954677203335,True,654.4677970079786,,,,,,,0,,,,,,,,,,,,,,,,,,,,
ridge_affine_multibranch,unseen_well,4,tr000d4,3842,68337.51109788039,4.217459283179696,7.776722092025389,3.480656018792639,3149,3842,0.057502503218423685,5.767121893187037,True,0.0322435680000126,-5.572543264088546,5.757003507944804,11.32954677203335,True,654.4677970079786,,,,,,,0,,,,,,,,,,,,,,,,,,,,
ridge_gated_gbdt,unseen_well,4,tr000d4,3842,62704.583265339745,4.039903233070256,7.503344242421475,3.2930938103808596,3149,3842,0.057502503218423685,5.767121893187037,True,0.044009109000398894,-5.572543264088546,5.757003507944804,11.32954677203335,True,654.4677970079786,0.9862533706898335,1.0,,True,,,3842,1.0,,,,,,,,,,,,,,,,,,,
ridge_default,unseen_well,4,tr0006c,3992,28057.41505746246,2.6511149702600014,4.4602003285089005,-2.3587118501382847,4376,3992,0.0,-3.8556673062464,True,0.01650189300016791,-4.362259892806491,-1.6917917885971097,2.670468104209381,True,661.2376378606227,,,,,,,0,,,,,,,,,,,,,,,,,,,,
ridge_affine_cal,unseen_well,4,tr0006c,3992,24551.936825456352,2.479976769229083,4.3072557119761825,-2.1499841189090123,4376,3992,0.0,-3.8556673062464,True,0.02425355900049908,-4.362259892806491,-1.6917917885971097,2.670468104209381,True,661.2376378606227,,,,,,,0,,,,,,,,,,,,,,,,,,,,
ridge_multibranch,unseen_well,4,tr0006c,3992,37953.02574367056,3.0833862842455186,5.00412593435893,-2.8132903870505106,4376,3992,0.0,-3.8556673062464,True,0.02508746900002734,-4.362259892806491,-1.6917917885971097,2.670468104209381,True,661.2376378606227,,,,,,,0,,,,,,,,,,,,,,,,,,,,
ridge_affine_multibranch,unseen_well,4,tr0006c,3992,33139.298975787606,2.88121981097333,4.820961195901961,-2.5814073894412934,4376,3992,0.0,-3.8556673062464,True,0.032489825999618915,-4.362259892806491,-1.6917917885971097,2.670468104209381,True,661.2376378606227,,,,,,,0,,,,,,,,,,,,,,,,,,,,
ridge_gated_gbdt,unseen_well,4,tr0006c,3992,28057.41505746246,2.6511149702600014,4.4602003285089005,-2.3587118501382847,4376,3992,0.0,-3.8556673062464,True,0.04662705300052039,-4.362259892806491,-1.6917917885971097,2.670468104209381,True,661.2376378606227,0.8999399922747007,1.0,,True,,,3992,1.0,,,,,,,,,,,,,,,,,,,
ridge_default,unseen_well,4,tr0004f,2122,14880.01197378407,2.6480668863498336,4.098053071397617,-2.2854452690146685,2233,2122,0.15246842709529276,4.354565388409192,True,0.014679879999675904,4.338123467520804,14.81378873579729,10.475665268276487,True,722.0336977581765,,,,,,,0,,,,,,,,,,,,,,,,,,,,
ridge_affine_cal,unseen_well,4,tr0004f,2122,15745.610271808075,2.723999723182483,4.184837521553922,-2.415786577542919,2233,2122,0.15246842709529276,4.354565388409192,True,0.023115369999686664,4.338123467520804,14.81378873579729,10.475665268276487,True,722.0336977581765,,,,,,,0,,,,,,,,,,,,,,,,,,,,
ridge_multibranch,unseen_well,4,tr0004f,2122,10236.476517864989,2.1963551030882775,3.5467221487770217,-1.7961249081516282,2233,2122,0.15246842709529276,4.354565388409192,True,0.024065102999884402,4.338123467520804,14.81378873579729,10.475665268276487,True,722.0336977581765,,,,,,,0,,,,,,,,,,,,,,,,,,,,
ridge_affine_multibranch,unseen_well,4,tr0004f,2122,10093.544967184964,2.1809673863738697,3.535700423513772,-1.821288001252882,2233,2122,0.15246842709529276,4.354565388409192,True,0.031116353000470554,4.338123467520804,14.81378873579729,10.475665268276487,True,722.0336977581765,,,,,,,0,,,,,,,,,,,,,,,,,,,,
ridge_gated_gbdt,unseen_well,4,tr0004f,2122,14880.01197378407,2.6480668863498336,4.098053071397617,-2.2854452690146685,2233,2122,0.15246842709529276,4.354565388409192,True,0.04159490900019591,4.338123467520804,14.81378873579729,10.475665268276487,True,722.0336977581765,0.9888795164877193,1.0,,True,,,2122,1.0,,,,,,,,,,,,,,,,,,,
ridge_default,unseen_well,4,tr000c3,3649,26306.6742910838,2.6850108325719506,4.2788984899835185,2.1582132399975773,4582,3649,0.07520349896731868,35.9741458486066,True,0.01584773100057646,30.40147302393922,38.3332199804167,7.931746956477479,True,673.9150773279409,,,,,,,0,,,,,,,,,,,,,,,,,,,,
ridge_affine_cal,unseen_well,4,tr000c3,3649,21763.757033217084,2.4421931161472803,4.001912080215334,1.8708020893367006,4582,3649,0.07520349896731868,35.9741458486066,True,0.024463780000587576,30.40147302393922,38.3332199804167,7.931746956477479,True,673.9150773279409,,,,,,,0,,,,,,,,,,,,,,,,,,,,
ridge_multibranch,unseen_well,4,tr000c3,3649,35221.1395273999,3.106810539087934,4.793611532393598,2.668992820910702,4582,3649,0.07520349896731868,35.9741458486066,True,0.0253083110001171,30.40147302393922,38.3332199804167,7.931746956477479,True,673.9150773279409,,,,,,,0,,,,,,,,,,,,,,,,,,,,
ridge_affine_multibranch,unseen_well,4,tr000c3,3649,27189.66204154442,2.7297003350743703,4.403184006801013,2.231963086339357,4582,3649,0.07520349896731868,35.9741458486066,True,0.03281434400014405,30.40147302393922,38.3332199804167,7.931746956477479,True,673.9150773279409,,,,,,,0,,,,,,,,,,,,,,,,,,,,
ridge_gated_gbdt,unseen_well,4,tr000c3,3649,26306.6742910838,2.6850108325719506,4.2788984899835185,2.1582132399975773,4582,3649,0.07520349896731868,35.9741458486066,True,0.04627092500049912,30.40147302393922,38.3332199804167,7.931746956477479,True,673.9150773279409,0.6437825210964268,1.0,,True,,,3649,1.0,,,,,,,,,,,,,,,,,,,
ridge_default,unseen_well,4,tr000dc,3319,20987.2652168496,2.5146311968749924,5.0360717268867745,1.8903561642235747,5658,3319,0.059708143032193385,43.24873182530148,True,0.016147328999977617,36.60172879633749,43.24947347031926,6.647744673981769,True,676.7678518186341,,,,,,,0,,,,,,,,,,,,,,,,,,,,
ridge_affine_cal,unseen_well,4,tr000dc,3319,16272.664094470245,2.214245157904626,4.605014274213325,1.480965426717159,5658,3319,0.059708143032193385,43.24873182530148,True,0.02429794799991214,36.60172879633749,43.24947347031926,6.647744673981769,True,676.7678518186341,,,,,,,0,,,,,,,,,,,,,,,,,,,,
ridge_multibranch,unseen_well,4,tr000dc,3319,23461.520236111137,2.658731301770433,5.227046191674724,2.0886049803740807,5658,3319,0.059708143032193385,43.24873182530148,True,0.025821066000389692,36.60172879633749,43.24947347031926,6.647744673981769,True,676.7678518186341,,,,,,,0,,,,,,,,,,,,,,,,,,,,
ridge_affine_multibranch,unseen_well,4,tr000dc,3319,16905.49597029748,2.256889687301982,4.713590568517716,1.5358555677723351,5658,3319,0.059708143032193385,43.24873182530148,True,0.03351139099959255,36.60172879633749,43.24947347031926,6.647744673981769,True,676.7678518186341,,,,,,,0,,,,,,,,,,,,,,,,,,,,
ridge_gated_gbdt,unseen_well,4,tr000dc,3319,20987.2652168496,2.5146311968749924,5.0360717268867745,1.8903561642235747,5658,3319,0.059708143032193385,43.24873182530148,True,0.04589634300009493,36.60172879633749,43.24947347031926,6.647744673981769,True,676.7678518186341,0.9319536537459759,1.0,,True,,,3319,1.0,,,,,,,,,,,,,,,,,,,
ridge_default,unseen_well,4,tr00086,2543,2031.2077005322749,0.8937251657287995,1.3526761805917218,-0.8538662060201341,4603,2543,0.0,32.37818179347005,True,0.015592249000292213,27.296005330291784,32.38968156203458,5.093676231742798,True,678.7274740022692,,,,,,,0,,,,,,,,,,,,,,,,,,,,
ridge_affine_cal,unseen_well,4,tr00086,2543,3023.530863029863,1.0903954307728008,1.5704877418149792,-1.0577936222598063,4603,2543,0.0,32.37818179347005,True,0.023887522000222816,27.296005330291784,32.38968156203458,5.093676231742798,True,678.7274740022692,,,,,,,0,,,,,,,,,,,,,,,,,,,,
ridge_multibranch,unseen_well,4,tr00086,2543,3424.6785915844034,1.1604775129383378,1.6931876091270617,-1.1194014024799803,4603,2543,0.0,32.37818179347005,True,0.024481486999320623,27.296005330291784,32.38968156203458,5.093676231742798,True,678.7274740022692,,,,,,,0,,,,,,,,,,,,,,,,,,,,
ridge_affine_multibranch,unseen_well,4,tr00086,2543,5086.4617210075485,1.4142777540061988,1.9659421754087738,-1.3812959524452821,4603,2543,0.0,32.37818179347005,True,0.03198297699964314,27.296005330291784,32.38968156203458,5.093676231742798,True,678.7274740022692,,,,,,,0,,,,,,,,,,,,,,,,,,,,
ridge_gated_gbdt,unseen_well,4,tr00086,2543,2031.2077005322749,0.8937251657287995,1.3526761805917218,-0.8538662060201341,4603,2543,0.0,32.37818179347005,True,0.043976441000268096,27.296005330291784,32.38968156203458,5.093676231742798,True,678.7274740022692,0.8661615473465307,1.0,,True,,,2543,1.0,,,,,,,,,,,,,,,,,,,
ridge_default,unseen_well,4,tr00015,1499,340.95153364866155,0.4769199697406956,0.7347784615086752,-0.4540751203919479,3927,1499,0.0,31.95076786038248,True,0.015208883000013884,31.66462984261298,32.45209165957057,0.7874618169575882,True,677.1582975519764,,,,,,,0,,,,,,,,,,,,,,,,,,,,
ridge_affine_cal,unseen_well,4,tr00015,1499,37.608888553456126,0.15839608133207816,0.3293280661165596,0.05694411504268528,3927,1499,0.0,31.95076786038248,True,0.02280076400074904,31.66462984261298,32.45209165957057,0.7874618169575882,True,677.1582975519764,,,,,,,0,,,,,,,,,,,,,,,,,,,,
ridge_multibranch,unseen_well,4,tr00015,1499,2073.6477623517353,1.1761607363024706,1.4650664132271203,-1.1655827623836552,3927,1499,0.0,31.95076786038248,True,0.024384937000831997,31.66462984261298,32.45209165957057,0.7874618169575882,True,677.1582975519764,,,,,,,0,,,,,,,,,,,,,,,,,,,,
ridge_affine_multibranch,unseen_well,4,tr00015,1499,259.4332337587839,0.416017871914606,0.6716190699375346,-0.3849706591876991,3927,1499,0.0,31.95076786038248,True,0.03143728599934548,31.66462984261298,32.45209165957057,0.7874618169575882,True,677.1582975519764,,,,,,,0,,,,,,,,,,,,,,,,,,,,
ridge_gated_gbdt,unseen_well,4,tr00015,1499,35.713041908552654,0.15435212229662867,0.39179543975866693,0.06357436339549388,3927,1499,0.0,31.95076786038248,True,0.04367180399913195,31.66462984261298,32.45209165957057,0.7874618169575882,True,677.1582975519764,0.9687601042514018,0.8,,True,,,0,0.0,,,,,,,,,,,,,,,,,,,
ridge_default,unseen_well,4,tr000bc,4159,11232.641833941212,1.6434121572570137,2.5121668134611674,-1.5003024432359058,4778,4159,0.0,7.616300336743522,True,0.01667082499989192,3.708406060101393,7.62073230371323,3.912326243611837,True,652.7748454662177,,,,,,,0,,,,,,,,,,,,,,,,,,,,
ridge_affine_cal,unseen_well,4,tr000bc,4159,10517.359700659028,1.5902261964176003,2.496574154455913,-1.430546203546746,4778,4159,0.0,7.616300336743522,True,0.02418482600023708,3.708406060101393,7.62073230371323,3.912326243611837,True,652.7748454662177,,,,,,,0,,,,,,,,,,,,,,,,,,,,
ridge_multibranch,unseen_well,4,tr000bc,4159,14575.502456101583,1.872049410784285,2.8433864855802824,-1.7146314482540934,4778,4159,0.0,7.616300336743522,True,0.02536417600003915,3.708406060101393,7.62073230371323,3.912326243611837,True,652.7748454662177,,,,,,,0,,,,,,,,,,,,,,,,,,,,
ridge_affine_multibranch,unseen_well,4,tr000bc,4159,12713.885585857359,1.748415666286269,2.75373228393837,-1.5720343837333968,4778,4159,0.0,7.616300336743522,True,0.03283703400029481,3.708406060101393,7.62073230371323,3.912326243611837,True,652.7748454662177,,,,,,,0,,,,,,,,,,,,,,,,,,,,
ridge_gated_gbdt,unseen_well,4,tr000bc,4159,6770.9715581665305,1.2759422976193628,3.1240373276123443,1.031154819502952,4778,4159,0.0,7.616300336743522,True,0.04537228499975754,3.708406060101393,7.62073230371323,3.912326243611837,True,652.7748454662177,0.9762934503803471,1.0,,True,,,0,0.0,,,,,,,,,,,,,,,,,,,
ridge_default,unseen_well,4,tr0007d,3208,23346.02969537032,2.6976731970548165,4.909996580511285,2.1411258222938137,5423,3208,0.05410728768393002,1.102911462830816,True,0.016432928000540414,-6.75788010062189,1.1128390077750616,7.870719108396951,True,675.7113303058477,,,,,,,0,,,,,,,,,,,,,,,,,,,,
ridge_affine_cal,unseen_well,4,tr0007d,3208,21921.822586404185,2.6140936945033553,4.820089269718046,2.0271617954050973,5423,3208,0.05410728768393002,1.102911462830816,True,0.02445415999955003,-6.75788010062189,1.1128390077750616,7.870719108396951,True,675.7113303058477,,,,,,,0,,,,,,,,,,,,,,,,,,,,
ridge_multibranch,unseen_well,4,tr0007d,3208,18970.573229055895,2.431773084242617,4.544836918193225,1.783139512844874,5423,3208,0.05410728768393002,1.102911462830816,True,0.02570782699967822,-6.75788010062189,1.1128390077750616,7.870719108396951,True,675.7113303058477,,,,,,,0,,,,,,,,,,,,,,,,,,,,
ridge_affine_multibranch,unseen_well,4,tr0007d,3208,16965.630825742246,2.299682214421405,4.386096946424723,1.5905445247858214,5423,3208,0.05410728768393002,1.102911462830816,True,0.0329738210002688,-6.75788010062189,1.1128390077750616,7.870719108396951,True,675.7113303058477,,,,,,,0,,,,,,,,,,,,,,,,,,,,
ridge_gated_gbdt,unseen_well,4,tr0007d,3208,23346.02969537032,2.6976731970548165,4.909996580511285,2.1411258222938137,5423,3208,0.05410728768393002,1.102911462830816,True,0.04573009600062505,-6.75788010062189,1.1128390077750616,7.870719108396951,True,675.7113303058477,0.975303536360776,1.0,,True,,,3208,1.0,,,,,,,,,,,,,,,,,,,
ridge_default,unseen_well,4,tr000d2,2433,2439.129970284811,1.0012589630105513,1.8940364718735694,-0.8458498444726211,5180,2433,0.08656245895179299,36.82100909321736,True,0.01590558499992767,36.79162188777303,37.96397414114794,1.1723522533749104,True,669.2276484319224,,,,,,,0,,,,,,,,,,,,,,,,,,,,
ridge_affine_cal,unseen_well,4,tr000d2,2433,2267.2574332539148,0.9653379120944574,1.8641583818396583,-0.8011991868933657,5180,2433,0.08656245895179299,36.82100909321736,True,0.023771704999489884,36.79162188777303,37.96397414114794,1.1723522533749104,True,669.2276484319224,,,,,,,0,,,,,,,,,,,,,,,,,,,,
ridge_multibranch,unseen_well,4,tr000d2,2433,2079.8464946643057,0.92458019592838,1.7936384178586167,-0.7565599730806685,5180,2433,0.08656245895179299,36.82100909321736,True,0.024905790999582678,36.79162188777303,37.96397414114794,1.1723522533749104,True,669.2276484319224,,,,,,,0,,,,,,,,,,,,,,,,,,,,
ridge_affine_multibranch,unseen_well,4,tr000d2,2433,1625.2450278553486,0.8173129281151617,1.6725204814436552,-0.6225201241883731,5180,2433,0.08656245895179299,36.82100909321736,True,0.03212027799963835,36.79162188777303,37.96397414114794,1.1723522533749104,True,669.2276484319224,,,,,,,0,,,,,,,,,,,,,,,,,,,,
ridge_gated_gbdt,unseen_well,4,tr000d2,2433,2439.129970284811,1.0012589630105513,1.8940364718735694,-0.8458498444726211,5180,2433,0.08656245895179299,36.82100909321736,True,0.04540670499955013,36.79162188777303,37.96397414114794,1.1723522533749104,True,669.2276484319224,0.9135283800233732,0.09999999999999998,,True,,,2433,1.0,,,,,,,,,,,,,,,,,,,
ridge_default,unseen_well,4,tr000db,1571,4008.321064365761,1.5973245183861053,2.8413393808096004,1.3011548909033244,3268,1571,0.02748501756561273,39.69477978533436,True,0.014751101000001654,36.59555875899056,39.7295142327293,3.1339554737387374,True,645.6040063091283,,,,,,,0,,,,,,,,,,,,,,,,,,,,
ridge_affine_cal,unseen_well,4,tr000db,1571,4245.399566917765,1.643884093269813,2.9142606010884933,1.362469220731211,3268,1571,0.02748501756561273,39.69477978533436,True,0.02281945499998983,36.59555875899056,39.7295142327293,3.1339554737387374,True,645.6040063091283,,,,,,,0,,,,,,,,,,,,,,,,,,,,
ridge_multibranch,unseen_well,4,tr000db,1571,2733.1982861590895,1.3190081449391113,2.4808958355982256,0.9385899562339322,3268,1571,0.02748501756561273,39.69477978533436,True,0.024109494999720482,36.59555875899056,39.7295142327293,3.1339554737387374,True,645.6040063091283,,,,,,,0,,,,,,,,,,,,,,,,,,,,
ridge_affine_multibranch,unseen_well,4,tr000db,1571,2638.722728051487,1.2960112945701505,2.481860263541499,0.909786398411977,3268,1571,0.02748501756561273,39.69477978533436,True,0.03143606999947224,36.59555875899056,39.7295142327293,3.1339554737387374,True,645.6040063091283,,,,,,,0,,,,,,,,,,,,,,,,,,,,
ridge_gated_gbdt,unseen_well,4,tr000db,1571,262.57184239753957,0.4088236235667067,0.736424639987618,-0.36153885373587596,3268,1571,0.02748501756561273,39.69477978533436,True,0.04347504500037758,36.59555875899056,39.7295142327293,3.1339554737387374,True,645.6040063091283,0.882015081849891,1.0,,True,,,0,0.0,,,,,,,,,,,,,,,,,,,
ridge_default,unseen_well,4,tr0002e,1838,148.71542657317985,0.28444955393539956,0.6732811297906829,0.15809306090808495,2397,1838,0.1563164108618654,4.15281764397191,True,0.014763658000447322,1.1534302899441211,4.186644050141719,3.0332137601975973,True,645.2007274615717,,,,,,,0,,,,,,,,,,,,,,,,,,,,
ridge_affine_cal,unseen_well,4,tr0002e,1838,110.60351652591055,0.24530800133726152,0.586382479432932,0.05803780834568037,2397,1838,0.1563164108618654,4.15281764397191,True,0.022573530999579816,1.1534302899441211,4.186644050141719,3.0332137601975973,True,645.2007274615717,,,,,,,0,,,,,,,,,,,,,,,,,,,,
ridge_multibranch,unseen_well,4,tr0002e,1838,391.33769700071247,0.4614270909724567,0.949118115365164,0.3805789040411404,2397,1838,0.1563164108618654,4.15281764397191,True,0.024578687999564863,1.1534302899441211,4.186644050141719,3.0332137601975973,True,645.2007274615717,,,,,,,0,,,,,,,,,,,,,,,,,,,,
ridge_affine_multibranch,unseen_well,4,tr0002e,1838,319.2038687128594,0.4167362885914506,0.9045932109233106,0.32553140061120833,2397,1838,0.1563164108618654,4.15281764397191,True,0.031064963000062562,1.1534302899441211,4.186644050141719,3.0332137601975973,True,645.2007274615717,,,,,,,0,,,,,,,,,,,,,,,,,,,,
ridge_gated_gbdt,unseen_well,4,tr0002e,1838,2104.809730587416,1.0701229248610025,1.9820912860734452,0.9328633638000511,2397,1838,0.1563164108618654,4.15281764397191,True,0.04184191900003498,1.1534302899441211,4.186644050141719,3.0332137601975973,True,645.2007274615717,0.9836103629366977,1.0,,True,,,0,0.0,,,,,,,,,,,,,,,,,,,
ridge_default,unseen_well,4,tr000df,1788,11922.204574447287,2.582227652655417,4.01845963062976,-2.2029860935051397,3346,1788,0.625633034670822,14.90087612704955,True,0.014605831999688235,14.88165337910129,22.220582408149397,7.338929029048106,True,699.8682258186824,,,,,,,0,,,,,,,,,,,,,,,,,,,,
ridge_affine_cal,unseen_well,4,tr000df,1788,10404.259351787572,2.4122472919756914,3.7943191407164854,-1.9973438872442224,3346,1788,0.625633034670822,14.90087612704955,True,0.02176398300071014,14.88165337910129,22.220582408149397,7.338929029048106,True,699.8682258186824,,,,,,,0,,,,,,,,,,,,,,,,,,,,
ridge_multibranch,unseen_well,4,tr000df,1788,11692.973180437319,2.5572825758027005,3.9805391344032515,-2.173913079341299,3346,1788,0.625633034670822,14.90087612704955,True,0.022053245999813953,14.88165337910129,22.220582408149397,7.338929029048106,True,699.8682258186824,,,,,,,0,,,,,,,,,,,,,,,,,,,,
ridge_affine_multibranch,unseen_well,4,tr000df,1788,8153.504038004573,2.135444988965394,3.4566362826631547,-1.6665501321610292,3346,1788,0.625633034670822,14.90087612704955,True,0.028390024999680463,14.88165337910129,22.220582408149397,7.338929029048106,True,699.8682258186824,,,,,,,0,,,,,,,,,,,,,,,,,,,,
ridge_gated_gbdt,unseen_well,4,tr000df,1788,11922.204574447287,2.582227652655417,4.01845963062976,-2.2029860935051397,3346,1788,0.625633034670822,14.90087612704955,True,0.040369945000747975,14.88165337910129,22.220582408149397,7.338929029048106,True,699.8682258186824,0.0,0.0,,False,affine_calibration_unusable,,1788,1.0,,,,,,,,,,,,,,,,,,,
ridge_default,unseen_well,4,tr00068,2525,1098.427013552354,0.6595609141138329,1.138796091313445,0.6204569256560819,4209,2525,0.06712206712206713,11.17392111001049,True,0.015318331000344187,11.172373854641318,13.39465472047095,2.2222808658296316,True,643.0085229573327,,,,,,,0,,,,,,,,,,,,,,,,,,,,
ridge_affine_cal,unseen_well,4,tr00068,2525,252.58839468870514,0.31628311336128423,0.767696645017006,0.2126754074264455,4209,2525,0.06712206712206713,11.17392111001049,True,0.02550444700045773,11.172373854641318,13.39465472047095,2.2222808658296316,True,643.0085229573327,,,,,,,0,,,,,,,,,,,,,,,,,,,,
ridge_multibranch,unseen_well,4,tr00068,2525,2255.546441295689,0.9451379366658739,1.4063449018784588,0.9221623116862254,4209,2525,0.06712206712206713,11.17392111001049,True,0.025170080000862072,11.172373854641318,13.39465472047095,2.2222808658296316,True,643.0085229573327,,,,,,,0,,,,,,,,,,,,,,,,,,,,
ridge_affine_multibranch,unseen_well,4,tr00068,2525,440.40105881724327,0.4176317288206442,0.8838219376452017,0.3545989840335049,4209,2525,0.06712206712206713,11.17392111001049,True,0.0331049639999037,11.172373854641318,13.39465472047095,2.2222808658296316,True,643.0085229573327,,,,,,,0,,,,,,,,,,,,,,,,,,,,
ridge_gated_gbdt,unseen_well,4,tr00068,2525,1098.427013552354,0.6595609141138329,1.138796091313445,0.6204569256560819,4209,2525,0.06712206712206713,11.17392111001049,True,0.04340262999994593,11.172373854641318,13.39465472047095,2.2222808658296316,True,643.0085229573327,0.8748177638097228,1.0,,True,,,2525,1.0,,,,,,,,,,,,,,,,,,,
ridge_default,unseen_well,4,tr000bf,3497,5883.330884005557,1.297071213509696,2.4467362067334637,1.1092835025868313,3197,3497,0.719300866447565,15.544124786087195,True,0.015226508000523609,8.395102370123281,15.61457758990662,7.219475219783339,True,708.7421612804604,,,,,,,0,,,,,,,,,,,,,,,,,,,,
ridge_affine_cal,unseen_well,4,tr000bf,3497,1878.7915406739448,0.7329789151019083,1.6441978491029552,0.3386660998032488,3197,3497,0.719300866447565,15.544124786087195,True,0.02355071800047881,8.395102370123281,15.61457758990662,7.219475219783339,True,708.7421612804604,,,,,,,0,,,,,,,,,,,,,,,,,,,,
ridge_multibranch,unseen_well,4,tr000bf,3497,5488.091135584624,1.2527454705824346,2.285470247033393,1.06057216561639,3197,3497,0.719300866447565,15.544124786087195,True,0.023653215000194905,8.395102370123281,15.61457758990662,7.219475219783339,True,708.7421612804604,,,,,,,0,,,,,,,,,,,,,,,,,,,,
ridge_affine_multibranch,unseen_well,4,tr000bf,3497,1628.3165473965967,0.6823726348211919,1.3834351983733821,0.19350817417750174,3197,3497,0.719300866447565,15.544124786087195,True,0.03192023199972027,8.395102370123281,15.61457758990662,7.219475219783339,True,708.7421612804604,,,,,,,0,,,,,,,,,,,,,,,,,,,,
ridge_gated_gbdt,unseen_well,4,tr000bf,3497,5883.330884005557,1.297071213509696,2.4467362067334637,1.1092835025868313,3197,3497,0.719300866447565,15.544124786087195,True,0.04440511399934621,8.395102370123281,15.61457758990662,7.219475219783339,True,708.7421612804604,0.0,0.0,,False,insufficient_hidden_gr_rows,,3497,1.0,,,,,,,,,,,,,,,,,,,
ridge_default,unseen_well,4,tr00079,1768,996.5753249145376,0.7507821430409275,1.4177728654663468,-0.5008224671149932,2826,1768,0.15063125816282108,15.23145495971221,True,0.014914358000169159,15.216266448452329,18.269046520073573,3.0527800716212443,True,689.0182092741414,,,,,,,0,,,,,,,,,,,,,,,,,,,,
ridge_affine_cal,unseen_well,4,tr00079,1768,672.5641490566886,0.6167735294016153,1.1900768564362991,-0.2420628806391699,2826,1768,0.15063125816282108,15.23145495971221,True,0.024222027999712736,15.216266448452329,18.269046520073573,3.0527800716212443,True,689.0182092741414,,,,,,,0,,,,,,,,,,,,,,,,,,,,
ridge_multibranch,unseen_well,4,tr00079,1768,584.2732633457352,0.5748663347225698,1.0215248225361115,-0.09845659075124462,2826,1768,0.15063125816282108,15.23145495971221,True,0.024569776999669557,15.216266448452329,18.269046520073573,3.0527800716212443,True,689.0182092741414,,,,,,,0,,,,,,,,,,,,,,,,,,,,
ridge_affine_multibranch,unseen_well,4,tr00079,1768,642.6991928578142,0.6029242431841049,1.2475401547828824,0.19639964196083884,2826,1768,0.15063125816282108,15.23145495971221,True,0.03143586500027595,15.216266448452329,18.269046520073573,3.0527800716212443,True,689.0182092741414,,,,,,,0,,,,,,,,,,,,,,,,,,,,
ridge_gated_gbdt,unseen_well,4,tr00079,1768,996.5753249145376,0.7507821430409275,1.4177728654663468,-0.5008224671149932,2826,1768,0.15063125816282108,15.23145495971221,True,0.04403488100069808,15.216266448452329,18.269046520073573,3.0527800716212443,True,689.0182092741414,0.77926803930187,1.0,,True,,,1768,1.0,,,,,,,,,,,,,,,,,,,
ridge_default,unseen_well,4,tr0001d,2994,7863.966365608294,1.6206712413115314,2.1665643804589916,-1.5438374243585797,3743,2994,0.03458512691108802,17.147540888497225,True,0.01693877599973348,13.821450948541932,17.160878002675247,3.3394270541333153,True,648.5699221517228,,,,,,,0,,,,,,,,,,,,,,,,,,,,
ridge_affine_cal,unseen_well,4,tr0001d,2994,4876.934497212509,1.2762847008718425,1.9730344516003697,-1.1674186593925062,3743,2994,0.03458512691108802,17.147540888497225,True,0.024503161999746226,13.821450948541932,17.160878002675247,3.3394270541333153,True,648.5699221517228,,,,,,,0,,,,,,,,,,,,,,,,,,,,
ridge_multibranch,unseen_well,4,tr0001d,2994,3664.0826149166774,1.1062587801306367,1.6546116155619615,-0.9750225040442504,3743,2994,0.03458512691108802,17.147540888497225,True,0.027932459999647108,13.821450948541932,17.160878002675247,3.3394270541333153,True,648.5699221517228,,,,,,,0,,,,,,,,,,,,,,,,,,,,
ridge_affine_multibranch,unseen_well,4,tr0001d,2994,2196.5562642449277,0.8565353039243119,1.5456079780637868,-0.6836354693489073,3743,2994,0.03458512691108802,17.147540888497225,True,0.036604523999812955,13.821450948541932,17.160878002675247,3.3394270541333153,True,648.5699221517228,,,,,,,0,,,,,,,,,,,,,,,,,,,,
ridge_gated_gbdt,unseen_well,4,tr0001d,2994,7863.966365608294,1.6206712413115314,2.1665643804589916,-1.5438374243585797,3743,2994,0.03458512691108802,17.147540888497225,True,0.04506120699988969,13.821450948541932,17.160878002675247,3.3394270541333153,True,648.5699221517228,0.4767450320192994,0.9,,True,,,2994,1.0,,,,,,,,,,,,,,,,,,,
ridge_default,unseen_well,4,tr0005f,2186,16451.23432854432,2.743305444433173,4.808050879699756,-2.3223769463603383,6543,2186,0.6859892312979723,46.34379359909136,True,0.016453344999717956,46.33421333000382,51.95654672954839,5.622333399544573,True,684.2954529444941,,,,,,,0,,,,,,,,,,,,,,,,,,,,
ridge_affine_cal,unseen_well,4,tr0005f,2186,17519.59038673362,2.830980612625927,4.910271947558819,-2.42838446681507,6543,2186,0.6859892312979723,46.34379359909136,True,0.023869956000453385,46.33421333000382,51.95654672954839,5.622333399544573,True,684.2954529444941,,,,,,,0,,,,,,,,,,,,,,,,,,,,
ridge_multibranch,unseen_well,4,tr0005f,2186,15339.904463667572,2.649026169153799,4.7441447993985975,-2.1878118912360067,6543,2186,0.6859892312979723,46.34379359909136,True,0.03477684900008171,46.33421333000382,51.95654672954839,5.622333399544573,True,684.2954529444941,,,,,,,0,,,,,,,,,,,,,,,,,,,,
ridge_affine_multibranch,unseen_well,4,tr0005f,2186,18177.78248992862,2.8836687591189585,5.034184982278866,-2.4586827155666233,6543,2186,0.6859892312979723,46.34379359909136,True,0.03168859500055987,46.33421333000382,51.95654672954839,5.622333399544573,True,684.2954529444941,,,,,,,0,,,,,,,,,,,,,,,,,,,,
ridge_gated_gbdt,unseen_well,4,tr0005f,2186,16451.23432854432,2.743305444433173,4.808050879699756,-2.3223769463603383,6543,2186,0.6859892312979723,46.34379359909136,True,0.0444761370008564,46.33421333000382,51.95654672954839,5.622333399544573,True,684.2954529444941,0.0,0.0,,False,insufficient_hidden_gr_rows,,2186,1.0,,,,,,,,,,,,,,,,,,,
