protocol,well_id,fold,n_points,prefix_len,suffix_len,gr_missing_frac,rmse_default,rmse_candidate,sse_default,sse_candidate,delta_rmse,delta_sse,improved,degraded,unchanged,particle_confidence_mean,particle_confidence_p10,particle_branch_spread_mean,particle_branch_spread_p90,particle_path_smoothness,particle_fallback_status,particle_fallback_fraction,particle_failure_reason,particle_cache_hit,beam_confidence_mean,beam_confidence_p10,beam_branch_spread_mean,beam_branch_spread_p90,beam_path_smoothness,beam_fallback_status,beam_fallback_fraction,beam_failure_reason,beam_cache_hit,candidate_arm
same_well_masked,tr00006,2,2473,720,2473,0.014119308153900459,2.0272632796404992,0.8258271693751712,10163.526509512458,1686.5625403262077,-1.2014361102653281,-8476.96396918625,True,False,False,,,,,,,,,,,,,,,,,,,ridge_affine_cal
same_well_masked,tr0004d,1,3050,200,3050,0.051601423487544484,3.8935982348426132,2.763050940026594,46238.32700382701,23285.07401640463,-1.1305472948160191,-22953.252987422384,True,False,False,,,,,,,,,,,,,,,,,,,ridge_affine_cal
same_well_masked,tr00057,2,3071,200,3071,0.0518910741301059,4.038871002574692,3.1104731380449784,50095.62293357223,29712.057490615585,-0.9283978645297135,-20383.565442956646,True,False,False,,,,,,,,,,,,,,,,,,,ridge_affine_cal
same_well_masked,tr0000b,4,3108,200,3108,0.07501402131239485,2.120993172960627,1.251848336728559,13981.686219529289,4870.622194392546,-0.869144836232068,-9111.064025136744,True,False,False,,,,,,,,,,,,,,,,,,,ridge_affine_cal
same_well_masked,tr00040,0,2042,2055,2042,0.0,1.264806916673531,0.5213002294939107,3266.6620074619477,554.921523570165,-0.7435066871796202,-2711.740483891783,True,False,False,,,,,,,,,,,,,,,,,,,ridge_affine_cal
same_well_masked,tr0008f,0,2173,200,2173,0.6849863129079806,1.9086580076372428,1.1717184915139192,7916.185522725912,2983.364337351837,-0.7369395161233236,-4932.821185374075,True,False,False,,,,,,,,,,,,,,,,,,,ridge_affine_cal
same_well_masked,tr0005c,2,1836,200,1836,0.0,3.8311470742225207,3.1315942007068527,26948.234992338457,18005.435788785853,-0.699552873515668,-8942.799203552604,True,False,False,,,,,,,,,,,,,,,,,,,ridge_affine_cal
same_well_masked,tr000d8,3,2541,200,2541,0.048122493620123954,1.0462102452277342,0.3933157361853892,2781.266484014688,393.0857588292099,-0.652894509042345,-2388.180725185478,True,False,False,,,,,,,,,,,,,,,,,,,ridge_affine_cal
same_well_masked,tr000c2,2,3862,529,3862,0.0,2.9075248272527316,2.2789482337669895,32648.191798653548,20057.70271155655,-0.6285765934857421,-12590.489087096998,True,False,False,,,,,,,,,,,,,,,,,,,ridge_affine_cal
same_well_masked,tr00035,1,2067,1169,2067,0.2187441071091835,0.8696795340056349,0.27467111703388375,1563.35993069169,155.9432079749699,-0.5950084169717511,-1407.41672271672,True,False,False,,,,,,,,,,,,,,,,,,,ridge_affine_cal
same_well_masked,tr0000c,1,1925,200,1925,0.03639351960554121,1.026267268648519,0.47267273352456235,2027.457175396136,430.0825625588452,-0.5535945351239566,-1597.374612837291,True,False,False,,,,,,,,,,,,,,,,,,,ridge_affine_cal
same_well_masked,tr0006a,2,2356,3858,2356,0.0,0.9372281946567749,0.39150584693847085,2069.5025989532114,361.1202072085941,-0.545722347718304,-1708.3823917446173,True,False,False,,,,,,,,,,,,,,,,,,,ridge_affine_cal
same_well_masked,tr00027,4,2037,200,2037,0.12438739789964995,1.2469677036460227,0.7444489787316149,3167.3892606681106,1128.9141223006668,-0.5025187249144079,-2038.4751383674438,True,False,False,,,,,,,,,,,,,,,,,,,ridge_affine_cal
same_well_masked,tr00081,0,2946,200,2946,0.05757530790918534,2.0860449494594078,1.634656401776972,12819.765082812395,7872.011171810309,-0.45138854768243575,-4947.753911002086,True,False,False,,,,,,,,,,,,,,,,,,,ridge_affine_cal
same_well_masked,tr00000,0,2913,1249,2913,0.06148409893992933,2.284915521788405,1.8388784897558823,15208.303837200005,9850.234053553066,-0.4460370320325229,-5358.069783646939,True,False,False,,,,,,,,,,,,,,,,,,,ridge_affine_cal
same_well_masked,tr00019,3,3877,960,3877,0.6727105806747762,2.5847805276188125,2.1456587340252185,25902.58738758679,17849.131889038268,-0.43912179359359405,-8053.455498548523,True,False,False,,,,,,,,,,,,,,,,,,,ridge_affine_cal
same_well_masked,tr000b3,2,2181,200,2181,0.12054850593532541,2.4825204229851745,2.06884895506451,13441.301585824447,9334.976613538774,-0.41367146792066434,-4106.324972285673,True,False,False,,,,,,,,,,,,,,,,,,,ridge_affine_cal
same_well_masked,tr00033,1,2766,3181,2766,0.023872374612647768,2.1349538200210496,1.7250828612860123,12607.50493247976,8231.369489385366,-0.4098709587350373,-4376.135443094394,True,False,False,,,,,,,,,,,,,,,,,,,ridge_affine_cal
same_well_masked,tr000d6,0,2057,1782,2057,0.0,5.773519322084207,5.378991825400254,68567.0616706207,59516.31863973571,-0.3945274966839527,-9050.74303088498,True,False,False,,,,,,,,,,,,,,,,,,,ridge_affine_cal
same_well_masked,tr0001c,3,2143,3635,2143,0.06867819719732357,1.3872529643087053,0.994392791268012,4124.1408965051905,2119.034880987164,-0.3928601730406932,-2005.1060155180267,True,False,False,,,,,,,,,,,,,,,,,,,ridge_affine_cal
same_well_masked,tr00060,3,1532,2029,1532,0.0,1.1995376009207692,0.8075187359250142,2204.38017862686,998.9965315887373,-0.392018864995755,-1205.3836470381227,True,False,False,,,,,,,,,,,,,,,,,,,ridge_affine_cal
same_well_masked,tr00009,1,2245,200,2245,0.02335907335907336,0.9034927642577529,0.5200598263123766,1832.5916480234293,607.187690509413,-0.38343293794537636,-1225.4039575140164,True,False,False,,,,,,,,,,,,,,,,,,,ridge_affine_cal
same_well_masked,tr0004a,3,3373,335,3373,0.5229487360542296,3.7021401718687126,3.335164020406165,46229.804567349514,37518.95513207885,-0.3669761514625476,-8710.849435270662,True,False,False,,,,,,,,,,,,,,,,,,,ridge_affine_cal
same_well_masked,tr000b6,3,2009,2419,2009,0.060742581948112474,1.7847526395885684,1.4228309380306752,6399.352046897389,4067.1157873384577,-0.36192170155789327,-2332.2362595589316,True,False,False,,,,,,,,,,,,,,,,,,,ridge_affine_cal
same_well_masked,tr00072,4,3239,200,3239,0.0656386462882096,0.8669603991448118,0.5055708108398429,2434.4982608067885,827.8943752205768,-0.3613895883049689,-1606.6038855862116,True,False,False,,,,,,,,,,,,,,,,,,,ridge_affine_cal
same_well_masked,tr000ec,1,1618,1798,1618,0.5411203814064363,3.390366907638116,3.0348975568750927,18598.243009283564,14902.755946415324,-0.35546935076302333,-3695.48706286824,True,False,False,,,,,,,,,,,,,,,,,,,ridge_affine_cal
same_well_masked,tr000b5,2,2068,200,2068,0.5421538461538462,1.7815268845014511,1.4422532267444423,6563.497067136592,4301.635157273236,-0.3392736577570088,-2261.8619098633562,True,False,False,,,,,,,,,,,,,,,,,,,ridge_affine_cal
same_well_masked,tr00022,2,2467,4032,2467,0.06803479812625474,1.1674780529715423,0.839599668336825,3362.5333452879413,1739.0563967769133,-0.3278783846347173,-1623.476948511028,True,False,False,,,,,,,,,,,,,,,,,,,ridge_affine_cal
same_well_masked,tr000ad,3,3617,846,3617,0.5429455445544554,1.1146805096894106,0.7897148864628428,4494.168214110783,2255.7406100759918,-0.32496562322656775,-2238.4276040347913,True,False,False,,,,,,,,,,,,,,,,,,,ridge_affine_cal
same_well_masked,tr00010,3,2774,3402,2774,0.711731843575419,5.686927905646951,5.378610745828783,89714.34733716818,80250.30416197184,-0.3083171598181682,-9464.043175196333,True,False,False,,,,,,,,,,,,,,,,,,,ridge_affine_cal
same_well_masked,tr00046,0,2362,648,2362,0.02475800446760983,1.0976103067639478,0.7902681454595094,2845.6156865851253,1475.1250779615652,-0.30734216130443837,-1370.49060862356,True,False,False,,,,,,,,,,,,,,,,,,,ridge_affine_cal
same_well_masked,tr0007e,3,2744,1270,2744,0.7169280852323172,2.1931838469591662,1.8887080292149767,13198.791980727794,9788.446245840356,-0.3044758177441895,-3410.345734887438,True,False,False,,,,,,,,,,,,,,,,,,,ridge_affine_cal
same_well_masked,tr000b4,3,4119,294,4119,0.0,2.4225839270391756,2.1204352200854566,24174.052167336496,18520.03530750232,-0.302148706953719,-5654.016859834177,True,False,False,,,,,,,,,,,,,,,,,,,ridge_affine_cal
same_well_masked,tr0001d,4,2994,749,2994,0.03458512691108802,3.416856566141939,3.120508391112497,34954.67692800031,29154.292421296494,-0.29634817502944166,-5800.38450670382,True,False,False,,,,,,,,,,,,,,,,,,,ridge_affine_cal
same_well_masked,tr000c5,4,3186,1949,3186,0.07162600648960461,4.035484050378919,3.740037274516188,51884.429025468395,44565.38190385873,-0.29544677586273105,-7319.047121609663,True,False,False,,,,,,,,,,,,,,,,,,,ridge_affine_cal
same_well_masked,tr00007,3,1758,2950,1758,0.0,2.3938240893597484,2.106420572682882,10074.032249064694,7800.259411820115,-0.2874035166768665,-2273.772837244579,True,False,False,,,,,,,,,,,,,,,,,,,ridge_affine_cal
same_well_masked,tr00076,4,2232,200,2232,0.2059100319969885,0.7104605522153299,0.4243504966901102,1126.6113660391768,401.92370389983165,-0.2861100555252197,-724.6876621393451,True,False,False,,,,,,,,,,,,,,,,,,,ridge_affine_cal
same_well_masked,tr00096,3,2783,1350,2783,0.07200694042799306,1.4966818738487873,1.2172844708281019,6234.077605485421,4123.797866964279,-0.2793974030206854,-2110.2797385211425,True,False,False,,,,,,,,,,,,,,,,,,,ridge_affine_cal
same_well_masked,tr00090,4,1971,200,1971,0.08338804990151018,0.5130213152320444,0.23871451879516098,518.7492045382434,112.31668894418598,-0.27430679643688344,-406.43251559405735,True,False,False,,,,,,,,,,,,,,,,,,,ridge_affine_cal
same_well_masked,tr00052,3,3230,2132,3230,0.049348230912476726,2.013044157829938,1.7388475198800801,13089.080103835578,9766.197952579732,-0.2741966379498577,-3322.882151255846,True,False,False,,,,,,,,,,,,,,,,,,,ridge_affine_cal
same_well_masked,tr0006b,0,1879,2159,1879,0.09869866486395133,1.800915669163773,1.5271985104603591,6094.1555279390095,4382.458010572047,-0.27371715870341395,-1711.6975173669625,True,False,False,,,,,,,,,,,,,,,,,,,ridge_affine_cal
same_well_masked,tr0009c,2,1815,551,1815,0.0,3.7049537839922917,3.434628882668484,24913.928812856626,21410.966144413913,-0.2703249013238076,-3502.962668442713,True,False,False,,,,,,,,,,,,,,,,,,,ridge_affine_cal
same_well_masked,tr00079,4,1768,1058,1768,0.15063125816282108,1.7067259976509104,1.4440083825226637,5150.031299709652,3686.5632491508322,-0.26271761512824665,-1463.4680505588194,True,False,False,,,,,,,,,,,,,,,,,,,ridge_affine_cal
same_well_masked,tr000dd,1,2872,802,2872,0.15582034830430797,4.653011606545529,4.401858580747922,62180.28485457935,55648.902947204595,-0.2511530257976071,-6531.381907374758,True,False,False,,,,,,,,,,,,,,,,,,,ridge_affine_cal
same_well_masked,tr00043,0,2849,220,2849,0.14109496451503886,1.5890457100750004,1.3392408227930535,7193.913799548414,5109.869481109497,-0.24980488728194694,-2084.044318438917,True,False,False,,,,,,,,,,,,,,,,,,,ridge_affine_cal
same_well_masked,tr000d7,2,1044,1700,1044,0.10137275607180571,2.2864082979550022,2.037572253035983,5457.68007277562,4334.375516541188,-0.248836044919019,-1123.3045562344323,True,False,False,,,,,,,,,,,,,,,,,,,ridge_affine_cal
same_well_masked,tr0009e,1,2153,1323,2153,0.12169124178362054,1.1462387622128074,0.8992191335863543,2828.7476848981673,1740.9051430973798,-0.2470196286264531,-1087.8425418007876,True,False,False,,,,,,,,,,,,,,,,,,,ridge_affine_cal
same_well_masked,tr000a2,4,4132,200,4132,0.018637157833430402,2.5984068538744696,2.3640744753443186,27898.09951257784,23093.120452394694,-0.234332378530151,-4804.979060183145,True,False,False,,,,,,,,,,,,,,,,,,,ridge_affine_cal
same_well_masked,tr0000d,2,2780,581,2780,0.08923628073603648,0.4344979974974267,0.20489168801772872,524.8320573253811,116.70607861613689,-0.22960630947969796,-408.12597870924424,True,False,False,,,,,,,,,,,,,,,,,,,ridge_affine_cal
same_well_masked,tr00014,0,1857,200,1857,0.1547250654606046,0.46111638168149455,0.24660114391646473,394.8507855139977,112.92811460394793,-0.21451523776502981,-281.92267091004976,True,False,False,,,,,,,,,,,,,,,,,,,ridge_affine_cal
same_well_masked,tr00068,4,2525,1684,2525,0.06712206712206713,1.316743405385203,1.1026426019092699,4377.878318954188,3069.9472865517428,-0.21410080347593308,-1307.9310324024455,True,False,False,,,,,,,,,,,,,,,,,,,ridge_affine_cal
same_well_masked,tr0007d,4,3208,2215,3208,0.05410728768393002,0.9675334195630224,0.7630095252988104,3003.0759048519803,1867.644782515065,-0.20452389426421203,-1135.4311223369155,True,False,False,,,,,,,,,,,,,,,,,,,ridge_affine_cal
same_well_masked,tr0000a,1,2192,216,2192,0.0,2.790089623958026,2.5937647834799,17063.843440502384,14746.933728429005,-0.19632484047812637,-2316.9097120733786,True,False,False,,,,,,,,,,,,,,,,,,,ridge_affine_cal
same_well_masked,tr000e5,0,1450,1559,1450,0.0,1.5214282770794452,1.3267603171658378,3356.378803330547,2552.4247618486916,-0.1946679599136074,-803.9540414818553,True,False,False,,,,,,,,,,,,,,,,,,,ridge_affine_cal
same_well_masked,tr00015,4,1499,2428,1499,0.0,1.4681733661642924,1.2781725034198743,3231.14401663817,2448.953697799444,-0.19000086274441808,-782.190318838726,True,False,False,,,,,,,,,,,,,,,,,,,ridge_affine_cal
same_well_masked,tr000e8,3,2929,1435,2929,0.0,1.7572065489488156,1.5760458601146248,9044.092552253347,7275.403300277247,-0.1811606888341908,-1768.6892519761004,True,False,False,,,,,,,,,,,,,,,,,,,ridge_affine_cal
same_well_masked,tr00050,0,3264,2260,3264,0.06634046426945835,4.334534231186879,4.15827021273391,61324.64237234381,56438.51323312743,-0.17626401845296868,-4886.129139216384,True,False,False,,,,,,,,,,,,,,,,,,,ridge_affine_cal
same_well_masked,tr000a6,3,1643,3198,1643,0.0,0.5834019127689253,0.41244812830515487,559.20785196427,279.49641238520513,-0.1709537844637704,-279.7114395790649,True,False,False,,,,,,,,,,,,,,,,,,,ridge_affine_cal
same_well_masked,tr000df,4,1788,1558,1788,0.625633034670822,2.1987848486339283,2.0286816761878868,8644.362801320842,7358.602225821283,-0.17010317244604156,-1285.7605754995584,True,False,False,,,,,,,,,,,,,,,,,,,ridge_affine_cal
same_well_masked,tr000c3,4,3649,933,3649,0.07520349896731868,0.8261045067286986,0.6619188399903294,2490.255145880715,1598.7602736288889,-0.1641856667383692,-891.4948722518263,True,False,False,,,,,,,,,,,,,,,,,,,ridge_affine_cal
same_well_masked,tr000b9,1,3355,1283,3355,0.0,3.2694593734187416,3.11317529968529,35862.81821433167,32516.19179824434,-0.15628407373345166,-3346.6264160873325,True,False,False,,,,,,,,,,,,,,,,,,,ridge_affine_cal
same_well_masked,tr00031,3,2623,720,2623,0.0,1.0362073999310488,0.8992950145955547,2816.3827095873003,2121.302785554047,-0.1369123853354941,-695.0799240332531,True,False,False,,,,,,,,,,,,,,,,,,,ridge_affine_cal
same_well_masked,tr00082,1,2352,1259,2352,0.0392419922857622,4.085305169768675,3.948985527176305,39254.217512486124,36678.232703930305,-0.13631964259236984,-2575.9848085558187,True,False,False,,,,,,,,,,,,,,,,,,,ridge_affine_cal
same_well_masked,tr0002f,4,2063,2069,2063,0.02986279257465698,3.1252330136036197,2.9904930995229,20149.488906162955,18449.51004222069,-0.13473991408071972,-1699.978863942266,True,False,False,,,,,,,,,,,,,,,,,,,ridge_affine_cal
same_well_masked,tr0001a,0,2686,3405,2686,0.09114731685086021,0.6594884603986036,0.530519567014362,1168.2086289655008,755.9774155059949,-0.12896889338424167,-412.23121345950585,True,False,False,,,,,,,,,,,,,,,,,,,ridge_affine_cal
same_well_masked,tr000a1,3,2904,200,2904,0.0,4.357150374505115,4.229590925308444,55131.74125708937,51950.93200439128,-0.12755944919667073,-3180.809252698091,True,False,False,,,,,,,,,,,,,,,,,,,ridge_affine_cal
same_well_masked,tr00037,4,1859,446,1859,0.143611911623439,2.58557385562312,2.4626511114397442,12427.77223079728,11274.185273319585,-0.12292274418337579,-1153.5869574776953,True,False,False,,,,,,,,,,,,,,,,,,,ridge_affine_cal
same_well_masked,tr0002b,1,1637,1427,1637,0.18613061050840246,0.7932717768119071,0.6733246465978989,1030.131543157906,742.1602724953956,-0.11994713021400816,-287.9712706625104,True,False,False,,,,,,,,,,,,,,,,,,,ridge_affine_cal
same_well_masked,tr000db,4,1571,1697,1571,0.02748501756561273,1.5438250436620438,1.424794524787289,3744.314747503273,3189.1919568840876,-0.11903051887475469,-555.1227906191853,True,False,False,,,,,,,,,,,,,,,,,,,ridge_affine_cal
same_well_masked,tr00086,4,2543,2060,2543,0.0,1.4429687637152955,1.324484162450866,5294.929963326616,4461.078848211007,-0.11848460126442939,-833.851115115609,True,False,False,,,,,,,,,,,,,,,,,,,ridge_affine_cal
same_well_masked,tr000b2,3,1372,1021,1372,0.023373173970783534,0.4986458083208854,0.3807400654254441,341.14456503801716,198.88923246047523,-0.11790574289544131,-142.25533257754194,True,False,False,,,,,,,,,,,,,,,,,,,ridge_affine_cal
same_well_masked,tr00004,1,1809,200,1809,0.11125552378476736,1.762145570166133,1.649005266406532,5617.2290319151325,4919.066028863388,-0.11314030375960105,-698.1630030517445,True,False,False,,,,,,,,,,,,,,,,,,,ridge_affine_cal
same_well_masked,tr0008d,0,3861,803,3861,0.03401759530791789,5.592498440366816,5.479552931819551,120756.78582805584,115928.45678421587,-0.1129455085472646,-4828.329043839971,True,False,False,,,,,,,,,,,,,,,,,,,ridge_affine_cal
same_well_masked,tr000cf,3,2598,200,2598,0.5848144952545298,3.997743354190175,3.8869277714300687,41521.111103674506,39251.1230858166,-0.11081558276010606,-2269.988017857904,True,False,False,,,,,,,,,,,,,,,,,,,ridge_affine_cal
same_well_masked,tr00016,0,3606,395,3606,0.0,1.0700175535469256,0.9616699009251133,4128.644859024163,3334.861248033214,-0.10834765262181234,-793.7836109909495,True,False,False,,,,,,,,,,,,,,,,,,,ridge_affine_cal
same_well_masked,tr00089,1,1892,200,1892,0.21824644549763034,0.8599482483389499,0.7519482325596235,1399.1547927417637,1069.7862652985327,-0.10800001577932639,-329.36852744323096,True,False,False,,,,,,,,,,,,,,,,,,,ridge_affine_cal
same_well_masked,tr00036,0,4230,448,4230,0.0,0.5093481004617005,0.4060088606105571,1097.412111887877,697.2867144028162,-0.10333923985114346,-400.12539748506083,True,False,False,,,,,,,,,,,,,,,,,,,ridge_affine_cal
same_well_masked,tr0006d,3,2662,200,2662,0.0,2.6346998828950405,2.531398910752259,18478.654924932045,17058.04394554226,-0.10330097214278133,-1420.610979389785,True,False,False,,,,,,,,,,,,,,,,,,,ridge_affine_cal
same_well_masked,tr00092,3,1842,930,1842,0.09037711313394019,0.2741050375084452,0.17457855014526763,138.39603886418632,56.1398684546573,-0.0995264873631776,-82.25617040952903,True,False,False,,,,,,,,,,,,,,,,,,,ridge_affine_cal
same_well_masked,tr00026,3,2443,3670,2443,0.0,0.2973768281919104,0.19791955912427564,216.04176512081006,95.69756705248408,-0.09945726906763477,-120.34419806832598,True,False,False,,,,,,,,,,,,,,,,,,,ridge_affine_cal
same_well_masked,tr00053,3,3026,502,3026,0.03387244430881904,0.9829632269171708,0.8837413360064788,2923.7717507565085,2363.302214372677,-0.099221890910692,-560.4695363838314,True,False,False,,,,,,,,,,,,,,,,,,,ridge_affine_cal
same_well_masked,tr000bb,0,1823,1209,1823,0.0,0.980774655788596,0.8989017741667336,1753.5782010720866,1473.0284804709845,-0.08187288162186246,-280.5497206011021,True,False,False,,,,,,,,,,,,,,,,,,,ridge_affine_cal
same_well_masked,tr00097,1,1430,1918,1430,0.2402678945165341,2.00496227440365,1.9324917774647166,5748.419422148055,5340.369992055298,-0.07247049693893337,-408.04943009275667,True,False,False,,,,,,,,,,,,,,,,,,,ridge_affine_cal
same_well_masked,tr00018,2,1170,1998,1170,0.10396496081143385,0.9327710598839265,0.8618713983729852,1017.9723646836709,869.1020995800837,-0.07089966151094129,-148.87026510358714,True,False,False,,,,,,,,,,,,,,,,,,,ridge_affine_cal
same_well_masked,tr00044,2,1698,3057,1698,0.03455757012242368,1.0514224170824955,0.9842186120846649,1877.120490345828,1644.8292972828212,-0.06720380499783063,-232.29119306300686,True,False,False,,,,,,,,,,,,,,,,,,,ridge_affine_cal
same_well_masked,tr000b7,2,1205,2285,1205,0.7488817891373802,0.3215908972587422,0.2547416126250475,124.62194976561787,78.19641348938576,-0.06684928463369466,-46.42553627623211,True,False,False,,,,,,,,,,,,,,,,,,,ridge_affine_cal
same_well_masked,tr00066,2,3353,2141,3353,0.0,1.282783812138406,1.217948187832293,5517.476537018596,4973.83278398202,-0.064835624306113,-543.6437530365756,True,False,False,,,,,,,,,,,,,,,,,,,ridge_affine_cal
same_well_masked,tr00083,1,1248,1477,1248,0.2912157060156053,8.253251411777718,8.19242898080064,85008.96626478161,83760.63397161686,-0.06082243097707796,-1248.3322931647563,True,False,False,,,,,,,,,,,,,,,,,,,ridge_affine_cal
same_well_masked,tr00059,3,2065,2408,2065,0.0,1.1706247789775883,1.1145124537061122,2829.7983005678166,2565.014989547329,-0.05611232527147614,-264.7833110204874,True,False,False,,,,,,,,,,,,,,,,,,,ridge_affine_cal
same_well_masked,tr000a7,1,2873,200,2873,0.07402402402402403,3.6449835660618373,3.591252072276453,38170.40563058127,37053.34372616776,-0.05373149378538411,-1117.0619044135092,True,False,False,,,,,,,,,,,,,,,,,,,ridge_affine_cal
same_well_masked,tr00028,2,2993,200,2993,0.0,2.9268931095270845,2.874555189777535,25640.142900869196,24731.36114445734,-0.05233791974954949,-908.7817564118559,True,False,False,,,,,,,,,,,,,,,,,,,ridge_affine_cal
same_well_masked,tr0009f,3,1947,2309,1947,0.729163308076737,0.6320439672598411,0.5801198391761117,777.7867355419916,655.2414871377323,-0.05192412808372948,-122.54524840425927,True,False,False,,,,,,,,,,,,,,,,,,,ridge_affine_cal
same_well_masked,tr0001f,2,3631,660,3631,0.0,1.1013798216438382,1.0507363054431387,4404.539204344417,4008.7938711655343,-0.05064351620069951,-395.7453331788829,True,False,False,,,,,,,,,,,,,,,,,,,ridge_affine_cal
same_well_masked,tr000e9,1,3452,1989,3452,0.0,1.130362126333183,1.0865112544055433,4410.684388510534,4075.1091489390788,-0.04385087192763959,-335.57523957145486,True,False,False,,,,,,,,,,,,,,,,,,,ridge_affine_cal
same_well_masked,tr00058,3,1856,3317,1856,0.0684307867406459,2.538073387892943,2.4944657303741886,11956.01146544515,11548.698823700852,-0.043607657518754284,-407.31264174429816,True,False,False,,,,,,,,,,,,,,,,,,,ridge_affine_cal
same_well_masked,tr000b8,1,3555,200,3555,0.065643197458973,1.5380042263221436,1.4951966384720121,8409.199635656878,7947.604171266407,-0.0428075878501315,-461.5954643904706,True,False,False,,,,,,,,,,,,,,,,,,,ridge_affine_cal
same_well_masked,tr000eb,1,2505,200,2505,0.0,1.678815943055748,1.6371417502068875,7060.149541498693,6713.983941227528,-0.04167419284886065,-346.1656002711652,True,False,False,,,,,,,,,,,,,,,,,,,ridge_affine_cal
same_well_masked,tr000bd,4,2754,519,2754,0.0,5.078484467867407,5.042287055234376,71028.42636648034,70019.51019029596,-0.036197412633030446,-1008.9161761843861,True,False,False,,,,,,,,,,,,,,,,,,,ridge_affine_cal
same_well_masked,tr00048,1,2125,2522,2125,0.0,0.5184775601589202,0.48535534887635523,571.2403333252366,500.5858562011381,-0.033122211282564984,-70.65447712409855,True,False,False,,,,,,,,,,,,,,,,,,,ridge_affine_cal
same_well_masked,tr000cb,2,1837,2697,1837,0.13467273583424894,0.7563646682206405,0.7312517747545181,1050.9247583178385,982.2974633959589,-0.025112893466122443,-68.62729492187964,True,False,False,,,,,,,,,,,,,,,,,,,ridge_affine_cal
same_well_masked,tr0003d,0,1683,2441,1683,0.0990184260375409,0.4869695779673716,0.46647340982656255,399.1055594840068,366.2164950125956,-0.020496168140809068,-32.88906447141119,True,False,False,,,,,,,,,,,,,,,,,,,ridge_affine_cal
same_well_masked,tr00045,1,1709,1943,1709,0.7377354971087484,0.7213961229510973,0.7034267933347574,889.384733850967,845.6290143703043,-0.017969329616339902,-43.75571948066272,True,False,False,,,,,,,,,,,,,,,,,,,ridge_affine_cal
same_well_masked,tr00005,1,2969,200,2969,0.0,0.7062508040512723,0.6904263323020327,1480.9080985242908,1415.2882168776935,-0.01582447174923962,-65.61988164659738,True,False,False,,,,,,,,,,,,,,,,,,,ridge_affine_cal
same_well_masked,tr0005a,4,1378,1221,1378,0.1528790545637415,0.645140916994954,0.6309503343922043,573.5329742323422,548.5794911191562,-0.014190582602749746,-24.953483113186053,True,False,False,,,,,,,,,,,,,,,,,,,ridge_affine_cal
same_well_masked,tr0009a,0,1936,2689,1936,0.0,0.6900206329677805,0.6784838952828919,921.7847255115526,891.2190069623645,-0.01153673768488861,-30.56571854918809,True,False,False,,,,,,,,,,,,,,,,,,,ridge_affine_cal
same_well_masked,tr0007b,1,2693,200,2693,0.11796108145341828,1.3028516586856225,1.2936300611277927,4571.15864314589,4506.678233499066,-0.009221597557829808,-64.48040964682423,True,False,False,,,,,,,,,,,,,,,,,,,ridge_affine_cal
same_well_masked,tr000ae,4,2607,940,2607,0.0,1.003192856212436,0.9990108739160718,2623.6741289120187,2601.845247210057,-0.0041819822963641284,-21.828881701961564,True,False,False,,,,,,,,,,,,,,,,,,,ridge_affine_cal
same_well_masked,tr000d1,2,1697,2851,1697,0.10136108887109688,0.7200944500800767,0.7166241783836831,879.9556209103091,871.4947115358189,-0.0034702716963935787,-8.460909374490257,True,False,False,,,,,,,,,,,,,,,,,,,ridge_affine_cal
same_well_masked,tr00063,0,2383,200,2383,0.137567084078712,2.9953191957547203,2.9920535628806526,21380.12607226033,21333.53231865884,-0.00326563287406767,-46.59375360148988,True,False,False,,,,,,,,,,,,,,,,,,,ridge_affine_cal
same_well_masked,tr0007f,3,3670,851,3670,0.1078012452691979,5.616231108216522,5.613227242532261,115759.33032949927,115635.53468004425,-0.003003865684260809,-123.79564945501625,True,False,False,,,,,,,,,,,,,,,,,,,ridge_affine_cal
same_well_masked,tr0005e,2,987,1570,987,0.04966139954853273,0.3922343034875774,0.3904165957202724,151.84772809756393,150.44359167702711,-0.001817707767304999,-1.4041364205368154,True,False,False,,,,,,,,,,,,,,,,,,,ridge_affine_cal
same_well_masked,tr00012,3,1767,2198,1767,0.0,0.9891717108247481,0.9888277226289579,1728.9400100673597,1727.7377283249227,-0.00034398819579017914,-1.2022817424369805,True,False,False,,,,,,,,,,,,,,,,,,,ridge_affine_cal
same_well_masked,tr000e4,3,2164,2981,2164,0.5714872075523327,0.3129796509050983,0.3210262112723728,211.9773507097855,223.01714049290695,0.008046560367274469,11.03978978312145,False,True,False,,,,,,,,,,,,,,,,,,,ridge_affine_cal
same_well_masked,tr000d3,2,3173,2644,3173,0.7351501668520578,3.06926387994214,3.078808026578794,29890.86816644856,30077.05377714102,0.009544146636653927,186.1856106924606,False,True,False,,,,,,,,,,,,,,,,,,,ridge_affine_cal
same_well_masked,tr0008a,3,1611,1674,1611,0.24816176470588236,0.5553723346698938,0.5650601419769574,496.8943109179852,514.3809650861921,0.009687807307063645,17.486654168206883,False,True,False,,,,,,,,,,,,,,,,,,,ridge_affine_cal
same_well_masked,tr0000f,3,2473,200,2473,0.101712506486767,2.49452796226008,2.5075421456848734,15388.662302872131,15549.649305430328,0.013014183424793657,160.98700255819676,False,True,False,,,,,,,,,,,,,,,,,,,ridge_affine_cal
same_well_masked,tr000bc,4,4159,619,4159,0.0,0.8748976719280551,0.8881597335669502,3183.489649259399,3280.7344555792893,0.013262061638895095,97.24480631989036,False,True,False,,,,,,,,,,,,,,,,,,,ridge_affine_cal
same_well_masked,tr00001,2,3735,835,3735,0.04105960264900662,0.6879055673089506,0.7015489312302585,1767.4545497119148,1838.258322370038,0.013643363921307938,70.80377265812331,False,True,False,,,,,,,,,,,,,,,,,,,ridge_affine_cal
same_well_masked,tr000ce,1,2914,2212,2914,0.06654228855721393,1.184751847616088,1.2007009196934735,4090.1980444122455,4201.063383582722,0.015949072077385384,110.86533917047655,False,True,False,,,,,,,,,,,,,,,,,,,ridge_affine_cal
same_well_masked,tr00029,3,3099,200,3099,0.038141669056495554,0.8692365359304858,0.8967978586914696,2341.5181095735384,2492.3595915968217,0.027561322760983775,150.84148202328333,False,True,False,,,,,,,,,,,,,,,,,,,ridge_affine_cal
same_well_masked,tr00062,1,2035,557,2035,0.06894315971471796,0.41514028315871154,0.44442093286429724,350.71486031672873,401.93277993082336,0.029280649705585693,51.217919614094626,False,True,False,,,,,,,,,,,,,,,,,,,ridge_affine_cal
same_well_masked,tr000a0,2,2595,1670,2595,0.0575801749271137,4.07195587484886,4.106802836104815,43027.23995822838,43766.827642387034,0.03484696125595477,739.5876841586505,False,True,False,,,,,,,,,,,,,,,,,,,ridge_affine_cal
same_well_masked,tr000d0,0,1235,1495,1235,0.11046658259773014,0.8379075801339088,0.8744349569090308,867.0800543646404,944.3260699226558,0.03652737677512208,77.24601555801542,False,True,False,,,,,,,,,,,,,,,,,,,ridge_affine_cal
same_well_masked,tr0002c,0,2745,468,2745,0.03289694528365223,1.5767293271450236,1.6159661004994508,6824.2768936124,7168.145972209536,0.03923677335442721,343.86907859713574,False,True,False,,,,,,,,,,,,,,,,,,,ridge_affine_cal
same_well_masked,tr000a5,2,3737,200,3737,0.012870662460567823,1.492201710530716,1.5318223547784948,8321.05063613164,8768.79473830096,0.03962064424777889,447.7441021693194,False,True,False,,,,,,,,,,,,,,,,,,,ridge_affine_cal
same_well_masked,tr000e7,4,3454,348,3454,0.14608599779492834,0.6013325087979675,0.6414835392393049,1248.9691153180881,1421.3249068711575,0.04015103044133739,172.35579155306937,False,True,False,,,,,,,,,,,,,,,,,,,ridge_affine_cal
same_well_masked,tr000ac,0,2101,200,2101,0.0,0.4436173733990762,0.4851434809530952,413.4691817351218,494.50017813081234,0.041526107554018976,81.03099639569052,False,True,False,,,,,,,,,,,,,,,,,,,ridge_affine_cal
same_well_masked,tr000ea,4,1520,1485,1520,0.6901657458563536,0.5502114701652776,0.5954724988280837,460.1536460901831,538.9729952280546,0.045261028662806124,78.81934913787154,False,True,False,,,,,,,,,,,,,,,,,,,ridge_affine_cal
same_well_masked,tr00049,2,3583,200,3583,0.03380060264640377,0.6476033281617224,0.6933902976362507,1502.674623125118,1722.6709456993644,0.045786969474528316,219.9963225742465,False,True,False,,,,,,,,,,,,,,,,,,,ridge_affine_cal
same_well_masked,tr00025,4,3480,1930,3480,0.0,2.6668557604604324,2.7144714146779627,24750.17637191145,25641.87561264115,0.047615654217530334,891.6992407297003,False,True,False,,,,,,,,,,,,,,,,,,,ridge_affine_cal
same_well_masked,tr00085,4,2529,3666,2529,0.03587803759743237,0.2919253900394162,0.34263396805457386,215.52247594130347,296.89963320793674,0.05070857801515766,81.37715726663328,False,True,False,,,,,,,,,,,,,,,,,,,ridge_affine_cal
same_well_masked,tr00077,3,1111,2206,1111,0.0,1.6547451422918273,1.7113395921682955,3042.119630877562,3253.7670348919733,0.05659444987646811,211.64740401441122,False,True,False,,,,,,,,,,,,,,,,,,,ridge_affine_cal
same_well_masked,tr000d4,4,2949,200,2949,0.057502503218423685,0.43849128541121496,0.4972130070752823,567.0178171682782,729.0540637198872,0.05872172166406736,162.036246551609,False,True,False,,,,,,,,,,,,,,,,,,,ridge_affine_cal
same_well_masked,tr000c6,1,1992,2870,1992,0.1060694484972279,0.7206402133234254,0.7829436045592121,1034.4900555811937,1221.0973703369825,0.062303391235786654,186.60731475578882,False,True,False,,,,,,,,,,,,,,,,,,,ridge_affine_cal
same_well_masked,tr000ca,4,3115,2250,3115,0.0,0.7518985488813654,0.8150809985369841,1761.069697627848,2069.472161458387,0.0631824496556187,308.40246383053886,False,True,False,,,,,,,,,,,,,,,,,,,ridge_affine_cal
same_well_masked,tr0003a,0,2016,200,2016,0.03838771593090211,1.3289463553821876,1.3938151533317098,3560.454405614937,3916.5248942207086,0.06486879794952216,356.0704886057715,False,True,False,,,,,,,,,,,,,,,,,,,ridge_affine_cal
same_well_masked,tr000d2,4,2433,2747,2433,0.08656245895179299,0.2094106494171473,0.2760329856660044,106.69391127729457,185.3805109244504,0.06662233624885713,78.68659964715582,False,True,False,,,,,,,,,,,,,,,,,,,ridge_affine_cal
same_well_masked,tr000a3,3,2301,200,2301,0.11978111066072153,1.8056006499716462,1.8724410578530049,7501.705720216651,8067.387720322597,0.0668404078813587,565.6820001059459,False,True,False,,,,,,,,,,,,,,,,,,,ridge_affine_cal
same_well_masked,tr00008,3,1523,810,1523,0.09880705394190871,1.5298933444141132,1.6029316384396792,3564.6936617654,3913.180722529123,0.07303829402556605,348.4870607637231,False,True,False,,,,,,,,,,,,,,,,,,,ridge_affine_cal
same_well_masked,tr000e2,4,1641,2342,1641,0.11130867709815079,0.7744172652939655,0.8477198795438999,984.1439673888153,1179.2701794394097,0.07330261424993445,195.1262120505944,False,True,False,,,,,,,,,,,,,,,,,,,ridge_affine_cal
same_well_masked,tr00067,1,1803,1082,1803,0.1260665529010239,1.6867554073967568,1.7608621739957127,5129.794279301104,5590.44597924346,0.07410676659895588,460.65169994235566,False,True,False,,,,,,,,,,,,,,,,,,,ridge_affine_cal
same_well_masked,tr0001b,3,2450,200,2450,0.0,0.6658185511226107,0.7417426619858442,1086.1201403965806,1347.9463326941234,0.07592411086323347,261.8261922975428,False,True,False,,,,,,,,,,,,,,,,,,,ridge_affine_cal
same_well_masked,tr000cc,0,3542,1302,3542,0.08561888862389697,1.365662935228099,1.4437308044034767,6605.9548649069375,7382.798287236791,0.07806786917537778,776.8434223298536,False,True,False,,,,,,,,,,,,,,,,,,,ridge_affine_cal
same_well_masked,tr00011,4,2787,3359,2787,0.05877084965856935,2.308695892165364,2.3887253784945233,14854.923825610917,15902.646898678422,0.0800294863291593,1047.7230730675055,False,True,False,,,,,,,,,,,,,,,,,,,ridge_affine_cal
same_well_masked,tr000c7,2,1877,200,1877,0.6703406813627254,1.7464194985266004,1.8343400019272293,5724.814458693234,6315.735686492319,0.08792050340062896,590.9212277990846,False,True,False,,,,,,,,,,,,,,,,,,,ridge_affine_cal
same_well_masked,tr00051,3,1395,1232,1395,0.19666832421680755,0.29592859793593335,0.3849831876220838,122.16536043147656,206.75581637856646,0.08905458968615043,84.59045594708991,False,True,False,,,,,,,,,,,,,,,,,,,ridge_affine_cal
same_well_masked,tr000ba,1,2727,3370,2727,0.0,0.7076669291808163,0.8048726241320089,1365.6611002034751,1766.6049793173772,0.09720569495119258,400.9438791139021,False,True,False,,,,,,,,,,,,,,,,,,,ridge_affine_cal
same_well_masked,tr0005f,4,2186,4357,2186,0.6859892312979723,4.28532698775317,4.382858416869595,40143.76387883694,41991.853114481695,0.0975314291164251,1848.0892356447584,False,True,False,,,,,,,,,,,,,,,,,,,ridge_affine_cal
same_well_masked,tr000e0,3,1732,460,1732,0.0,0.99470201403365,1.0930297665565039,1713.6963915235426,2069.2447702420754,0.09832775252285386,355.54837871853283,False,True,False,,,,,,,,,,,,,,,,,,,ridge_affine_cal
same_well_masked,tr00032,3,3429,200,3429,0.0,2.3824690446071117,2.4874486974574617,19463.548348644646,21216.5981060936,0.10497965285034994,1753.0497574489527,False,True,False,,,,,,,,,,,,,,,,,,,ridge_affine_cal
same_well_masked,tr00020,2,3495,289,3495,0.6487154828960022,0.7609366736963836,0.8661843941829883,2023.6910517095278,2622.212539517896,0.10524772048660469,598.5214878083682,False,True,False,,,,,,,,,,,,,,,,,,,ridge_affine_cal
same_well_masked,tr000ee,0,1788,3546,1788,0.6881493962370121,0.24156374725400037,0.3473491770143977,104.3352426494615,215.72479398137193,0.10578542976039734,111.38955133191043,False,True,False,,,,,,,,,,,,,,,,,,,ridge_affine_cal
same_well_masked,tr00070,3,1835,1694,1835,0.06711409395973154,0.7338415153024482,0.8449878332278449,988.1903831818569,1310.1981442861668,0.11114631792539664,322.0077611043099,False,True,False,,,,,,,,,,,,,,,,,,,ridge_affine_cal
same_well_masked,tr00098,1,1172,2047,1172,0.7171487132771578,0.4569765856836144,0.5691607825550676,244.74594703949901,379.66236377927294,0.11218419687145326,134.91641673977392,False,True,False,,,,,,,,,,,,,,,,,,,ridge_affine_cal
same_well_masked,tr000b0,0,2525,500,2525,0.0,0.3579446686926728,0.47691229700101456,323.5140742599059,574.2994810527294,0.11896762830834179,250.78540679282355,False,True,False,,,,,,,,,,,,,,,,,,,ridge_affine_cal
same_well_masked,tr000ed,3,3197,915,3197,0.09139417156929812,1.8324831067832077,1.9531639147677584,10735.50789425674,12196.073141609077,0.12068080798455072,1460.5652473523369,False,True,False,,,,,,,,,,,,,,,,,,,ridge_affine_cal
same_well_masked,tr000c4,2,2153,3277,2153,0.08677304496900963,3.392599195356538,3.5150027388258023,24780.447183618737,26600.840878760573,0.12240354346926408,1820.3936951418364,False,True,False,,,,,,,,,,,,,,,,,,,ridge_affine_cal
same_well_masked,tr00013,1,4023,240,4023,0.03439536567704562,3.4523882522727156,3.5759807289785823,47950.075224544526,51444.66837410737,0.1235924767058667,3494.5931495628465,False,True,False,,,,,,,,,,,,,,,,,,,ridge_affine_cal
same_well_masked,tr0000e,1,1313,2344,1313,0.09698189134808853,0.4921278955979703,0.6177775092863926,317.9952935665267,501.10520393687,0.1256496136884223,183.1099103703433,False,True,False,,,,,,,,,,,,,,,,,,,ridge_affine_cal
same_well_masked,tr000da,1,3852,751,3852,0.0,1.6161640013275655,1.7453389729128177,10061.370377028814,11733.99371817896,0.12917497158525215,1672.6233411501453,False,True,False,,,,,,,,,,,,,,,,,,,ridge_affine_cal
same_well_masked,tr000c0,0,1387,948,1387,0.2810317033852767,1.652121568900548,1.7876054170211029,3785.824375977428,4432.204447097945,0.13548384812055492,646.3800711205172,False,True,False,,,,,,,,,,,,,,,,,,,ridge_affine_cal
same_well_masked,tr000ab,0,2212,200,2212,0.08590576766856214,1.2689775818080586,1.404464412331328,3561.9926761267193,4363.214871537463,0.13548683052326926,801.222195410744,False,True,False,,,,,,,,,,,,,,,,,,,ridge_affine_cal
same_well_masked,tr0004c,2,1939,703,1939,0.5457323728443572,3.719103867007335,3.8565976312595156,26819.7313991889,28839.41651621739,0.13749376425218074,2019.68511702849,False,True,False,,,,,,,,,,,,,,,,,,,ridge_affine_cal
same_well_masked,tr00030,1,1474,1904,1474,0.09047815333882935,1.8830471252022927,2.0210713414207855,5226.607185229881,6020.891087123698,0.1380242162184928,794.2839018938166,False,True,False,,,,,,,,,,,,,,,,,,,ridge_affine_cal
same_well_masked,tr00064,0,3011,200,3011,0.6922152088969041,0.8442637707866176,0.9842314017258301,2146.1845384498065,2916.7901824031524,0.1399676309392125,770.6056439533459,False,True,False,,,,,,,,,,,,,,,,,,,ridge_affine_cal
same_well_masked,tr00095,4,3500,200,3500,0.0,3.904152332060492,4.051193982193581,53348.41901176682,57442.6043847652,0.14704165013308934,4094.185372998385,False,True,False,,,,,,,,,,,,,,,,,,,ridge_affine_cal
same_well_masked,tr000cd,3,2885,2344,2885,0.0,1.052497101538768,1.2012237846211273,3195.85917913656,4162.87780543347,0.14872668308235926,967.0186262969096,False,True,False,,,,,,,,,,,,,,,,,,,ridge_affine_cal
same_well_masked,tr0006e,2,2956,586,2956,0.09679901508156356,0.4055229346725884,0.5565694955656103,486.11080221240456,915.6789476331307,0.15104656089302193,429.5681454207262,False,True,False,,,,,,,,,,,,,,,,,,,ridge_affine_cal
same_well_masked,tr000aa,3,2609,3278,2609,0.06497175141242938,3.402225484166765,3.553714432778251,30199.53568150185,32948.76427774238,0.15148894861148587,2749.228596240533,False,True,False,,,,,,,,,,,,,,,,,,,ridge_affine_cal
same_well_masked,tr0005b,1,1828,466,1828,0.10019408054342552,1.2578808201978906,1.4103135680591894,2892.3788804981004,3635.863410540366,0.1524327478612988,743.4845300422658,False,True,False,,,,,,,,,,,,,,,,,,,ridge_affine_cal
same_well_masked,tr00002,4,1907,369,1907,0.0,1.2074512134816304,1.361437223294725,2780.2885916132655,3534.6460738384635,0.15398600981309452,754.357482225198,False,True,False,,,,,,,,,,,,,,,,,,,ridge_affine_cal
same_well_masked,tr0002e,4,1838,559,1838,0.1563164108618654,1.256930962309019,1.4119626278601283,2903.811066092359,3664.3074940266224,0.15503166555110925,760.4964279342635,False,True,False,,,,,,,,,,,,,,,,,,,ridge_affine_cal
same_well_masked,tr000d5,4,2437,3844,2437,0.04496444138563891,0.3569560114919186,0.5199275086183259,310.51667691971295,658.7810848494108,0.16297149712640735,348.2644079296979,False,True,False,,,,,,,,,,,,,,,,,,,ridge_affine_cal
same_well_masked,tr00099,4,2607,1596,2607,0.10176211453744494,0.8174388975007372,0.9841549014561618,1742.0139574408045,2525.038188246909,0.16671600395542463,783.0242308061047,False,True,False,,,,,,,,,,,,,,,,,,,ridge_affine_cal
same_well_masked,tr00093,4,1471,1320,1471,0.6755044580009385,0.9332248129174665,1.1007366649446042,1281.1064791753602,1782.294793369007,0.1675118520271377,501.1883141936469,False,True,False,,,,,,,,,,,,,,,,,,,ridge_affine_cal
same_well_masked,tr00091,0,1568,200,1568,0.0,0.597123432259703,0.7743983815459982,559.0804247784574,940.3183940387842,0.17727494928629517,381.23796926032674,False,True,False,,,,,,,,,,,,,,,,,,,ridge_affine_cal
same_well_masked,tr0008c,0,1264,1972,1264,0.0,0.6654890273444583,0.846277663491255,559.7948159320636,905.2589570274113,0.18078863614679674,345.4641410953477,False,True,False,,,,,,,,,,,,,,,,,,,ridge_affine_cal
same_well_masked,tr000a4,1,1511,732,1511,0.0,0.3327429797961043,0.5143871428154874,167.29473270202547,399.8017345004535,0.18164416301938308,232.50700179842804,False,True,False,,,,,,,,,,,,,,,,,,,ridge_affine_cal
same_well_masked,tr00080,3,2691,3328,2691,0.08358208955223881,1.713449711065042,1.8994438490085555,7900.5335741308245,9708.823743528548,0.1859941379435135,1808.2901693977237,False,True,False,,,,,,,,,,,,,,,,,,,ridge_affine_cal
same_well_masked,tr00041,2,2310,3990,2310,0.06620209059233449,1.0036700142733626,1.190022097899884,2326.9865793439462,3271.3124909619946,0.18635208362652134,944.3259116180484,False,True,False,,,,,,,,,,,,,,,,,,,ridge_affine_cal
same_well_masked,tr000de,1,2356,200,2356,0.17310278578290106,1.1973861835273933,1.3915391611625756,3377.8765324154106,4562.114194487549,0.19415297763518224,1184.2376620721384,False,True,False,,,,,,,,,,,,,,,,,,,ridge_affine_cal
same_well_masked,tr0003f,3,1739,2277,1739,0.06046915725456125,2.40068230821696,2.6059759997105827,10022.3361727305,11809.741874346506,0.20529369149362253,1787.405701616006,False,True,False,,,,,,,,,,,,,,,,,,,ridge_affine_cal
same_well_masked,tr0004b,2,2285,879,2285,0.05505597357313269,1.8653696522616208,2.070691632238482,7950.895001937193,9797.540364854343,0.2053219799768613,1846.6453629171501,False,True,False,,,,,,,,,,,,,,,,,,,ridge_affine_cal
same_well_masked,tr00024,1,2599,2329,2599,0.06137903547229972,4.320487484173519,4.543216283934873,48514.52485023916,53645.47611258597,0.22272879976135407,5130.951262346811,False,True,False,,,,,,,,,,,,,,,,,,,ridge_affine_cal
same_well_masked,tr00021,2,3251,1933,3251,0.034854771784232366,1.0716409623505254,1.305832135167601,3733.4950589617583,5543.5972845834585,0.23419117281707558,1810.1022256217002,False,True,False,,,,,,,,,,,,,,,,,,,ridge_affine_cal
same_well_masked,tr000c8,0,1353,2314,1353,0.07191235059760956,1.8628803050462581,2.0971965988556462,4695.347060847262,5950.810025962537,0.23431629380938812,1255.4629651152754,False,True,False,,,,,,,,,,,,,,,,,,,ridge_affine_cal
same_well_masked,tr00054,2,1457,2582,1457,0.8131368267831149,0.8597637198796091,1.0968932185129918,1077.0051539089218,1753.025585718434,0.23712949863338273,676.0204318095123,False,True,False,,,,,,,,,,,,,,,,,,,ridge_affine_cal
same_well_masked,tr00078,1,2524,2707,2524,0.0,3.616496126628046,3.858352947182,33011.50764640312,37574.503961730734,0.24185682055395397,4562.996315327611,False,True,False,,,,,,,,,,,,,,,,,,,ridge_affine_cal
same_well_masked,tr0008b,4,2179,2491,2179,0.7865381807563148,1.1950016149032237,1.442121362715201,3111.67488511484,4531.696860038216,0.24711974781197732,1420.021974923376,False,True,False,,,,,,,,,,,,,,,,,,,ridge_affine_cal
same_well_masked,tr0004f,4,2033,200,2033,0.15246842709529276,0.7799032903461659,1.0273294452909598,1236.5705062812135,2145.6399693660032,0.24742615494479392,909.0694630847897,False,True,False,,,,,,,,,,,,,,,,,,,ridge_affine_cal
same_well_masked,tr000be,0,2375,1310,2375,0.0,1.2646847754664428,1.5139106072594808,3798.6405055794407,5443.322651085329,0.24922583179303803,1644.6821455058885,False,True,False,,,,,,,,,,,,,,,,,,,ridge_affine_cal
same_well_masked,tr000dc,4,3319,2339,3319,0.059708143032193385,1.0112185200772925,1.2658039859473336,3393.8862496577203,5317.900046658482,0.25458546587004105,1924.0137970007618,False,True,False,,,,,,,,,,,,,,,,,,,ridge_affine_cal
same_well_masked,tr0002a,1,969,1677,969,0.6149377593360996,1.4530900810017244,1.7158841997140621,2046.0151892169247,2852.986570636688,0.2627941187123377,806.9713814197635,False,True,False,,,,,,,,,,,,,,,,,,,ridge_affine_cal
same_well_masked,tr00088,1,2047,1253,2047,0.06601832803441182,0.5909559437070907,0.8574810881135001,714.871614393405,1505.105502318823,0.2665251444064094,790.233887925418,False,True,False,,,,,,,,,,,,,,,,,,,ridge_affine_cal
same_well_masked,tr00094,1,4069,200,4069,0.0,2.3956626291528043,2.665442642655971,23352.80249173494,28908.55425436432,0.26978001350316694,5555.751762629381,False,True,False,,,,,,,,,,,,,,,,,,,ridge_affine_cal
same_well_masked,tr00034,4,3550,640,3550,0.015762273901808784,0.32720761549905497,0.5990006218267653,380.08012392404976,1273.7461945684229,0.2717930063277103,893.6660706443731,False,True,False,,,,,,,,,,,,,,,,,,,ridge_affine_cal
same_well_masked,tr0008e,1,2415,1068,2415,0.12800949474398102,1.0029292299501857,1.277842026403563,2429.1689022966607,3943.405790330241,0.2749127964533773,1514.2368880335803,False,True,False,,,,,,,,,,,,,,,,,,,ridge_affine_cal
same_well_masked,tr0007a,1,2430,3443,2430,0.0,1.3761724387930834,1.65289292537278,4602.056912543698,6638.8937052761485,0.2767204865796966,2036.8367927324507,False,True,False,,,,,,,,,,,,,,,,,,,ridge_affine_cal
same_well_masked,tr00017,0,1666,512,1666,0.05124869927159209,1.507024174719407,1.7869573160622714,3783.6890240723915,5319.898604747841,0.2799331413428643,1536.2095806754496,False,True,False,,,,,,,,,,,,,,,,,,,ridge_affine_cal
same_well_masked,tr00056,2,2782,200,2782,0.0,2.4951253878507593,2.7753316387410494,17319.76025045297,21428.25959130187,0.28020625089029005,4108.499340848899,False,True,False,,,,,,,,,,,,,,,,,,,ridge_affine_cal
same_well_masked,tr00042,2,2629,1581,2629,0.0,2.103013174887603,2.3887097040155436,11627.184743750946,15000.90061760255,0.28569652912794075,3373.7158738516046,False,True,False,,,,,,,,,,,,,,,,,,,ridge_affine_cal
same_well_masked,tr00061,4,2525,710,2525,0.09774305555555556,1.7496678101147891,2.0362900161153914,7729.8770505235025,10469.854500071331,0.2866222060006023,2739.9774495478287,False,True,False,,,,,,,,,,,,,,,,,,,ridge_affine_cal
same_well_masked,tr0006c,4,3992,384,3992,0.0,0.28973602658392217,0.5770545966907584,335.1162846817519,1329.3040941872403,0.28731857010683626,994.1878095054883,False,True,False,,,,,,,,,,,,,,,,,,,ridge_affine_cal
same_well_masked,tr0006f,3,1895,2738,1895,0.05177696078431373,0.3178551002399099,0.6176112686930507,191.45538369845144,722.8357721155323,0.2997561684531408,531.3803884170809,False,True,False,,,,,,,,,,,,,,,,,,,ridge_affine_cal
same_well_masked,tr00065,2,1950,1689,1950,0.639112542494185,0.7301616263412608,1.0309475766752914,1039.6152011335641,2072.563166412679,0.30078595033403055,1032.947965279115,False,True,False,,,,,,,,,,,,,,,,,,,ridge_affine_cal
same_well_masked,tr0003c,2,2761,2946,2761,0.06896551724137931,0.6677153329574408,0.9712354486774999,1230.9746375573127,2604.446597375853,0.3035201157200591,1373.4719598185402,False,True,False,,,,,,,,,,,,,,,,,,,ridge_affine_cal
same_well_masked,tr00084,2,1986,3734,1986,0.8093693226057618,1.056535063742149,1.3665054445858995,2216.90495306042,3708.5315403446534,0.3099703808437506,1491.6265872842332,False,True,False,,,,,,,,,,,,,,,,,,,ridge_affine_cal
same_well_masked,tr000b1,3,2597,2234,2597,0.7036887452880991,2.503274055529723,2.8162657528553567,16273.79144943812,20597.72319746335,0.3129916973256339,4323.93174802523,False,True,False,,,,,,,,,,,,,,,,,,,ridge_affine_cal
same_well_masked,tr000e6,0,1605,2018,1605,0.12834736036725325,1.099628179540175,1.417642578659056,1940.7373238483374,3225.585321727492,0.3180143991188811,1284.8479978791547,False,True,False,,,,,,,,,,,,,,,,,,,ridge_affine_cal
same_well_masked,tr0009d,2,3222,1996,3222,0.052843601895734595,1.804753383577193,2.129353212195947,10494.488246768376,14609.015519575798,0.32459982861875414,4114.5272728074215,False,True,False,,,,,,,,,,,,,,,,,,,ridge_affine_cal
same_well_masked,tr00069,0,3170,567,3170,0.0,1.8073907863672618,2.1465695023223614,10355.316811225503,14606.601191712494,0.33917871595509963,4251.284380486992,False,True,False,,,,,,,,,,,,,,,,,,,ridge_affine_cal
same_well_masked,tr000a8,2,3364,200,3364,0.15339425587467362,3.479133955315922,3.8225903471842093,40719.11103786436,49155.43058146614,0.34345639186828736,8436.319543601785,False,True,False,,,,,,,,,,,,,,,,,,,ridge_affine_cal
same_well_masked,tr00087,4,1529,2619,1529,0.14180024660912455,2.793257720070259,3.144934289538783,11929.699408129383,15122.745267155202,0.35167656946852377,3193.0458590258186,False,True,False,,,,,,,,,,,,,,,,,,,ridge_affine_cal
same_well_masked,tr000e3,4,2590,3587,2590,0.0,2.3155908029651475,2.6819856087721847,13887.47838595185,18629.991226662263,0.3663948058070372,4742.512840710413,False,True,False,,,,,,,,,,,,,,,,,,,ridge_affine_cal
same_well_masked,tr000ef,0,2253,442,2253,0.19098625707356506,0.5568551852804257,0.9366751664561344,698.6275821829399,1976.6929078775277,0.3798199811757087,1278.0653256945877,False,True,False,,,,,,,,,,,,,,,,,,,ridge_affine_cal
same_well_masked,tr000d9,4,3662,520,3662,0.6907190209077001,1.7862254809507305,2.171996629184279,11683.982578737061,17275.73898602198,0.3857711482335484,5591.75640728492,False,True,False,,,,,,,,,,,,,,,,,,,ridge_affine_cal
same_well_masked,tr00055,1,2211,200,2211,0.0,0.967839595190856,1.3577253339690438,2071.0735087444514,4075.797380410488,0.3898857387781878,2004.7238716660368,False,True,False,,,,,,,,,,,,,,,,,,,ridge_affine_cal
same_well_masked,tr00073,1,1859,200,1859,0.18900023304591004,1.0959332900192402,1.48791886334812,2232.7887139044847,4115.644829123414,0.39198557332887973,1882.856115218929,False,True,False,,,,,,,,,,,,,,,,,,,ridge_affine_cal
same_well_masked,tr000c9,1,2680,289,2680,0.18587360594795538,2.306627577309801,2.716832495613605,14259.022491488302,19781.55920871509,0.4102049183038039,5522.536717226789,False,True,False,,,,,,,,,,,,,,,,,,,ridge_affine_cal
same_well_masked,tr00075,2,1563,493,1563,0.06825089803813209,2.1479541769287165,2.5592019161066064,7211.224269487968,10236.891081292022,0.4112477391778899,3025.6668118040543,False,True,False,,,,,,,,,,,,,,,,,,,ridge_affine_cal
same_well_masked,tr0002d,1,3241,200,3241,0.08988605992403995,2.3002624855604723,2.716955689242555,17148.803515527445,23924.570072293565,0.41669320368208274,6775.766556766121,False,True,False,,,,,,,,,,,,,,,,,,,ridge_affine_cal
same_well_masked,tr00074,0,2043,200,2043,0.20623206232062322,3.4060024924308605,3.8327398751143487,23700.542634963615,30011.455383445646,0.42673738268348815,6310.912748482031,False,True,False,,,,,,,,,,,,,,,,,,,ridge_affine_cal
same_well_masked,tr000c1,0,1926,664,1926,0.14570416297608504,1.4583048641766707,1.886301026905608,4095.9338260734567,6852.961392466522,0.42799616272893726,2757.027566393065,False,True,False,,,,,,,,,,,,,,,,,,,ridge_affine_cal
same_well_masked,tr00047,2,2551,256,2551,0.03938036580813736,1.925444980938663,2.3747347509349863,9457.420193660437,14386.020465247842,0.4492897699963234,4928.600271587406,False,True,False,,,,,,,,,,,,,,,,,,,ridge_affine_cal
same_well_masked,tr00071,2,1695,200,1695,0.1494435612082671,0.7128727557785288,1.1632821696823281,861.3779242535094,2293.717063679898,0.4504094139037993,1432.3391394263886,False,True,False,,,,,,,,,,,,,,,,,,,ridge_affine_cal
same_well_masked,tr000af,2,3573,357,3573,0.15820338531254166,6.371336790902614,6.827622831254261,145042.12083360922,166560.5169879137,0.4562860403516469,21518.39615430447,False,True,False,,,,,,,,,,,,,,,,,,,ridge_affine_cal
same_well_masked,tr00003,2,2817,2175,2817,0.06146753745678064,1.1128071690915367,1.5905708847836988,3488.403204153142,7126.772638232342,0.47776371569216214,3638.3694340792,False,True,False,,,,,,,,,,,,,,,,,,,ridge_affine_cal
same_well_masked,tr00039,0,1678,531,1678,0.293285310007718,1.8188736986394431,2.3262395666840083,5551.329970028706,9080.313295255208,0.5073658680445652,3528.9833252265016,False,True,False,,,,,,,,,,,,,,,,,,,ridge_affine_cal
same_well_masked,tr000e1,0,2058,272,2058,0.1390154968094804,1.8870164911397898,2.4391038203185444,7328.190687461393,12243.510084470005,0.5520873291787547,4915.319397008611,False,True,False,,,,,,,,,,,,,,,,,,,ridge_affine_cal
same_well_masked,tr0007c,2,1150,1784,1150,0.1270812928501469,0.14940195562492448,0.7559119476496209,25.669085996234685,657.1133034893596,0.6065099920246964,631.4442174931249,False,True,False,,,,,,,,,,,,,,,,,,,ridge_affine_cal
same_well_masked,tr0005d,0,1735,200,1735,0.17435762978500263,0.42261013897264793,1.1308808366788647,309.86983679090423,2218.876694841594,0.7082706977062168,1909.00685805069,False,True,False,,,,,,,,,,,,,,,,,,,ridge_affine_cal
same_well_masked,tr00023,0,2929,2255,2929,0.047331443362504624,1.3265181696348611,2.0499734042882407,5154.016180853895,12308.803116828829,0.7234552346533796,7154.786935974934,False,True,False,,,,,,,,,,,,,,,,,,,ridge_affine_cal
same_well_masked,tr00038,3,2964,2070,2964,0.06001500375093773,2.8737511010542782,3.6081069530576944,24478.032138362843,38586.64366586052,0.7343558520034161,14108.61152749768,False,True,False,,,,,,,,,,,,,,,,,,,ridge_affine_cal
same_well_masked,tr0009b,0,3346,202,3346,0.01392515230635335,1.7449043577010046,2.5692203317987845,10187.536813835155,22086.58835719635,0.8243159740977799,11899.051543361194,False,True,False,,,,,,,,,,,,,,,,,,,ridge_affine_cal
same_well_masked,tr0003b,2,2358,255,2358,0.5429491048078857,3.245303523939342,4.103931311652192,24834.444121558758,39714.030712970394,0.8586277877128503,14879.586591411637,False,True,False,,,,,,,,,,,,,,,,,,,ridge_affine_cal
same_well_masked,tr000a9,0,1536,574,1536,0.19171695008228196,1.0537803502535128,1.9844444854009855,1705.6558488275193,6048.798590420555,0.9306641351474727,4343.142741593036,False,True,False,,,,,,,,,,,,,,,,,,,ridge_affine_cal
same_well_masked,tr0004e,0,1813,1797,1813,0.7717130739443112,2.43031454311817,3.4320056396468788,10708.355375405416,21354.715494259748,1.0016910965287087,10646.360118854333,False,True,False,,,,,,,,,,,,,,,,,,,ridge_affine_cal
same_well_masked,tr0003e,0,1651,200,1651,0.026977475117862755,0.5968698582607173,1.6506140586238258,588.1747393329787,4498.193698139447,1.0537442003631086,3910.0189588064686,False,True,False,,,,,,,,,,,,,,,,,,,ridge_affine_cal
same_well_masked,tr000bf,4,2997,200,2997,0.719300866447565,1.5544879118928614,2.972338428759896,7242.048706658423,26477.8828180433,1.4178505168670348,19235.83411138488,False,True,False,,,,,,,,,,,,,,,,,,,ridge_affine_cal
same_well_masked,tr0001e,0,3226,200,3226,0.0,1.9661870261046146,3.556287825589668,12471.365726152922,40799.81267555869,1.5901007994850533,28328.44694940577,False,True,False,,,,,,,,,,,,,,,,,,,ridge_affine_cal
unseen_well,tr00057,2,3339,3271,3339,0.0518910741301059,3.625097266747779,2.564509432920035,43878.90151570323,21959.63012069817,-1.0605878338277441,-21919.271395005064,True,False,False,,,,,,,,,,,,,,,,,,,ridge_affine_cal
unseen_well,tr00010,3,2774,6176,2774,0.711731843575419,1.5548046559200055,0.5682727440541937,6705.91619512764,895.8186708751659,-0.9865319118658118,-5810.097524252475,True,False,False,,,,,,,,,,,,,,,,,,,ridge_affine_cal
unseen_well,tr00098,1,1172,3219,1172,0.7171487132771578,2.3683997038826154,1.6367603865862865,6574.119708415677,3139.7699079509616,-0.7316393172963289,-3434.349800464716,True,False,False,,,,,,,,,,,,,,,,,,,ridge_affine_cal
unseen_well,tr000bf,4,3497,3197,3497,0.719300866447565,1.297071213509696,0.7329789151019083,5883.330884005557,1878.7915406739448,-0.5640922984077877,-4004.539343331612,True,False,False,,,,,,,,,,,,,,,,,,,ridge_affine_cal
unseen_well,tr00075,2,1563,2056,1563,0.06825089803813209,1.3502738068579874,0.7952489944624799,2849.7231094998083,988.4739654715738,-0.5550248123955075,-1861.2491440282345,True,False,False,,,,,,,,,,,,,,,,,,,ridge_affine_cal
unseen_well,tr00003,2,2817,4992,2817,0.06146753745678064,1.341810377638705,0.8065388144874337,5071.881987231149,1832.4721885770978,-0.5352715631512712,-3239.409798654051,True,False,False,,,,,,,,,,,,,,,,,,,ridge_affine_cal
unseen_well,tr00035,1,2067,3236,2067,0.2187441071091835,3.46032299346065,3.0014691821871478,24749.917397822803,18621.22525909686,-0.4588538112735021,-6128.692138725943,True,False,False,,,,,,,,,,,,,,,,,,,ridge_affine_cal
unseen_well,tr0006a,2,2356,6214,2356,0.0,0.9593070202728027,0.5905575997392222,2168.156023744874,821.6745044045742,-0.3687494205335805,-1346.4815193402997,True,False,False,,,,,,,,,,,,,,,,,,,ridge_affine_cal
unseen_well,tr00091,0,1916,1768,1916,0.0,7.283130645076238,6.923349683643669,101632.28865906435,91839.18893328904,-0.3597809614325689,-9793.099725775304,True,False,False,,,,,,,,,,,,,,,,,,,ridge_affine_cal
unseen_well,tr0001d,4,2994,3743,2994,0.03458512691108802,1.6206712413115314,1.2762847008718425,7863.966365608294,4876.934497212509,-0.34438654043968886,-2987.031868395785,True,False,False,,,,,,,,,,,,,,,,,,,ridge_affine_cal
unseen_well,tr00068,4,2525,4209,2525,0.06712206712206713,0.6595609141138329,0.31628311336128423,1098.427013552354,252.58839468870514,-0.34327780075254866,-845.8386188636489,True,False,False,,,,,,,,,,,,,,,,,,,ridge_affine_cal
unseen_well,tr0000f,3,3108,2673,3108,0.101712506486767,5.658874435504137,5.316389922783041,99527.04849710144,87844.51762880267,-0.3424845127210956,-11682.530868298767,True,False,False,,,,,,,,,,,,,,,,,,,ridge_affine_cal
unseen_well,tr00066,2,3353,5494,3353,0.0,2.10582277995964,1.7810981208889092,14868.843563741562,10636.757160932613,-0.32472465907073067,-4232.086402808949,True,False,False,,,,,,,,,,,,,,,,,,,ridge_affine_cal
unseen_well,tr00015,4,1499,3927,1499,0.0,0.4769199697406956,0.15839608133207816,340.95153364866155,37.608888553456126,-0.31852388840861745,-303.3426450952054,True,False,False,,,,,,,,,,,,,,,,,,,ridge_affine_cal
unseen_well,tr0007e,3,2744,4014,2744,0.7169280852323172,1.1245647389263198,0.8153746981224128,3470.188217987941,1824.309705040064,-0.309190040803907,-1645.8785129478767,True,False,False,,,,,,,,,,,,,,,,,,,ridge_affine_cal
unseen_well,tr000c8,0,1353,3667,1353,0.07191235059760956,2.578188846493767,2.2718461890844837,8993.469106234117,6983.218749578456,-0.30634265740928335,-2010.2503566556616,True,False,False,,,,,,,,,,,,,,,,,,,ridge_affine_cal
unseen_well,tr000dc,4,3319,5658,3319,0.059708143032193385,2.5146311968749924,2.214245157904626,20987.2652168496,16272.664094470245,-0.30038603897036653,-4714.601122379354,True,False,False,,,,,,,,,,,,,,,,,,,ridge_affine_cal
unseen_well,tr0009d,2,3222,5218,3222,0.052843601895734595,0.7228028993215432,0.4423532809218629,1683.3146687443,630.4694418086083,-0.2804496183996803,-1052.8452269356917,True,False,False,,,,,,,,,,,,,,,,,,,ridge_affine_cal
unseen_well,tr00067,1,1803,2885,1803,0.1260665529010239,1.0292094962621772,0.7585596095645635,1909.867753514829,1037.4690643167255,-0.2706498866976137,-872.3986891981035,True,False,False,,,,,,,,,,,,,,,,,,,ridge_affine_cal
unseen_well,tr000ec,1,1618,3416,1618,0.5411203814064363,3.8409163383435536,3.5839194064535933,23869.768798773905,20782.365908742668,-0.2569969318899603,-3087.402890031237,True,False,False,,,,,,,,,,,,,,,,,,,ridge_affine_cal
unseen_well,tr000e6,0,1605,3623,1605,0.12834736036725325,9.932341530860068,9.681274984122508,158335.5102984646,150431.97193570502,-0.2510665467375599,-7903.538362759573,True,False,False,,,,,,,,,,,,,,,,,,,ridge_affine_cal
unseen_well,tr0008b,4,2179,4670,2179,0.7865381807563148,1.4209727453712457,1.1719107524100778,4399.757360388523,2992.5837145076785,-0.24906199296116793,-1407.1736458808446,True,False,False,,,,,,,,,,,,,,,,,,,ridge_affine_cal
unseen_well,tr00007,3,1758,4708,1758,0.0,1.7277860627679995,1.4839955098020592,5248.060145146417,3871.54261933208,-0.24379055296594032,-1376.5175258143372,True,False,False,,,,,,,,,,,,,,,,,,,ridge_affine_cal
unseen_well,tr000c3,4,3649,4582,3649,0.07520349896731868,2.6850108325719506,2.4421931161472803,26306.6742910838,21763.757033217084,-0.24281771642467032,-4542.917257866717,True,False,False,,,,,,,,,,,,,,,,,,,ridge_affine_cal
unseen_well,tr0006e,2,2956,3542,2956,0.09679901508156356,0.8289173216079098,0.5968370422045326,2031.0792054381811,1052.969928824677,-0.23208027940337717,-978.1092766135041,True,False,False,,,,,,,,,,,,,,,,,,,ridge_affine_cal
unseen_well,tr0002b,1,1637,3064,1637,0.18613061050840246,0.4552840763662364,0.22581628556250322,339.3232371453795,83.4755325289277,-0.2294677908037332,-255.84770461645178,True,False,False,,,,,,,,,,,,,,,,,,,ridge_affine_cal
unseen_well,tr000c5,4,3186,5135,3186,0.07162600648960461,2.035816187763115,1.8068180520353354,13204.52849544168,10400.988433490193,-0.2289981357277795,-2803.5400619514876,True,False,False,,,,,,,,,,,,,,,,,,,ridge_affine_cal
unseen_well,tr000a5,2,3988,3937,3988,0.012870662460567823,4.9169013132607144,4.699737979655736,96413.5630750876,88085.0978647453,-0.21716333360497853,-8328.4652103423,True,False,False,,,,,,,,,,,,,,,,,,,ridge_affine_cal
unseen_well,tr0007a,1,2430,5873,2430,0.0,0.6644868675777853,0.4482920312745132,1072.9489971555095,488.3467610892768,-0.21619483630327208,-584.6022360662326,True,False,False,,,,,,,,,,,,,,,,,,,ridge_affine_cal
unseen_well,tr0001c,3,2143,5778,2143,0.06867819719732357,1.2216633008910096,1.0055360312472936,3198.3443960542154,2166.7931078226443,-0.21612726964371598,-1031.551288231571,True,False,False,,,,,,,,,,,,,,,,,,,ridge_affine_cal
unseen_well,tr0001e,0,3528,3426,3528,0.0,3.485329248713876,3.2808196682609827,42856.45046100584,37974.60771024651,-0.20450958045289314,-4881.84275075933,True,False,False,,,,,,,,,,,,,,,,,,,ridge_affine_cal
unseen_well,tr000cf,3,2997,2798,2997,0.5848144952545298,3.9893295543088807,3.7886144230918974,47696.506627768234,43017.73694283927,-0.20071513121698326,-4678.769684928964,True,False,False,,,,,,,,,,,,,,,,,,,ridge_affine_cal
unseen_well,tr000b3,2,2505,2381,2505,0.12054850593532541,1.907256980582331,1.706761079855505,9112.261120899975,7297.148626192372,-0.20049590072682588,-1815.1124947076032,True,False,False,,,,,,,,,,,,,,,,,,,ridge_affine_cal
unseen_well,tr00097,1,1430,3348,1430,0.2402678945165341,1.2261095859257531,1.0285347207391715,2149.782944879601,1512.773650625388,-0.19757486518658163,-637.009294254213,True,False,False,,,,,,,,,,,,,,,,,,,ridge_affine_cal
unseen_well,tr000a4,1,1511,2243,1511,0.0,1.7067521094773899,1.518313396227504,4401.547175203541,3483.271385006649,-0.18843871324988593,-918.2757901968921,True,False,False,,,,,,,,,,,,,,,,,,,ridge_affine_cal
unseen_well,tr000e5,0,1450,3009,1450,0.0,1.3986363331493066,1.212232243071008,2836.4662089877406,2130.7851661544028,-0.1864040900782986,-705.6810428333379,True,False,False,,,,,,,,,,,,,,,,,,,ridge_affine_cal
unseen_well,tr00065,2,1950,3639,1950,0.639112542494185,0.7922546993585898,0.6088342828531128,1223.9516418787507,722.8244087556651,-0.18342041650547702,-501.1272331230856,True,False,False,,,,,,,,,,,,,,,,,,,ridge_affine_cal
unseen_well,tr00022,2,2467,6499,2467,0.06803479812625474,1.149430432277269,0.9696639090688238,3259.376516097485,2319.5920541904097,-0.17976652320844522,-939.7844619070752,True,False,False,,,,,,,,,,,,,,,,,,,ridge_affine_cal
unseen_well,tr00019,3,3877,4837,3877,0.6727105806747762,1.4039402079824645,1.224514167375035,7641.753513125832,5813.309286038134,-0.1794260406074295,-1828.444227087698,True,False,False,,,,,,,,,,,,,,,,,,,ridge_affine_cal
unseen_well,tr000ca,4,3115,5365,3115,0.0,2.468838882292164,2.289976713352541,18986.440304225394,16335.039278075861,-0.17886216893962326,-2651.401026149533,True,False,False,,,,,,,,,,,,,,,,,,,ridge_affine_cal
unseen_well,tr0005b,1,1828,2294,1828,0.10019408054342552,1.0109804528884119,0.8329436075780875,1868.364938351854,1268.2573576247037,-0.17803684531032438,-600.1075807271504,True,False,False,,,,,,,,,,,,,,,,,,,ridge_affine_cal
unseen_well,tr0003f,3,1739,4016,1739,0.06046915725456125,0.6198653134038967,0.4420133872058024,668.18119875792,339.75857614184594,-0.1778519261980943,-328.4226226160741,True,False,False,,,,,,,,,,,,,,,,,,,ridge_affine_cal
unseen_well,tr0003c,2,2761,5707,2761,0.06896551724137931,2.6021390781834914,2.42445973341945,18695.083806680792,16229.171802162553,-0.17767934476404124,-2465.912004518239,True,False,False,,,,,,,,,,,,,,,,,,,ridge_affine_cal
unseen_well,tr0006c,4,3992,4376,3992,0.0,2.6511149702600014,2.479976769229083,28057.41505746246,24551.936825456352,-0.1711382010309186,-3505.478232006106,True,False,False,,,,,,,,,,,,,,,,,,,ridge_affine_cal
unseen_well,tr000df,4,1788,3346,1788,0.625633034670822,2.582227652655417,2.4122472919756914,11922.204574447287,10404.259351787572,-0.16998036067972544,-1517.945222659715,True,False,False,,,,,,,,,,,,,,,,,,,ridge_affine_cal
unseen_well,tr000b8,1,3801,3755,3801,0.065643197458973,2.3426665662716495,2.1820938409223762,20860.217321403332,18098.58894977779,-0.16057272534927325,-2761.628371625542,True,False,False,,,,,,,,,,,,,,,,,,,ridge_affine_cal
unseen_well,tr00037,4,1859,2305,1859,0.143611911623439,3.3265324182249683,3.172379627396631,20571.355530943576,18708.962058097088,-0.15415279082833733,-1862.3934728464883,True,False,False,,,,,,,,,,,,,,,,,,,ridge_affine_cal
unseen_well,tr00044,2,1698,4755,1698,0.03455757012242368,0.5312003678434583,0.37741978550944694,479.1311646933491,241.87278925080682,-0.15378058233401132,-237.25837544254227,True,False,False,,,,,,,,,,,,,,,,,,,ridge_affine_cal
unseen_well,tr00058,3,1856,5173,1856,0.0684307867406459,1.4735656801781616,1.3204338498804926,4030.1106304108107,3236.020544345367,-0.15313183029766897,-794.0900860654438,True,False,False,,,,,,,,,,,,,,,,,,,ridge_affine_cal
unseen_well,tr0005d,0,1879,1935,1879,0.17435762978500263,5.721752929049343,5.571049820378996,61515.55991585822,58317.764074051156,-0.15070310867034653,-3197.795841807063,True,False,False,,,,,,,,,,,,,,,,,,,ridge_affine_cal
unseen_well,tr000e1,0,2058,2330,2058,0.1390154968094804,1.0122420156123413,0.8627933738727778,2108.696562435785,1532.0007315454704,-0.14944864173956351,-576.6958308903145,True,False,False,,,,,,,,,,,,,,,,,,,ridge_affine_cal
unseen_well,tr0000c,1,2134,2125,2134,0.03639351960554121,1.4044486418509885,1.2573747322613802,4209.263757532182,3373.8352577808914,-0.1470739095896083,-835.4284997512909,True,False,False,,,,,,,,,,,,,,,,,,,ridge_affine_cal
unseen_well,tr00093,4,1471,2791,1471,0.6755044580009385,1.0426896304130886,0.8968456167150977,1599.2736497607164,1183.1724605852144,-0.14584401369799094,-416.101189175502,True,False,False,,,,,,,,,,,,,,,,,,,ridge_affine_cal
unseen_well,tr00040,0,2042,4097,2042,0.0,1.5485585197761513,1.404750204419776,4896.784384887805,4029.525845381135,-0.1438083153563754,-867.2585395066699,True,False,False,,,,,,,,,,,,,,,,,,,ridge_affine_cal
unseen_well,tr000c4,2,2153,5430,2153,0.08677304496900963,2.473205717056046,2.3312522511913554,13169.355255145869,11700.988887348292,-0.14195346586469082,-1468.3663677975765,True,False,False,,,,,,,,,,,,,,,,,,,ridge_affine_cal
unseen_well,tr00096,3,2783,4133,2783,0.07200694042799306,2.044447633050579,1.905995500805097,11632.289123888258,10110.134857015446,-0.13845213224548192,-1522.1542668728125,True,False,False,,,,,,,,,,,,,,,,,,,ridge_affine_cal
unseen_well,tr0004e,0,1813,3610,1813,0.7717130739443112,1.669970126133252,1.532799930068399,5056.094802807825,4259.59930924487,-0.13717019606485303,-796.4954935629548,True,False,False,,,,,,,,,,,,,,,,,,,ridge_affine_cal
unseen_well,tr00079,4,1768,2826,1768,0.15063125816282108,0.7507821430409275,0.6167735294016153,996.5753249145376,672.5641490566886,-0.13400861363931216,-324.011175857849,True,False,False,,,,,,,,,,,,,,,,,,,ridge_affine_cal
unseen_well,tr00012,3,1767,3965,1767,0.0,5.555159057608308,5.422836278336811,54529.25273846391,51962.439884008185,-0.13232277927149738,-2566.8128544557258,True,False,False,,,,,,,,,,,,,,,,,,,ridge_affine_cal
unseen_well,tr00014,0,2144,2057,2144,0.1547250654606046,0.6064088455508359,0.48086653111843614,788.416738991166,495.7627388877382,-0.12554231443239972,-292.6540001034278,True,False,False,,,,,,,,,,,,,,,,,,,ridge_affine_cal
unseen_well,tr0008d,0,3861,4664,3861,0.03401759530791789,1.996261520889334,1.8717778084059098,15386.316890823695,13527.214905361647,-0.12448371248342416,-1859.101985462048,True,False,False,,,,,,,,,,,,,,,,,,,ridge_affine_cal
unseen_well,tr00018,2,1170,3168,1170,0.10396496081143385,0.5638269634439148,0.4413052516234847,371.94398830647117,227.85788037924658,-0.12252171182043009,-144.0861079272246,True,False,False,,,,,,,,,,,,,,,,,,,ridge_affine_cal
unseen_well,tr000aa,3,2609,5887,2609,0.06497175141242938,0.5492595567750626,0.4280846151731837,787.098932389098,478.11604608446095,-0.12117494160187886,-308.982886304637,True,False,False,,,,,,,,,,,,,,,,,,,ridge_affine_cal
unseen_well,tr00043,0,2849,3069,2849,0.14109496451503886,3.5739293415425517,3.4533544160114147,36390.19420332718,33976.1960026462,-0.12057492553113702,-2413.9982006809805,True,False,False,,,,,,,,,,,,,,,,,,,ridge_affine_cal
unseen_well,tr000ba,1,2727,6097,2727,0.0,1.0370725975453112,0.9215493396540575,2932.941874423967,2315.913436631694,-0.11552325789125373,-617.028437792273,True,False,False,,,,,,,,,,,,,,,,,,,ridge_affine_cal
unseen_well,tr00094,1,4581,4269,4581,0.0,2.2920115438036097,2.1774049253103973,24065.44479645178,21718.94340835694,-0.11460661849321241,-2346.501388094839,True,False,False,,,,,,,,,,,,,,,,,,,ridge_affine_cal
unseen_well,tr000d6,0,2057,3839,2057,0.0,0.38996125250005836,0.27557667455155327,312.8075342745592,156.21372981652829,-0.1143845779485051,-156.59380445803092,True,False,False,,,,,,,,,,,,,,,,,,,ridge_affine_cal
unseen_well,tr00042,2,2629,4210,2629,0.0,0.8370140714469103,0.7239208107398972,1841.857829198551,1377.7572634444532,-0.11309326070701309,-464.1005657540977,True,False,False,,,,,,,,,,,,,,,,,,,ridge_affine_cal
unseen_well,tr000ef,0,2253,2695,2253,0.19098625707356506,0.36283166758241564,0.2586182028828462,296.6002832084342,150.6882435648813,-0.10421346469956944,-145.91203964355287,True,False,False,,,,,,,,,,,,,,,,,,,ridge_affine_cal
unseen_well,tr0009e,1,2153,3476,2153,0.12169124178362054,0.5464495545225593,0.4436399967050043,642.9011199684061,423.7458096943242,-0.10280955781755496,-219.1553102740819,True,False,False,,,,,,,,,,,,,,,,,,,ridge_affine_cal
unseen_well,tr00036,0,4230,4678,4230,0.0,0.5356650364659845,0.4355807266493233,1213.7436423656025,802.560308681931,-0.10008430981666122,-411.18333368367144,True,False,False,,,,,,,,,,,,,,,,,,,ridge_affine_cal
unseen_well,tr0002f,4,2063,4132,2063,0.02986279257465698,1.7797915002338125,1.6804773850848311,6534.8780090202345,5825.920750795341,-0.09931411514898136,-708.9572582248938,True,False,False,,,,,,,,,,,,,,,,,,,ridge_affine_cal
unseen_well,tr000ac,0,2131,2301,2131,0.0,0.8795929242372236,0.7818807299994881,1648.7199910566135,1302.7601612377987,-0.09771219423773547,-345.9598298188148,True,False,False,,,,,,,,,,,,,,,,,,,ridge_affine_cal
unseen_well,tr00002,4,1907,2276,1907,0.0,0.552585034533841,0.4580510628603602,582.3028702851914,400.10915018957326,-0.09453397167348082,-182.19372009561812,True,False,False,,,,,,,,,,,,,,,,,,,ridge_affine_cal
unseen_well,tr000ce,1,2914,5126,2914,0.06654228855721393,4.664051840995295,4.5784928262166735,63389.34808298252,61085.00637501692,-0.08555901477862182,-2304.341707965599,True,False,False,,,,,,,,,,,,,,,,,,,ridge_affine_cal
unseen_well,tr0003a,0,2473,2216,2473,0.03838771593090211,1.3865885896179915,1.3013974376197035,4754.658838391839,4188.36007376046,-0.08519115199828797,-566.2987646313786,True,False,False,,,,,,,,,,,,,,,,,,,ridge_affine_cal
unseen_well,tr0007d,4,3208,5423,3208,0.05410728768393002,2.6976731970548165,2.6140936945033553,23346.02969537032,21921.822586404185,-0.08357950255146118,-1424.207108966133,True,False,False,,,,,,,,,,,,,,,,,,,ridge_affine_cal
unseen_well,tr000dd,1,2872,3674,2872,0.15582034830430797,1.642864665936654,1.5602554468171728,7751.540379994818,6991.588354374666,-0.08260921911948116,-759.9520256201522,True,False,False,,,,,,,,,,,,,,,,,,,ridge_affine_cal
unseen_well,tr000e2,4,1641,3983,1641,0.11130867709815079,4.496143505878057,4.418072818972934,33173.317844162506,32031.281958779568,-0.07807068690512242,-1142.0358853829384,True,False,False,,,,,,,,,,,,,,,,,,,ridge_affine_cal
unseen_well,tr000a1,3,2970,3104,2970,0.0,1.4736640752338386,1.39782825254069,6449.906845705371,5803.153756094849,-0.07583582269314859,-646.7530896105218,True,False,False,,,,,,,,,,,,,,,,,,,ridge_affine_cal
unseen_well,tr00071,2,1879,1895,1879,0.1494435612082671,0.6934985673063953,0.6181150270536342,903.686753906467,717.9023647520187,-0.07538354025276106,-185.78438915444826,True,False,False,,,,,,,,,,,,,,,,,,,ridge_affine_cal
unseen_well,tr000da,1,3852,4603,3852,0.0,3.4933620768685194,3.4207757135090544,47008.184767597275,45074.97336917778,-0.072586363359465,-1933.2113984194948,True,False,False,,,,,,,,,,,,,,,,,,,ridge_affine_cal
unseen_well,tr00034,4,3550,4190,3550,0.015762273901808784,1.2020006156115066,1.1324263598110804,5129.059453753065,4552.48258440216,-0.0695742558004262,-576.5768693509053,True,False,False,,,,,,,,,,,,,,,,,,,ridge_affine_cal
unseen_well,tr000c7,2,1915,2077,1915,0.6703406813627254,0.7924997092534801,0.7244937892240355,1202.7268362545187,1005.1667449453452,-0.06800592002944461,-197.56009130917357,True,False,False,,,,,,,,,,,,,,,,,,,ridge_affine_cal
unseen_well,tr000d0,0,1235,2730,1235,0.11046658259773014,0.9698764057069448,0.9041163854622357,1161.7153992985723,1009.521651499703,-0.06576002024470906,-152.19374779886925,True,False,False,,,,,,,,,,,,,,,,,,,ridge_affine_cal
unseen_well,tr000d4,4,3842,3149,3842,0.057502503218423685,4.039903233070256,3.9753895933541905,62704.583265339745,60717.90153360128,-0.06451363971606572,-1986.681731738463,True,False,False,,,,,,,,,,,,,,,,,,,ridge_affine_cal
unseen_well,tr000ee,0,1788,5334,1788,0.6881493962370121,0.7263106862656297,0.6650543439982431,943.2186568147661,790.8275374820291,-0.06125634226738652,-152.39111933273693,True,False,False,,,,,,,,,,,,,,,,,,,ridge_affine_cal
unseen_well,tr000c0,0,1387,2335,1387,0.2810317033852767,0.404204701877436,0.34681932951766975,226.6100586944999,166.83341884266827,-0.05738537235976626,-59.776639851831646,True,False,False,,,,,,,,,,,,,,,,,,,ridge_affine_cal
unseen_well,tr000e4,3,2164,5145,2164,0.5714872075523327,0.7922475856349585,0.7385357005163375,1358.2480967477265,1180.3212987480085,-0.053711885118620906,-177.92679799971802,True,False,False,,,,,,,,,,,,,,,,,,,ridge_affine_cal
unseen_well,tr000bc,4,4159,4778,4159,0.0,1.6434121572570137,1.5902261964176003,11232.641833941212,10517.359700659028,-0.053185960839413404,-715.2821332821841,True,False,False,,,,,,,,,,,,,,,,,,,ridge_affine_cal
unseen_well,tr00083,1,1248,2725,1248,0.2912157060156053,1.3484836159957783,1.2992846722785598,2269.3732621360937,2106.79954320327,-0.049198943717218446,-162.5737189328238,True,False,False,,,,,,,,,,,,,,,,,,,ridge_affine_cal
unseen_well,tr00060,3,1532,3561,1532,0.0,0.20230128265211395,0.15325972443321717,62.69833933084184,35.98444808028555,-0.049041558218896775,-26.713891250556287,True,False,False,,,,,,,,,,,,,,,,,,,ridge_affine_cal
unseen_well,tr00070,3,1835,3529,1835,0.06711409395973154,0.7892922364395473,0.7428685963594313,1143.172400314367,1012.651633923653,-0.04642364008011601,-130.52076639071402,True,False,False,,,,,,,,,,,,,,,,,,,ridge_affine_cal
unseen_well,tr0002e,4,1838,2397,1838,0.1563164108618654,0.28444955393539956,0.24530800133726152,148.71542657317985,110.60351652591055,-0.039141552598138035,-38.111910047269305,True,False,False,,,,,,,,,,,,,,,,,,,ridge_affine_cal
unseen_well,tr0006b,0,1879,4038,1879,0.09869866486395133,1.064230595838716,1.026663305202751,2128.1305241430296,1980.5365418874437,-0.03756729063596498,-147.59398225558584,True,False,False,,,,,,,,,,,,,,,,,,,ridge_affine_cal
unseen_well,tr000d2,4,2433,5180,2433,0.08656245895179299,1.0012589630105513,0.9653379120944574,2439.129970284811,2267.2574332539148,-0.03592105091609388,-171.87253703089618,True,False,False,,,,,,,,,,,,,,,,,,,ridge_affine_cal
unseen_well,tr00052,3,3230,5362,3230,0.049348230912476726,0.38418290744850764,0.3498051639645606,476.73671559315113,395.2345983381621,-0.034377743483947065,-81.50211725498906,True,False,False,,,,,,,,,,,,,,,,,,,ridge_affine_cal
unseen_well,tr00000,0,2913,4162,2913,0.06148409893992933,2.113513969862822,2.0812603895733157,13012.200009245855,12618.081329219613,-0.03225358028950609,-394.11868002624215,True,False,False,,,,,,,,,,,,,,,,,,,ridge_affine_cal
unseen_well,tr00062,1,2035,2592,2035,0.06894315971471796,0.6244312239207853,0.599422954121707,793.475709183672,731.1915315834678,-0.02500826979907833,-62.2841776002042,True,False,False,,,,,,,,,,,,,,,,,,,ridge_affine_cal
unseen_well,tr0003e,0,1967,1851,1967,0.026977475117862755,0.34667844505642575,0.3225694202312781,236.40575237267996,204.66837771803046,-0.02410902482514765,-31.7373746546495,True,False,False,,,,,,,,,,,,,,,,,,,ridge_affine_cal
unseen_well,tr000a7,1,3587,3073,3587,0.07402402402402403,3.1929376090573367,3.169642817652962,36568.92901371868,36037.281866706944,-0.02329479140437485,-531.6471470117394,True,False,False,,,,,,,,,,,,,,,,,,,ridge_affine_cal
unseen_well,tr000ed,3,3197,4112,3197,0.09139417156929812,0.9456435036546716,0.9228885938512524,2858.890510305693,2722.9595712443925,-0.02275490980341921,-135.9309390613007,True,False,False,,,,,,,,,,,,,,,,,,,ridge_affine_cal
unseen_well,tr000d5,4,2437,6281,2437,0.04496444138563891,1.3664132558821942,1.3462133774806913,4550.08659791786,4416.551845434323,-0.020199878401502946,-133.53475248353698,True,False,False,,,,,,,,,,,,,,,,,,,ridge_affine_cal
unseen_well,tr0005a,4,1378,2599,1378,0.1528790545637415,0.5801954112325085,0.5602622960099775,463.8716135666278,432.545711975252,-0.01993311522253105,-31.325901591375782,True,False,False,,,,,,,,,,,,,,,,,,,ridge_affine_cal
unseen_well,tr000b7,2,1205,3490,1205,0.7488817891373802,0.35184484044132824,0.3322542656064895,149.17272405294642,133.02344090151777,-0.019590574834838725,-16.149283151428648,True,False,False,,,,,,,,,,,,,,,,,,,ridge_affine_cal
unseen_well,tr0001a,0,2686,6091,2686,0.09114731685086021,1.001915206548484,0.9886160489729604,2696.298341869763,2625.1935054826317,-0.01329915757552358,-71.1048363871314,True,False,False,,,,,,,,,,,,,,,,,,,ridge_affine_cal
unseen_well,tr000e3,4,2590,6177,2590,0.0,2.3177483776550756,2.3059882877336118,13913.370034097881,13772.5373363963,-0.011760089921463823,-140.8326977015804,True,False,False,,,,,,,,,,,,,,,,,,,ridge_affine_cal
unseen_well,tr00025,4,3480,5410,3480,0.0,1.4734207787429676,1.462630693740929,7554.9713934857355,7444.724141030289,-0.010790085002038596,-110.24725245544687,True,False,False,,,,,,,,,,,,,,,,,,,ridge_affine_cal
unseen_well,tr00045,1,1709,3652,1709,0.7377354971087484,0.3372452450186537,0.32730654704808854,194.37201318666524,183.0844449405873,-0.00993869797056518,-11.287568246077939,True,False,False,,,,,,,,,,,,,,,,,,,ridge_affine_cal
unseen_well,tr00024,1,2599,4928,2599,0.06137903547229972,5.838976702976182,5.831929457519892,88609.39358959846,88395.63171227199,-0.0070472454562899856,-213.7618773264694,True,False,False,,,,,,,,,,,,,,,,,,,ridge_affine_cal
unseen_well,tr000a0,2,2595,4265,2595,0.0575801749271137,4.397350922981293,4.390844787337688,50178.72388789628,50030.34907114296,-0.0065061356436046935,-148.37481675331946,True,False,False,,,,,,,,,,,,,,,,,,,ridge_affine_cal
unseen_well,tr000b0,0,2525,3025,2525,0.0,0.593808811426547,0.5873622409815283,890.3374839327164,871.1108653803785,-0.006446570445018618,-19.226618552337868,True,False,False,,,,,,,,,,,,,,,,,,,ridge_affine_cal
unseen_well,tr000e8,3,2929,4364,2929,0.0,0.5797653000593329,0.5736734666790618,984.5183354348098,963.9375506223363,-0.006091833380271083,-20.580784812473553,True,False,False,,,,,,,,,,,,,,,,,,,ridge_affine_cal
unseen_well,tr00059,3,2065,4473,2065,0.0,2.1914690220923383,2.186021344729875,9917.237820442071,9867.993445004175,-0.00544767736246321,-49.24437543789645,True,False,False,,,,,,,,,,,,,,,,,,,ridge_affine_cal
unseen_well,tr000d8,3,2745,2741,2745,0.048122493620123954,0.24233356765674982,0.24104922234732284,161.20165674636723,159.49747724621375,-0.0012843453094269763,-1.7041795001534865,True,False,False,,,,,,,,,,,,,,,,,,,ridge_affine_cal
unseen_well,tr000b2,3,1372,2393,1372,0.023373173970783534,0.5142689155589201,0.5133534480485314,362.85629402392254,361.5655783191899,-0.0009154675103886234,-1.2907157047326336,True,False,False,,,,,,,,,,,,,,,,,,,ridge_affine_cal
unseen_well,tr00053,3,3026,3528,3026,0.03387244430881904,0.22613816731681274,0.22556252020890705,154.74501239087294,153.95819128257864,-0.0005756471079056968,-0.7868211082943048,True,False,False,,,,,,,,,,,,,,,,,,,ridge_affine_cal
unseen_well,tr00032,3,3614,3629,3614,0.0,0.3956824074359131,0.3953405186702768,565.8243471411677,564.8469702887753,-0.000341888765636289,-0.9773768523923536,True,False,False,,,,,,,,,,,,,,,,,,,ridge_affine_cal
unseen_well,tr0003d,0,1683,4124,1683,0.0990184260375409,0.798911277446599,0.8004126920019521,1074.1902827963734,1078.231583662477,0.001501414555353131,4.041300866103711,False,True,False,,,,,,,,,,,,,,,,,,,ridge_affine_cal
unseen_well,tr00061,4,2525,3235,2525,0.09774305555555556,2.432939308921461,2.4372781705505573,14945.96404426047,14999.320323621738,0.004338861629096247,53.3562793612673,False,True,False,,,,,,,,,,,,,,,,,,,ridge_affine_cal
unseen_well,tr000be,0,2375,3685,2375,0.0,1.3870969255173855,1.3937115913006919,4569.589966851986,4613.275999349029,0.006614665783306384,43.686032497043016,False,True,False,,,,,,,,,,,,,,,,,,,ridge_affine_cal
unseen_well,tr0008a,3,1611,3285,1611,0.24816176470588236,1.0962089045259937,1.1035964348107636,1935.8967533653095,1962.0773214834421,0.007387530284769905,26.18056811813267,False,True,False,,,,,,,,,,,,,,,,,,,ridge_affine_cal
unseen_well,tr0001f,2,3631,4291,3631,0.0,1.0150846782277412,1.0258846474177241,3741.3711583249346,3821.407133910627,0.010799969189982939,80.03597558569254,False,True,False,,,,,,,,,,,,,,,,,,,ridge_affine_cal
unseen_well,tr0001b,3,2571,2650,2571,0.0,2.323458749068397,2.3366309109757055,13879.442096218398,14037.258960320916,0.01317216190730841,157.8168641025186,False,True,False,,,,,,,,,,,,,,,,,,,ridge_affine_cal
unseen_well,tr0007f,3,3670,4521,3670,0.1078012452691979,3.2940965653720413,3.307847922636488,39823.43490792488,40156.61841699624,0.01375135726444654,333.1835090713648,False,True,False,,,,,,,,,,,,,,,,,,,ridge_affine_cal
unseen_well,tr00077,3,1111,3317,1111,0.0,0.3532670703327892,0.36983968904871384,138.65015913245963,151.96413050676642,0.016572618715924636,13.313971374306789,False,True,False,,,,,,,,,,,,,,,,,,,ridge_affine_cal
unseen_well,tr0000a,1,2192,2408,2192,0.0,0.5106497010462775,0.5275036962555125,571.5927528556064,609.9462478425958,0.01685399520923503,38.3534949869894,False,True,False,,,,,,,,,,,,,,,,,,,ridge_affine_cal
unseen_well,tr0002d,1,3668,3441,3668,0.08988605992403995,1.1843350202746041,1.2020983755280703,5144.9181468327715,5300.408570312424,0.017763355253466173,155.49042347965224,False,True,False,,,,,,,,,,,,,,,,,,,ridge_affine_cal
unseen_well,tr00082,1,2352,3611,2352,0.0392419922857622,1.0901921270096782,1.1083545638613463,2795.39639116322,2889.314021874311,0.018162436851668184,93.91763071109108,False,True,False,,,,,,,,,,,,,,,,,,,ridge_affine_cal
unseen_well,tr0008c,0,1264,3236,1264,0.0,0.21277223703843487,0.23134589486032142,57.22383941588565,67.65044675886574,0.018573657821886552,10.426607342980091,False,True,False,,,,,,,,,,,,,,,,,,,ridge_affine_cal
unseen_well,tr000b6,3,2009,4428,2009,0.060742581948112474,1.4585671732338605,1.4776540609497308,4273.983161460348,4386.574201397032,0.019086887715870304,112.59103993668396,False,True,False,,,,,,,,,,,,,,,,,,,ridge_affine_cal
unseen_well,tr00033,1,2766,5947,2766,0.023872374612647768,1.256832885024126,1.2766709898452815,4369.2535398287355,4508.27246592046,0.019838104821155556,139.0189260917241,False,True,False,,,,,,,,,,,,,,,,,,,ridge_affine_cal
unseen_well,tr00085,4,2529,6195,2529,0.03587803759743237,1.560447332294653,1.5813622253468644,6158.104572592847,6324.2867075298345,0.020914893052211392,166.1821349369875,False,True,False,,,,,,,,,,,,,,,,,,,ridge_affine_cal
unseen_well,tr000b4,3,4119,4413,4119,0.0,1.8194982101687114,1.8408206821206519,13636.253221908628,13957.729008155624,0.02132247195194048,321.475786246996,False,True,False,,,,,,,,,,,,,,,,,,,ridge_affine_cal
unseen_well,tr00089,1,2128,2092,2128,0.21824644549763034,1.1560877776055114,1.1845250778273109,2844.154884597394,2985.7960764838235,0.028437300221799466,141.64119188642962,False,True,False,,,,,,,,,,,,,,,,,,,ridge_affine_cal
unseen_well,tr0003b,2,2358,2613,2358,0.5429491048078857,1.6734249253101214,1.7034168084748096,6603.22761237078,6842.040765564246,0.02999188316468815,238.81315319346595,False,True,False,,,,,,,,,,,,,,,,,,,ridge_affine_cal
unseen_well,tr000a9,0,1536,2110,1536,0.19171695008228196,1.1515082311030962,1.1830835200510614,2036.6917728740066,2149.918641279606,0.03157528894796524,113.22686840559959,False,True,False,,,,,,,,,,,,,,,,,,,ridge_affine_cal
unseen_well,tr0000e,1,1313,3657,1313,0.09698189134808853,0.6016126866386926,0.6347276394431575,475.2243638634336,528.980358446558,0.03311495280446486,53.755994583124334,False,True,False,,,,,,,,,,,,,,,,,,,ridge_affine_cal
unseen_well,tr000d9,4,3662,4182,3662,0.6907190209077001,3.047145395529367,3.0806615993097006,34002.01811519771,34754.12270720766,0.0335162037803336,752.1045920099496,False,True,False,,,,,,,,,,,,,,,,,,,ridge_affine_cal
unseen_well,tr00054,2,1457,4039,1457,0.8131368267831149,0.7149811238833541,0.7531412345377916,744.8154969413476,826.4420448177356,0.038160110654437474,81.62654787638792,False,True,False,,,,,,,,,,,,,,,,,,,ridge_affine_cal
unseen_well,tr00063,0,3007,2583,3007,0.137567084078712,2.4796584360719525,2.51812038567785,18489.158820465487,19067.177342236453,0.03846194960589733,578.0185217709659,False,True,False,,,,,,,,,,,,,,,,,,,ridge_affine_cal
unseen_well,tr0005e,2,987,2557,987,0.04966139954853273,0.9906301272969628,1.0354147202809922,968.5905244699875,1058.1465556158962,0.04478459298402948,89.55603114590872,False,True,False,,,,,,,,,,,,,,,,,,,ridge_affine_cal
unseen_well,tr000db,4,1571,3268,1571,0.02748501756561273,1.5973245183861053,1.643884093269813,4008.321064365761,4245.399566917765,0.046559574883707766,237.078502552004,False,True,False,,,,,,,,,,,,,,,,,,,ridge_affine_cal
unseen_well,tr00056,2,2970,2982,2970,0.0,0.7094007900217854,0.761836345892362,1494.6509582240938,1723.7720152302013,0.05243555587057669,229.12105700610755,False,True,False,,,,,,,,,,,,,,,,,,,ridge_affine_cal
unseen_well,tr00080,3,2691,6019,2691,0.08358208955223881,1.3791964002229748,1.4353372345212827,5118.773673654141,5543.97930057742,0.05614083429830785,425.20562692327894,False,True,False,,,,,,,,,,,,,,,,,,,ridge_affine_cal
unseen_well,tr000a2,4,4253,4332,4253,0.018637157833430402,1.1002221250693283,1.156369913516561,5148.208545264768,5687.074925897429,0.05614778844723278,538.8663806326613,False,True,False,,,,,,,,,,,,,,,,,,,ridge_affine_cal
unseen_well,tr00031,3,2623,3343,2623,0.0,1.5542847628616199,1.6105176386942586,6336.646348419353,6803.4510103024,0.056232875832638696,466.80466188304763,False,True,False,,,,,,,,,,,,,,,,,,,ridge_affine_cal
unseen_well,tr00009,1,2735,2445,2735,0.02335907335907336,1.3114391244832877,1.370269168927703,4703.8514987117205,5135.3388231832905,0.0588300444444152,431.48732447157,False,True,False,,,,,,,,,,,,,,,,,,,ridge_affine_cal
unseen_well,tr000ab,0,2512,2412,2512,0.08590576766856214,3.97082564989426,4.032959934728978,39607.85033074772,40857.09177784444,0.062134284834717946,1249.2414470967196,False,True,False,,,,,,,,,,,,,,,,,,,ridge_affine_cal
unseen_well,tr00050,0,3264,5524,3264,0.06634046426945835,3.852670335654028,3.9194572249890753,48447.77628650589,50142.04107932623,0.0667868893350474,1694.2647928203369,False,True,False,,,,,,,,,,,,,,,,,,,ridge_affine_cal
unseen_well,tr0002c,0,2745,3213,2745,0.03289694528365223,0.2038063774090352,0.27086913849090877,114.0191733522708,201.40089756278556,0.06706276108187356,87.38172421051476,False,True,False,,,,,,,,,,,,,,,,,,,ridge_affine_cal
unseen_well,tr00074,0,2635,2243,2635,0.20623206232062322,2.523788346062053,2.59089412548806,16783.652567418598,17688.049793602302,0.06710577942600704,904.3972261837043,False,True,False,,,,,,,,,,,,,,,,,,,ridge_affine_cal
unseen_well,tr0000d,2,2780,3361,2780,0.08923628073603648,0.4344693100824883,0.5018743478938076,524.7627563018783,700.2204537852604,0.06740503781131929,175.45769748338205,False,True,False,,,,,,,,,,,,,,,,,,,ridge_affine_cal
unseen_well,tr00072,4,3889,3439,3889,0.0656386462882096,2.403743433132705,2.4718374795362386,22470.57391266594,23761.71426265861,0.06809404640353334,1291.140349992671,False,True,False,,,,,,,,,,,,,,,,,,,ridge_affine_cal
unseen_well,tr0009f,3,1947,4256,1947,0.729163308076737,0.4544576076010502,0.5281979527571582,402.11725320629733,543.199521496973,0.073740345156108,141.0822682906757,False,True,False,,,,,,,,,,,,,,,,,,,ridge_affine_cal
unseen_well,tr0009a,0,1936,4625,1936,0.0,0.9342204389491024,1.0081047012001152,1689.6785160732911,1967.5085714943134,0.07388426225101274,277.8300554210223,False,True,False,,,,,,,,,,,,,,,,,,,ridge_affine_cal
unseen_well,tr0004f,4,2122,2233,2122,0.15246842709529276,2.6480668863498336,2.723999723182483,14880.01197378407,15745.610271808075,0.07593283683264929,865.5982980240042,False,True,False,,,,,,,,,,,,,,,,,,,ridge_affine_cal
unseen_well,tr00073,1,2232,2059,2232,0.18900023304591004,1.646522609018072,1.7239772354491383,6051.033918881139,6633.721638630178,0.07745462643106626,582.6877197490394,False,True,False,,,,,,,,,,,,,,,,,,,ridge_affine_cal
unseen_well,tr00026,3,2443,6113,2443,0.0,1.5770181054856522,1.656750192715838,6075.707054587205,6705.5981941992695,0.07973208723018566,629.8911396120648,False,True,False,,,,,,,,,,,,,,,,,,,ridge_affine_cal
unseen_well,tr00038,3,2964,5034,2964,0.06001500375093773,0.7748392979224742,0.8553669953381524,1779.5142790611985,2168.618593059759,0.08052769741567822,389.10431399856043,False,True,False,,,,,,,,,,,,,,,,,,,ridge_affine_cal
unseen_well,tr00069,0,3170,3737,3170,0.0,1.1098486961248455,1.192368598729475,3904.692286679362,4506.924914498411,0.08251990260462949,602.2326278190494,False,True,False,,,,,,,,,,,,,,,,,,,ridge_affine_cal
unseen_well,tr000ad,3,3617,4463,3617,0.5429455445544554,0.5622997711156527,0.6470010969015909,1143.6267949023195,1514.1138869403642,0.08470132578593825,370.4870920380447,False,True,False,,,,,,,,,,,,,,,,,,,ridge_affine_cal
unseen_well,tr0005f,4,2186,6543,2186,0.6859892312979723,2.743305444433173,2.830980612625927,16451.23432854432,17519.59038673362,0.08767516819275434,1068.3560581892998,False,True,False,,,,,,,,,,,,,,,,,,,ridge_affine_cal
unseen_well,tr000b1,3,2597,4831,2597,0.7036887452880991,2.0301620645312175,2.121554877272881,10703.686147455519,11689.08426763707,0.09139281274166366,985.3981201815513,False,True,False,,,,,,,,,,,,,,,,,,,ridge_affine_cal
unseen_well,tr00088,1,2047,3300,2047,0.06601832803441182,0.8707829995171357,0.9638375653346638,1552.1644270117786,1901.6278987609664,0.09305456581752813,349.4634717491879,False,True,False,,,,,,,,,,,,,,,,,,,ridge_affine_cal
unseen_well,tr000cb,2,1837,4534,1837,0.13467273583424894,2.019040752067998,2.112193882289892,7488.577450985271,8195.523824355289,0.09315313022189375,706.9463733700177,False,True,False,,,,,,,,,,,,,,,,,,,ridge_affine_cal
unseen_well,tr00046,0,2362,3010,2362,0.02475800446760983,1.1875245854167438,1.286678082274236,3330.9269819692727,3910.3866312503874,0.09915349685749231,579.4596492811147,False,True,False,,,,,,,,,,,,,,,,,,,ridge_affine_cal
unseen_well,tr00092,3,1842,2772,1842,0.09037711313394019,0.9105149689069325,1.0155016883731565,1527.0870908478169,1899.5508568814435,0.10498671946622395,372.4637660336266,False,True,False,,,,,,,,,,,,,,,,,,,ridge_affine_cal
unseen_well,tr00064,0,3443,3211,3443,0.6922152088969041,2.1254611357437545,2.231477954449059,15554.045291195203,17144.397364084594,0.10601681870530433,1590.352072889391,False,True,False,,,,,,,,,,,,,,,,,,,ridge_affine_cal
unseen_well,tr0004b,2,2285,3164,2285,0.05505597357313269,0.6552430873682744,0.7614174311058048,981.0499055978298,1324.7436125351787,0.10617434373753043,343.6937069373489,False,True,False,,,,,,,,,,,,,,,,,,,ridge_affine_cal
unseen_well,tr00076,4,2881,2432,2881,0.2059100319969885,1.8792413968373345,1.9868846065566728,10174.390443678538,11373.35377698274,0.10764320971933827,1198.963333304202,False,True,False,,,,,,,,,,,,,,,,,,,ridge_affine_cal
unseen_well,tr00055,1,2275,2411,2275,0.0,0.8915617060313388,1.0041986677211447,1808.3571771299385,2294.1440436753974,0.11263696168980597,485.7868665454589,False,True,False,,,,,,,,,,,,,,,,,,,ridge_affine_cal
unseen_well,tr00029,3,3675,3299,3675,0.038141669056495554,1.1737177164960348,1.287955445518242,5062.72879671125,6096.197418927343,0.11423772902220719,1033.4686222160935,False,True,False,,,,,,,,,,,,,,,,,,,ridge_affine_cal
unseen_well,tr000e0,3,1732,2192,1732,0.0,0.861155353791222,0.9762232217907321,1284.4313571052091,1650.6164008183418,0.11506786799951008,366.1850437131327,False,True,False,,,,,,,,,,,,,,,,,,,ridge_affine_cal
unseen_well,tr0004a,3,3373,3708,3373,0.5229487360542296,2.1681744792307427,2.2841583023276875,15856.407470663042,17598.219873262013,0.11598382309694477,1741.812402598971,False,True,False,,,,,,,,,,,,,,,,,,,ridge_affine_cal
unseen_well,tr000c6,1,1992,4862,1992,0.1060694484972279,0.47218523137640406,0.591185532555535,444.13411431813654,696.2046651347192,0.11900030117913091,252.07055081658268,False,True,False,,,,,,,,,,,,,,,,,,,ridge_affine_cal
unseen_well,tr0008f,0,2376,2373,2376,0.6849863129079806,3.6165752908806517,3.736483471525518,31077.169599029723,33172.06954956852,0.1199081806448663,2094.8999505387983,False,True,False,,,,,,,,,,,,,,,,,,,ridge_affine_cal
unseen_well,tr000ae,4,2607,3547,2607,0.0,0.5045450597104386,0.6266114155903267,663.6528249442936,1023.617345048131,0.12206635587988812,359.96452010383746,False,True,False,,,,,,,,,,,,,,,,,,,ridge_affine_cal
unseen_well,tr00048,1,2125,4647,2125,0.0,1.013823038262844,1.140854498150431,2184.153949939071,2765.7915951439027,0.12703145988758702,581.6376452048316,False,True,False,,,,,,,,,,,,,,,,,,,ridge_affine_cal
unseen_well,tr000e9,1,3452,5441,3452,0.0,0.9064148060165217,1.033835227883233,2836.1210875537236,3689.550341079523,0.12742042186671132,853.4292535257996,False,True,False,,,,,,,,,,,,,,,,,,,ridge_affine_cal
unseen_well,tr000bb,0,1823,3032,1823,0.0,1.6704022882418876,1.8007144120961012,5086.614455719688,5911.209474135497,0.13031212385421354,824.5950184158091,False,True,False,,,,,,,,,,,,,,,,,,,ridge_affine_cal
unseen_well,tr00081,0,3593,3146,3593,0.05757530790918534,0.19369813901287106,0.32759974916517764,134.80565582197892,385.60649318154265,0.1339016101523066,250.80083735956373,False,True,False,,,,,,,,,,,,,,,,,,,ridge_affine_cal
unseen_well,tr00001,2,3735,4570,3735,0.04105960264900662,0.96957977811581,1.1048564064274975,3511.2172737996707,4559.343180407205,0.13527662831168752,1048.1259066075345,False,True,False,,,,,,,,,,,,,,,,,,,ridge_affine_cal
unseen_well,tr00004,1,1838,2009,1838,0.11125552378476736,1.300435412903355,1.4431877673340106,3108.3010996386733,3828.169732616283,0.14275235443065548,719.8686329776096,False,True,False,,,,,,,,,,,,,,,,,,,ridge_affine_cal
unseen_well,tr00008,3,1523,2333,1523,0.09880705394190871,0.6144395863667997,0.7573762447658356,574.9873360636819,873.6213960545172,0.1429366583990359,298.6340599908352,False,True,False,,,,,,,,,,,,,,,,,,,ridge_affine_cal
unseen_well,tr00017,0,1666,2178,1666,0.05124869927159209,1.3371711196149842,1.4816948021041516,2978.8523208185625,3657.5688646463805,0.14452368248916736,678.716543827818,False,True,False,,,,,,,,,,,,,,,,,,,ridge_affine_cal
unseen_well,tr00016,0,3606,4001,3606,0.0,1.454198717801385,1.612959618327217,7625.5862425438245,9381.50926165754,0.15876090052583192,1755.9230191137158,False,True,False,,,,,,,,,,,,,,,,,,,ridge_affine_cal
unseen_well,tr00087,4,1529,4148,1529,0.14180024660912455,2.4399545644113254,2.605206178573582,9102.715384602849,10377.474727070412,0.16525161416225664,1274.7593424675633,False,True,False,,,,,,,,,,,,,,,,,,,ridge_affine_cal
unseen_well,tr000cd,3,2885,5229,2885,0.0,2.5706698845189795,2.7435225079914396,19065.071445173595,21715.151944103516,0.1728526234724601,2650.0804989299213,False,True,False,,,,,,,,,,,,,,,,,,,ridge_affine_cal
unseen_well,tr0008e,1,2415,3483,2415,0.12800949474398102,1.248640848109092,1.4222512274348242,3765.236081673321,4885.058507764772,0.1736103793257322,1119.8224260914508,False,True,False,,,,,,,,,,,,,,,,,,,ridge_affine_cal
unseen_well,tr0000b,4,3824,3308,3824,0.07501402131239485,2.61019676986234,2.7839273125584967,26053.398326376806,29636.960900873477,0.17373054269615684,3583.562574496671,False,True,False,,,,,,,,,,,,,,,,,,,ridge_affine_cal
unseen_well,tr00041,2,2310,6300,2310,0.06620209059233449,0.9802132099225102,1.1559634315231564,2219.489434254225,3086.740861093407,0.17575022160064624,867.2514268391819,False,True,False,,,,,,,,,,,,,,,,,,,ridge_affine_cal
unseen_well,tr000a6,3,1643,4841,1643,0.0,0.4372397432002553,0.6154126086846633,314.1064283545748,622.2577914788068,0.17817286548440797,308.151363124232,False,True,False,,,,,,,,,,,,,,,,,,,ridge_affine_cal
unseen_well,tr00023,0,2929,5184,2929,0.047331443362504624,1.4013626482532267,1.5807645011900082,5752.020789451619,7319.033259683689,0.17940185293678157,1567.01247023207,False,True,False,,,,,,,,,,,,,,,,,,,ridge_affine_cal
unseen_well,tr0004d,1,3494,3250,3494,0.051601423487544484,0.8108509486370916,0.992694930936927,2297.2325376044155,3443.1386313220987,0.18184398229983534,1145.9060937176832,False,True,False,,,,,,,,,,,,,,,,,,,ridge_affine_cal
unseen_well,tr000c2,2,3862,4391,3862,0.0,2.9323708993133533,3.1143121686686395,33208.562089981926,37457.30737648964,0.1819412693552862,4248.745286507714,False,True,False,,,,,,,,,,,,,,,,,,,ridge_affine_cal
unseen_well,tr00078,1,2524,5231,2524,0.0,1.9860477254620188,2.1741460585514703,9955.629173159654,11930.723575801188,0.18809833308945145,1975.0944026415345,False,True,False,,,,,,,,,,,,,,,,,,,ridge_affine_cal
unseen_well,tr00049,2,3850,3783,3850,0.03380060264640377,2.214654617882113,2.403060045351441,18883.076044550282,22232.585689023203,0.18840542746932787,3349.5096444729206,False,True,False,,,,,,,,,,,,,,,,,,,ridge_affine_cal
unseen_well,tr00013,1,4023,4263,4023,0.03439536567704562,1.8568780932264242,2.0454619075496394,13871.288926238201,16831.887692496883,0.18858381432321525,2960.5987662586813,False,True,False,,,,,,,,,,,,,,,,,,,ridge_affine_cal
unseen_well,tr00027,4,2048,2237,2048,0.12438739789964995,0.9569288331382891,1.148174427624611,1875.3797973840026,2699.887649282259,0.19124559448632195,824.5078518982566,False,True,False,,,,,,,,,,,,,,,,,,,ridge_affine_cal
unseen_well,tr000c9,1,2680,2969,2680,0.18587360594795538,1.3868467711836845,1.5803541118731412,5154.561830870198,6693.351238690445,0.19350734068945674,1538.789407820247,False,True,False,,,,,,,,,,,,,,,,,,,ridge_affine_cal
unseen_well,tr00021,2,3251,5184,3251,0.034854771784232366,1.3673002132013108,1.5609246379693642,6077.776597189158,7921.01509333974,0.19362442476805342,1843.2384961505823,False,True,False,,,,,,,,,,,,,,,,,,,ridge_affine_cal
unseen_well,tr00086,4,2543,4603,2543,0.0,0.8937251657287995,1.0903954307728008,2031.2077005322749,3023.530863029863,0.1966702650440013,992.3231624975883,False,True,False,,,,,,,,,,,,,,,,,,,ridge_affine_cal
unseen_well,tr000e7,4,3454,3802,3454,0.14608599779492834,2.378613225797378,2.5766320198040584,19542.044232398574,22931.21848116634,0.1980187940066802,3389.1742487677657,False,True,False,,,,,,,,,,,,,,,,,,,ridge_affine_cal
unseen_well,tr000cc,0,3542,4844,3542,0.08561888862389697,2.978904635550777,3.18188912515301,31431.257555734323,35860.68998968467,0.20298448960223325,4429.432433950351,False,True,False,,,,,,,,,,,,,,,,,,,ridge_affine_cal
unseen_well,tr0002a,1,969,2646,969,0.6149377593360996,0.47140721813687764,0.6746035182120423,215.3357975868917,440.98211967375937,0.2031963000751647,225.64632208686768,False,True,False,,,,,,,,,,,,,,,,,,,ridge_affine_cal
unseen_well,tr0006f,3,1895,4633,1895,0.05177696078431373,1.9653500949220866,2.1690563648816523,7319.628886681432,8915.606449093686,0.20370626995956576,1595.977562412254,False,True,False,,,,,,,,,,,,,,,,,,,ridge_affine_cal
unseen_well,tr000d7,2,1044,2744,1044,0.10137275607180571,2.628099641877402,2.8321198160710885,7210.8116676521195,8373.82236929617,0.20402017419368645,1163.0107016440497,False,True,False,,,,,,,,,,,,,,,,,,,ridge_affine_cal
unseen_well,tr000a3,3,2433,2501,2433,0.11978111066072153,0.5659749307603015,0.7707539441372069,779.3571049321284,1445.3519759666465,0.2047790133769054,665.994871034518,False,True,False,,,,,,,,,,,,,,,,,,,ridge_affine_cal
unseen_well,tr00030,1,1474,3378,1474,0.09047815333882935,1.851123985504436,2.0574507836278597,5050.896854312285,6239.594893673018,0.2063267981234238,1188.6980393607337,False,True,False,,,,,,,,,,,,,,,,,,,ridge_affine_cal
unseen_well,tr00006,2,2473,3193,2473,0.014119308153900459,0.6874007890824476,0.8978215046777833,1168.5415762674875,1993.4443823896268,0.2104207155953357,824.9028061221393,False,True,False,,,,,,,,,,,,,,,,,,,ridge_affine_cal
unseen_well,tr000af,2,3573,3930,3573,0.15820338531254166,6.871399768310264,7.084813307115248,168703.24955441343,179345.232898928,0.2134135388049847,10641.983344514563,False,True,False,,,,,,,,,,,,,,,,,,,ridge_affine_cal
unseen_well,tr00099,4,2607,4203,2607,0.10176211453744494,1.1763042881790737,1.4078460846782213,3607.2844662587604,5167.153769360879,0.23154179649914752,1559.8693031021185,False,True,False,,,,,,,,,,,,,,,,,,,ridge_affine_cal
unseen_well,tr000ea,4,1520,3005,1520,0.6901657458563536,2.1292592198476257,2.3625384419355044,6891.292134465302,8484.013592227024,0.23327922208787877,1592.7214577617215,False,True,False,,,,,,,,,,,,,,,,,,,ridge_affine_cal
unseen_well,tr00095,4,4361,3700,4361,0.0,2.6807882618318897,2.9163648450342654,31340.87469852659,37091.10702868292,0.23557658320237573,5750.23233015633,False,True,False,,,,,,,,,,,,,,,,,,,ridge_affine_cal
unseen_well,tr000d3,2,3173,5817,3173,0.7351501668520578,3.1311020273838897,3.38093758628935,31107.457101381053,36269.73472764461,0.24983555890546016,5162.277626263556,False,True,False,,,,,,,,,,,,,,,,,,,ridge_affine_cal
unseen_well,tr000bd,4,2754,3273,2754,0.0,2.6665969726521137,2.9187073142103497,19582.97634769113,23460.91947111283,0.252110341558236,3877.943123421701,False,True,False,,,,,,,,,,,,,,,,,,,ridge_affine_cal
unseen_well,tr00039,0,1678,2209,1678,0.293285310007718,1.4615383436377927,1.7225814507504262,3584.3662856116375,4979.107341799726,0.26104310711263357,1394.7410561880884,False,True,False,,,,,,,,,,,,,,,,,,,ridge_affine_cal
unseen_well,tr0007b,1,2914,2893,2914,0.11796108145341828,0.9675809994180242,1.2344562277015383,2728.1246541269566,4440.5926670157805,0.26687522828351407,1712.468012888824,False,True,False,,,,,,,,,,,,,,,,,,,ridge_affine_cal
unseen_well,tr00011,4,2787,6146,2787,0.05877084965856935,3.795111783428643,4.065554597041313,40140.80830157968,46065.582163906685,0.27044281361266975,5924.773862327005,False,True,False,,,,,,,,,,,,,,,,,,,ridge_affine_cal
unseen_well,tr000b5,2,2607,2268,2607,0.5421538461538462,0.6570680941366692,0.9826297231455442,1125.5422182265534,2517.2179775132945,0.325561629008875,1391.6757592867411,False,True,False,,,,,,,,,,,,,,,,,,,ridge_affine_cal
unseen_well,tr000b9,1,3355,4638,3355,0.0,1.3340502401090104,1.6788784995678436,5970.860094717616,9456.513769723988,0.3448282594588332,3485.6536750063715,False,True,False,,,,,,,,,,,,,,,,,,,ridge_affine_cal
unseen_well,tr0009b,0,3346,3548,3346,0.01392515230635335,1.6934617210573784,2.0387593714442303,9595.700961897423,13907.782085984496,0.3452976503868519,4312.0811240870735,False,True,False,,,,,,,,,,,,,,,,,,,ridge_affine_cal
unseen_well,tr000c1,0,1926,2590,1926,0.14570416297608504,0.8403366852244543,1.1873996057226668,1360.0752239725293,2715.5017283890834,0.3470629204982125,1355.426504416554,False,True,False,,,,,,,,,,,,,,,,,,,ridge_affine_cal
unseen_well,tr00028,2,3643,3193,3643,0.0,3.9594571257424644,4.334683521530995,57112.40656154949,68450.08012756525,0.3752263957885309,11337.673566015757,False,True,False,,,,,,,,,,,,,,,,,,,ridge_affine_cal
unseen_well,tr00090,4,2398,2171,2398,0.08338804990151018,1.7926626966871986,2.1842399188616457,7706.307626736977,11440.627847510652,0.3915772221744471,3734.320220773675,False,True,False,,,,,,,,,,,,,,,,,,,ridge_affine_cal
unseen_well,tr000eb,1,3165,2705,3165,0.0,1.8849505474626278,2.2795454917301705,11245.367062591624,16446.37700866515,0.3945949442675427,5201.0099460735255,False,True,False,,,,,,,,,,,,,,,,,,,ridge_affine_cal
unseen_well,tr0009c,2,1815,2366,1815,0.0,4.041736991608695,4.46222538528594,29649.182805448654,36139.29153119882,0.4204883936772452,6490.108725750164,False,True,False,,,,,,,,,,,,,,,,,,,ridge_affine_cal
unseen_well,tr00020,2,3495,3784,3495,0.6487154828960022,0.8492901119325057,1.296980231055308,2520.9214613210165,5879.141230520239,0.4476901191228023,3358.219769199223,False,True,False,,,,,,,,,,,,,,,,,,,ridge_affine_cal
unseen_well,tr00084,2,1986,5720,1986,0.8093693226057618,2.1917111548577486,2.6539218325454295,9539.945203647181,13987.995971216922,0.46221067768768087,4448.050767569741,False,True,False,,,,,,,,,,,,,,,,,,,ridge_affine_cal
unseen_well,tr000d1,2,1697,4548,1697,0.10136108887109688,0.5915991684755916,1.0788604381668512,593.9323107112964,1975.2059170355442,0.4872612696912596,1381.2736063242478,False,True,False,,,,,,,,,,,,,,,,,,,ridge_affine_cal
unseen_well,tr000a8,2,4096,3564,4096,0.15339425587467362,3.0580348945489737,3.5826981617706215,38304.06109707941,52575.134180780406,0.5246632672216478,14271.073083700998,False,True,False,,,,,,,,,,,,,,,,,,,ridge_affine_cal
unseen_well,tr00047,2,2551,2807,2551,0.03938036580813736,1.109195885586368,1.714791934472185,3138.534872647006,7501.244526632219,0.605596048885817,4362.709653985214,False,True,False,,,,,,,,,,,,,,,,,,,ridge_affine_cal
unseen_well,tr0007c,2,1150,2934,1150,0.1270812928501469,0.20921998505134146,0.8240969346331709,50.33895246661607,781.006121322557,0.6148769495818295,730.6671688559409,False,True,False,,,,,,,,,,,,,,,,,,,ridge_affine_cal
unseen_well,tr0004c,2,1939,2642,1939,0.5457323728443572,3.5771616378309856,4.214476215790473,24811.609557965974,34440.149150745885,0.6373145779594873,9628.53959277991,False,True,False,,,,,,,,,,,,,,,,,,,ridge_affine_cal
unseen_well,tr00005,1,3347,3169,3347,0.0,2.110280099233147,2.8582954906189966,14905.135179393534,27344.498364836105,0.7480153913858496,12439.363185442571,False,True,False,,,,,,,,,,,,,,,,,,,ridge_affine_cal
unseen_well,tr0006d,3,3139,2862,3139,0.0,3.2613124635313664,4.066037240742277,33386.90305324021,51896.01610850054,0.804724777210911,18509.113055260328,False,True,False,,,,,,,,,,,,,,,,,,,ridge_affine_cal
unseen_well,tr00051,3,1395,2627,1395,0.19666832421680755,0.5726140225824871,1.3941425650378465,457.4021123070454,2711.368720852177,0.8215285424553594,2253.9666085451317,False,True,False,,,,,,,,,,,,,,,,,,,ridge_affine_cal
unseen_well,tr000de,1,2649,2556,2649,0.17310278578290106,1.1010567873671082,2.0196588188045617,3211.451703820013,10805.328600849476,0.9186020314374534,7593.876897029463,False,True,False,,,,,,,,,,,,,,,,,,,ridge_affine_cal
unseen_well,tr0005c,2,2086,2036,2086,0.0,0.8523696262685199,2.883481299314605,1515.5498818317942,17343.972745694828,2.0311116730460848,15828.422863863034,False,True,False,,,,,,,,,,,,,,,,,,,ridge_affine_cal
same_well_masked,tr00083,1,1248,1477,1248,0.2912157060156053,8.253251411777718,5.453561215578245,85008.96626478161,37117.17975520996,-2.7996901961994736,-47891.786509571655,True,False,False,,,,,,,,,,,,,,,,,,,ridge_multibranch
same_well_masked,tr00006,2,2473,720,2473,0.014119308153900459,2.0272632796404992,1.0992111093680106,10163.526509512458,2988.039500695264,-0.9280521702724887,-7175.487008817194,True,False,False,,,,,,,,,,,,,,,,,,,ridge_multibranch
same_well_masked,tr0000b,4,3108,200,3108,0.07501402131239485,2.120993172960627,1.2353077591767943,13981.686219529289,4742.762187714477,-0.8856854137838328,-9238.924031814811,True,False,False,,,,,,,,,,,,,,,,,,,ridge_multibranch
same_well_masked,tr00078,1,2524,2707,2524,0.0,3.616496126628046,2.769877601424312,33011.50764640312,19364.688143425177,-0.8466185252037342,-13646.819502977945,True,False,False,,,,,,,,,,,,,,,,,,,ridge_multibranch
same_well_masked,tr00050,0,3264,2260,3264,0.06634046426945835,4.334534231186879,3.5484652590537964,61324.64237234381,41099.000987539075,-0.7860689721330827,-20225.641384804738,True,False,False,,,,,,,,,,,,,,,,,,,ridge_multibranch
same_well_masked,tr0007f,3,3670,851,3670,0.1078012452691979,5.616231108216522,4.924986201339162,115759.33032949927,89017.6449360088,-0.6912449068773601,-26741.685393490465,True,False,False,,,,,,,,,,,,,,,,,,,ridge_multibranch
same_well_masked,tr000d6,0,2057,1782,2057,0.0,5.773519322084207,5.106512065216705,68567.0616706207,53639.289476323174,-0.6670072568675014,-14927.772194297519,True,False,False,,,,,,,,,,,,,,,,,,,ridge_multibranch
same_well_masked,tr000cc,0,3542,1302,3542,0.08561888862389697,1.365662935228099,0.7397835097569362,6605.9548649069375,1938.464489513966,-0.6258794254711627,-4667.490375392971,True,False,False,,,,,,,,,,,,,,,,,,,ridge_multibranch
same_well_masked,tr0009b,0,3346,202,3346,0.01392515230635335,1.7449043577010046,1.1281859449284564,10187.536813835155,4258.800599113946,-0.6167184127725482,-5928.736214721209,True,False,False,,,,,,,,,,,,,,,,,,,ridge_multibranch
same_well_masked,tr000be,0,2375,1310,2375,0.0,1.2646847754664428,0.6946440537818189,3798.6405055794407,1146.0096084542915,-0.5700407216846238,-2652.630897125149,True,False,False,,,,,,,,,,,,,,,,,,,ridge_multibranch
same_well_masked,tr00023,0,2929,2255,2929,0.047331443362504624,1.3265181696348611,0.7713981584834045,5154.016180853895,1742.9164432920402,-0.5551200111514566,-3411.099737561855,True,False,False,,,,,,,,,,,,,,,,,,,ridge_multibranch
same_well_masked,tr000bd,4,2754,519,2754,0.0,5.078484467867407,4.530305672280531,71028.42636648034,56522.185759754364,-0.5481787955868755,-14506.24060672598,True,False,False,,,,,,,,,,,,,,,,,,,ridge_multibranch
same_well_masked,tr00072,4,3239,200,3239,0.0656386462882096,0.8669603991448118,0.3228242371998537,2434.4982608067885,337.55396603255866,-0.5441361619449581,-2096.94429477423,True,False,False,,,,,,,,,,,,,,,,,,,ridge_multibranch
same_well_masked,tr00052,3,3230,2132,3230,0.049348230912476726,2.013044157829938,1.4729181169522934,13089.080103835578,7007.445526965516,-0.5401260408776445,-6081.634576870062,True,False,False,,,,,,,,,,,,,,,,,,,ridge_multibranch
same_well_masked,tr00007,3,1758,2950,1758,0.0,2.3938240893597484,1.861435600001983,10074.032249064694,6091.3689026144375,-0.5323884893577655,-3982.6633464502565,True,False,False,,,,,,,,,,,,,,,,,,,ridge_multibranch
same_well_masked,tr00003,2,2817,2175,2817,0.06146753745678064,1.1128071690915367,0.5969351486012536,3488.403204153142,1003.7860372974873,-0.515872020490283,-2484.6171668556544,True,False,False,,,,,,,,,,,,,,,,,,,ridge_multibranch
same_well_masked,tr00055,1,2211,200,2211,0.0,0.967839595190856,0.459300683343465,2071.0735087444514,466.4261872784201,-0.5085389118473911,-1604.6473214660314,True,False,False,,,,,,,,,,,,,,,,,,,ridge_multibranch
same_well_masked,tr0002f,4,2063,2069,2063,0.02986279257465698,3.1252330136036197,2.639714619005878,20149.488906162955,14375.176415583674,-0.48551839459774193,-5774.312490579281,True,False,False,,,,,,,,,,,,,,,,,,,ridge_multibranch
same_well_masked,tr0004b,2,2285,879,2285,0.05505597357313269,1.8653696522616208,1.3936619001919357,7950.895001937193,4438.1406293264745,-0.47170775206968507,-3512.7543726107187,True,False,False,,,,,,,,,,,,,,,,,,,ridge_multibranch
same_well_masked,tr000e3,4,2590,3587,2590,0.0,2.3155908029651475,1.8641717493321732,13887.47838595185,9000.603045511174,-0.4514190536329743,-4886.875340440676,True,False,False,,,,,,,,,,,,,,,,,,,ridge_multibranch
same_well_masked,tr000cf,3,2598,200,2598,0.5848144952545298,3.997743354190175,3.5514196272930487,41521.111103674506,32767.486396979722,-0.44632372689712607,-8753.624706694784,True,False,False,,,,,,,,,,,,,,,,,,,ridge_multibranch
same_well_masked,tr000c0,0,1387,948,1387,0.2810317033852767,1.652121568900548,1.2108632255911533,3785.824375977428,2033.6051847604604,-0.4412583433093946,-1752.2191912169678,True,False,False,,,,,,,,,,,,,,,,,,,ridge_multibranch
same_well_masked,tr00058,3,1856,3317,1856,0.0684307867406459,2.538073387892943,2.1013332909206888,11956.01146544515,8195.356568730598,-0.43674009697225413,-3760.654896714552,True,False,False,,,,,,,,,,,,,,,,,,,ridge_multibranch
same_well_masked,tr00016,0,3606,395,3606,0.0,1.0700175535469256,0.6467499248661761,4128.644859024163,1508.3373879237424,-0.4232676286807495,-2620.307471100421,True,False,False,,,,,,,,,,,,,,,,,,,ridge_multibranch
same_well_masked,tr00022,2,2467,4032,2467,0.06803479812625474,1.1674780529715423,0.7795421587680634,3362.5333452879413,1499.161305991138,-0.38793589420347885,-1863.3720392968032,True,False,False,,,,,,,,,,,,,,,,,,,ridge_multibranch
same_well_masked,tr0005c,2,1836,200,1836,0.0,3.8311470742225207,3.4492853028418047,26948.234992338457,21843.93686833528,-0.381861771380716,-5104.298124003177,True,False,False,,,,,,,,,,,,,,,,,,,ridge_multibranch
same_well_masked,tr0007b,1,2693,200,2693,0.11796108145341828,1.3028516586856225,0.92198292789064,4571.15864314589,2289.191434533599,-0.3808687307949825,-2281.967208612291,True,False,False,,,,,,,,,,,,,,,,,,,ridge_multibranch
same_well_masked,tr0009e,1,2153,1323,2153,0.12169124178362054,1.1462387622128074,0.7853155417545722,2828.7476848981673,1327.7992367611098,-0.3609232204582352,-1500.9484481370575,True,False,False,,,,,,,,,,,,,,,,,,,ridge_multibranch
same_well_masked,tr000cb,2,1837,2697,1837,0.13467273583424894,0.7563646682206405,0.4034894872254869,1050.9247583178385,299.0705186958304,-0.35287518099515364,-751.8542396220081,True,False,False,,,,,,,,,,,,,,,,,,,ridge_multibranch
same_well_masked,tr0008e,1,2415,1068,2415,0.12800949474398102,1.0029292299501857,0.65784629041136,2429.1689022966607,1045.1196064662895,-0.34508293953882574,-1384.0492958303712,True,False,False,,,,,,,,,,,,,,,,,,,ridge_multibranch
same_well_masked,tr000ba,1,2727,3370,2727,0.0,0.7076669291808163,0.39826657223272643,1365.6611002034751,432.546547995681,-0.30940035694808987,-933.1145522077941,True,False,False,,,,,,,,,,,,,,,,,,,ridge_multibranch
same_well_masked,tr00038,3,2964,2070,2964,0.06001500375093773,2.8737511010542782,2.5909483339837194,24478.032138362843,19897.371330421607,-0.28280276707055885,-4580.660807941236,True,False,False,,,,,,,,,,,,,,,,,,,ridge_multibranch
same_well_masked,tr00068,4,2525,1684,2525,0.06712206712206713,1.316743405385203,1.0403640892622341,4377.878318954188,2732.952531521756,-0.27637931612296884,-1644.9257874324321,True,False,False,,,,,,,,,,,,,,,,,,,ridge_multibranch
same_well_masked,tr0003e,0,1651,200,1651,0.026977475117862755,0.5968698582607173,0.33258377556274693,588.1747393329787,182.62035878426073,-0.2642860826979703,-405.554380548718,True,False,False,,,,,,,,,,,,,,,,,,,ridge_multibranch
same_well_masked,tr00044,2,1698,3057,1698,0.03455757012242368,1.0514224170824955,0.7912808578254332,1877.120490345828,1063.160922341699,-0.2601415592570623,-813.9595680041291,True,False,False,,,,,,,,,,,,,,,,,,,ridge_multibranch
same_well_masked,tr0002a,1,969,1677,969,0.6149377593360996,1.4530900810017244,1.1943765427024478,2046.0151892169247,1382.3127306593585,-0.2587135382992767,-663.7024585575662,True,False,False,,,,,,,,,,,,,,,,,,,ridge_multibranch
same_well_masked,tr00047,2,2551,256,2551,0.03938036580813736,1.925444980938663,1.6754679872022178,9457.420193660437,7161.14928213174,-0.2499769937364451,-2296.270911528697,True,False,False,,,,,,,,,,,,,,,,,,,ridge_multibranch
same_well_masked,tr0003a,0,2016,200,2016,0.03838771593090211,1.3289463553821876,1.0789771928876832,3560.454405614937,2347.010634067918,-0.2499691624945044,-1213.443771547019,True,False,False,,,,,,,,,,,,,,,,,,,ridge_multibranch
same_well_masked,tr0005f,4,2186,4357,2186,0.6859892312979723,4.28532698775317,4.04019306779483,40143.76387883694,35682.42781477547,-0.24513391995834066,-4461.33606406147,True,False,False,,,,,,,,,,,,,,,,,,,ridge_multibranch
same_well_masked,tr000c6,1,1992,2870,1992,0.1060694484972279,0.7206402133234254,0.4781757805286206,1034.4900555811937,455.47493755163777,-0.24246443279480484,-579.0151180295559,True,False,False,,,,,,,,,,,,,,,,,,,ridge_multibranch
same_well_masked,tr000ab,0,2212,200,2212,0.08590576766856214,1.2689775818080586,1.027691865339916,3561.9926761267193,2336.2050610298697,-0.24128571646814256,-1225.7876150968495,True,False,False,,,,,,,,,,,,,,,,,,,ridge_multibranch
same_well_masked,tr000a0,2,2595,1670,2595,0.0575801749271137,4.07195587484886,3.831456544500946,43027.23995822838,38094.75375997574,-0.24049933034791415,-4932.486198252642,True,False,False,,,,,,,,,,,,,,,,,,,ridge_multibranch
same_well_masked,tr00057,2,3071,200,3071,0.0518910741301059,4.038871002574692,3.810787489936864,50095.62293357223,44597.373072213515,-0.228083512637828,-5498.249861358716,True,False,False,,,,,,,,,,,,,,,,,,,ridge_multibranch
same_well_masked,tr00024,1,2599,2329,2599,0.06137903547229972,4.320487484173519,4.0955071370962575,48514.52485023916,43593.49146730659,-0.22498034707726156,-4921.0333829325755,True,False,False,,,,,,,,,,,,,,,,,,,ridge_multibranch
same_well_masked,tr00021,2,3251,1933,3251,0.034854771784232366,1.0716409623505254,0.860776170877407,3733.4950589617583,2408.781688755056,-0.21086479147311843,-1324.7133702067022,True,False,False,,,,,,,,,,,,,,,,,,,ridge_multibranch
same_well_masked,tr000eb,1,2505,200,2505,0.0,1.678815943055748,1.4688732278408694,7060.149541498693,5404.759341466474,-0.20994271521487873,-1655.3902000322187,True,False,False,,,,,,,,,,,,,,,,,,,ridge_multibranch
same_well_masked,tr000e8,3,2929,1435,2929,0.0,1.7572065489488156,1.551521760514889,9044.092552253347,7050.746716145726,-0.20568478843392657,-1993.345836107621,True,False,False,,,,,,,,,,,,,,,,,,,ridge_multibranch
same_well_masked,tr000a1,3,2904,200,2904,0.0,4.357150374505115,4.156892523760864,55131.74125708937,50180.409838703396,-0.20025785074425073,-4951.331418385977,True,False,False,,,,,,,,,,,,,,,,,,,ridge_multibranch
same_well_masked,tr00070,3,1835,1694,1835,0.06711409395973154,0.7338415153024482,0.5422060759050893,988.1903831818569,539.4669317533057,-0.19163543939735894,-448.72345142855113,True,False,False,,,,,,,,,,,,,,,,,,,ridge_multibranch
same_well_masked,tr000c3,4,3649,933,3649,0.07520349896731868,0.8261045067286986,0.6405381553242215,2490.255145880715,1497.1450296270455,-0.18556635140447708,-993.1101162536697,True,False,False,,,,,,,,,,,,,,,,,,,ridge_multibranch
same_well_masked,tr00097,1,1430,1918,1430,0.2402678945165341,2.00496227440365,1.8273376863021735,5748.419422148055,4775.003118285658,-0.1776245881014764,-973.4163038623965,True,False,False,,,,,,,,,,,,,,,,,,,ridge_multibranch
same_well_masked,tr00031,3,2623,720,2623,0.0,1.0362073999310488,0.8592556471421152,2816.3827095873003,1936.6140607229488,-0.1769517527889336,-879.7686488643515,True,False,False,,,,,,,,,,,,,,,,,,,ridge_multibranch
same_well_masked,tr000da,1,3852,751,3852,0.0,1.6161640013275655,1.4418141876236832,10061.370377028814,8007.6460400900905,-0.17434981370388236,-2053.7243369387234,True,False,False,,,,,,,,,,,,,,,,,,,ridge_multibranch
same_well_masked,tr0000f,3,2473,200,2473,0.101712506486767,2.49452796226008,2.3237549574192844,15388.662302872131,13353.79715356922,-0.17077300484079538,-2034.865149302912,True,False,False,,,,,,,,,,,,,,,,,,,ridge_multibranch
same_well_masked,tr0000e,1,1313,2344,1313,0.09698189134808853,0.4921278955979703,0.3242532613987707,317.9952935665267,138.04905309392197,-0.16787463419919962,-179.94624047260473,True,False,False,,,,,,,,,,,,,,,,,,,ridge_multibranch
same_well_masked,tr000d3,2,3173,2644,3173,0.7351501668520578,3.06926387994214,2.9015304786135867,29890.86816644856,26713.10344244075,-0.1677334013285532,-3177.7647240078077,True,False,False,,,,,,,,,,,,,,,,,,,ridge_multibranch
same_well_masked,tr00079,4,1768,1058,1768,0.15063125816282108,1.7067259976509104,1.5391443652307233,5150.031299709652,4188.330786573988,-0.1675816324201871,-961.7005131356636,True,False,False,,,,,,,,,,,,,,,,,,,ridge_multibranch
same_well_masked,tr000e9,1,3452,1989,3452,0.0,1.130362126333183,0.9660773364834156,4410.684388510534,3221.770310070907,-0.16428478984976724,-1188.9140784396268,True,False,False,,,,,,,,,,,,,,,,,,,ridge_multibranch
same_well_masked,tr0002c,0,2745,468,2745,0.03289694528365223,1.5767293271450236,1.4180521924447604,6824.2768936124,5519.84369626534,-0.15867713470026312,-1304.4331973470598,True,False,False,,,,,,,,,,,,,,,,,,,ridge_multibranch
same_well_masked,tr00048,1,2125,2522,2125,0.0,0.5184775601589202,0.361057854910434,571.2403333252366,277.0208960091135,-0.1574197052484862,-294.2194373161231,True,False,False,,,,,,,,,,,,,,,,,,,ridge_multibranch
same_well_masked,tr000c5,4,3186,1949,3186,0.07162600648960461,4.035484050378919,3.8871196636576886,51884.429025468395,48139.50190478732,-0.14836438672123053,-3744.9271206810736,True,False,False,,,,,,,,,,,,,,,,,,,ridge_multibranch
same_well_masked,tr00061,4,2525,710,2525,0.09774305555555556,1.7496678101147891,1.6052109337353264,7729.8770505235025,6506.172908003183,-0.1444568763794627,-1223.7041425203197,True,False,False,,,,,,,,,,,,,,,,,,,ridge_multibranch
same_well_masked,tr000bf,4,2997,200,2997,0.719300866447565,1.5544879118928614,1.410530404177206,7242.048706658423,5962.819275261612,-0.1439575077156554,-1279.2294313968105,True,False,False,,,,,,,,,,,,,,,,,,,ridge_multibranch
same_well_masked,tr0007e,3,2744,1270,2744,0.7169280852323172,2.1931838469591662,2.050180643582012,13198.791980727794,11533.692402097558,-0.14300320337715444,-1665.0995786302356,True,False,False,,,,,,,,,,,,,,,,,,,ridge_multibranch
same_well_masked,tr00009,1,2245,200,2245,0.02335907335907336,0.9034927642577529,0.7656953252229121,1832.5916480234293,1316.2195482481563,-0.13779743903484087,-516.372099775273,True,False,False,,,,,,,,,,,,,,,,,,,ridge_multibranch
same_well_masked,tr000b9,1,3355,1283,3355,0.0,3.2694593734187416,3.131901762984627,35862.81821433167,32908.55303076875,-0.13755761043411452,-2954.265183562922,True,False,False,,,,,,,,,,,,,,,,,,,ridge_multibranch
same_well_masked,tr00037,4,1859,446,1859,0.143611911623439,2.58557385562312,2.4527261880127327,12427.77223079728,11183.494435502695,-0.13284766761038735,-1244.2777952945853,True,False,False,,,,,,,,,,,,,,,,,,,ridge_multibranch
same_well_masked,tr000d9,4,3662,520,3662,0.6907190209077001,1.7862254809507305,1.657558992082015,11683.982578737061,10061.351636393385,-0.12866648886871546,-1622.630942343676,True,False,False,,,,,,,,,,,,,,,,,,,ridge_multibranch
same_well_masked,tr00046,0,2362,648,2362,0.02475800446760983,1.0976103067639478,0.9756984753516775,2845.6156865851253,2248.594509966075,-0.12191183141227024,-597.0211766190505,True,False,False,,,,,,,,,,,,,,,,,,,ridge_multibranch
same_well_masked,tr000aa,3,2609,3278,2609,0.06497175141242938,3.402225484166765,3.2829699282142712,30199.53568150185,28119.519052799995,-0.11925555595249371,-2080.0166287018546,True,False,False,,,,,,,,,,,,,,,,,,,ridge_multibranch
same_well_masked,tr0006a,2,2356,3858,2356,0.0,0.9372281946567749,0.8312006877441717,2069.5025989532114,1627.7476382698408,-0.10602750691260321,-441.75496068337065,True,False,False,,,,,,,,,,,,,,,,,,,ridge_multibranch
same_well_masked,tr000b2,3,1372,1021,1372,0.023373173970783534,0.4986458083208854,0.3937725666010435,341.14456503801716,212.73797653279047,-0.10487324171984191,-128.4065885052267,True,False,False,,,,,,,,,,,,,,,,,,,ridge_multibranch
same_well_masked,tr000e1,0,2058,272,2058,0.1390154968094804,1.8870164911397898,1.7899439423084993,7328.190687461393,6593.624793576985,-0.09707254883129046,-734.5658938844081,True,False,False,,,,,,,,,,,,,,,,,,,ridge_multibranch
same_well_masked,tr00073,1,1859,200,1859,0.18900023304591004,1.0959332900192402,1.0016494438470664,2232.7887139044847,1865.1376899396369,-0.09428384617217378,-367.6510239648478,True,False,False,,,,,,,,,,,,,,,,,,,ridge_multibranch
same_well_masked,tr000ed,3,3197,915,3197,0.09139417156929812,1.8324831067832077,1.741806154252879,10735.50789425674,9699.342106741275,-0.09067695253032859,-1036.1657875154651,True,False,False,,,,,,,,,,,,,,,,,,,ridge_multibranch
same_well_masked,tr000e5,0,1450,1559,1450,0.0,1.5214282770794452,1.4315472343103317,3356.378803330547,2971.5248518892613,-0.08988104276911346,-384.8539514412855,True,False,False,,,,,,,,,,,,,,,,,,,ridge_multibranch
same_well_masked,tr00065,2,1950,1689,1950,0.639112542494185,0.7301616263412608,0.6419082566602521,1039.6152011335641,803.4901094387778,-0.08825336968100872,-236.1250916947863,True,False,False,,,,,,,,,,,,,,,,,,,ridge_multibranch
same_well_masked,tr00092,3,1842,930,1842,0.09037711313394019,0.2741050375084452,0.18756695582210658,138.39603886418632,64.80407049195738,-0.08653808168633864,-73.59196837222895,True,False,False,,,,,,,,,,,,,,,,,,,ridge_multibranch
same_well_masked,tr0009a,0,1936,2689,1936,0.0,0.6900206329677805,0.6040802172367856,921.7847255115526,706.4713915468463,-0.08594041573099487,-215.3133339647062,True,False,False,,,,,,,,,,,,,,,,,,,ridge_multibranch
same_well_masked,tr000a4,1,1511,732,1511,0.0,0.3327429797961043,0.2528979891455406,167.29473270202547,96.63962069283942,-0.07984499065056366,-70.65511200918606,True,False,False,,,,,,,,,,,,,,,,,,,ridge_multibranch
same_well_masked,tr00089,1,1892,200,1892,0.21824644549763034,0.8599482483389499,0.781498098302849,1399.1547927417637,1155.5187133156342,-0.0784501500361009,-243.63607942612953,True,False,False,,,,,,,,,,,,,,,,,,,ridge_multibranch
same_well_masked,tr000dd,1,2872,802,2872,0.15582034830430797,4.653011606545529,4.574663139409725,62180.28485457935,60103.90303382065,-0.0783484671358039,-2076.381820758703,True,False,False,,,,,,,,,,,,,,,,,,,ridge_multibranch
same_well_masked,tr0007a,1,2430,3443,2430,0.0,1.3761724387930834,1.3003835718122996,4602.056912543698,4109.123764229534,-0.0757888669807838,-492.9331483141641,True,False,False,,,,,,,,,,,,,,,,,,,ridge_multibranch
same_well_masked,tr0008b,4,2179,2491,2179,0.7865381807563148,1.1950016149032237,1.1222046775498027,3111.67488511484,2744.109134187637,-0.07279693735342097,-367.56575092720277,True,False,False,,,,,,,,,,,,,,,,,,,ridge_multibranch
same_well_masked,tr00071,2,1695,200,1695,0.1494435612082671,0.7128727557785288,0.6415739670098448,861.3779242535094,697.6910779703503,-0.07129878876868401,-163.68684628315907,True,False,False,,,,,,,,,,,,,,,,,,,ridge_multibranch
same_well_masked,tr00027,4,2037,200,2037,0.12438739789964995,1.2469677036460227,1.1775269517551274,3167.3892606681106,2824.442523937504,-0.06944075189089527,-342.9467367306065,True,False,False,,,,,,,,,,,,,,,,,,,ridge_multibranch
same_well_masked,tr0005e,2,987,1570,987,0.04966139954853273,0.3922343034875774,0.3241093827215657,151.84772809756393,103.68128237256833,-0.06812492076601168,-48.1664457249956,True,False,False,,,,,,,,,,,,,,,,,,,ridge_multibranch
same_well_masked,tr000b7,2,1205,2285,1205,0.7488817891373802,0.3215908972587422,0.25746766719896635,124.62194976561787,79.87896758171762,-0.06412323005977583,-44.74298218390025,True,False,False,,,,,,,,,,,,,,,,,,,ridge_multibranch
same_well_masked,tr000ca,4,3115,2250,3115,0.0,0.7518985488813654,0.6896983835543221,1761.069697627848,1481.7552247642404,-0.06220016532704331,-279.31447286360753,True,False,False,,,,,,,,,,,,,,,,,,,ridge_multibranch
same_well_masked,tr000ad,3,3617,846,3617,0.5429455445544554,1.1146805096894106,1.0532161990444784,4494.168214110783,4012.2091970997194,-0.061464310644932185,-481.9590170110637,True,False,False,,,,,,,,,,,,,,,,,,,ridge_multibranch
same_well_masked,tr00059,3,2065,2408,2065,0.0,1.1706247789775883,1.1121734831821106,2829.7983005678166,2554.2601540719297,-0.0584512957954777,-275.53814649588685,True,False,False,,,,,,,,,,,,,,,,,,,ridge_multibranch
same_well_masked,tr000d7,2,1044,1700,1044,0.10137275607180571,2.2864082979550022,2.2309972971072956,5457.68007277562,5196.352293046862,-0.05541100084770667,-261.3277797287583,True,False,False,,,,,,,,,,,,,,,,,,,ridge_multibranch
same_well_masked,tr000ef,0,2253,442,2253,0.19098625707356506,0.5568551852804257,0.5058465560231933,698.6275821829399,576.4993032559041,-0.051008629257232374,-122.12827892703581,True,False,False,,,,,,,,,,,,,,,,,,,ridge_multibranch
same_well_masked,tr00026,3,2443,3670,2443,0.0,0.2973768281919104,0.24847510312361612,216.04176512081006,150.83051919900853,-0.048901725068294294,-65.21124592180152,True,False,False,,,,,,,,,,,,,,,,,,,ridge_multibranch
same_well_masked,tr000dc,4,3319,2339,3319,0.059708143032193385,1.0112185200772925,0.9635969400923655,3393.8862496577203,3081.7547699488723,-0.047621579984927,-312.131479708848,True,False,False,,,,,,,,,,,,,,,,,,,ridge_multibranch
same_well_masked,tr000ea,4,1520,1485,1520,0.6901657458563536,0.5502114701652776,0.5028840191623607,460.1536460901831,384.3963518279122,-0.04732745100291691,-75.75729426227088,True,False,False,,,,,,,,,,,,,,,,,,,ridge_multibranch
same_well_masked,tr0008d,0,3861,803,3861,0.03401759530791789,5.592498440366816,5.5466006006488975,120756.78582805584,118782.80871946135,-0.04589783971791839,-1973.9771085944958,True,False,False,,,,,,,,,,,,,,,,,,,ridge_multibranch
same_well_masked,tr000b1,3,2597,2234,2597,0.7036887452880991,2.503274055529723,2.4635662710332897,16273.79144943812,15761.605330294142,-0.039707784496433085,-512.1861191439784,True,False,False,,,,,,,,,,,,,,,,,,,ridge_multibranch
same_well_masked,tr00020,2,3495,289,3495,0.6487154828960022,0.7609366736963836,0.7243313801277662,2023.6910517095278,1833.6725390910917,-0.036605293568617414,-190.01851261843603,True,False,False,,,,,,,,,,,,,,,,,,,ridge_multibranch
same_well_masked,tr00084,2,1986,3734,1986,0.8093693226057618,1.056535063742149,1.0229924936391876,2216.90495306042,2078.376093095657,-0.033542570102961244,-138.52885996476334,True,False,False,,,,,,,,,,,,,,,,,,,ridge_multibranch
same_well_masked,tr000c7,2,1877,200,1877,0.6703406813627254,1.7464194985266004,1.7130416758067728,5724.814458693234,5508.078616786495,-0.03337782271982759,-216.73584190673864,True,False,False,,,,,,,,,,,,,,,,,,,ridge_multibranch
same_well_masked,tr00042,2,2629,1581,2629,0.0,2.103013174887603,2.0706630422324963,11627.184743750946,11272.219847215156,-0.032350132655106556,-354.9648965357901,True,False,False,,,,,,,,,,,,,,,,,,,ridge_multibranch
same_well_masked,tr00004,1,1809,200,1809,0.11125552378476736,1.762145570166133,1.7313719079013987,5617.2290319151325,5422.746468397465,-0.030773662264734325,-194.4825635176676,True,False,False,,,,,,,,,,,,,,,,,,,ridge_multibranch
same_well_masked,tr0000d,2,2780,581,2780,0.08923628073603648,0.4344979974974267,0.4064133276659133,524.8320573253811,459.17758427445716,-0.028084669831513365,-65.65447305092397,True,False,False,,,,,,,,,,,,,,,,,,,ridge_multibranch
same_well_masked,tr000a7,1,2873,200,2873,0.07402402402402403,3.6449835660618373,3.620406006245589,38170.40563058127,37657.386814619895,-0.024577559816248318,-513.0188159613754,True,False,False,,,,,,,,,,,,,,,,,,,ridge_multibranch
same_well_masked,tr000b4,3,4119,294,4119,0.0,2.4225839270391756,2.3996208643571837,24174.052167336496,23717.94462545961,-0.022963062681991886,-456.1075418768851,True,False,False,,,,,,,,,,,,,,,,,,,ridge_multibranch
same_well_masked,tr0009f,3,1947,2309,1947,0.729163308076737,0.6320439672598411,0.6141009096239435,777.7867355419916,734.252498260259,-0.017943057635897652,-43.534237281732544,True,False,False,,,,,,,,,,,,,,,,,,,ridge_multibranch
same_well_masked,tr0004c,2,1939,703,1939,0.5457323728443572,3.719103867007335,3.702062883521119,26819.7313991889,26574.51774188318,-0.017040983486215744,-245.2136573057178,True,False,False,,,,,,,,,,,,,,,,,,,ridge_multibranch
same_well_masked,tr00054,2,1457,2582,1457,0.8131368267831149,0.8597637198796091,0.8433219423809466,1077.0051539089218,1036.2065961162086,-0.01644177749866249,-40.798557792713154,True,False,False,,,,,,,,,,,,,,,,,,,ridge_multibranch
same_well_masked,tr00001,2,3735,835,3735,0.04105960264900662,0.6879055673089506,0.6743241086390428,1767.4545497119148,1698.353068042021,-0.013581458669907787,-69.1014816698937,True,False,False,,,,,,,,,,,,,,,,,,,ridge_multibranch
same_well_masked,tr0004a,3,3373,335,3373,0.5229487360542296,3.7021401718687126,3.694690456507609,46229.804567349514,46043.937821614556,-0.007449715361103504,-185.86674573495839,True,False,False,,,,,,,,,,,,,,,,,,,ridge_multibranch
same_well_masked,tr000a3,3,2301,200,2301,0.11978111066072153,1.8056006499716462,1.8054738591304356,7501.705720216651,7500.652204663705,-0.00012679084121058892,-1.0535155529460098,True,False,False,,,,,,,,,,,,,,,,,,,ridge_multibranch
same_well_masked,tr00091,0,1568,200,1568,0.0,0.597123432259703,0.597407542681829,559.0804247784574,559.6125705793257,0.0002841104221260604,0.5321458008683067,False,True,False,,,,,,,,,,,,,,,,,,,ridge_multibranch
same_well_masked,tr00064,0,3011,200,3011,0.6922152088969041,0.8442637707866176,0.8446865073377655,2146.1845384498065,2148.334335287882,0.0004227365511478842,2.1497968380754173,False,True,False,,,,,,,,,,,,,,,,,,,ridge_multibranch
same_well_masked,tr00012,3,1767,2198,1767,0.0,0.9891717108247481,0.9904508447581836,1728.9400100673597,1733.4144116838465,0.0012791339334354834,4.47440161648683,False,True,False,,,,,,,,,,,,,,,,,,,ridge_multibranch
same_well_masked,tr0006c,4,3992,384,3992,0.0,0.28973602658392217,0.291328727119155,335.1162846817519,338.81072956150933,0.001592700535232805,3.694444879757441,False,True,False,,,,,,,,,,,,,,,,,,,ridge_multibranch
same_well_masked,tr00025,4,3480,1930,3480,0.0,2.6668557604604324,2.671238671843535,24750.17637191145,24831.595825994395,0.004382911383102428,81.41945408294487,False,True,False,,,,,,,,,,,,,,,,,,,ridge_multibranch
same_well_masked,tr000e6,0,1605,2018,1605,0.12834736036725325,1.099628179540175,1.1046304611881974,1940.7373238483374,1958.4345715346838,0.005002281648022411,17.697247686346373,False,True,False,,,,,,,,,,,,,,,,,,,ridge_multibranch
same_well_masked,tr000b0,0,2525,500,2525,0.0,0.3579446686926728,0.36436840392947095,323.5140742599059,335.229942799828,0.006423735236798178,11.715868539922099,False,True,False,,,,,,,,,,,,,,,,,,,ridge_multibranch
same_well_masked,tr00093,4,1471,1320,1471,0.6755044580009385,0.9332248129174665,0.9429959545595855,1281.1064791753602,1308.0740557344593,0.009771141642119008,26.967576559099143,False,True,False,,,,,,,,,,,,,,,,,,,ridge_multibranch
same_well_masked,tr00029,3,3099,200,3099,0.038141669056495554,0.8692365359304858,0.8799575253862041,2341.5181095735384,2399.6339388533333,0.01072098945571831,58.11582927979498,False,True,False,,,,,,,,,,,,,,,,,,,ridge_multibranch
same_well_masked,tr0007d,4,3208,2215,3208,0.05410728768393002,0.9675334195630224,0.9807893664806467,3003.0759048519803,3085.9284827360384,0.013255946917624328,82.85257788405806,False,True,False,,,,,,,,,,,,,,,,,,,ridge_multibranch
same_well_masked,tr00035,1,2067,1169,2067,0.2187441071091835,0.8696795340056349,0.8830004511446902,1563.35993069169,1611.6188098238085,0.013320917139055255,48.258879132118636,False,True,False,,,,,,,,,,,,,,,,,,,ridge_multibranch
same_well_masked,tr00017,0,1666,512,1666,0.05124869927159209,1.507024174719407,1.5218105066744048,3783.6890240723915,3858.3014255621983,0.014786331954997678,74.61240148980687,False,True,False,,,,,,,,,,,,,,,,,,,ridge_multibranch
same_well_masked,tr00045,1,1709,1943,1709,0.7377354971087484,0.7213961229510973,0.7380880784304434,889.384733850967,931.0187856896359,0.0166919554793461,41.63405183866894,False,True,False,,,,,,,,,,,,,,,,,,,ridge_multibranch
same_well_masked,tr000e4,3,2164,2981,2164,0.5714872075523327,0.3129796509050983,0.33157895464829257,211.9773507097855,237.92012125047626,0.01859930374319424,25.94277054069076,False,True,False,,,,,,,,,,,,,,,,,,,ridge_multibranch
same_well_masked,tr00000,0,2913,1249,2913,0.06148409893992933,2.284915521788405,2.3037614699800866,15208.303837200005,15460.21416047529,0.018845948191681394,251.91032327528592,False,True,False,,,,,,,,,,,,,,,,,,,ridge_multibranch
same_well_masked,tr0004e,0,1813,1797,1813,0.7717130739443112,2.43031454311817,2.4523796138153826,10708.355375405416,10903.682541476457,0.02206507069721253,195.32716607104157,False,True,False,,,,,,,,,,,,,,,,,,,ridge_multibranch
same_well_masked,tr00028,2,2993,200,2993,0.0,2.9268931095270845,2.9515557689217213,25640.142900869196,26074.06260096589,0.024662659394636854,433.91970009669603,False,True,False,,,,,,,,,,,,,,,,,,,ridge_multibranch
same_well_masked,tr000cd,3,2885,2344,2885,0.0,1.052497101538768,1.0794389287898785,3195.85917913656,3361.5685368476106,0.026941827251110384,165.70935771105042,False,True,False,,,,,,,,,,,,,,,,,,,ridge_multibranch
same_well_masked,tr0008f,0,2173,200,2173,0.6849863129079806,1.9086580076372428,1.9366664994279754,7916.185522725912,8150.22140350436,0.028008491790732615,234.0358807784478,False,True,False,,,,,,,,,,,,,,,,,,,ridge_multibranch
same_well_masked,tr000e7,4,3454,348,3454,0.14608599779492834,0.6013325087979675,0.6304011071802496,1248.9691153180881,1372.6387901963276,0.02906859838228204,123.66967487823945,False,True,False,,,,,,,,,,,,,,,,,,,ridge_multibranch
same_well_masked,tr0006e,2,2956,586,2956,0.09679901508156356,0.4055229346725884,0.4366697663423713,486.11080221240456,563.6515131796534,0.031146831669782937,77.54071096724886,False,True,False,,,,,,,,,,,,,,,,,,,ridge_multibranch
same_well_masked,tr0006b,0,1879,2159,1879,0.09869866486395133,1.800915669163773,1.8330311357131572,6094.1555279390095,6313.445908503976,0.03211546654938413,219.29038056496665,False,True,False,,,,,,,,,,,,,,,,,,,ridge_multibranch
same_well_masked,tr00062,1,2035,557,2035,0.06894315971471796,0.41514028315871154,0.4495839532015672,350.71486031672873,411.3258625368701,0.034443670042855645,60.61100222014136,False,True,False,,,,,,,,,,,,,,,,,,,ridge_multibranch
same_well_masked,tr00034,4,3550,640,3550,0.015762273901808784,0.32720761549905497,0.36517033085851247,380.08012392404976,473.39026541456985,0.0379627153594575,93.3101414905201,False,True,False,,,,,,,,,,,,,,,,,,,ridge_multibranch
same_well_masked,tr00088,1,2047,1253,2047,0.06601832803441182,0.5909559437070907,0.6359554711847251,714.871614393405,827.8873726420713,0.04499952747763436,113.01575824866632,False,True,False,,,,,,,,,,,,,,,,,,,ridge_multibranch
same_well_masked,tr000bb,0,1823,1209,1823,0.0,0.980774655788596,1.0271129054261074,1753.5782010720866,1923.1937580584838,0.04633824963751143,169.61555698639722,False,True,False,,,,,,,,,,,,,,,,,,,ridge_multibranch
same_well_masked,tr0002b,1,1637,1427,1637,0.18613061050840246,0.7932717768119071,0.8398409605704011,1030.131543157906,1154.6298575278197,0.04656918375849406,124.49831436991371,False,True,False,,,,,,,,,,,,,,,,,,,ridge_multibranch
same_well_masked,tr000ec,1,1618,1798,1618,0.5411203814064363,3.390366907638116,3.4405984376533487,18598.243009283564,19153.42709165755,0.05023153001523273,555.1840823739876,False,True,False,,,,,,,,,,,,,,,,,,,ridge_multibranch
same_well_masked,tr0000c,1,1925,200,1925,0.03639351960554121,1.026267268648519,1.0776898257852547,2027.457175396136,2235.7245691570265,0.051422557136735714,208.2673937608904,False,True,False,,,,,,,,,,,,,,,,,,,ridge_multibranch
same_well_masked,tr00074,0,2043,200,2043,0.20623206232062322,3.4060024924308605,3.457935448581163,23700.542634963615,24428.79978847025,0.051932956150302356,728.2571535066345,False,True,False,,,,,,,,,,,,,,,,,,,ridge_multibranch
same_well_masked,tr00005,1,2969,200,2969,0.0,0.7062508040512723,0.7602310421350271,1480.9080985242908,1715.9372239169313,0.05398023808375485,235.02912539264048,False,True,False,,,,,,,,,,,,,,,,,,,ridge_multibranch
same_well_masked,tr000ee,0,1788,3546,1788,0.6881493962370121,0.24156374725400037,0.2974412908360828,104.3352426494615,158.18672283169255,0.05587754358208241,53.85148018223104,False,True,False,,,,,,,,,,,,,,,,,,,ridge_multibranch
same_well_masked,tr0005a,4,1378,1221,1378,0.1528790545637415,0.645140916994954,0.7032482056718871,573.5329742323422,681.5009774398442,0.058107288676933044,107.96800320750197,False,True,False,,,,,,,,,,,,,,,,,,,ridge_multibranch
same_well_masked,tr0008a,3,1611,1674,1611,0.24816176470588236,0.5553723346698938,0.6169169370462488,496.8943109179852,613.1248631226003,0.06154460237635506,116.23055220461515,False,True,False,,,,,,,,,,,,,,,,,,,ridge_multibranch
same_well_masked,tr0004f,4,2033,200,2033,0.15246842709529276,0.7799032903461659,0.843909386106347,1236.5705062812135,1447.86814463141,0.06400609576018113,211.2976383501964,False,True,False,,,,,,,,,,,,,,,,,,,ridge_multibranch
same_well_masked,tr0001a,0,2686,3405,2686,0.09114731685086021,0.6594884603986036,0.7248012188429482,1168.2086289655008,1411.054663162096,0.06531275844434459,242.84603419659516,False,True,False,,,,,,,,,,,,,,,,,,,ridge_multibranch
same_well_masked,tr00019,3,3877,960,3877,0.6727105806747762,2.5847805276188125,2.6507482953972366,25902.58738758679,27241.610719562603,0.06596776777842406,1339.0233319758117,False,True,False,,,,,,,,,,,,,,,,,,,ridge_multibranch
same_well_masked,tr00075,2,1563,493,1563,0.06825089803813209,2.1479541769287165,2.2144517558646375,7211.224269487968,7664.6340530582365,0.06649757893592101,453.4097835702687,False,True,False,,,,,,,,,,,,,,,,,,,ridge_multibranch
same_well_masked,tr000df,4,1788,1558,1788,0.625633034670822,2.1987848486339283,2.2663444092739606,8644.362801320842,9183.734762827838,0.06755956064003232,539.3719615069967,False,True,False,,,,,,,,,,,,,,,,,,,ridge_multibranch
same_well_masked,tr000d4,4,2949,200,2949,0.057502503218423685,0.43849128541121496,0.5111587364572621,567.0178171682782,770.5243156230684,0.0726674510460471,203.5064984547903,False,True,False,,,,,,,,,,,,,,,,,,,ridge_multibranch
same_well_masked,tr000b8,1,3555,200,3555,0.065643197458973,1.5380042263221436,1.6120782229360595,8409.199635656878,9238.72047985395,0.0740739966139159,829.5208441970717,False,True,False,,,,,,,,,,,,,,,,,,,ridge_multibranch
same_well_masked,tr000ac,0,2101,200,2101,0.0,0.4436173733990762,0.5189329317861198,413.4691817351218,565.7812055411812,0.07531555838704357,152.31202380605936,False,True,False,,,,,,,,,,,,,,,,,,,ridge_multibranch
same_well_masked,tr00098,1,1172,2047,1172,0.7171487132771578,0.4569765856836144,0.5337219328822707,244.74594703949901,333.85486712159593,0.07674534719865628,89.10892008209692,False,True,False,,,,,,,,,,,,,,,,,,,ridge_multibranch
same_well_masked,tr00033,1,2766,3181,2766,0.023872374612647768,2.1349538200210496,2.212801261032803,12607.50493247976,13543.689738011255,0.07784744101175356,936.1848055314949,False,True,False,,,,,,,,,,,,,,,,,,,ridge_multibranch
same_well_masked,tr0003c,2,2761,2946,2761,0.06896551724137931,0.6677153329574408,0.7482889545421899,1230.9746375573127,1545.9842885514581,0.08057362158474912,315.00965099414543,False,True,False,,,,,,,,,,,,,,,,,,,ridge_multibranch
same_well_masked,tr000b5,2,2068,200,2068,0.5421538461538462,1.7815268845014511,1.8621047484639086,6563.497067136592,7170.653706912797,0.08057786396245747,607.1566397762053,False,True,False,,,,,,,,,,,,,,,,,,,ridge_multibranch
same_well_masked,tr000b6,3,2009,2419,2009,0.060742581948112474,1.7847526395885684,1.8685806411690613,6399.352046897389,7014.611567616526,0.08382800158049286,615.2595207191371,False,True,False,,,,,,,,,,,,,,,,,,,ridge_multibranch
same_well_masked,tr0004d,1,3050,200,3050,0.051601423487544484,3.8935982348426132,3.9870741520303756,46238.32700382701,48485.118896055654,0.09347591718776238,2246.791892228641,False,True,False,,,,,,,,,,,,,,,,,,,ridge_multibranch
same_well_masked,tr00010,3,2774,3402,2774,0.711731843575419,5.686927905646951,5.7809590835583515,89714.34733716818,92705.6595061021,0.09403117791140048,2991.3121689339314,False,True,False,,,,,,,,,,,,,,,,,,,ridge_multibranch
same_well_masked,tr0002d,1,3241,200,3241,0.08988605992403995,2.3002624855604723,2.4004834677737015,17148.803515527445,18675.681969016787,0.10022098221322917,1526.878453489342,False,True,False,,,,,,,,,,,,,,,,,,,ridge_multibranch
same_well_masked,tr00036,0,4230,448,4230,0.0,0.5093481004617005,0.6103266841755152,1097.412111887877,1575.6693377925524,0.10097858371381463,478.25722590467535,False,True,False,,,,,,,,,,,,,,,,,,,ridge_multibranch
same_well_masked,tr0000a,1,2192,216,2192,0.0,2.790089623958026,2.894428029654938,17063.843440502384,18363.94825252395,0.10433840569691188,1300.1048120215673,False,True,False,,,,,,,,,,,,,,,,,,,ridge_multibranch
same_well_masked,tr0003d,0,1683,2441,1683,0.0990184260375409,0.4869695779673716,0.5923511838898822,399.1055594840068,590.5309138688187,0.10538160592251056,191.42535438481195,False,True,False,,,,,,,,,,,,,,,,,,,ridge_multibranch
same_well_masked,tr00014,0,1857,200,1857,0.1547250654606046,0.46111638168149455,0.5680471316174645,394.8507855139977,599.2121987230054,0.1069307499359699,204.36141320900765,False,True,False,,,,,,,,,,,,,,,,,,,ridge_multibranch
same_well_masked,tr000db,4,1571,1697,1571,0.02748501756561273,1.5438250436620438,1.6515717775824554,3744.314747503273,4285.199947652296,0.10774673392041167,540.8852001490231,False,True,False,,,,,,,,,,,,,,,,,,,ridge_multibranch
same_well_masked,tr000d1,2,1697,2851,1697,0.10136108887109688,0.7200944500800767,0.8322310597038471,879.9556209103091,1175.3566868406328,0.11213660962377048,295.40106593032374,False,True,False,,,,,,,,,,,,,,,,,,,ridge_multibranch
same_well_masked,tr0001c,3,2143,3635,2143,0.06867819719732357,1.3872529643087053,1.506492805556036,4124.1408965051905,4863.582588350662,0.11923984124733078,739.4416918454717,False,True,False,,,,,,,,,,,,,,,,,,,ridge_multibranch
same_well_masked,tr000a2,4,4132,200,4132,0.018637157833430402,2.5984068538744696,2.7185783546888462,27898.09951257784,30538.24129404778,0.12017150081437666,2640.1417814699416,False,True,False,,,,,,,,,,,,,,,,,,,ridge_multibranch
same_well_masked,tr00087,4,1529,2619,1529,0.14180024660912455,2.793257720070259,2.9173913397729136,11929.699408129383,13013.582338725071,0.12413361970265457,1083.8829305956879,False,True,False,,,,,,,,,,,,,,,,,,,ridge_multibranch
same_well_masked,tr000c2,2,3862,529,3862,0.0,2.9075248272527316,3.0356712085265407,32648.191798653548,35589.48738840173,0.12814638127380906,2941.2955897481806,False,True,False,,,,,,,,,,,,,,,,,,,ridge_multibranch
same_well_masked,tr00085,4,2529,3666,2529,0.03587803759743237,0.2919253900394162,0.4258363211896915,215.52247594130347,458.60019171181204,0.1339109311502753,243.07771577050858,False,True,False,,,,,,,,,,,,,,,,,,,ridge_multibranch
same_well_masked,tr00095,4,3500,200,3500,0.0,3.904152332060492,4.039562985611152,53348.41901176682,57113.24190151889,0.13541065355066007,3764.822889752075,False,True,False,,,,,,,,,,,,,,,,,,,ridge_multibranch
same_well_masked,tr000b3,2,2181,200,2181,0.12054850593532541,2.4825204229851745,2.619483234052267,13441.301585824447,14965.351153801897,0.13696281106709263,1524.0495679774504,False,True,False,,,,,,,,,,,,,,,,,,,ridge_multibranch
same_well_masked,tr000e0,3,1732,460,1732,0.0,0.99470201403365,1.1326759341991113,1713.6963915235426,2222.077664954753,0.13797392016546128,508.3812734312103,False,True,False,,,,,,,,,,,,,,,,,,,ridge_multibranch
same_well_masked,tr0008c,0,1264,1972,1264,0.0,0.6654890273444583,0.8047983113371446,559.7948159320636,818.6932069209352,0.13930928399268638,258.8983909888716,False,True,False,,,,,,,,,,,,,,,,,,,ridge_multibranch
same_well_masked,tr00063,0,2383,200,2383,0.137567084078712,2.9953191957547203,3.14071173561125,21380.12607226033,23506.07930138945,0.1453925398565299,2125.9532291291216,False,True,False,,,,,,,,,,,,,,,,,,,ridge_multibranch
same_well_masked,tr000c1,0,1926,664,1926,0.14570416297608504,1.4583048641766707,1.6113783630314185,4095.9338260734567,5000.936480757036,0.15307349885474775,905.0026546835797,False,True,False,,,,,,,,,,,,,,,,,,,ridge_multibranch
same_well_masked,tr00008,3,1523,810,1523,0.09880705394190871,1.5298933444141132,1.6836280532800396,3564.6936617654,4317.1010113885095,0.15373470886592644,752.4073496231094,False,True,False,,,,,,,,,,,,,,,,,,,ridge_multibranch
same_well_masked,tr0006d,3,2662,200,2662,0.0,2.6346998828950405,2.7901483106376648,18478.654924932045,20723.477258832918,0.15544842774262424,2244.8223339008728,False,True,False,,,,,,,,,,,,,,,,,,,ridge_multibranch
same_well_masked,tr000d0,0,1235,1495,1235,0.11046658259773014,0.8379075801339088,1.0082056381256574,867.0800543646404,1255.3510818042298,0.17029805799174869,388.2710274395894,False,True,False,,,,,,,,,,,,,,,,,,,ridge_multibranch
same_well_masked,tr000a9,0,1536,574,1536,0.19171695008228196,1.0537803502535128,1.2272915166854097,1705.6558488275193,2313.5915012013675,0.1735111664318969,607.9356523738481,False,True,False,,,,,,,,,,,,,,,,,,,ridge_multibranch
same_well_masked,tr00013,1,4023,240,4023,0.03439536567704562,3.4523882522727156,3.6283229292818633,47950.075224544526,52961.69784403059,0.17593467700914767,5011.622619486065,False,True,False,,,,,,,,,,,,,,,,,,,ridge_multibranch
same_well_masked,tr000c8,0,1353,2314,1353,0.07191235059760956,1.8628803050462581,2.0390520228793134,4695.347060847262,5625.412954667121,0.1761717178330553,930.0658938198594,False,True,False,,,,,,,,,,,,,,,,,,,ridge_multibranch
same_well_masked,tr00082,1,2352,1259,2352,0.0392419922857622,4.085305169768675,4.261541290902546,39254.217512486124,42714.04677740638,0.17623612113387122,3459.829264920256,False,True,False,,,,,,,,,,,,,,,,,,,ridge_multibranch
same_well_masked,tr00032,3,3429,200,3429,0.0,2.3824690446071117,2.559871900339351,19463.548348644646,22470.045477138057,0.17740285573223913,3006.497128493411,False,True,False,,,,,,,,,,,,,,,,,,,ridge_multibranch
same_well_masked,tr0001b,3,2450,200,2450,0.0,0.6658185511226107,0.8571035974438238,1086.1201403965806,1799.835113040304,0.19128504632121313,713.7149726437233,False,True,False,,,,,,,,,,,,,,,,,,,ridge_multibranch
same_well_masked,tr00090,4,1971,200,1971,0.08338804990151018,0.5130213152320444,0.7074042976820746,518.7492045382434,986.3294763871454,0.19438298245003016,467.58027184890204,False,True,False,,,,,,,,,,,,,,,,,,,ridge_multibranch
same_well_masked,tr000d5,4,2437,3844,2437,0.04496444138563891,0.3569560114919186,0.5536516708406369,310.51667691971295,747.0140306862207,0.19669565934871835,436.4973537665078,False,True,False,,,,,,,,,,,,,,,,,,,ridge_multibranch
same_well_masked,tr0009c,2,1815,551,1815,0.0,3.7049537839922917,3.9018353418569443,24913.928812856626,27632.139048459474,0.19688155786465256,2718.210235602848,False,True,False,,,,,,,,,,,,,,,,,,,ridge_multibranch
same_well_masked,tr000e2,4,1641,2342,1641,0.11130867709815079,0.7744172652939655,0.9756203649427108,984.1439673888153,1561.9613933416458,0.20120309964874528,577.8174259528305,False,True,False,,,,,,,,,,,,,,,,,,,ridge_multibranch
same_well_masked,tr00002,4,1907,369,1907,0.0,1.2074512134816304,1.4138548547148253,2780.2885916132655,3812.0654442326963,0.20640364123319488,1031.7768526194309,False,True,False,,,,,,,,,,,,,,,,,,,ridge_multibranch
same_well_masked,tr000de,1,2356,200,2356,0.17310278578290106,1.1973861835273933,1.4048683569791554,3377.8765324154106,4649.93141663973,0.207482173451762,1272.0548842243193,False,True,False,,,,,,,,,,,,,,,,,,,ridge_multibranch
same_well_masked,tr00018,2,1170,1998,1170,0.10396496081143385,0.9327710598839265,1.1625308144114361,1017.9723646836709,1581.2291365136568,0.22975975452750963,563.256771829986,False,True,False,,,,,,,,,,,,,,,,,,,ridge_multibranch
same_well_masked,tr000af,2,3573,357,3573,0.15820338531254166,6.371336790902614,6.601424928690656,145042.12083360922,155707.0920214916,0.2300881377880417,10664.971187882387,False,True,False,,,,,,,,,,,,,,,,,,,ridge_multibranch
same_well_masked,tr0001d,4,2994,749,2994,0.03458512691108802,3.416856566141939,3.64921108389822,34954.67692800031,39870.32415532779,0.23235451775628135,4915.647227327478,False,True,False,,,,,,,,,,,,,,,,,,,ridge_multibranch
same_well_masked,tr000c9,1,2680,289,2680,0.18587360594795538,2.306627577309801,2.5417974472578058,14259.022491488302,17314.767824535276,0.2351698699480047,3055.7453330469743,False,True,False,,,,,,,,,,,,,,,,,,,ridge_multibranch
same_well_masked,tr000a5,2,3737,200,3737,0.012870662460567823,1.492201710530716,1.7281141266550808,8321.05063613164,11160.096210641514,0.23591241612436487,2839.0455745098734,False,True,False,,,,,,,,,,,,,,,,,,,ridge_multibranch
same_well_masked,tr000a8,2,3364,200,3364,0.15339425587467362,3.479133955315922,3.7298581675524844,40719.11103786436,46799.43631999503,0.2507242122365625,6080.325282130674,False,True,False,,,,,,,,,,,,,,,,,,,ridge_multibranch
same_well_masked,tr000a6,3,1643,3198,1643,0.0,0.5834019127689253,0.8419375043203043,559.20785196427,1164.6549446205513,0.25853559155137906,605.4470926562813,False,True,False,,,,,,,,,,,,,,,,,,,ridge_multibranch
same_well_masked,tr00051,3,1395,1232,1395,0.19666832421680755,0.29592859793593335,0.5566149212795343,122.16536043147656,432.1991379744759,0.2606863233436009,310.03377754299936,False,True,False,,,,,,,,,,,,,,,,,,,ridge_multibranch
same_well_masked,tr00081,0,2946,200,2946,0.05757530790918534,2.0860449494594078,2.351629089937951,12819.765082812395,16291.849523588497,0.26558414047854306,3472.0844407761015,False,True,False,,,,,,,,,,,,,,,,,,,ridge_multibranch
same_well_masked,tr00096,3,2783,1350,2783,0.07200694042799306,1.4966818738487873,1.7626514189213625,6234.077605485421,8646.614088532744,0.2659695450725752,2412.5364830473227,False,True,False,,,,,,,,,,,,,,,,,,,ridge_multibranch
same_well_masked,tr00056,2,2782,200,2782,0.0,2.4951253878507593,2.765429942588901,17319.76025045297,21275.630898815696,0.2703045547381415,3955.8706483627248,False,True,False,,,,,,,,,,,,,,,,,,,ridge_multibranch
same_well_masked,tr00080,3,2691,3328,2691,0.08358208955223881,1.713449711065042,1.9870086846267732,7900.5335741308245,10624.615652896953,0.2735589735617312,2724.0820787661287,False,True,False,,,,,,,,,,,,,,,,,,,ridge_multibranch
same_well_masked,tr0003b,2,2358,255,2358,0.5429491048078857,3.245303523939342,3.531922856339413,24834.444121558758,29414.82163086704,0.286619332400071,4580.377509308284,False,True,False,,,,,,,,,,,,,,,,,,,ridge_multibranch
same_well_masked,tr00067,1,1803,1082,1803,0.1260665529010239,1.6867554073967568,1.9902360625999758,5129.794279301104,7141.754371526839,0.303480655203219,2011.960092225735,False,True,False,,,,,,,,,,,,,,,,,,,ridge_multibranch
same_well_masked,tr000ce,1,2914,2212,2914,0.06654228855721393,1.184751847616088,1.48848610389035,4090.1980444122455,6456.231828617199,0.303734256274262,2366.033784204954,False,True,False,,,,,,,,,,,,,,,,,,,ridge_multibranch
same_well_masked,tr00043,0,2849,220,2849,0.14109496451503886,1.5890457100750004,1.8955609425752595,7193.913799548414,10236.888016710882,0.30651523250025914,3042.9742171624675,False,True,False,,,,,,,,,,,,,,,,,,,ridge_multibranch
same_well_masked,tr00040,0,2042,2055,2042,0.0,1.264806916673531,1.580692679468546,3266.6620074619477,5102.1194464217715,0.3158857627950151,1835.4574389598238,False,True,False,,,,,,,,,,,,,,,,,,,ridge_multibranch
same_well_masked,tr00039,0,1678,531,1678,0.293285310007718,1.8188736986394431,2.15442336142182,5551.329970028706,7788.504153962876,0.33554966278237686,2237.1741839341703,False,True,False,,,,,,,,,,,,,,,,,,,ridge_multibranch
same_well_masked,tr0009d,2,3222,1996,3222,0.052843601895734595,1.804753383577193,2.143521533208196,10494.488246768376,14804.073663040286,0.3387681496310031,4309.58541627191,False,True,False,,,,,,,,,,,,,,,,,,,ridge_multibranch
same_well_masked,tr00069,0,3170,567,3170,0.0,1.8073907863672618,2.147224045452849,10355.316811225503,14615.51039134575,0.33983325908558726,4260.193580120247,False,True,False,,,,,,,,,,,,,,,,,,,ridge_multibranch
same_well_masked,tr00053,3,3026,502,3026,0.03387244430881904,0.9829632269171708,1.3730452081707056,2923.7717507565085,5704.776012777304,0.3900819812535349,2781.004262020795,False,True,False,,,,,,,,,,,,,,,,,,,ridge_multibranch
same_well_masked,tr0003f,3,1739,2277,1739,0.06046915725456125,2.40068230821696,2.7940048419058194,10022.3361727305,13575.43925541551,0.3933225336888593,3553.103082685009,False,True,False,,,,,,,,,,,,,,,,,,,ridge_multibranch
same_well_masked,tr000ae,4,2607,940,2607,0.0,1.003192856212436,1.4120955667163713,2623.6741289120187,5198.394210030858,0.40890271050393534,2574.720081118839,False,True,False,,,,,,,,,,,,,,,,,,,ridge_multibranch
same_well_masked,tr00011,4,2787,3359,2787,0.05877084965856935,2.308695892165364,2.7211875379344126,14854.923825610917,20637.349325490813,0.4124916457690486,5782.425499879897,False,True,False,,,,,,,,,,,,,,,,,,,ridge_multibranch
same_well_masked,tr0005d,0,1735,200,1735,0.17435762978500263,0.42261013897264793,0.8444380780338069,309.86983679090423,1237.1862833440007,0.42182793906115895,927.3164465530965,False,True,False,,,,,,,,,,,,,,,,,,,ridge_multibranch
same_well_masked,tr000d2,4,2433,2747,2433,0.08656245895179299,0.2094106494171473,0.6357440835431964,106.69391127729457,983.3469232365151,0.4263334341260492,876.6530119592205,False,True,False,,,,,,,,,,,,,,,,,,,ridge_multibranch
same_well_masked,tr0007c,2,1150,1784,1150,0.1270812928501469,0.14940195562492448,0.5771727608488889,25.669085996234685,383.09765524581803,0.42777080522396443,357.42856924958335,False,True,False,,,,,,,,,,,,,,,,,,,ridge_multibranch
same_well_masked,tr00099,4,2607,1596,2607,0.10176211453744494,0.8174388975007372,1.2970057278804559,1742.0139574408045,4385.557598209332,0.4795668303797187,2643.543640768528,False,True,False,,,,,,,,,,,,,,,,,,,ridge_multibranch
same_well_masked,tr0002e,4,1838,559,1838,0.1563164108618654,1.256930962309019,1.7590372755635784,2903.811066092359,5687.161907479087,0.5021063132545593,2783.350841386728,False,True,False,,,,,,,,,,,,,,,,,,,ridge_multibranch
same_well_masked,tr00086,4,2543,2060,2543,0.0,1.4429687637152955,1.961954452756035,5294.929963326616,9788.68159353472,0.5189856890407396,4493.751630208104,False,True,False,,,,,,,,,,,,,,,,,,,ridge_multibranch
same_well_masked,tr00030,1,1474,1904,1474,0.09047815333882935,1.8830471252022927,2.486360805004252,5226.607185229881,9112.253337622891,0.6033136798019594,3885.64615239301,False,True,False,,,,,,,,,,,,,,,,,,,ridge_multibranch
same_well_masked,tr0005b,1,1828,466,1828,0.10019408054342552,1.2578808201978906,1.891660419005064,2892.3788804981004,6541.277069437999,0.6337795988071735,3648.8981889398983,False,True,False,,,,,,,,,,,,,,,,,,,ridge_multibranch
same_well_masked,tr000d8,3,2541,200,2541,0.048122493620123954,1.0462102452277342,1.6801269149213058,2781.266484014688,7172.802010067426,0.6339166696935716,4391.535526052738,False,True,False,,,,,,,,,,,,,,,,,,,ridge_multibranch
same_well_masked,tr00060,3,1532,2029,1532,0.0,1.1995376009207692,1.834433310924684,2204.38017862686,5155.40301665651,0.6348957100039148,2951.02283802965,False,True,False,,,,,,,,,,,,,,,,,,,ridge_multibranch
same_well_masked,tr000c4,2,2153,3277,2153,0.08677304496900963,3.392599195356538,4.044726313111078,24780.447183618737,35222.67297098617,0.65212711775454,10442.225787367432,False,True,False,,,,,,,,,,,,,,,,,,,ridge_multibranch
same_well_masked,tr00066,2,3353,2141,3353,0.0,1.282783812138406,1.9565122423318855,5517.476537018596,12835.0833376849,0.6737284301934794,7317.6068006663045,False,True,False,,,,,,,,,,,,,,,,,,,ridge_multibranch
same_well_masked,tr000bc,4,4159,619,4159,0.0,0.8748976719280551,1.6008846973732733,3183.489649259399,10658.81751560681,0.7259870254452182,7475.327866347411,False,True,False,,,,,,,,,,,,,,,,,,,ridge_multibranch
same_well_masked,tr00077,3,1111,2206,1111,0.0,1.6547451422918273,2.475132427842402,3042.119630877562,6806.297674781653,0.8203872855505745,3764.178043904091,False,True,False,,,,,,,,,,,,,,,,,,,ridge_multibranch
same_well_masked,tr00041,2,2310,3990,2310,0.06620209059233449,1.0036700142733626,1.8333462337145205,2326.9865793439462,7764.275933279752,0.829676219441158,5437.2893539358065,False,True,False,,,,,,,,,,,,,,,,,,,ridge_multibranch
same_well_masked,tr0001e,0,3226,200,3226,0.0,1.9661870261046146,2.8438580722112063,12471.365726152922,26090.367698725582,0.8776710461065917,13619.00197257266,False,True,False,,,,,,,,,,,,,,,,,,,ridge_multibranch
same_well_masked,tr00094,1,4069,200,4069,0.0,2.3956626291528043,3.331818204319578,23352.80249173494,45170.02005225918,0.9361555751667736,21817.217560524237,False,True,False,,,,,,,,,,,,,,,,,,,ridge_multibranch
same_well_masked,tr0006f,3,1895,2738,1895,0.05177696078431373,0.3178551002399099,1.3012891012231818,191.45538369845144,3208.904550803437,0.9834340009832718,3017.4491671049855,False,True,False,,,,,,,,,,,,,,,,,,,ridge_multibranch
same_well_masked,tr00076,4,2232,200,2232,0.2059100319969885,0.7104605522153299,1.7311983269391977,1126.6113660391768,6689.410348543877,1.0207377747238677,5562.798982504701,False,True,False,,,,,,,,,,,,,,,,,,,ridge_multibranch
same_well_masked,tr00049,2,3583,200,3583,0.03380060264640377,0.6476033281617224,1.6829426338745772,1502.674623125118,10148.116241634201,1.0353393057128548,8645.441618509083,False,True,False,,,,,,,,,,,,,,,,,,,ridge_multibranch
same_well_masked,tr00015,4,1499,2428,1499,0.0,1.4681733661642924,3.4684751396673374,3231.14401663817,18033.449371941046,2.000301773503045,14802.305355302877,False,True,False,,,,,,,,,,,,,,,,,,,ridge_multibranch
same_well_masked,tr0001f,2,3631,660,3631,0.0,1.1013798216438382,3.1161067754844813,4404.539204344417,35257.450934915876,2.0147269538406434,30852.91173057146,False,True,False,,,,,,,,,,,,,,,,,,,ridge_multibranch
unseen_well,tr000eb,1,3165,2705,3165,0.0,1.8849505474626278,0.6337826439232913,11245.367062591624,1271.3185917720277,-1.2511679035393364,-9974.048470819596,True,False,False,,,,,,,,,,,,,,,,,,,ridge_multibranch
unseen_well,tr000e2,4,1641,3983,1641,0.11130867709815079,4.496143505878057,3.778611279159577,33173.317844162506,23430.03914954583,-0.7175322267184798,-9743.278694616674,True,False,False,,,,,,,,,,,,,,,,,,,ridge_multibranch
unseen_well,tr000ea,4,1520,3005,1520,0.6901657458563536,2.1292592198476257,1.4680116699281494,6891.292134465302,3275.688559828755,-0.6612475499194763,-3615.6035746365474,True,False,False,,,,,,,,,,,,,,,,,,,ridge_multibranch
unseen_well,tr00005,1,3347,3169,3347,0.0,2.110280099233147,1.5225661645430715,14905.135179393534,7759.041256951953,-0.5877139346900755,-7146.093922441581,True,False,False,,,,,,,,,,,,,,,,,,,ridge_multibranch
unseen_well,tr000dd,1,2872,3674,2872,0.15582034830430797,1.642864665936654,1.0643377863169963,7751.540379994818,3253.4444599535755,-0.5785268796196577,-4498.095920041243,True,False,False,,,,,,,,,,,,,,,,,,,ridge_multibranch
unseen_well,tr0001d,4,2994,3743,2994,0.03458512691108802,1.6206712413115314,1.1062587801306367,7863.966365608294,3664.0826149166774,-0.5144124611808947,-4199.883750691617,True,False,False,,,,,,,,,,,,,,,,,,,ridge_multibranch
unseen_well,tr000e6,0,1605,3623,1605,0.12834736036725325,9.932341530860068,9.448318960339893,158335.5102984646,143279.52353799093,-0.4840225705201746,-15055.986760473665,True,False,False,,,,,,,,,,,,,,,,,,,ridge_multibranch
unseen_well,tr0006d,3,3139,2862,3139,0.0,3.2613124635313664,2.795252664542569,33386.90305324021,24526.38018264689,-0.46605979898879735,-8860.522870593319,True,False,False,,,,,,,,,,,,,,,,,,,ridge_multibranch
unseen_well,tr0004f,4,2122,2233,2122,0.15246842709529276,2.6480668863498336,2.1963551030882775,14880.01197378407,10236.476517864989,-0.45171178326155603,-4643.535455919082,True,False,False,,,,,,,,,,,,,,,,,,,ridge_multibranch
unseen_well,tr0001c,3,2143,5778,2143,0.06867819719732357,1.2216633008910096,0.7996269824872473,3198.3443960542154,1370.2412957337185,-0.4220363184037623,-1828.1031003204969,True,False,False,,,,,,,,,,,,,,,,,,,ridge_multibranch
unseen_well,tr00061,4,2525,3235,2525,0.09774305555555556,2.432939308921461,2.0769883149976853,14945.96404426047,10892.548163108233,-0.3559509939237757,-4053.4158811522375,True,False,False,,,,,,,,,,,,,,,,,,,ridge_multibranch
unseen_well,tr00010,3,2774,6176,2774,0.711731843575419,1.5548046559200055,1.1996112612986531,6705.91619512764,3991.9723524226292,-0.35519339462135235,-2713.943842705011,True,False,False,,,,,,,,,,,,,,,,,,,ridge_multibranch
unseen_well,tr000de,1,2649,2556,2649,0.17310278578290106,1.1010567873671082,0.7777470774582725,3211.451703820013,1602.354978194948,-0.3233097099088357,-1609.096725625065,True,False,False,,,,,,,,,,,,,,,,,,,ridge_multibranch
unseen_well,tr0007b,1,2914,2893,2914,0.11796108145341828,0.9675809994180242,0.6505816572658624,2728.1246541269566,1233.3694199340996,-0.31699934215216186,-1494.755234192857,True,False,False,,,,,,,,,,,,,,,,,,,ridge_multibranch
unseen_well,tr0006b,0,1879,4038,1879,0.09869866486395133,1.064230595838716,0.7622201329217683,2128.1305241430296,1091.6605388077714,-0.30201046291694766,-1036.4699853352581,True,False,False,,,,,,,,,,,,,,,,,,,ridge_multibranch
unseen_well,tr000b8,1,3801,3755,3801,0.065643197458973,2.3426665662716495,2.0453156127310574,20860.217321403332,15900.783947545084,-0.29735095354059204,-4959.433373858248,True,False,False,,,,,,,,,,,,,,,,,,,ridge_multibranch
unseen_well,tr0008e,1,2415,3483,2415,0.12800949474398102,1.248640848109092,0.9596036213342067,3765.236081673321,2223.8264508377024,-0.2890372267748853,-1541.4096308356188,True,False,False,,,,,,,,,,,,,,,,,,,ridge_multibranch
unseen_well,tr000c1,0,1926,2590,1926,0.14570416297608504,0.8403366852244543,0.5555444420613421,1360.0752239725293,594.4206618047074,-0.28479224316311214,-765.654562167822,True,False,False,,,,,,,,,,,,,,,,,,,ridge_multibranch
unseen_well,tr00055,1,2275,2411,2275,0.0,0.8915617060313388,0.6071333986063179,1808.3571771299385,838.5899424249121,-0.2844283074250209,-969.7672347050263,True,False,False,,,,,,,,,,,,,,,,,,,ridge_multibranch
unseen_well,tr00072,4,3889,3439,3889,0.0656386462882096,2.403743433132705,2.12073378618346,22470.57391266594,17490.823358543676,-0.28300964694924513,-4979.750554122264,True,False,False,,,,,,,,,,,,,,,,,,,ridge_multibranch
unseen_well,tr000db,4,1571,3268,1571,0.02748501756561273,1.5973245183861053,1.3190081449391113,4008.321064365761,2733.1982861590895,-0.278316373446994,-1275.1227782066712,True,False,False,,,,,,,,,,,,,,,,,,,ridge_multibranch
unseen_well,tr0000f,3,3108,2673,3108,0.101712506486767,5.658874435504137,5.392093392717019,99527.04849710144,90364.0779521721,-0.2667810427871178,-9162.97054492934,True,False,False,,,,,,,,,,,,,,,,,,,ridge_multibranch
unseen_well,tr0007d,4,3208,5423,3208,0.05410728768393002,2.6976731970548165,2.431773084242617,23346.02969537032,18970.573229055895,-0.2659001128121994,-4375.456466314423,True,False,False,,,,,,,,,,,,,,,,,,,ridge_multibranch
unseen_well,tr0007a,1,2430,5873,2430,0.0,0.6644868675777853,0.44467606353368766,1072.9489971555095,480.5004275959534,-0.21981080404409764,-592.4485695595561,True,False,False,,,,,,,,,,,,,,,,,,,ridge_multibranch
unseen_well,tr000a0,2,2595,4265,2595,0.0575801749271137,4.397350922981293,4.182627433877292,50178.72388789628,45397.895990366545,-0.2147234891040002,-4780.827897529736,True,False,False,,,,,,,,,,,,,,,,,,,ridge_multibranch
unseen_well,tr000e9,1,3452,5441,3452,0.0,0.9064148060165217,0.6926658942336857,2836.1210875537236,1656.221413651272,-0.21374891178283595,-1179.8996739024515,True,False,False,,,,,,,,,,,,,,,,,,,ridge_multibranch
unseen_well,tr0004c,2,1939,2642,1939,0.5457323728443572,3.5771616378309856,3.3637651188572923,24811.609557965974,21939.621687416726,-0.21339651897369327,-2871.9878705492483,True,False,False,,,,,,,,,,,,,,,,,,,ridge_multibranch
unseen_well,tr00011,4,2787,6146,2787,0.05877084965856935,3.795111783428643,3.5873251853801404,40140.80830157968,35865.62983404183,-0.20778659804850275,-4275.178467537851,True,False,False,,,,,,,,,,,,,,,,,,,ridge_multibranch
unseen_well,tr0008d,0,3861,4664,3861,0.03401759530791789,1.996261520889334,1.792847455254265,15386.316890823695,12410.42001355095,-0.20341406563506892,-2975.896877272744,True,False,False,,,,,,,,,,,,,,,,,,,ridge_multibranch
unseen_well,tr000a5,2,3988,3937,3988,0.012870662460567823,4.9169013132607144,4.7159516594708935,96413.5630750876,88693.91781721149,-0.200949653789821,-7719.645257876109,True,False,False,,,,,,,,,,,,,,,,,,,ridge_multibranch
unseen_well,tr00017,0,1666,2178,1666,0.05124869927159209,1.3371711196149842,1.1376801837631079,2978.8523208185625,2156.3307900784134,-0.19949093585187638,-822.521530740149,True,False,False,,,,,,,,,,,,,,,,,,,ridge_multibranch
unseen_well,tr000a7,1,3587,3073,3587,0.07402402402402403,3.1929376090573367,2.99867487070049,36568.92901371868,32254.48686587195,-0.1942627383568465,-4314.442147846734,True,False,False,,,,,,,,,,,,,,,,,,,ridge_multibranch
unseen_well,tr00027,4,2048,2237,2048,0.12438739789964995,0.9569288331382891,0.7699397704759123,1875.3797973840026,1214.069248328705,-0.1869890626623768,-661.3105490552975,True,False,False,,,,,,,,,,,,,,,,,,,ridge_multibranch
unseen_well,tr00064,0,3443,3211,3443,0.6922152088969041,2.1254611357437545,1.9416560874297086,15554.045291195203,12980.207649859343,-0.18380504831404587,-2573.83764133586,True,False,False,,,,,,,,,,,,,,,,,,,ridge_multibranch
unseen_well,tr000da,1,3852,4603,3852,0.0,3.4933620768685194,3.314911671214679,47008.184767597275,42328.2389224038,-0.17845040565384052,-4679.945845193477,True,False,False,,,,,,,,,,,,,,,,,,,ridge_multibranch
unseen_well,tr00031,3,2623,3343,2623,0.0,1.5542847628616199,1.3767791716250675,6336.646348419353,4971.9512877042525,-0.1775055912365524,-1364.6950607151002,True,False,False,,,,,,,,,,,,,,,,,,,ridge_multibranch
unseen_well,tr00079,4,1768,2826,1768,0.15063125816282108,0.7507821430409275,0.5748663347225698,996.5753249145376,584.2732633457352,-0.17591580831835774,-412.3020615688024,True,False,False,,,,,,,,,,,,,,,,,,,ridge_multibranch
unseen_well,tr00023,0,2929,5184,2929,0.047331443362504624,1.4013626482532267,1.2300824993052668,5752.020789451619,4431.878555479382,-0.17128014894795984,-1320.1422339722367,True,False,False,,,,,,,,,,,,,,,,,,,ridge_multibranch
unseen_well,tr00097,1,1430,3348,1430,0.2402678945165341,1.2261095859257531,1.0571456994327155,2149.782944879601,1598.1065526555917,-0.16896388649303762,-551.6763922240093,True,False,False,,,,,,,,,,,,,,,,,,,ridge_multibranch
unseen_well,tr000c6,1,1992,4862,1992,0.1060694484972279,0.47218523137640406,0.3035685999499085,444.13411431813654,183.57055859209078,-0.16861663142649558,-260.56355572604576,True,False,False,,,,,,,,,,,,,,,,,,,ridge_multibranch
unseen_well,tr000ec,1,1618,3416,1618,0.5411203814064363,3.8409163383435536,3.6742311017689695,23869.768798773905,21842.95823813598,-0.16668523657458412,-2026.810560637925,True,False,False,,,,,,,,,,,,,,,,,,,ridge_multibranch
unseen_well,tr000e0,3,1732,2192,1732,0.0,0.861155353791222,0.6967111064355114,1284.4313571052091,840.7238256185896,-0.16444424735571062,-443.7075314866196,True,False,False,,,,,,,,,,,,,,,,,,,ridge_multibranch
unseen_well,tr00083,1,1248,2725,1248,0.2912157060156053,1.3484836159957783,1.1942415746693882,2269.3732621360937,1779.9137474586873,-0.15424204132639008,-489.45951467740633,True,False,False,,,,,,,,,,,,,,,,,,,ridge_multibranch
unseen_well,tr0003a,0,2473,2216,2473,0.03838771593090211,1.3865885896179915,1.2327307776648917,4754.658838391839,3758.03304591026,-0.15385781195309978,-996.6257924815786,True,False,False,,,,,,,,,,,,,,,,,,,ridge_multibranch
unseen_well,tr00018,2,1170,3168,1170,0.10396496081143385,0.5638269634439148,0.4099881202725024,371.94398830647117,196.66560275455848,-0.1538388431714124,-175.2783855519127,True,False,False,,,,,,,,,,,,,,,,,,,ridge_multibranch
unseen_well,tr000a9,0,1536,2110,1536,0.19171695008228196,1.1515082311030962,1.005750977682642,2036.6917728740066,1553.7178047123311,-0.1457572534204541,-482.97396816167543,True,False,False,,,,,,,,,,,,,,,,,,,ridge_multibranch
unseen_well,tr00020,2,3495,3784,3495,0.6487154828960022,0.8492901119325057,0.7043642018570433,2520.9214613210165,1733.9706063576955,-0.1449259100754624,-786.950854963321,True,False,False,,,,,,,,,,,,,,,,,,,ridge_multibranch
unseen_well,tr000b9,1,3355,4638,3355,0.0,1.3340502401090104,1.1929731157619237,5970.860094717616,4774.78518829254,-0.14107712434708675,-1196.0749064250767,True,False,False,,,,,,,,,,,,,,,,,,,ridge_multibranch
unseen_well,tr000d1,2,1697,4548,1697,0.10136108887109688,0.5915991684755916,0.4522484116732914,593.9323107112964,347.0850780861422,-0.1393507568023002,-246.84723262515422,True,False,False,,,,,,,,,,,,,,,,,,,ridge_multibranch
unseen_well,tr00080,3,2691,6019,2691,0.08358208955223881,1.3791964002229748,1.2402869374905268,5118.773673654141,4139.596750550213,-0.13890946273244809,-979.176923103928,True,False,False,,,,,,,,,,,,,,,,,,,ridge_multibranch
unseen_well,tr00007,3,1758,4708,1758,0.0,1.7277860627679995,1.5908382404543668,5248.060145146417,4449.087168219241,-0.13694782231363267,-798.9729769271762,True,False,False,,,,,,,,,,,,,,,,,,,ridge_multibranch
unseen_well,tr00019,3,3877,4837,3877,0.6727105806747762,1.4039402079824645,1.268064401397778,7641.753513125832,6234.166863259868,-0.13587580658468656,-1407.5866498659643,True,False,False,,,,,,,,,,,,,,,,,,,ridge_multibranch
unseen_well,tr0001a,0,2686,6091,2686,0.09114731685086021,1.001915206548484,0.8696409189129866,2696.298341869763,2031.355530599254,-0.13227428763549742,-664.9428112705091,True,False,False,,,,,,,,,,,,,,,,,,,ridge_multibranch
unseen_well,tr00050,0,3264,5524,3264,0.06634046426945835,3.852670335654028,3.7278718124860215,48447.77628650589,45359.900209069994,-0.12479852316800644,-3087.876077435896,True,False,False,,,,,,,,,,,,,,,,,,,ridge_multibranch
unseen_well,tr0005a,4,1378,2599,1378,0.1528790545637415,0.5801954112325085,0.45877206738866544,463.8716135666278,290.0301539265447,-0.12142334384384307,-173.8414596400831,True,False,False,,,,,,,,,,,,,,,,,,,ridge_multibranch
unseen_well,tr000ab,0,2512,2412,2512,0.08590576766856214,3.97082564989426,3.8509204347604022,39607.85033074772,37251.92554547638,-0.11990521513385755,-2355.924785271345,True,False,False,,,,,,,,,,,,,,,,,,,ridge_multibranch
unseen_well,tr00041,2,2310,6300,2310,0.06620209059233449,0.9802132099225102,0.8781824935667185,2219.489434254225,1781.4823765363078,-0.10203071635579164,-438.0070577179174,True,False,False,,,,,,,,,,,,,,,,,,,ridge_multibranch
unseen_well,tr00009,1,2735,2445,2735,0.02335907335907336,1.3114391244832877,1.21079513011225,4703.8514987117205,4009.5779568281832,-0.10064399437103777,-694.2735418835373,True,False,False,,,,,,,,,,,,,,,,,,,ridge_multibranch
unseen_well,tr00040,0,2042,4097,2042,0.0,1.5485585197761513,1.4483460104607353,4896.784384887805,4283.515991007794,-0.10021250931541603,-613.268393880011,True,False,False,,,,,,,,,,,,,,,,,,,ridge_multibranch
unseen_well,tr00059,3,2065,4473,2065,0.0,2.1914690220923383,2.0959308683923643,9917.237820442071,9071.39261349014,-0.09553815369997398,-845.8452069519317,True,False,False,,,,,,,,,,,,,,,,,,,ridge_multibranch
unseen_well,tr0001e,0,3528,3426,3528,0.0,3.485329248713876,3.3899447061993735,42856.45046100584,40542.806191922544,-0.09538454251450235,-2313.644269083299,True,False,False,,,,,,,,,,,,,,,,,,,ridge_multibranch
unseen_well,tr0005f,4,2186,6543,2186,0.6859892312979723,2.743305444433173,2.649026169153799,16451.23432854432,15339.904463667572,-0.09427927527937374,-1111.3298648767486,True,False,False,,,,,,,,,,,,,,,,,,,ridge_multibranch
unseen_well,tr0008b,4,2179,4670,2179,0.7865381807563148,1.4209727453712457,1.3271182119861262,4399.757360388523,3837.7479491672652,-0.09385453338511951,-562.0094112212578,True,False,False,,,,,,,,,,,,,,,,,,,ridge_multibranch
unseen_well,tr000ad,3,3617,4463,3617,0.5429455445544554,0.5622997711156527,0.47896019840527704,1143.6267949023195,829.7501867812796,-0.08333957271037562,-313.8766081210399,True,False,False,,,,,,,,,,,,,,,,,,,ridge_multibranch
unseen_well,tr00089,1,2128,2092,2128,0.21824644549763034,1.1560877776055114,1.0733908433335138,2844.154884597394,2451.8132966311496,-0.08269693427199765,-392.34158796624433,True,False,False,,,,,,,,,,,,,,,,,,,ridge_multibranch
unseen_well,tr00028,2,3643,3193,3643,0.0,3.9594571257424644,3.8812349689064187,57112.40656154949,54878.096931909306,-0.07822215683604572,-2234.3096296401854,True,False,False,,,,,,,,,,,,,,,,,,,ridge_multibranch
unseen_well,tr000d2,4,2433,5180,2433,0.08656245895179299,1.0012589630105513,0.92458019592838,2439.129970284811,2079.8464946643057,-0.07667876708217125,-359.2834756205052,True,False,False,,,,,,,,,,,,,,,,,,,ridge_multibranch
unseen_well,tr000b7,2,1205,3490,1205,0.7488817891373802,0.35184484044132824,0.284467598326647,149.17272405294642,97.51078646976532,-0.06737724211468127,-51.6619375831811,True,False,False,,,,,,,,,,,,,,,,,,,ridge_multibranch
unseen_well,tr00063,0,3007,2583,3007,0.137567084078712,2.4796584360719525,2.4126358550302536,18489.158820465487,17503.18098931553,-0.06702258104169889,-985.9778311499576,True,False,False,,,,,,,,,,,,,,,,,,,ridge_multibranch
unseen_well,tr000cf,3,2997,2798,2997,0.5848144952545298,3.9893295543088807,3.924140634642981,47696.506627768234,46150.44252220728,-0.0651889196658999,-1546.0641055609522,True,False,False,,,,,,,,,,,,,,,,,,,ridge_multibranch
unseen_well,tr000af,2,3573,3930,3573,0.15820338531254166,6.871399768310264,6.809150699066071,168703.24955441343,165660.47727578104,-0.062249069244193045,-3042.7722786323866,True,False,False,,,,,,,,,,,,,,,,,,,ridge_multibranch
unseen_well,tr000ae,4,2607,3547,2607,0.0,0.5045450597104386,0.444761385929116,663.6528249442936,515.6976839082241,-0.0597836737813226,-147.95514103606945,True,False,False,,,,,,,,,,,,,,,,,,,ridge_multibranch
unseen_well,tr0005b,1,1828,2294,1828,0.10019408054342552,1.0109804528884119,0.9542040728025751,1868.364938351854,1664.4038941469244,-0.05677638008583674,-203.96104420492975,True,False,False,,,,,,,,,,,,,,,,,,,ridge_multibranch
unseen_well,tr000b3,2,2505,2381,2505,0.12054850593532541,1.907256980582331,1.8551981176899754,9112.261120899975,8621.608939980473,-0.052058862892355506,-490.6521809195019,True,False,False,,,,,,,,,,,,,,,,,,,ridge_multibranch
unseen_well,tr000c7,2,1915,2077,1915,0.6703406813627254,0.7924997092534801,0.741232621946126,1202.7268362545187,1052.1504066881012,-0.051267087307354076,-150.57642956641757,True,False,False,,,,,,,,,,,,,,,,,,,ridge_multibranch
unseen_well,tr00054,2,1457,4039,1457,0.8131368267831149,0.7149811238833541,0.6645371814848483,744.8154969413476,643.4252827439788,-0.0504439423985058,-101.39021419736889,True,False,False,,,,,,,,,,,,,,,,,,,ridge_multibranch
unseen_well,tr000bf,4,3497,3197,3497,0.719300866447565,1.297071213509696,1.2527454705824346,5883.330884005557,5488.091135584624,-0.044325742927261436,-395.2397484209332,True,False,False,,,,,,,,,,,,,,,,,,,ridge_multibranch
unseen_well,tr000e3,4,2590,6177,2590,0.0,2.3177483776550756,2.27742227776586,13913.370034097881,13433.42927897438,-0.04032609988921543,-479.94075512350173,True,False,False,,,,,,,,,,,,,,,,,,,ridge_multibranch
unseen_well,tr000d9,4,3662,4182,3662,0.6907190209077001,3.047145395529367,3.0073165849884123,34002.01811519771,33118.95604107239,-0.03982881054095477,-883.0620741253151,True,False,False,,,,,,,,,,,,,,,,,,,ridge_multibranch
unseen_well,tr0008c,0,1264,3236,1264,0.0,0.21277223703843487,0.17685241018044698,57.22383941588565,39.5338435831042,-0.03591982685798789,-17.68999583278145,True,False,False,,,,,,,,,,,,,,,,,,,ridge_multibranch
unseen_well,tr000b2,3,1372,2393,1372,0.023373173970783534,0.5142689155589201,0.47868233228636975,362.85629402392254,314.3756556335586,-0.03558658327255032,-48.480638390363936,True,False,False,,,,,,,,,,,,,,,,,,,ridge_multibranch
unseen_well,tr00066,2,3353,5494,3353,0.0,2.10582277995964,2.073374164120925,14868.843563741562,14414.146063161217,-0.03244861583871472,-454.69750058034515,True,False,False,,,,,,,,,,,,,,,,,,,ridge_multibranch
unseen_well,tr000b5,2,2607,2268,2607,0.5421538461538462,0.6570680941366692,0.6258349104078634,1125.5422182265534,1021.0819565671644,-0.03123318372880579,-104.46026165938895,True,False,False,,,,,,,,,,,,,,,,,,,ridge_multibranch
unseen_well,tr00095,4,4361,3700,4361,0.0,2.6807882618318897,2.651303444599721,31340.87469852659,30655.256815265417,-0.02948481723216867,-685.6178832611731,True,False,False,,,,,,,,,,,,,,,,,,,ridge_multibranch
unseen_well,tr00078,1,2524,5231,2524,0.0,1.9860477254620188,1.95760298739386,9955.629173159654,9672.496667583493,-0.028444738068158726,-283.13250557616084,True,False,False,,,,,,,,,,,,,,,,,,,ridge_multibranch
unseen_well,tr000cb,2,1837,4534,1837,0.13467273583424894,2.019040752067998,1.991279854605661,7488.577450985271,7284.064058841275,-0.02776089746233712,-204.5133921439956,True,False,False,,,,,,,,,,,,,,,,,,,ridge_multibranch
unseen_well,tr0007c,2,1150,2934,1150,0.1270812928501469,0.20921998505134146,0.18342721215714491,50.33895246661607,38.69237348370359,-0.02579277289419654,-11.64657898291248,True,False,False,,,,,,,,,,,,,,,,,,,ridge_multibranch
unseen_well,tr000df,4,1788,3346,1788,0.625633034670822,2.582227652655417,2.5572825758027005,11922.204574447287,11692.973180437319,-0.024945076852716408,-229.23139400996843,True,False,False,,,,,,,,,,,,,,,,,,,ridge_multibranch
unseen_well,tr00084,2,1986,5720,1986,0.8093693226057618,2.1917111548577486,2.167363911775541,9539.945203647181,9329.168123569016,-0.02434724308220737,-210.77708007816545,True,False,False,,,,,,,,,,,,,,,,,,,ridge_multibranch
unseen_well,tr00029,3,3675,3299,3675,0.038141669056495554,1.1737177164960348,1.1493747239713423,5062.72879671125,4854.903791182933,-0.02434299252469252,-207.82500552831698,True,False,False,,,,,,,,,,,,,,,,,,,ridge_multibranch
unseen_well,tr0001b,3,2571,2650,2571,0.0,2.323458749068397,2.3001156143839165,13879.442096218398,13601.957359438577,-0.02334313468448057,-277.4847367798211,True,False,False,,,,,,,,,,,,,,,,,,,ridge_multibranch
unseen_well,tr0009a,0,1936,4625,1936,0.0,0.9342204389491024,0.911502979485373,1689.6785160732911,1608.5017515983386,-0.022717459463729495,-81.1767644749525,True,False,False,,,,,,,,,,,,,,,,,,,ridge_multibranch
unseen_well,tr0009b,0,3346,3548,3346,0.01392515230635335,1.6934617210573784,1.674761632503193,9595.700961897423,9384.949555008128,-0.018700088554185257,-210.75140688929423,True,False,False,,,,,,,,,,,,,,,,,,,ridge_multibranch
unseen_well,tr00032,3,3614,3629,3614,0.0,0.3956824074359131,0.38010914988060596,565.8243471411677,522.1614384841665,-0.01557325755530714,-43.66290865700114,True,False,False,,,,,,,,,,,,,,,,,,,ridge_multibranch
unseen_well,tr00071,2,1879,1895,1879,0.1494435612082671,0.6934985673063953,0.6780010395271264,903.686753906467,863.7488846381445,-0.015497527779268827,-39.9378692683224,True,False,False,,,,,,,,,,,,,,,,,,,ridge_multibranch
unseen_well,tr0009f,3,1947,4256,1947,0.729163308076737,0.4544576076010502,0.4400697297958528,402.11725320629733,377.0586817098122,-0.014387877805197402,-25.058571496485115,True,False,False,,,,,,,,,,,,,,,,,,,ridge_multibranch
unseen_well,tr0003e,0,1967,1851,1967,0.026977475117862755,0.34667844505642575,0.33242479912592426,236.40575237267996,217.3657879943831,-0.01425364593050149,-19.039964378296844,True,False,False,,,,,,,,,,,,,,,,,,,ridge_multibranch
unseen_well,tr000d3,2,3173,5817,3173,0.7351501668520578,3.1311020273838897,3.117813989479868,31107.457101381053,30843.98440361749,-0.013288037904021444,-263.4726977635619,True,False,False,,,,,,,,,,,,,,,,,,,ridge_multibranch
unseen_well,tr00043,0,2849,3069,2849,0.14109496451503886,3.5739293415425517,3.560859167733834,36390.19420332718,36124.516617424735,-0.013070173808717556,-265.67758590244193,True,False,False,,,,,,,,,,,,,,,,,,,ridge_multibranch
unseen_well,tr0003c,2,2761,5707,2761,0.06896551724137931,2.6021390781834914,2.5893232218968785,18695.083806680792,18511.386097721683,-0.01281585628661297,-183.69770895910915,True,False,False,,,,,,,,,,,,,,,,,,,ridge_multibranch
unseen_well,tr00002,4,1907,2276,1907,0.0,0.552585034533841,0.5409620525984485,582.3028702851914,558.0643700643612,-0.011622981935392462,-24.238500220830133,True,False,False,,,,,,,,,,,,,,,,,,,ridge_multibranch
unseen_well,tr00006,2,2473,3193,2473,0.014119308153900459,0.6874007890824476,0.678595193232824,1168.5415762674875,1138.7953219172095,-0.008805595849623593,-29.746254350277923,True,False,False,,,,,,,,,,,,,,,,,,,ridge_multibranch
unseen_well,tr00044,2,1698,4755,1698,0.03455757012242368,0.5312003678434583,0.5224764670265591,479.1311646933491,463.5228562969505,-0.00872390081689911,-15.60830839639857,True,False,False,,,,,,,,,,,,,,,,,,,ridge_multibranch
unseen_well,tr00025,4,3480,5410,3480,0.0,1.4734207787429676,1.465337555885451,7554.9713934857355,7472.305251355448,-0.008083222857516725,-82.66614213028788,True,False,False,,,,,,,,,,,,,,,,,,,ridge_multibranch
unseen_well,tr0000d,2,2780,3361,2780,0.08923628073603648,0.4344693100824883,0.42790798345796877,524.7627563018783,509.0325736136415,-0.006561326624519526,-15.730182688236823,True,False,False,,,,,,,,,,,,,,,,,,,ridge_multibranch
unseen_well,tr000c5,4,3186,5135,3186,0.07162600648960461,2.035816187763115,2.030120925402743,13204.52849544168,13130.751636021276,-0.005695262360371878,-73.77685942040443,True,False,False,,,,,,,,,,,,,,,,,,,ridge_multibranch
unseen_well,tr0003f,3,1739,4016,1739,0.06046915725456125,0.6198653134038967,0.6155961799771208,668.18119875792,659.0091041794147,-0.0042691334267759284,-9.172094578505266,True,False,False,,,,,,,,,,,,,,,,,,,ridge_multibranch
unseen_well,tr0004e,0,1813,3610,1813,0.7717130739443112,1.669970126133252,1.666294086911728,5056.094802807825,5033.859739131582,-0.003676039221524041,-22.235063676243044,True,False,False,,,,,,,,,,,,,,,,,,,ridge_multibranch
unseen_well,tr00036,0,4230,4678,4230,0.0,0.5356650364659845,0.5336325497632656,1213.7436423656025,1204.5504432457506,-0.0020324867027189386,-9.193199119851897,True,False,False,,,,,,,,,,,,,,,,,,,ridge_multibranch
unseen_well,tr0004a,3,3373,3708,3373,0.5229487360542296,2.1681744792307427,2.169727122785258,15856.407470663042,15879.12535073153,0.0015526435545152317,22.71788006848874,False,True,False,,,,,,,,,,,,,,,,,,,ridge_multibranch
unseen_well,tr0004d,1,3494,3250,3494,0.051601423487544484,0.8108509486370916,0.8143655409738155,2297.2325376044155,2317.19017273356,0.0035145923367239096,19.957635129144364,False,True,False,,,,,,,,,,,,,,,,,,,ridge_multibranch
unseen_well,tr00016,0,3606,4001,3606,0.0,1.454198717801385,1.4591467983694757,7625.5862425438245,7677.56842136596,0.004948080568090596,51.98217882213521,False,True,False,,,,,,,,,,,,,,,,,,,ridge_multibranch
unseen_well,tr00081,0,3593,3146,3593,0.05757530790918534,0.19369813901287106,0.20093141886419688,134.80565582197892,145.06175226679818,0.0072332798513258245,10.256096444819264,False,True,False,,,,,,,,,,,,,,,,,,,ridge_multibranch
unseen_well,tr000aa,3,2609,5887,2609,0.06497175141242938,0.5492595567750626,0.558104999821224,787.098932389098,812.6544268635948,0.008845443046161416,25.555494474496868,False,True,False,,,,,,,,,,,,,,,,,,,ridge_multibranch
unseen_well,tr0004b,2,2285,3164,2285,0.05505597357313269,0.6552430873682744,0.6649275813040764,981.0499055978298,1010.2640529457616,0.009684493935801952,29.21414734793177,False,True,False,,,,,,,,,,,,,,,,,,,ridge_multibranch
unseen_well,tr00045,1,1709,3652,1709,0.7377354971087484,0.3372452450186537,0.347804881690105,194.37201318666524,206.73471485824268,0.010559636671451267,12.36270167157744,False,True,False,,,,,,,,,,,,,,,,,,,ridge_multibranch
unseen_well,tr0007e,3,2744,4014,2744,0.7169280852323172,1.1245647389263198,1.1352857996028323,3470.188217987941,3536.669835563888,0.010721060676512462,66.48161757594698,False,True,False,,,,,,,,,,,,,,,,,,,ridge_multibranch
unseen_well,tr0006f,3,1895,4633,1895,0.05177696078431373,1.9653500949220866,1.977574267264279,7319.628886681432,7410.965966924386,0.01222417234219253,91.33708024295356,False,True,False,,,,,,,,,,,,,,,,,,,ridge_multibranch
unseen_well,tr00058,3,1856,5173,1856,0.0684307867406459,1.4735656801781616,1.488143326269631,4030.1106304108107,4110.242958470682,0.014577646091469498,80.13232805987172,False,True,False,,,,,,,,,,,,,,,,,,,ridge_multibranch
unseen_well,tr0003d,0,1683,4124,1683,0.0990184260375409,0.798911277446599,0.8138727336501413,1074.1902827963734,1114.8003951327162,0.01496145620354239,40.61011233634281,False,True,False,,,,,,,,,,,,,,,,,,,ridge_multibranch
unseen_well,tr000b0,0,2525,3025,2525,0.0,0.593808811426547,0.6096923688373932,890.3374839327164,938.6050811618436,0.01588355741084624,48.267597229127205,False,True,False,,,,,,,,,,,,,,,,,,,ridge_multibranch
unseen_well,tr00049,2,3850,3783,3850,0.03380060264640377,2.214654617882113,2.23156139913651,18883.076044550282,19172.485170746982,0.016906781254397263,289.4091261967005,False,True,False,,,,,,,,,,,,,,,,,,,ridge_multibranch
unseen_well,tr000d7,2,1044,2744,1044,0.10137275607180571,2.628099641877402,2.6483547392274907,7210.8116676521195,7322.389269079415,0.02025509735008857,111.57760142729512,False,True,False,,,,,,,,,,,,,,,,,,,ridge_multibranch
unseen_well,tr000bb,0,1823,3032,1823,0.0,1.6704022882418876,1.6932351700799293,5086.614455719688,5226.623656999593,0.022832881838041663,140.00920127990503,False,True,False,,,,,,,,,,,,,,,,,,,ridge_multibranch
unseen_well,tr0000b,4,3824,3308,3824,0.07501402131239485,2.61019676986234,2.635623881543402,26053.398326376806,26563.466648734342,0.025427111681062264,510.0683223575361,False,True,False,,,,,,,,,,,,,,,,,,,ridge_multibranch
unseen_well,tr00065,2,1950,3639,1950,0.639112542494185,0.7922546993585898,0.818717604930167,1223.9516418787507,1307.0821074140486,0.026462905571577156,83.13046553529784,False,True,False,,,,,,,,,,,,,,,,,,,ridge_multibranch
unseen_well,tr0002c,0,2745,3213,2745,0.03289694528365223,0.2038063774090352,0.23150332652253702,114.0191733522708,147.1149540742961,0.027696949113501818,33.095780722025296,False,True,False,,,,,,,,,,,,,,,,,,,ridge_multibranch
unseen_well,tr000a3,3,2433,2501,2433,0.11978111066072153,0.5659749307603015,0.5972743230504696,779.3571049321284,867.94018910114,0.03129939229016809,88.58308416901161,False,True,False,,,,,,,,,,,,,,,,,,,ridge_multibranch
unseen_well,tr00088,1,2047,3300,2047,0.06601832803441182,0.8707829995171357,0.9026155849193352,1552.1644270117786,1667.7213883030931,0.031832585402199576,115.55696129131456,False,True,False,,,,,,,,,,,,,,,,,,,ridge_multibranch
unseen_well,tr000e8,3,2929,4364,2929,0.0,0.5797653000593329,0.6119804349607902,984.5183354348098,1096.9692345773833,0.03221513490145733,112.45089914257346,False,True,False,,,,,,,,,,,,,,,,,,,ridge_multibranch
unseen_well,tr000ac,0,2131,2301,2131,0.0,0.8795929242372236,0.9129521289573952,1648.7199910566135,1776.1492677952679,0.03335920472017162,127.42927673865438,False,True,False,,,,,,,,,,,,,,,,,,,ridge_multibranch
unseen_well,tr000cd,3,2885,5229,2885,0.0,2.5706698845189795,2.6052531848840506,19065.071445173595,19581.48789395039,0.03458330036507107,516.4164487767957,False,True,False,,,,,,,,,,,,,,,,,,,ridge_multibranch
unseen_well,tr00001,2,3735,4570,3735,0.04105960264900662,0.96957977811581,1.0046393759780032,3511.2172737996707,3769.7365299840376,0.03505959786219326,258.5192561843669,False,True,False,,,,,,,,,,,,,,,,,,,ridge_multibranch
unseen_well,tr0002f,4,2063,4132,2063,0.02986279257465698,1.7797915002338125,1.8173453283900909,6534.8780090202345,6813.560959927716,0.03755382815627839,278.6829509074814,False,True,False,,,,,,,,,,,,,,,,,,,ridge_multibranch
unseen_well,tr0003b,2,2358,2613,2358,0.5429491048078857,1.6734249253101214,1.7123877382786263,6603.22761237078,6914.296824716081,0.0389628129685049,311.0692123453009,False,True,False,,,,,,,,,,,,,,,,,,,ridge_multibranch
unseen_well,tr000a6,3,1643,4841,1643,0.0,0.4372397432002553,0.4767188714059993,314.1064283545748,373.3896297086237,0.03947912820574395,59.28320135404891,False,True,False,,,,,,,,,,,,,,,,,,,ridge_multibranch
unseen_well,tr00077,3,1111,3317,1111,0.0,0.3532670703327892,0.39281174837519245,138.65015913245963,171.42848839401037,0.03954467804240325,32.77832926155074,False,True,False,,,,,,,,,,,,,,,,,,,ridge_multibranch
unseen_well,tr00039,0,1678,2209,1678,0.293285310007718,1.4615383436377927,1.505605394022374,3584.3662856116375,3803.7702770105516,0.04406705038458125,219.40399139891406,False,True,False,,,,,,,,,,,,,,,,,,,ridge_multibranch
unseen_well,tr00046,0,2362,3010,2362,0.02475800446760983,1.1875245854167438,1.2394297175915336,3330.9269819692727,3628.4713906934057,0.05190513217478987,297.54440872413306,False,True,False,,,,,,,,,,,,,,,,,,,ridge_multibranch
unseen_well,tr0006e,2,2956,3542,2956,0.09679901508156356,0.8289173216079098,0.8848484941440224,2031.0792054381811,2314.4204710329186,0.05593117253611268,283.3412655947375,False,True,False,,,,,,,,,,,,,,,,,,,ridge_multibranch
unseen_well,tr0005c,2,2086,2036,2086,0.0,0.8523696262685199,0.9117367524729135,1515.5498818317942,1734.016507519357,0.05936712620439366,218.46662568756278,False,True,False,,,,,,,,,,,,,,,,,,,ridge_multibranch
unseen_well,tr000c9,1,2680,2969,2680,0.18587360594795538,1.3868467711836845,1.454981325021587,5154.561830870198,5673.481358513016,0.06813455383790257,518.9195276428181,False,True,False,,,,,,,,,,,,,,,,,,,ridge_multibranch
unseen_well,tr0002d,1,3668,3441,3668,0.08988605992403995,1.1843350202746041,1.2528770488862282,5144.9181468327715,5757.662899827669,0.06854202861162406,612.7447529948977,False,True,False,,,,,,,,,,,,,,,,,,,ridge_multibranch
unseen_well,tr0009c,2,1815,2366,1815,0.0,4.041736991608695,4.112829319983973,29649.182805448654,30701.387502805497,0.07109232837527824,1052.204697356843,False,True,False,,,,,,,,,,,,,,,,,,,ridge_multibranch
unseen_well,tr000b4,3,4119,4413,4119,0.0,1.8194982101687114,1.8946576632332717,13636.253221908628,14786.088235035226,0.07515945306456029,1149.835013126598,False,True,False,,,,,,,,,,,,,,,,,,,ridge_multibranch
unseen_well,tr00062,1,2035,2592,2035,0.06894315971471796,0.6244312239207853,0.6997078885928877,793.475709183672,996.317948245803,0.07527666467210237,202.84223906213094,False,True,False,,,,,,,,,,,,,,,,,,,ridge_multibranch
unseen_well,tr0008a,3,1611,3285,1611,0.24816176470588236,1.0962089045259937,1.1767517458311127,1935.8967533653095,2230.8236654909974,0.08054284130511902,294.926912125688,False,True,False,,,,,,,,,,,,,,,,,,,ridge_multibranch
unseen_well,tr00008,3,1523,2333,1523,0.09880705394190871,0.6144395863667997,0.698294091402543,574.9873360636819,742.6370938075715,0.08385450503574321,167.6497577438896,False,True,False,,,,,,,,,,,,,,,,,,,ridge_multibranch
unseen_well,tr000b6,3,2009,4428,2009,0.060742581948112474,1.4585671732338605,1.5458343508946903,4273.983161460348,4800.714115375672,0.08726717766082981,526.7309539153239,False,True,False,,,,,,,,,,,,,,,,,,,ridge_multibranch
unseen_well,tr00042,2,2629,4210,2629,0.0,0.8370140714469103,0.9263119852104771,1841.857829198551,2255.8236871802883,0.08929791376356677,413.9658579817374,False,True,False,,,,,,,,,,,,,,,,,,,ridge_multibranch
unseen_well,tr00038,3,2964,5034,2964,0.06001500375093773,0.7748392979224742,0.8647245804223683,1779.5142790611985,2216.326850360404,0.08988528249989414,436.8125712992055,False,True,False,,,,,,,,,,,,,,,,,,,ridge_multibranch
unseen_well,tr00013,1,4023,4263,4023,0.03439536567704562,1.8568780932264242,1.9475470536886499,13871.288926238201,15258.995714430986,0.09066896046222572,1387.706788192785,False,True,False,,,,,,,,,,,,,,,,,,,ridge_multibranch
unseen_well,tr00070,3,1835,3529,1835,0.06711409395973154,0.7892922364395473,0.8815108878154154,1143.172400314367,1425.9077521936188,0.09221865137586815,282.73535187925177,False,True,False,,,,,,,,,,,,,,,,,,,ridge_multibranch
unseen_well,tr00057,2,3339,3271,3339,0.0518910741301059,3.625097266747779,3.718204535074454,43878.90151570323,46161.82513696047,0.09310726832667493,2282.923621257236,False,True,False,,,,,,,,,,,,,,,,,,,ridge_multibranch
unseen_well,tr0005d,0,1879,1935,1879,0.17435762978500263,5.721752929049343,5.820434997500087,61515.55991585822,63655.75402947267,0.0986820684507439,2140.1941136144524,False,True,False,,,,,,,,,,,,,,,,,,,ridge_multibranch
unseen_well,tr000d6,0,2057,3839,2057,0.0,0.38996125250005836,0.4916975275238298,312.8075342745592,497.3136052847584,0.10173627502377142,184.5060710101992,False,True,False,,,,,,,,,,,,,,,,,,,ridge_multibranch
unseen_well,tr00073,1,2232,2059,2232,0.18900023304591004,1.646522609018072,1.754487665050458,6051.033918881139,6870.602589929312,0.10796505603238593,819.5686710481732,False,True,False,,,,,,,,,,,,,,,,,,,ridge_multibranch
unseen_well,tr000c0,0,1387,2335,1387,0.2810317033852767,0.404204701877436,0.5124703487355938,226.6100586944999,364.2620655081223,0.10826564685815782,137.6520068136224,False,True,False,,,,,,,,,,,,,,,,,,,ridge_multibranch
unseen_well,tr00014,0,2144,2057,2144,0.1547250654606046,0.6064088455508359,0.7271989458950041,788.416738991166,1133.7864500167661,0.12079010034416826,345.36971102560017,False,True,False,,,,,,,,,,,,,,,,,,,ridge_multibranch
unseen_well,tr00021,2,3251,5184,3251,0.034854771784232366,1.3673002132013108,1.4916396354893167,6077.776597189158,7233.438595830942,0.12433942228800587,1155.6619986417845,False,True,False,,,,,,,,,,,,,,,,,,,ridge_multibranch
unseen_well,tr000a2,4,4253,4332,4253,0.018637157833430402,1.1002221250693283,1.2254926633461294,5148.208545264768,6387.292635443302,0.12527053827680112,1239.084090178534,False,True,False,,,,,,,,,,,,,,,,,,,ridge_multibranch
unseen_well,tr000d0,0,1235,2730,1235,0.11046658259773014,0.9698764057069448,1.0966915193515645,1161.7153992985723,1485.3743764427888,0.12681511364461973,323.6589771442166,False,True,False,,,,,,,,,,,,,,,,,,,ridge_multibranch
unseen_well,tr000c2,2,3862,4391,3862,0.0,2.9323708993133533,3.059299317789109,33208.562089981926,36145.66416371579,0.12692841847575576,2937.102073733862,False,True,False,,,,,,,,,,,,,,,,,,,ridge_multibranch
unseen_well,tr000e4,3,2164,5145,2164,0.5714872075523327,0.7922475856349585,0.9240659861082315,1358.2480967477265,1847.835156620234,0.1318184004732731,489.58705987250755,False,True,False,,,,,,,,,,,,,,,,,,,ridge_multibranch
unseen_well,tr0000a,1,2192,2408,2192,0.0,0.5106497010462775,0.6446140940333952,571.5927528556064,910.8359078564769,0.1339643929871177,339.2431550008705,False,True,False,,,,,,,,,,,,,,,,,,,ridge_multibranch
unseen_well,tr00034,4,3550,4190,3550,0.015762273901808784,1.2020006156115066,1.3381791923416098,5129.059453753065,6357.068605396953,0.13617857673010314,1228.009151643888,False,True,False,,,,,,,,,,,,,,,,,,,ridge_multibranch
unseen_well,tr0000c,1,2134,2125,2134,0.03639351960554121,1.4044486418509885,1.5413112997381988,4209.263757532182,5069.616875443198,0.1368626578872103,860.3531179110159,False,True,False,,,,,,,,,,,,,,,,,,,ridge_multibranch
unseen_well,tr00048,1,2125,4647,2125,0.0,1.013823038262844,1.150792474458086,2184.153949939071,2814.1870534473996,0.13696943619524204,630.0331035083286,False,True,False,,,,,,,,,,,,,,,,,,,ridge_multibranch
unseen_well,tr00069,0,3170,3737,3170,0.0,1.1098486961248455,1.2483676845393779,3904.692286679362,4940.197346292998,0.13851898841453236,1035.5050596136361,False,True,False,,,,,,,,,,,,,,,,,,,ridge_multibranch
unseen_well,tr000dc,4,3319,5658,3319,0.059708143032193385,2.5146311968749924,2.658731301770433,20987.2652168496,23461.520236111137,0.14410010489544067,2474.255019261538,False,True,False,,,,,,,,,,,,,,,,,,,ridge_multibranch
unseen_well,tr000b1,3,2597,4831,2597,0.7036887452880991,2.0301620645312175,2.176591590215628,10703.686147455519,12303.41981870144,0.1464295256844106,1599.7336712459219,False,True,False,,,,,,,,,,,,,,,,,,,ridge_multibranch
unseen_well,tr0006a,2,2356,6214,2356,0.0,0.9593070202728027,1.1094721051564642,2168.156023744874,2900.0671975954656,0.15016508488366154,731.9111738505917,False,True,False,,,,,,,,,,,,,,,,,,,ridge_multibranch
unseen_well,tr00096,3,2783,4133,2783,0.07200694042799306,2.044447633050579,2.1959469280037935,11632.289123888258,13420.13504022568,0.15149929495321457,1787.845916337421,False,True,False,,,,,,,,,,,,,,,,,,,ridge_multibranch
unseen_well,tr00074,0,2635,2243,2635,0.20623206232062322,2.523788346062053,2.6796107059967658,16783.652567418598,18920.1261665497,0.15582235993471283,2136.4735991311027,False,True,False,,,,,,,,,,,,,,,,,,,ridge_multibranch
unseen_well,tr000ed,3,3197,4112,3197,0.09139417156929812,0.9456435036546716,1.1044109516079859,2858.890510305693,3899.456189451207,0.1587674479533142,1040.565679145514,False,True,False,,,,,,,,,,,,,,,,,,,ridge_multibranch
unseen_well,tr0008f,0,2376,2373,2376,0.6849863129079806,3.6165752908806517,3.7768457826619355,31077.169599029723,33892.604220842724,0.16027049178128383,2815.4346218130013,False,True,False,,,,,,,,,,,,,,,,,,,ridge_multibranch
unseen_well,tr00090,4,2398,2171,2398,0.08338804990151018,1.7926626966871986,1.9539813326532771,7706.307626736977,9155.66722996123,0.16131863596607854,1449.3596032242522,False,True,False,,,,,,,,,,,,,,,,,,,ridge_multibranch
unseen_well,tr000d8,3,2745,2741,2745,0.048122493620123954,0.24233356765674982,0.4095877349101646,161.20165674636723,460.50699905636384,0.16725416725341477,299.3053423099966,False,True,False,,,,,,,,,,,,,,,,,,,ridge_multibranch
unseen_well,tr000ef,0,2253,2695,2253,0.19098625707356506,0.36283166758241564,0.533866373283694,296.6002832084342,642.1349750905094,0.17103470570127838,345.53469188207526,False,True,False,,,,,,,,,,,,,,,,,,,ridge_multibranch
unseen_well,tr000cc,0,3542,4844,3542,0.08561888862389697,2.978904635550777,3.1537011193547047,31431.257555734323,35228.132517276106,0.17479648380392776,3796.8749615417837,False,True,False,,,,,,,,,,,,,,,,,,,ridge_multibranch
unseen_well,tr0002e,4,1838,2397,1838,0.1563164108618654,0.28444955393539956,0.4614270909724567,148.71542657317985,391.33769700071247,0.17697753703705715,242.6222704275326,False,True,False,,,,,,,,,,,,,,,,,,,ridge_multibranch
unseen_well,tr000be,0,2375,3685,2375,0.0,1.3870969255173855,1.5654133951766966,4569.589966851986,5819.982857271752,0.17831646965931114,1250.3928904197664,False,True,False,,,,,,,,,,,,,,,,,,,ridge_multibranch
unseen_well,tr000e1,0,2058,2330,2058,0.1390154968094804,1.0122420156123413,1.2050175513822665,2108.696562435785,2988.3545016287067,0.19277553576992523,879.6579391929217,False,True,False,,,,,,,,,,,,,,,,,,,ridge_multibranch
unseen_well,tr0007f,3,3670,4521,3670,0.1078012452691979,3.2940965653720413,3.487061135518903,39823.43490792488,44625.71498164621,0.19296457014686164,4802.280073721333,False,True,False,,,,,,,,,,,,,,,,,,,ridge_multibranch
unseen_well,tr00026,3,2443,6113,2443,0.0,1.5770181054856522,1.770534204629327,6075.707054587205,7658.295316329553,0.19351609914367485,1582.5882617423485,False,True,False,,,,,,,,,,,,,,,,,,,ridge_multibranch
unseen_well,tr000d4,4,3842,3149,3842,0.057502503218423685,4.039903233070256,4.236958445480642,62704.583265339745,68970.88040965966,0.19705521241038593,6266.297144319913,False,True,False,,,,,,,,,,,,,,,,,,,ridge_multibranch
unseen_well,tr000a8,2,4096,3564,4096,0.15339425587467362,3.0580348945489737,3.258626245302721,38304.06109707941,43493.9699469341,0.20059135075374712,5189.908849854692,False,True,False,,,,,,,,,,,,,,,,,,,ridge_multibranch
unseen_well,tr00091,0,1916,1768,1916,0.0,7.283130645076238,7.484000351976297,101632.28865906435,107315.66059021864,0.20086970690005934,5683.371931154295,False,True,False,,,,,,,,,,,,,,,,,,,ridge_multibranch
unseen_well,tr000c4,2,2153,5430,2153,0.08677304496900963,2.473205717056046,2.6746317832046644,13169.355255145869,15401.819593343598,0.20142606614861824,2232.4643381977294,False,True,False,,,,,,,,,,,,,,,,,,,ridge_multibranch
unseen_well,tr00037,4,1859,2305,1859,0.143611911623439,3.3265324182249683,3.531410587119138,20571.355530943576,23183.330106025052,0.20487816889416965,2611.9745750814764,False,True,False,,,,,,,,,,,,,,,,,,,ridge_multibranch
unseen_well,tr00085,4,2529,6195,2529,0.03587803759743237,1.560447332294653,1.7673405761329342,6158.104572592847,7899.313068764059,0.20689324383828112,1741.2084961712117,False,True,False,,,,,,,,,,,,,,,,,,,ridge_multibranch
unseen_well,tr00094,1,4581,4269,4581,0.0,2.2920115438036097,2.4992814264701515,24065.44479645178,28614.793438688634,0.20726988266654178,4549.348642236855,False,True,False,,,,,,,,,,,,,,,,,,,ridge_multibranch
unseen_well,tr000ee,0,1788,5334,1788,0.6881493962370121,0.7263106862656297,0.9418777122786305,943.2186568147661,1586.1949212983614,0.21556702601300082,642.9762644835953,False,True,False,,,,,,,,,,,,,,,,,,,ridge_multibranch
unseen_well,tr00030,1,1474,3378,1474,0.09047815333882935,1.851123985504436,2.0675413028067977,5050.896854312285,6300.947655208933,0.2164173173023618,1250.050800896648,False,True,False,,,,,,,,,,,,,,,,,,,ridge_multibranch
unseen_well,tr00099,4,2607,4203,2607,0.10176211453744494,1.1763042881790737,1.3991241864873278,3607.2844662587604,5103.328911380446,0.2228198983082541,1496.0444451216854,False,True,False,,,,,,,,,,,,,,,,,,,ridge_multibranch
unseen_well,tr000bc,4,4159,4778,4159,0.0,1.6434121572570137,1.872049410784285,11232.641833941212,14575.502456101583,0.22863725352727138,3342.8606221603713,False,True,False,,,,,,,,,,,,,,,,,,,ridge_multibranch
unseen_well,tr000ba,1,2727,6097,2727,0.0,1.0370725975453112,1.2693291508386064,2932.941874423967,4393.7328368709295,0.2322565532932952,1460.7909624469626,False,True,False,,,,,,,,,,,,,,,,,,,ridge_multibranch
unseen_well,tr000a1,3,2970,3104,2970,0.0,1.4736640752338386,1.7243175609215644,6449.906845705371,8830.615021180405,0.25065348568772583,2380.7081754750343,False,True,False,,,,,,,,,,,,,,,,,,,ridge_multibranch
unseen_well,tr00003,2,2817,4992,2817,0.06146753745678064,1.341810377638705,1.5934246540172583,5071.881987231149,7152.368994660564,0.2516142763785534,2080.487007429415,False,True,False,,,,,,,,,,,,,,,,,,,ridge_multibranch
unseen_well,tr0009e,1,2153,3476,2153,0.12169124178362054,0.5464495545225593,0.8068815854980792,642.9011199684061,1401.72764366322,0.2604320309755199,758.826523694814,False,True,False,,,,,,,,,,,,,,,,,,,ridge_multibranch
unseen_well,tr000e5,0,1450,3009,1450,0.0,1.3986363331493066,1.66174336282278,2836.4662089877406,4004.0169556340647,0.26310702967347344,1167.5507466463241,False,True,False,,,,,,,,,,,,,,,,,,,ridge_multibranch
unseen_well,tr00047,2,2551,2807,2551,0.03938036580813736,1.109195885586368,1.3753382975728639,3138.534872647006,4825.35790899786,0.2661424119864959,1686.8230363508542,False,True,False,,,,,,,,,,,,,,,,,,,ridge_multibranch
unseen_well,tr00086,4,2543,4603,2543,0.0,0.8937251657287995,1.1604775129383378,2031.2077005322749,3424.6785915844034,0.26675234720953833,1393.4708910521285,False,True,False,,,,,,,,,,,,,,,,,,,ridge_multibranch
unseen_well,tr0009d,2,3222,5218,3222,0.052843601895734595,0.7228028993215432,1.0016899926912195,1683.3146687443,3232.899515176824,0.2788870933696763,1549.584846432524,False,True,False,,,,,,,,,,,,,,,,,,,ridge_multibranch
unseen_well,tr00051,3,1395,2627,1395,0.19666832421680755,0.5726140225824871,0.8563702759053504,457.4021123070454,1023.0512189886174,0.28375625332286336,565.649106681572,False,True,False,,,,,,,,,,,,,,,,,,,ridge_multibranch
unseen_well,tr00068,4,2525,4209,2525,0.06712206712206713,0.6595609141138329,0.9451379366658739,1098.427013552354,2255.546441295689,0.285577022552041,1157.1194277433349,False,True,False,,,,,,,,,,,,,,,,,,,ridge_multibranch
unseen_well,tr0002a,1,969,2646,969,0.6149377593360996,0.47140721813687764,0.7678138122814336,215.3357975868917,571.262370769914,0.296406594144556,355.92657318302236,False,True,False,,,,,,,,,,,,,,,,,,,ridge_multibranch
unseen_well,tr0005e,2,987,2557,987,0.04966139954853273,0.9906301272969628,1.2934026719772218,968.5905244699875,1651.1428957434055,0.30277254468025905,682.552371273418,False,True,False,,,,,,,,,,,,,,,,,,,ridge_multibranch
unseen_well,tr0001f,2,3631,4291,3631,0.0,1.0150846782277412,1.3326470787574964,3741.3711583249346,6448.4680468073475,0.31756240052975526,2707.096888482413,False,True,False,,,,,,,,,,,,,,,,,,,ridge_multibranch
unseen_well,tr00022,2,2467,6499,2467,0.06803479812625474,1.149430432277269,1.4813136642671316,3259.376516097485,5413.313854187121,0.3318832319898626,2153.9373380896363,False,True,False,,,,,,,,,,,,,,,,,,,ridge_multibranch
unseen_well,tr00060,3,1532,3561,1532,0.0,0.20230128265211395,0.5394663545015496,62.69833933084184,445.8486877832414,0.3371650718494356,383.15034845239956,False,True,False,,,,,,,,,,,,,,,,,,,ridge_multibranch
unseen_well,tr000ca,4,3115,5365,3115,0.0,2.468838882292164,2.821035008606944,18986.440304225394,24789.912989133325,0.3521961263147797,5803.472684907931,False,True,False,,,,,,,,,,,,,,,,,,,ridge_multibranch
unseen_well,tr00012,3,1767,3965,1767,0.0,5.555159057608308,5.911983145585627,54529.25273846391,61759.37950908763,0.35682408797731924,7230.1267706237195,False,True,False,,,,,,,,,,,,,,,,,,,ridge_multibranch
unseen_well,tr00087,4,1529,4148,1529,0.14180024660912455,2.4399545644113254,2.8047249847150963,9102.715384602849,12027.851344784314,0.36477042030377094,2925.1359601814656,False,True,False,,,,,,,,,,,,,,,,,,,ridge_multibranch
unseen_well,tr000c8,0,1353,3667,1353,0.07191235059760956,2.578188846493767,2.953407382615548,8993.469106234117,11801.698321881893,0.375218536121781,2808.229215647776,False,True,False,,,,,,,,,,,,,,,,,,,ridge_multibranch
unseen_well,tr000bd,4,2754,3273,2754,0.0,2.6665969726521137,3.0440448418185952,19582.97634769113,25519.1395832526,0.37744786916648154,5936.163235561471,False,True,False,,,,,,,,,,,,,,,,,,,ridge_multibranch
unseen_well,tr00076,4,2881,2432,2881,0.2059100319969885,1.8792413968373345,2.2614900544645966,10174.390443678538,14734.405664620224,0.3822486576272621,4560.0152209416865,False,True,False,,,,,,,,,,,,,,,,,,,ridge_multibranch
unseen_well,tr00092,3,1842,2772,1842,0.09037711313394019,0.9105149689069325,1.3035112342628608,1527.0870908478169,3129.8187127187543,0.39299626535592824,1602.7316218709375,False,True,False,,,,,,,,,,,,,,,,,,,ridge_multibranch
unseen_well,tr000c3,4,3649,4582,3649,0.07520349896731868,2.6850108325719506,3.106810539087934,26306.6742910838,35221.1395273999,0.42179970651598353,8914.4652363161,False,True,False,,,,,,,,,,,,,,,,,,,ridge_multibranch
unseen_well,tr00000,0,2913,4162,2913,0.06148409893992933,2.113513969862822,2.5436184005839486,13012.200009245855,18847.094175970073,0.4301044307211268,5834.894166724218,False,True,False,,,,,,,,,,,,,,,,,,,ridge_multibranch
unseen_well,tr0006c,4,3992,4376,3992,0.0,2.6511149702600014,3.0833862842455186,28057.41505746246,37953.02574367056,0.4322713139855172,9895.6106862081,False,True,False,,,,,,,,,,,,,,,,,,,ridge_multibranch
unseen_well,tr00067,1,1803,2885,1803,0.1260665529010239,1.0292094962621772,1.4732077613198316,1909.867753514829,3913.1250177474203,0.4439982650576544,2003.2572642325913,False,True,False,,,,,,,,,,,,,,,,,,,ridge_multibranch
unseen_well,tr00075,2,1563,2056,1563,0.06825089803813209,1.3502738068579874,1.7975238225386676,2849.7231094998083,5050.196628124459,0.44725001568068024,2200.4735186246503,False,True,False,,,,,,,,,,,,,,,,,,,ridge_multibranch
unseen_well,tr00033,1,2766,5947,2766,0.023872374612647768,1.256832885024126,1.7474705984061483,4369.2535398287355,8446.405559685043,0.49063771338202233,4077.1520198563076,False,True,False,,,,,,,,,,,,,,,,,,,ridge_multibranch
unseen_well,tr00035,1,2067,3236,2067,0.2187441071091835,3.46032299346065,4.01368220820714,24749.917397822803,33298.63594314515,0.5533592147464899,8548.718545322346,False,True,False,,,,,,,,,,,,,,,,,,,ridge_multibranch
unseen_well,tr000a4,1,1511,2243,1511,0.0,1.7067521094773899,2.2740417673387396,4401.547175203541,7813.78286495726,0.5672896578613498,3412.2356897537193,False,True,False,,,,,,,,,,,,,,,,,,,ridge_multibranch
unseen_well,tr00024,1,2599,4928,2599,0.06137903547229972,5.838976702976182,6.416140563413145,88609.39358959846,106992.66843690696,0.5771638604369631,18383.274847308494,False,True,False,,,,,,,,,,,,,,,,,,,ridge_multibranch
unseen_well,tr000d5,4,2437,6281,2437,0.04496444138563891,1.3664132558821942,1.9512020335169915,4550.08659791786,9278.120508339254,0.5847887776347973,4728.0339104213945,False,True,False,,,,,,,,,,,,,,,,,,,ridge_multibranch
unseen_well,tr0000e,1,1313,3657,1313,0.09698189134808853,0.6016126866386926,1.2268848476951386,475.2243638634336,1976.3885619386515,0.625272161056446,1501.1641980752179,False,True,False,,,,,,,,,,,,,,,,,,,ridge_multibranch
unseen_well,tr000e7,4,3454,3802,3454,0.14608599779492834,2.378613225797378,3.0593201465762703,19542.044232398574,32327.504928440692,0.680706920778892,12785.460696042119,False,True,False,,,,,,,,,,,,,,,,,,,ridge_multibranch
unseen_well,tr00015,4,1499,3927,1499,0.0,0.4769199697406956,1.1761607363024706,340.95153364866155,2073.6477623517353,0.699240766561775,1732.6962287030738,False,True,False,,,,,,,,,,,,,,,,,,,ridge_multibranch
unseen_well,tr0002b,1,1637,3064,1637,0.18613061050840246,0.4552840763662364,1.1787811542939897,339.3232371453795,2274.652440909464,0.7234970779277532,1935.3292037640845,False,True,False,,,,,,,,,,,,,,,,,,,ridge_multibranch
unseen_well,tr00052,3,3230,5362,3230,0.049348230912476726,0.38418290744850764,1.1367986376048835,476.73671559315113,4174.164990146831,0.7526157301563758,3697.42827455368,False,True,False,,,,,,,,,,,,,,,,,,,ridge_multibranch
unseen_well,tr00053,3,3026,3528,3026,0.03387244430881904,0.22613816731681274,1.004500042407362,154.74501239087294,3053.2955343042822,0.7783618750905492,2898.5505219134093,False,True,False,,,,,,,,,,,,,,,,,,,ridge_multibranch
unseen_well,tr00056,2,2970,2982,2970,0.0,0.7094007900217854,1.506324583147718,1494.6509582240938,6738.970836891587,0.7969237931259328,5244.319878667493,False,True,False,,,,,,,,,,,,,,,,,,,ridge_multibranch
unseen_well,tr00082,1,2352,3611,2352,0.0392419922857622,1.0901921270096782,1.8965301743691083,2795.39639116322,8459.736403792009,0.8063380473594302,5664.340012628789,False,True,False,,,,,,,,,,,,,,,,,,,ridge_multibranch
unseen_well,tr000ce,1,2914,5126,2914,0.06654228855721393,4.664051840995295,5.502069154598624,63389.34808298252,88214.83715750609,0.8380173136033289,24825.489074523568,False,True,False,,,,,,,,,,,,,,,,,,,ridge_multibranch
unseen_well,tr00004,1,1838,2009,1838,0.11125552378476736,1.300435412903355,2.153638752653096,3108.3010996386733,8524.937853795836,0.8532033397497407,5416.6367541571635,False,True,False,,,,,,,,,,,,,,,,,,,ridge_multibranch
unseen_well,tr00098,1,1172,3219,1172,0.7171487132771578,2.3683997038826154,3.3208926580723475,6574.119708415677,12925.2004704263,0.952492954189732,6351.0807620106225,False,True,False,,,,,,,,,,,,,,,,,,,ridge_multibranch
unseen_well,tr00093,4,1471,2791,1471,0.6755044580009385,1.0426896304130886,3.2295494616692615,1599.2736497607164,15342.514886016646,2.186859831256173,13743.24123625593,False,True,False,,,,,,,,,,,,,,,,,,,ridge_multibranch
same_well_masked,tr00083,1,1248,1477,1248,0.2912157060156053,8.253251411777718,5.506860622248176,85008.96626478161,37846.24136325873,-2.746390789529542,-47162.72490152289,True,False,False,,,,,,,,,,,,,,,,,,,ridge_affine_multibranch
same_well_masked,tr00006,2,2473,720,2473,0.014119308153900459,2.0272632796404992,0.6957903175681304,10163.526509512458,1197.2390625713174,-1.3314729620723689,-8966.28744694114,True,False,False,,,,,,,,,,,,,,,,,,,ridge_affine_multibranch
same_well_masked,tr00057,2,3071,200,3071,0.0518910741301059,4.038871002574692,2.862709390674392,50095.62293357223,25167.16762530338,-1.1761616119002998,-24928.45530826885,True,False,False,,,,,,,,,,,,,,,,,,,ridge_affine_multibranch
same_well_masked,tr00050,0,3264,2260,3264,0.06634046426945835,4.334534231186879,3.334588509682174,61324.64237234381,36293.9844463439,-0.9999457215047052,-25030.657925999913,True,False,False,,,,,,,,,,,,,,,,,,,ridge_affine_multibranch
same_well_masked,tr00007,3,1758,2950,1758,0.0,2.3938240893597484,1.4482199004459257,10074.032249064694,3687.1252671236934,-0.9456041889138227,-6386.906981941001,True,False,False,,,,,,,,,,,,,,,,,,,ridge_affine_multibranch
same_well_masked,tr00052,3,3230,2132,3230,0.049348230912476726,2.013044157829938,1.1882133512597803,13089.080103835578,4560.278627001754,-0.8248308065701575,-8528.801476833825,True,False,False,,,,,,,,,,,,,,,,,,,ridge_affine_multibranch
same_well_masked,tr0004d,1,3050,200,3050,0.051601423487544484,3.8935982348426132,3.0763938011062866,46238.32700382701,28865.806399429814,-0.8172044337363267,-17372.5206043972,True,False,False,,,,,,,,,,,,,,,,,,,ridge_affine_multibranch
same_well_masked,tr0005c,2,1836,200,1836,0.0,3.8311470742225207,3.02277911104151,26948.234992338457,16775.887365417384,-0.8083679631810106,-10172.347626921073,True,False,False,,,,,,,,,,,,,,,,,,,ridge_affine_multibranch
same_well_masked,tr0006a,2,2356,3858,2356,0.0,0.9372281946567749,0.21139723863827548,2069.5025989532114,105.28679513916009,-0.7258309560184995,-1964.2158038140512,True,False,False,,,,,,,,,,,,,,,,,,,ridge_affine_multibranch
same_well_masked,tr00016,0,3606,395,3606,0.0,1.0700175535469256,0.3986894976979639,4128.644859024163,573.1856559622051,-0.6713280558489617,-3555.4592030619583,True,False,False,,,,,,,,,,,,,,,,,,,ridge_affine_multibranch
same_well_masked,tr0008f,0,2173,200,2173,0.6849863129079806,1.9086580076372428,1.243131955209275,7916.185522725912,3358.1043471696707,-0.6655260524279678,-4558.081175556241,True,False,False,,,,,,,,,,,,,,,,,,,ridge_affine_multibranch
same_well_masked,tr0007f,3,3670,851,3670,0.1078012452691979,5.616231108216522,4.951505942003162,115759.33032949927,89978.8987138519,-0.6647251662133602,-25780.431615647365,True,False,False,,,,,,,,,,,,,,,,,,,ridge_affine_multibranch
same_well_masked,tr0002f,4,2063,2069,2063,0.02986279257465698,3.1252330136036197,2.5057157382567206,20149.488906162955,12952.77523763453,-0.6195172753468992,-7196.713668528424,True,False,False,,,,,,,,,,,,,,,,,,,ridge_affine_multibranch
same_well_masked,tr000cc,0,3542,1302,3542,0.08561888862389697,1.365662935228099,0.7585954158046887,6605.9548649069375,2038.3041312845653,-0.6070675194234102,-4567.650733622372,True,False,False,,,,,,,,,,,,,,,,,,,ridge_affine_multibranch
same_well_masked,tr00040,0,2042,2055,2042,0.0,1.264806916673531,0.6688346814028029,3266.6620074619477,913.4679349983596,-0.5959722352707281,-2353.194072463588,True,False,False,,,,,,,,,,,,,,,,,,,ridge_affine_multibranch
same_well_masked,tr000b6,3,2009,2419,2009,0.060742581948112474,1.7847526395885684,1.207434077845972,6399.352046897389,2928.9151781585997,-0.5773185617425964,-3470.4368687387896,True,False,False,,,,,,,,,,,,,,,,,,,ridge_affine_multibranch
same_well_masked,tr00073,1,1859,200,1859,0.18900023304591004,1.0959332900192402,0.5293071629429651,2232.7887139044847,520.8287292287363,-0.5666261270762751,-1711.9599846757483,True,False,False,,,,,,,,,,,,,,,,,,,ridge_affine_multibranch
same_well_masked,tr00035,1,2067,1169,2067,0.2187441071091835,0.8696795340056349,0.31713138406723734,1563.35993069169,207.8829746097501,-0.5525481499383975,-1355.4769560819398,True,False,False,,,,,,,,,,,,,,,,,,,ridge_affine_multibranch
same_well_masked,tr00000,0,2913,1249,2913,0.06148409893992933,2.284915521788405,1.7424198693853807,15208.303837200005,8843.946654579982,-0.5424956524030244,-6364.357182620022,True,False,False,,,,,,,,,,,,,,,,,,,ridge_affine_multibranch
same_well_masked,tr000d8,3,2541,200,2541,0.048122493620123954,1.0462102452277342,0.5148423442297929,2781.266484014688,673.5241667459647,-0.5313679009979413,-2107.742317268723,True,False,False,,,,,,,,,,,,,,,,,,,ridge_affine_multibranch
same_well_masked,tr0009e,1,2153,1323,2153,0.12169124178362054,1.1462387622128074,0.6206668083181969,2828.7476848981673,829.3943487988231,-0.5255719538946105,-1999.3533360993442,True,False,False,,,,,,,,,,,,,,,,,,,ridge_affine_multibranch
same_well_masked,tr00078,1,2524,2707,2524,0.0,3.616496126628046,3.0958698296639002,33011.50764640312,24191.05084561132,-0.5206262969641458,-8820.456800791802,True,False,False,,,,,,,,,,,,,,,,,,,ridge_affine_multibranch
same_well_masked,tr00081,0,2946,200,2946,0.05757530790918534,2.0860449494594078,1.5708357523002552,12819.765082812395,7269.328534236071,-0.5152091971591526,-5550.436548576324,True,False,False,,,,,,,,,,,,,,,,,,,ridge_affine_multibranch
same_well_masked,tr00068,4,2525,1684,2525,0.06712206712206713,1.316743405385203,0.8180130997951912,4377.878318954188,1689.5922143772568,-0.49873030559001175,-2688.2861045769314,True,False,False,,,,,,,,,,,,,,,,,,,ridge_affine_multibranch
same_well_masked,tr000c5,4,3186,1949,3186,0.07162600648960461,4.035484050378919,3.5455070591652613,51884.429025468395,40049.996296797966,-0.4899769912136578,-11834.432728670428,True,False,False,,,,,,,,,,,,,,,,,,,ridge_affine_multibranch
same_well_masked,tr0007e,3,2744,1270,2744,0.7169280852323172,2.1931838469591662,1.7106105395480062,13198.791980727794,8029.461019026905,-0.48257330741116,-5169.330961700889,True,False,False,,,,,,,,,,,,,,,,,,,ridge_affine_multibranch
same_well_masked,tr00044,2,1698,3057,1698,0.03455757012242368,1.0514224170824955,0.5714663728447951,1877.120490345828,554.522338366472,-0.47995604423770044,-1322.598151979356,True,False,False,,,,,,,,,,,,,,,,,,,ridge_affine_multibranch
same_well_masked,tr0000c,1,1925,200,1925,0.03639351960554121,1.026267268648519,0.5475077063704324,2027.457175396136,577.0470254298975,-0.4787595622780866,-1450.4101499662386,True,False,False,,,,,,,,,,,,,,,,,,,ridge_affine_multibranch
same_well_masked,tr00022,2,2467,4032,2467,0.06803479812625474,1.1674780529715423,0.6975809425491057,3362.5333452879413,1200.4894958627929,-0.46989711042243654,-2162.0438494251484,True,False,False,,,,,,,,,,,,,,,,,,,ridge_affine_multibranch
same_well_masked,tr0000b,4,3108,200,3108,0.07501402131239485,2.120993172960627,1.6584420341875814,13981.686219529289,8548.336380202836,-0.46255113877304566,-5433.349839326453,True,False,False,,,,,,,,,,,,,,,,,,,ridge_affine_multibranch
same_well_masked,tr00079,4,1768,1058,1768,0.15063125816282108,1.7067259976509104,1.2546211095928843,5150.031299709652,2782.96305942859,-0.45210488805802607,-2367.0682402810617,True,False,False,,,,,,,,,,,,,,,,,,,ridge_affine_multibranch
same_well_masked,tr000d6,0,2057,1782,2057,0.0,5.773519322084207,5.329062266542571,68567.0616706207,58416.54684589489,-0.44445705554163606,-10150.514824725804,True,False,False,,,,,,,,,,,,,,,,,,,ridge_affine_multibranch
same_well_masked,tr000bd,4,2754,519,2754,0.0,5.078484467867407,4.63446387179107,71028.42636648034,59151.11531359161,-0.4440205960763368,-11877.311052888734,True,False,False,,,,,,,,,,,,,,,,,,,ridge_affine_multibranch
same_well_masked,tr0002c,0,2745,468,2745,0.03289694528365223,1.5767293271450236,1.1476765552143524,6824.2768936124,3615.608249941934,-0.42905277193067115,-3208.6686436704663,True,False,False,,,,,,,,,,,,,,,,,,,ridge_affine_multibranch
same_well_masked,tr000dd,1,2872,802,2872,0.15582034830430797,4.653011606545529,4.225406815668399,62180.28485457935,51276.86824068007,-0.42760479087712966,-10903.41661389928,True,False,False,,,,,,,,,,,,,,,,,,,ridge_affine_multibranch
same_well_masked,tr000b9,1,3355,1283,3355,0.0,3.2694593734187416,2.851977083317258,35862.81821433167,27288.809367037662,-0.4174822901014834,-8574.008847294012,True,False,False,,,,,,,,,,,,,,,,,,,ridge_affine_multibranch
same_well_masked,tr000c2,2,3862,529,3862,0.0,2.9075248272527316,2.4902799888386653,32648.191798653548,23950.171460893387,-0.41724483841406634,-8698.020337760161,True,False,False,,,,,,,,,,,,,,,,,,,ridge_affine_multibranch
same_well_masked,tr0001c,3,2143,3635,2143,0.06867819719732357,1.3872529643087053,0.9827346021419411,4124.1408965051905,2069.6393201434907,-0.4045183621667642,-2054.5015763617,True,False,False,,,,,,,,,,,,,,,,,,,ridge_affine_multibranch
same_well_masked,tr00058,3,1856,3317,1856,0.0684307867406459,2.538073387892943,2.1484591933371813,11956.01146544515,8567.067536487457,-0.38961419455576163,-3388.943928957693,True,False,False,,,,,,,,,,,,,,,,,,,ridge_affine_multibranch
same_well_masked,tr000d7,2,1044,1700,1044,0.10137275607180571,2.2864082979550022,1.8981742782836366,5457.68007277562,3761.600476730059,-0.3882340196713656,-1696.0795960455607,True,False,False,,,,,,,,,,,,,,,,,,,ridge_affine_multibranch
same_well_masked,tr000cb,2,1837,2697,1837,0.13467273583424894,0.7563646682206405,0.3792156696021688,1050.9247583178385,264.16891071993564,-0.37714899861847173,-786.7558475979029,True,False,False,,,,,,,,,,,,,,,,,,,ridge_affine_multibranch
same_well_masked,tr000e8,3,2929,1435,2929,0.0,1.7572065489488156,1.3808575385178838,9044.092552253347,5584.922129585609,-0.3763490104309317,-3459.1704226677384,True,False,False,,,,,,,,,,,,,,,,,,,ridge_affine_multibranch
same_well_masked,tr00027,4,2037,200,2037,0.12438739789964995,1.2469677036460227,0.8757826011301945,3167.3892606681106,1562.3691499691063,-0.37118510251582826,-1605.0201106990044,True,False,False,,,,,,,,,,,,,,,,,,,ridge_affine_multibranch
same_well_masked,tr00023,0,2929,2255,2929,0.047331443362504624,1.3265181696348611,0.955798140252314,5154.016180853895,2675.7881987007518,-0.3707200293825471,-2478.2279821531433,True,False,False,,,,,,,,,,,,,,,,,,,ridge_affine_multibranch
same_well_masked,tr00046,0,2362,648,2362,0.02475800446760983,1.0976103067639478,0.7280262553871077,2845.6156865851253,1251.9125037948852,-0.36958405137684003,-1593.7031827902401,True,False,False,,,,,,,,,,,,,,,,,,,ridge_affine_multibranch
same_well_masked,tr00010,3,2774,3402,2774,0.711731843575419,5.686927905646951,5.339045790400727,89714.34733716818,79074.00720683613,-0.34788211524622437,-10640.340130332042,True,False,False,,,,,,,,,,,,,,,,,,,ridge_affine_multibranch
same_well_masked,tr000b5,2,2068,200,2068,0.5421538461538462,1.7815268845014511,1.442158044119967,6563.497067136592,4301.067396486813,-0.33936884038148407,-2262.429670649779,True,False,False,,,,,,,,,,,,,,,,,,,ridge_affine_multibranch
same_well_masked,tr0007b,1,2693,200,2693,0.11796108145341828,1.3028516586856225,0.9640589837751465,4571.15864314589,2502.900387264051,-0.33879267491047593,-2068.258255881839,True,False,False,,,,,,,,,,,,,,,,,,,ridge_affine_multibranch
same_well_masked,tr000ec,1,1618,1798,1618,0.5411203814064363,3.390366907638116,3.054684374987377,18598.243009283564,15097.714348621492,-0.3356825326507389,-3500.528660662072,True,False,False,,,,,,,,,,,,,,,,,,,ridge_affine_multibranch
same_well_masked,tr000cf,3,2598,200,2598,0.5848144952545298,3.997743354190175,3.6625762772627377,41521.111103674506,34850.78003562268,-0.3351670769274371,-6670.331068051826,True,False,False,,,,,,,,,,,,,,,,,,,ridge_affine_multibranch
same_well_masked,tr00009,1,2245,200,2245,0.02335907335907336,0.9034927642577529,0.5685928764211116,1832.5916480234293,725.803693717291,-0.3348998878366414,-1106.7879543061383,True,False,False,,,,,,,,,,,,,,,,,,,ridge_affine_multibranch
same_well_masked,tr0004a,3,3373,335,3373,0.5229487360542296,3.7021401718687126,3.3740676358080472,46229.804567349514,38399.35322232764,-0.32807253606066533,-7830.451345021873,True,False,False,,,,,,,,,,,,,,,,,,,ridge_affine_multibranch
same_well_masked,tr000b3,2,2181,200,2181,0.12054850593532541,2.4825204229851745,2.1733595520821507,13441.301585824447,10301.935490668891,-0.3091608709030238,-3139.3660951555557,True,False,False,,,,,,,,,,,,,,,,,,,ridge_affine_multibranch
same_well_masked,tr00033,1,2766,3181,2766,0.023872374612647768,2.1349538200210496,1.8310318995906907,12607.50493247976,9273.506842703506,-0.3039219204303589,-3333.9980897762543,True,False,False,,,,,,,,,,,,,,,,,,,ridge_affine_multibranch
same_well_masked,tr000c3,4,3649,933,3649,0.07520349896731868,0.8261045067286986,0.5479299964444896,2490.255145880715,1095.5293483823496,-0.27817451028420903,-1394.7257974983656,True,False,False,,,,,,,,,,,,,,,,,,,ridge_affine_multibranch
same_well_masked,tr0000f,3,2473,200,2473,0.101712506486767,2.49452796226008,2.2203168323825277,15388.662302872131,12191.412305826601,-0.27421112987755203,-3197.24999704553,True,False,False,,,,,,,,,,,,,,,,,,,ridge_affine_multibranch
same_well_masked,tr00090,4,1971,200,1971,0.08338804990151018,0.5130213152320444,0.24348241666996936,518.7492045382434,116.84814752530114,-0.269538898562075,-401.9010570129422,True,False,False,,,,,,,,,,,,,,,,,,,ridge_affine_multibranch
same_well_masked,tr0005f,4,2186,4357,2186,0.6859892312979723,4.28532698775317,4.024290297027082,40143.76387883694,35402.07849491545,-0.2610366907260886,-4741.685383921489,True,False,False,,,,,,,,,,,,,,,,,,,ridge_affine_multibranch
same_well_masked,tr0006b,0,1879,2159,1879,0.09869866486395133,1.800915669163773,1.5556482423841411,6094.1555279390095,4547.257892127757,-0.24526742677963198,-1546.8976358112523,True,False,False,,,,,,,,,,,,,,,,,,,ridge_affine_multibranch
same_well_masked,tr00037,4,1859,446,1859,0.143611911623439,2.58557385562312,2.343085609130194,12427.77223079728,10206.00326921449,-0.24248824649292589,-2221.7689615827894,True,False,False,,,,,,,,,,,,,,,,,,,ridge_affine_multibranch
same_well_masked,tr00089,1,1892,200,1892,0.21824644549763034,0.8599482483389499,0.6205431252244369,1399.1547927417637,728.5595733381848,-0.239405123114513,-670.5952194035789,True,False,False,,,,,,,,,,,,,,,,,,,ridge_affine_multibranch
same_well_masked,tr00031,3,2623,720,2623,0.0,1.0362073999310488,0.7992912728993007,2816.3827095873003,1675.746931621218,-0.23691612703174814,-1140.6357779660823,True,False,False,,,,,,,,,,,,,,,,,,,ridge_affine_multibranch
same_well_masked,tr000a0,2,2595,1670,2595,0.0575801749271137,4.07195587484886,3.838291567003659,43027.23995822838,38230.791187894996,-0.23366430784520098,-4796.448770333387,True,False,False,,,,,,,,,,,,,,,,,,,ridge_affine_multibranch
same_well_masked,tr000e5,0,1450,1559,1450,0.0,1.5214282770794452,1.2898836841374983,3356.378803330547,2412.5098819759824,-0.23154459294194685,-943.8689213545645,True,False,False,,,,,,,,,,,,,,,,,,,ridge_affine_multibranch
same_well_masked,tr000ad,3,3617,846,3617,0.5429455445544554,1.1146805096894106,0.8899153064847598,4494.168214110783,2864.48044707328,-0.22476520320465077,-1629.687767037503,True,False,False,,,,,,,,,,,,,,,,,,,ridge_affine_multibranch
same_well_masked,tr0008e,1,2415,1068,2415,0.12800949474398102,1.0029292299501857,0.7784283196943388,2429.1689022966607,1463.3708170986963,-0.22450091025584695,-965.7980851979644,True,False,False,,,,,,,,,,,,,,,,,,,ridge_affine_multibranch
same_well_masked,tr0000d,2,2780,581,2780,0.08923628073603648,0.4344979974974267,0.21060808278832724,524.8320573253811,123.30902540945421,-0.22388991470909944,-401.52303191592694,True,False,False,,,,,,,,,,,,,,,,,,,ridge_affine_multibranch
same_well_masked,tr00048,1,2125,2522,2125,0.0,0.5184775601589202,0.2977979797309475,571.2403333252366,188.45272805514685,-0.2206795804279727,-382.7876052700898,True,False,False,,,,,,,,,,,,,,,,,,,ridge_affine_multibranch
same_well_masked,tr00055,1,2211,200,2211,0.0,0.967839595190856,0.7620672091541042,2071.0735087444514,1284.0303595333824,-0.20577238603675185,-787.043149211069,True,False,False,,,,,,,,,,,,,,,,,,,ridge_affine_multibranch
same_well_masked,tr0007d,4,3208,2215,3208,0.05410728768393002,0.9675334195630224,0.7624810417240075,3003.0759048519803,1865.058503475197,-0.20505237783901487,-1138.0174013767833,True,False,False,,,,,,,,,,,,,,,,,,,ridge_affine_multibranch
same_well_masked,tr000c6,1,1992,2870,1992,0.1060694484972279,0.7206402133234254,0.5222743077817483,1034.4900555811937,543.3587415172576,-0.1983659055416771,-491.1313140639361,True,False,False,,,,,,,,,,,,,,,,,,,ridge_affine_multibranch
same_well_masked,tr000ba,1,2727,3370,2727,0.0,0.7076669291808163,0.5155424869083852,1365.6611002034751,724.7931201875501,-0.19212444227243108,-640.867980015925,True,False,False,,,,,,,,,,,,,,,,,,,ridge_affine_multibranch
same_well_masked,tr00097,1,1430,1918,1430,0.2402678945165341,2.00496227440365,1.819504444344554,5748.419422148055,4734.152884875106,-0.18545783005909589,-1014.2665372729489,True,False,False,,,,,,,,,,,,,,,,,,,ridge_affine_multibranch
same_well_masked,tr0008d,0,3861,803,3861,0.03401759530791789,5.592498440366816,5.407281658355159,120756.78582805584,112890.60113547948,-0.1852167820116568,-7866.1846925763675,True,False,False,,,,,,,,,,,,,,,,,,,ridge_affine_multibranch
same_well_masked,tr0009a,0,1936,2689,1936,0.0,0.6900206329677805,0.5093302780045074,921.7847255115526,502.2319549304001,-0.18069035496327313,-419.55277058115246,True,False,False,,,,,,,,,,,,,,,,,,,ridge_affine_multibranch
same_well_masked,tr00019,3,3877,960,3877,0.6727105806747762,2.5847805276188125,2.411085791872191,25902.58738758679,22538.298615492342,-0.17369473574662164,-3364.288772094449,True,False,False,,,,,,,,,,,,,,,,,,,ridge_affine_multibranch
same_well_masked,tr000a2,4,4132,200,4132,0.018637157833430402,2.5984068538744696,2.4430039086464914,27898.09951257784,24660.88377953953,-0.15540294522797815,-3237.215733038309,True,False,False,,,,,,,,,,,,,,,,,,,ridge_affine_multibranch
same_well_masked,tr00082,1,2352,1259,2352,0.0392419922857622,4.085305169768675,3.9338342528803882,39254.217512486124,36397.32213732552,-0.1514709168882864,-2856.8953751606023,True,False,False,,,,,,,,,,,,,,,,,,,ridge_affine_multibranch
same_well_masked,tr000e9,1,3452,1989,3452,0.0,1.130362126333183,0.9850264260313943,4410.684388510534,3349.396411051588,-0.14533570030178855,-1061.2879774589455,True,False,False,,,,,,,,,,,,,,,,,,,ridge_affine_multibranch
same_well_masked,tr0004b,2,2285,879,2285,0.05505597357313269,1.8653696522616208,1.7219047605990125,7950.895001937193,6774.924470450545,-0.14346489166260823,-1175.9705314866478,True,False,False,,,,,,,,,,,,,,,,,,,ridge_affine_multibranch
same_well_masked,tr000a1,3,2904,200,2904,0.0,4.357150374505115,4.215725939320751,55131.74125708937,51610.89044762115,-0.14142443518436387,-3520.8508094682256,True,False,False,,,,,,,,,,,,,,,,,,,ridge_affine_multibranch
same_well_masked,tr000a5,2,3737,200,3737,0.012870662460567823,1.492201710530716,1.3535745323332895,8321.05063613164,6846.796922490255,-0.13862717819742643,-1474.2537136413848,True,False,False,,,,,,,,,,,,,,,,,,,ridge_affine_multibranch
same_well_masked,tr00036,0,4230,448,4230,0.0,0.5093481004617005,0.3755619808597464,1097.412111887877,596.6279702066643,-0.13378611960195413,-500.78414168121276,True,False,False,,,,,,,,,,,,,,,,,,,ridge_affine_multibranch
same_well_masked,tr0006d,3,2662,200,2662,0.0,2.6346998828950405,2.5023632120247927,18478.654924932045,16668.96921871059,-0.1323366708702478,-1809.685706221455,True,False,False,,,,,,,,,,,,,,,,,,,ridge_affine_multibranch
same_well_masked,tr0000e,1,1313,2344,1313,0.09698189134808853,0.4921278955979703,0.36670438381465503,317.9952935665267,176.56187400796708,-0.1254235117833153,-141.43341955855962,True,False,False,,,,,,,,,,,,,,,,,,,ridge_affine_multibranch
same_well_masked,tr000b4,3,4119,294,4119,0.0,2.4225839270391756,2.297406898518849,24174.052167336496,21740.405165874065,-0.12517702852032642,-2433.647001462432,True,False,False,,,,,,,,,,,,,,,,,,,ridge_affine_multibranch
same_well_masked,tr000d3,2,3173,2644,3173,0.7351501668520578,3.06926387994214,2.952106455929239,29890.86816644856,27652.48090861234,-0.11715742401290097,-2238.3872578362207,True,False,False,,,,,,,,,,,,,,,,,,,ridge_affine_multibranch
same_well_masked,tr0001a,0,2686,3405,2686,0.09114731685086021,0.6594884603986036,0.5488929998369979,1168.2086289655008,809.2475488753773,-0.11059546056160574,-358.96108009012346,True,False,False,,,,,,,,,,,,,,,,,,,ridge_affine_multibranch
same_well_masked,tr00092,3,1842,930,1842,0.09037711313394019,0.2741050375084452,0.16742398585073628,138.39603886418632,51.63271709226777,-0.10668105165770894,-86.76332177191856,True,False,False,,,,,,,,,,,,,,,,,,,ridge_affine_multibranch
same_well_masked,tr00003,2,2817,2175,2817,0.06146753745678064,1.1128071690915367,1.009410143151655,3488.403204153142,2870.266194103501,-0.10339702593988176,-618.1370100496406,True,False,False,,,,,,,,,,,,,,,,,,,ridge_affine_multibranch
same_well_masked,tr000eb,1,2505,200,2505,0.0,1.678815943055748,1.5771383528119458,7060.149541498693,6230.850286695497,-0.1016775902438023,-829.2992548031962,True,False,False,,,,,,,,,,,,,,,,,,,ridge_affine_multibranch
same_well_masked,tr0002a,1,969,1677,969,0.6149377593360996,1.4530900810017244,1.3520725379351815,2046.0151892169247,1771.4290432554894,-0.10101754306654298,-274.58614596143525,True,False,False,,,,,,,,,,,,,,,,,,,ridge_affine_multibranch
same_well_masked,tr0003a,0,2016,200,2016,0.03838771593090211,1.3289463553821876,1.2295341346960247,3560.454405614937,3047.6964437795273,-0.09941222068616296,-512.7579618354098,True,False,False,,,,,,,,,,,,,,,,,,,ridge_affine_multibranch
same_well_masked,tr000e4,3,2164,2981,2164,0.5714872075523327,0.3129796509050983,0.2162418198097476,211.9773507097855,101.18977530934225,-0.09673783109535072,-110.78757540044325,True,False,False,,,,,,,,,,,,,,,,,,,ridge_affine_multibranch
same_well_masked,tr000df,4,1788,1558,1788,0.625633034670822,2.1987848486339283,2.1028188971804305,8644.362801320842,7906.26299803835,-0.09596595145349784,-738.0998032824918,True,False,False,,,,,,,,,,,,,,,,,,,ridge_affine_multibranch
same_well_masked,tr000e3,4,2590,3587,2590,0.0,2.3155908029651475,2.2199228658338868,13887.47838595185,12763.669003353032,-0.09566793713126076,-1123.809382598818,True,False,False,,,,,,,,,,,,,,,,,,,ridge_affine_multibranch
same_well_masked,tr00043,0,2849,220,2849,0.14109496451503886,1.5890457100750004,1.5030081564424231,7193.913799548414,6435.986493729154,-0.08603755363257726,-757.9273058192603,True,False,False,,,,,,,,,,,,,,,,,,,ridge_affine_multibranch
same_well_masked,tr00096,3,2783,1350,2783,0.07200694042799306,1.4966818738487873,1.4132929425645722,6234.077605485421,5558.755688202368,-0.0833889312842151,-675.3219172830532,True,False,False,,,,,,,,,,,,,,,,,,,ridge_affine_multibranch
same_well_masked,tr000c0,0,1387,948,1387,0.2810317033852767,1.652121568900548,1.570809472838659,3785.824375977428,3422.3426087440566,-0.08131209606188894,-363.48176723337156,True,False,False,,,,,,,,,,,,,,,,,,,ridge_affine_multibranch
same_well_masked,tr0001d,4,2994,749,2994,0.03458512691108802,3.416856566141939,3.335807270888618,34954.67692800031,33316.06478464903,-0.08104929525332061,-1638.6121433512817,True,False,False,,,,,,,,,,,,,,,,,,,ridge_affine_multibranch
same_well_masked,tr00004,1,1809,200,1809,0.11125552378476736,1.762145570166133,1.6843604690934628,5617.2290319151325,5132.2599734291525,-0.07778510107267023,-484.96905848598,True,False,False,,,,,,,,,,,,,,,,,,,ridge_affine_multibranch
same_well_masked,tr000bb,0,1823,1209,1823,0.0,0.980774655788596,0.9062638978875864,1753.5782010720866,1497.255882516054,-0.07451075790100958,-256.32231855603254,True,False,False,,,,,,,,,,,,,,,,,,,ridge_affine_multibranch
same_well_masked,tr000b8,1,3555,200,3555,0.065643197458973,1.5380042263221436,1.463608115931212,8409.199635656878,7615.338689005076,-0.07439611039093164,-793.8609466518019,True,False,False,,,,,,,,,,,,,,,,,,,ridge_affine_multibranch
same_well_masked,tr0002b,1,1637,1427,1637,0.18613061050840246,0.7932717768119071,0.719182420390206,1030.131543157906,846.6946301678416,-0.07408935642170111,-183.43691299006434,True,False,False,,,,,,,,,,,,,,,,,,,ridge_affine_multibranch
same_well_masked,tr00070,3,1835,1694,1835,0.06711409395973154,0.7338415153024482,0.6644205283022752,988.1903831818569,810.0692615180857,-0.06942098700017307,-178.1211216637712,True,False,False,,,,,,,,,,,,,,,,,,,ridge_affine_multibranch
same_well_masked,tr000db,4,1571,1697,1571,0.02748501756561273,1.5438250436620438,1.4783673142706275,3744.314747503273,3433.530337884789,-0.06545772939141625,-310.784409618484,True,False,False,,,,,,,,,,,,,,,,,,,ridge_affine_multibranch
same_well_masked,tr00072,4,3239,200,3239,0.0656386462882096,0.8669603991448118,0.8034158246977786,2434.4982608067885,2090.6999621070154,-0.06354457444703321,-343.7982986997731,True,False,False,,,,,,,,,,,,,,,,,,,ridge_affine_multibranch
same_well_masked,tr00076,4,2232,200,2232,0.2059100319969885,0.7104605522153299,0.6594766084613126,1126.6113660391768,970.7177743442422,-0.05098394375401727,-155.89359169493457,True,False,False,,,,,,,,,,,,,,,,,,,ridge_affine_multibranch
same_well_masked,tr00024,1,2599,2329,2599,0.06137903547229972,4.320487484173519,4.270009325632352,48514.52485023916,47387.51408692587,-0.050478158541166884,-1127.0107633132939,True,False,False,,,,,,,,,,,,,,,,,,,ridge_affine_multibranch
same_well_masked,tr00021,2,3251,1933,3251,0.034854771784232366,1.0716409623505254,1.0270904663335745,3733.4950589617583,3429.5280994343216,-0.044550496016950936,-303.96695952743676,True,False,False,,,,,,,,,,,,,,,,,,,ridge_affine_multibranch
same_well_masked,tr00065,2,1950,1689,1950,0.639112542494185,0.7301616263412608,0.6873929607706308,1039.6152011335641,921.3927109081773,-0.04276866557062997,-118.22249022538688,True,False,False,,,,,,,,,,,,,,,,,,,ridge_affine_multibranch
same_well_masked,tr00005,1,2969,200,2969,0.0,0.7062508040512723,0.6648375785185424,1480.9080985242908,1312.324738251075,-0.04141322553272986,-168.58336027321593,True,False,False,,,,,,,,,,,,,,,,,,,ridge_affine_multibranch
same_well_masked,tr000ed,3,3197,915,3197,0.09139417156929812,1.8324831067832077,1.7934476056354556,10735.50789425674,10283.004442368077,-0.039035501147752116,-452.5034518886623,True,False,False,,,,,,,,,,,,,,,,,,,ridge_affine_multibranch
same_well_masked,tr0009c,2,1815,551,1815,0.0,3.7049537839922917,3.6666392347167567,24913.928812856626,24401.301548779178,-0.038314549275535015,-512.6272640774478,True,False,False,,,,,,,,,,,,,,,,,,,ridge_affine_multibranch
same_well_masked,tr0000a,1,2192,216,2192,0.0,2.790089623958026,2.7522358195535688,17063.843440502384,16603.96599810268,-0.0378538044044574,-459.877442399702,True,False,False,,,,,,,,,,,,,,,,,,,ridge_affine_multibranch
same_well_masked,tr000a3,3,2301,200,2301,0.11978111066072153,1.8056006499716462,1.773070349343681,7501.705720216651,7233.834245023685,-0.032530300627965136,-267.8714751929656,True,False,False,,,,,,,,,,,,,,,,,,,ridge_affine_multibranch
same_well_masked,tr000ca,4,3115,2250,3115,0.0,0.7518985488813654,0.7310320648243678,1761.069697627848,1664.6805455812946,-0.020866484056997647,-96.38915204655336,True,False,False,,,,,,,,,,,,,,,,,,,ridge_affine_multibranch
same_well_masked,tr000b7,2,1205,2285,1205,0.7488817891373802,0.3215908972587422,0.30358907751668474,124.62194976561787,111.0604252248551,-0.018001819742057446,-13.561524540762775,True,False,False,,,,,,,,,,,,,,,,,,,ridge_affine_multibranch
same_well_masked,tr000a7,1,2873,200,2873,0.07402402402402403,3.6449835660618373,3.6270016994455845,38170.40563058127,37794.721034715265,-0.017981866616252784,-375.6845958660051,True,False,False,,,,,,,,,,,,,,,,,,,ridge_affine_multibranch
same_well_masked,tr0005a,4,1378,1221,1378,0.1528790545637415,0.645140916994954,0.6287732223056581,573.5329742323422,544.8002442921468,-0.016367694689295886,-28.73272994019544,True,False,False,,,,,,,,,,,,,,,,,,,ridge_affine_multibranch
same_well_masked,tr00025,4,3480,1930,3480,0.0,2.6668557604604324,2.650794088514627,24750.17637191145,24452.948362970244,-0.016061671945805323,-297.2280089412052,True,False,False,,,,,,,,,,,,,,,,,,,ridge_affine_multibranch
same_well_masked,tr00045,1,1709,1943,1709,0.7377354971087484,0.7213961229510973,0.7084780953646663,889.384733850967,857.8175306441308,-0.012918027586431013,-31.56720320683621,True,False,False,,,,,,,,,,,,,,,,,,,ridge_affine_multibranch
same_well_masked,tr0008b,4,2179,2491,2179,0.7865381807563148,1.1950016149032237,1.1871326199791274,3111.67488511484,3070.829525314928,-0.007868994924096206,-40.845359799911876,True,False,False,,,,,,,,,,,,,,,,,,,ridge_affine_multibranch
same_well_masked,tr00062,1,2035,557,2035,0.06894315971471796,0.41514028315871154,0.4172088413527526,350.71486031672873,354.2186472114143,0.002068558194041059,3.503786894685561,False,True,False,,,,,,,,,,,,,,,,,,,ridge_affine_multibranch
same_well_masked,tr00029,3,3099,200,3099,0.038141669056495554,0.8692365359304858,0.8735650624124566,2341.5181095735384,2364.896230711538,0.004328526481970796,23.378121137999642,False,True,False,,,,,,,,,,,,,,,,,,,ridge_affine_multibranch
same_well_masked,tr00014,0,1857,200,1857,0.1547250654606046,0.46111638168149455,0.4661516120380476,394.8507855139977,403.52113327833,0.0050352303565530665,8.670347764332291,False,True,False,,,,,,,,,,,,,,,,,,,ridge_affine_multibranch
same_well_masked,tr000aa,3,2609,3278,2609,0.06497175141242938,3.402225484166765,3.4113320097870647,30199.53568150185,30361.4184853234,0.009106525620299788,161.88280382155062,False,True,False,,,,,,,,,,,,,,,,,,,ridge_affine_multibranch
same_well_masked,tr0007c,2,1150,1784,1150,0.1270812928501469,0.14940195562492448,0.15865698122694186,25.669085996234685,28.947843345853105,0.00925502560201738,3.27875734961842,False,True,False,,,,,,,,,,,,,,,,,,,ridge_affine_multibranch
same_well_masked,tr00063,0,2383,200,2383,0.137567084078712,2.9953191957547203,3.0051898074467998,21380.12607226033,21521.268050837825,0.009870611692079478,141.14197857749605,False,True,False,,,,,,,,,,,,,,,,,,,ridge_affine_multibranch
same_well_masked,tr00059,3,2065,2408,2065,0.0,1.1706247789775883,1.1861377120785908,2829.7983005678166,2905.295317711045,0.015512933101002435,75.49701714322828,False,True,False,,,,,,,,,,,,,,,,,,,ridge_affine_multibranch
same_well_masked,tr0005e,2,987,1570,987,0.04966139954853273,0.3922343034875774,0.41069565813969494,151.84772809756393,166.47820160780483,0.018461354652117568,14.630473510240904,False,True,False,,,,,,,,,,,,,,,,,,,ridge_affine_multibranch
same_well_masked,tr00012,3,1767,2198,1767,0.0,0.9891717108247481,1.0090043743809822,1728.9400100673597,1798.964725227765,0.019832663556234142,70.02471516040532,False,True,False,,,,,,,,,,,,,,,,,,,ridge_affine_multibranch
same_well_masked,tr000ab,0,2212,200,2212,0.08590576766856214,1.2689775818080586,1.2916906234378867,3561.9926761267193,3690.6438426903123,0.022713041629828012,128.65116656359305,False,True,False,,,,,,,,,,,,,,,,,,,ridge_affine_multibranch
same_well_masked,tr000ee,0,1788,3546,1788,0.6881493962370121,0.24156374725400037,0.26643462584247746,104.3352426494615,126.92548880790387,0.024870878588477086,22.59024615844237,False,True,False,,,,,,,,,,,,,,,,,,,ridge_affine_multibranch
same_well_masked,tr000b2,3,1372,1021,1372,0.023373173970783534,0.4986458083208854,0.5236388748470495,341.14456503801716,376.19920495648716,0.02499306652616412,35.05463991847,False,True,False,,,,,,,,,,,,,,,,,,,ridge_affine_multibranch
same_well_masked,tr000ac,0,2101,200,2101,0.0,0.4436173733990762,0.47256098302137545,413.4691817351218,469.1824674983444,0.02894360962229925,55.713285763222586,False,True,False,,,,,,,,,,,,,,,,,,,ridge_affine_multibranch
same_well_masked,tr0008a,3,1611,1674,1611,0.24816176470588236,0.5553723346698938,0.5947622521212064,496.8943109179852,569.8785819792943,0.039389917451312595,72.98427106130907,False,True,False,,,,,,,,,,,,,,,,,,,ridge_affine_multibranch
same_well_masked,tr000da,1,3852,751,3852,0.0,1.6161640013275655,1.6566815014188891,10061.370377028814,10572.174536196935,0.0405175000913236,510.80415916812126,False,True,False,,,,,,,,,,,,,,,,,,,ridge_affine_multibranch
same_well_masked,tr00060,3,1532,2029,1532,0.0,1.1995376009207692,1.2508165893183618,2204.38017862686,2396.8785586546774,0.051278988397592595,192.49838002781735,False,True,False,,,,,,,,,,,,,,,,,,,ridge_affine_multibranch
same_well_masked,tr00032,3,3429,200,3429,0.0,2.3824690446071117,2.4428596953968738,19463.548348644646,20462.775211991764,0.060390650789762024,999.2268633471176,False,True,False,,,,,,,,,,,,,,,,,,,ridge_affine_multibranch
same_well_masked,tr00028,2,2993,200,2993,0.0,2.9268931095270845,2.9892748170555943,25640.142900869196,26744.74144812509,0.0623817075285098,1104.5985472558932,False,True,False,,,,,,,,,,,,,,,,,,,ridge_affine_multibranch
same_well_masked,tr00001,2,3735,835,3735,0.04105960264900662,0.6879055673089506,0.753062657052756,1767.4545497119148,2118.1310699458772,0.06515708974380541,350.6765202339625,False,True,False,,,,,,,,,,,,,,,,,,,ridge_affine_multibranch
same_well_masked,tr00061,4,2525,710,2525,0.09774305555555556,1.7496678101147891,1.831742566433544,7729.8770505235025,8472.084094953481,0.08207475631875494,742.2070444299789,False,True,False,,,,,,,,,,,,,,,,,,,ridge_affine_multibranch
same_well_masked,tr000d0,0,1235,1495,1235,0.11046658259773014,0.8379075801339088,0.925410135100765,867.0800543646404,1057.6341389118118,0.08750255496685622,190.55408454717133,False,True,False,,,,,,,,,,,,,,,,,,,ridge_affine_multibranch
same_well_masked,tr000e0,3,1732,460,1732,0.0,0.99470201403365,1.0851139285063225,1713.6963915235426,2039.3819159361506,0.0904119144726725,325.68552441260795,False,True,False,,,,,,,,,,,,,,,,,,,ridge_affine_multibranch
same_well_masked,tr00008,3,1523,810,1523,0.09880705394190871,1.5298933444141132,1.6253009252209425,3564.6936617654,4023.1615175291313,0.09540758080682932,458.4678557637312,False,True,False,,,,,,,,,,,,,,,,,,,ridge_affine_multibranch
same_well_masked,tr000d1,2,1697,2851,1697,0.10136108887109688,0.7200944500800767,0.8309884487252236,879.9556209103091,1171.8494378493367,0.11089399864514693,291.8938169390276,False,True,False,,,,,,,,,,,,,,,,,,,ridge_affine_multibranch
same_well_masked,tr00034,4,3550,640,3550,0.015762273901808784,0.32720761549905497,0.44148498823595217,380.08012392404976,691.9269316738307,0.1142773727368972,311.84680774978096,False,True,False,,,,,,,,,,,,,,,,,,,ridge_affine_multibranch
same_well_masked,tr000e6,0,1605,2018,1605,0.12834736036725325,1.099628179540175,1.2147656221978282,1940.7373238483374,2368.4271045822516,0.11513744265765324,427.6897807339142,False,True,False,,,,,,,,,,,,,,,,,,,ridge_affine_multibranch
same_well_masked,tr00018,2,1170,1998,1170,0.10396496081143385,0.9327710598839265,1.04808269538096,1017.9723646836709,1285.2184835377118,0.1153116354970336,267.2461188540409,False,True,False,,,,,,,,,,,,,,,,,,,ridge_affine_multibranch
same_well_masked,tr000dc,4,3319,2339,3319,0.059708143032193385,1.0112185200772925,1.126818725373352,3393.8862496577203,4214.202139868872,0.11560020529605941,820.3158902111518,False,True,False,,,,,,,,,,,,,,,,,,,ridge_affine_multibranch
same_well_masked,tr000e7,4,3454,348,3454,0.14608599779492834,0.6013325087979675,0.7298353957642825,1248.9691153180881,1839.806620760545,0.12850288696631496,590.8375054424569,False,True,False,,,,,,,,,,,,,,,,,,,ridge_affine_multibranch
same_well_masked,tr00085,4,2529,3666,2529,0.03587803759743237,0.2919253900394162,0.42185633213837725,215.52247594130347,450.0678325971042,0.12993094209896106,234.54535665580073,False,True,False,,,,,,,,,,,,,,,,,,,ridge_affine_multibranch
same_well_masked,tr000d4,4,2949,200,2949,0.057502503218423685,0.43849128541121496,0.5713428516183227,567.0178171682782,962.6498969272068,0.1328515662071077,395.6320797589286,False,True,False,,,,,,,,,,,,,,,,,,,ridge_affine_multibranch
same_well_masked,tr00084,2,1986,3734,1986,0.8093693226057618,1.056535063742149,1.1965647701228797,2216.90495306042,2843.48975671105,0.14002970638073076,626.58480365063,False,True,False,,,,,,,,,,,,,,,,,,,ridge_affine_multibranch
same_well_masked,tr0008c,0,1264,1972,1264,0.0,0.6654890273444583,0.818388753214294,559.7948159320636,846.5768313539854,0.1528997258698358,286.78201542192187,False,True,False,,,,,,,,,,,,,,,,,,,ridge_affine_multibranch
same_well_masked,tr00026,3,2443,3670,2443,0.0,0.2973768281919104,0.4510669529964323,216.04176512081006,497.0561906368415,0.15369012480452188,281.01442551603145,False,True,False,,,,,,,,,,,,,,,,,,,ridge_affine_multibranch
same_well_masked,tr000d9,4,3662,520,3662,0.6907190209077001,1.7862254809507305,1.952998725124152,11683.982578737061,13967.615122472496,0.16677324417342154,2283.6325437354353,False,True,False,,,,,,,,,,,,,,,,,,,ridge_affine_multibranch
same_well_masked,tr000b0,0,2525,500,2525,0.0,0.3579446686926728,0.5274811194185761,323.5140742599059,702.5467366412622,0.16953645072590334,379.0326623813563,False,True,False,,,,,,,,,,,,,,,,,,,ridge_affine_multibranch
same_well_masked,tr000c7,2,1877,200,1877,0.6703406813627254,1.7464194985266004,1.9179014482499872,5724.814458693234,6904.255376679271,0.17148194972338682,1179.4409179860368,False,True,False,,,,,,,,,,,,,,,,,,,ridge_affine_multibranch
same_well_masked,tr00054,2,1457,2582,1457,0.8131368267831149,0.8597637198796091,1.0350697253655372,1077.0051539089218,1560.9851230885965,0.17530600548592812,483.97996917967475,False,True,False,,,,,,,,,,,,,,,,,,,ridge_affine_multibranch
same_well_masked,tr000ea,4,1520,1485,1520,0.6901657458563536,0.5502114701652776,0.7271738950809823,460.1536460901831,803.7484480046162,0.17696242491570469,343.5948019144331,False,True,False,,,,,,,,,,,,,,,,,,,ridge_affine_multibranch
same_well_masked,tr00095,4,3500,200,3500,0.0,3.904152332060492,4.08297016924445,53348.41901176682,58347.25891029017,0.17881783718395816,4998.839898523351,False,True,False,,,,,,,,,,,,,,,,,,,ridge_affine_multibranch
same_well_masked,tr000cd,3,2885,2344,2885,0.0,1.052497101538768,1.2340023884413147,3195.85917913656,4393.168066148538,0.18150528690254664,1197.3088870119777,False,True,False,,,,,,,,,,,,,,,,,,,ridge_affine_multibranch
same_well_masked,tr00064,0,3011,200,3011,0.6922152088969041,0.8442637707866176,1.0311518306186513,2146.1845384498065,3201.518308440258,0.18688805983203371,1055.3337699904514,False,True,False,,,,,,,,,,,,,,,,,,,ridge_affine_multibranch
same_well_masked,tr000e2,4,1641,2342,1641,0.11130867709815079,0.7744172652939655,0.9685365380723776,984.1439673888153,1539.361424978792,0.19411927277841212,555.2174575899767,False,True,False,,,,,,,,,,,,,,,,,,,ridge_affine_multibranch
same_well_masked,tr00091,0,1568,200,1568,0.0,0.597123432259703,0.7957366535587367,559.0804247784574,992.8526166088316,0.1986132212990337,433.77219183037414,False,True,False,,,,,,,,,,,,,,,,,,,ridge_affine_multibranch
same_well_masked,tr0009f,3,1947,2309,1947,0.729163308076737,0.6320439672598411,0.8386498177797045,777.7867355419916,1369.3903573301804,0.20660585051986335,591.6036217881889,False,True,False,,,,,,,,,,,,,,,,,,,ridge_affine_multibranch
same_well_masked,tr00013,1,4023,240,4023,0.03439536567704562,3.4523882522727156,3.676334834471654,47950.075224544526,54372.60633034735,0.2239465821989386,6422.531105802824,False,True,False,,,,,,,,,,,,,,,,,,,ridge_affine_multibranch
same_well_masked,tr00098,1,1172,2047,1172,0.7171487132771578,0.4569765856836144,0.684532935939749,244.74594703949901,549.1820189327348,0.22755635025613458,304.43607189323575,False,True,False,,,,,,,,,,,,,,,,,,,ridge_affine_multibranch
same_well_masked,tr000a4,1,1511,732,1511,0.0,0.3327429797961043,0.5692460106947066,167.29473270202547,489.6259822653672,0.2365030308986023,322.33124956334177,False,True,False,,,,,,,,,,,,,,,,,,,ridge_affine_multibranch
same_well_masked,tr00075,2,1563,493,1563,0.06825089803813209,2.1479541769287165,2.3877670406395803,7211.224269487968,8911.337341290026,0.23981286371086386,1700.1130718020577,False,True,False,,,,,,,,,,,,,,,,,,,ridge_affine_multibranch
same_well_masked,tr0009b,0,3346,202,3346,0.01392515230635335,1.7449043577010046,1.9878673517740035,10187.536813835155,13222.10917120112,0.24296299407299893,3034.572357365965,False,True,False,,,,,,,,,,,,,,,,,,,ridge_affine_multibranch
same_well_masked,tr000de,1,2356,200,2356,0.17310278578290106,1.1973861835273933,1.4469768737896034,3377.8765324154106,4932.856324652237,0.24959069026221004,1554.9797922368266,False,True,False,,,,,,,,,,,,,,,,,,,ridge_affine_multibranch
same_well_masked,tr0003f,3,1739,2277,1739,0.06046915725456125,2.40068230821696,2.6504932241688213,10022.3361727305,12216.673822243445,0.2498109159518611,2194.337649512945,False,True,False,,,,,,,,,,,,,,,,,,,ridge_affine_multibranch
same_well_masked,tr00017,0,1666,512,1666,0.05124869927159209,1.507024174719407,1.7595984073068995,3783.6890240723915,5158.246800624965,0.25257423258749245,1374.5577765525732,False,True,False,,,,,,,,,,,,,,,,,,,ridge_affine_multibranch
same_well_masked,tr0007a,1,2430,3443,2430,0.0,1.3761724387930834,1.629743640913925,4602.056912543698,6454.236334291485,0.2535712021208416,1852.1794217477873,False,True,False,,,,,,,,,,,,,,,,,,,ridge_affine_multibranch
same_well_masked,tr0004c,2,1939,703,1939,0.5457323728443572,3.719103867007335,3.973366224065556,26819.7313991889,30612.232312906704,0.254262357058221,3792.500913717806,False,True,False,,,,,,,,,,,,,,,,,,,ridge_affine_multibranch
same_well_masked,tr00088,1,2047,1253,2047,0.06601832803441182,0.5909559437070907,0.8497858826618354,714.871614393405,1478.2124869221632,0.2588299389547447,763.3408725287582,False,True,False,,,,,,,,,,,,,,,,,,,ridge_affine_multibranch
same_well_masked,tr0006e,2,2956,586,2956,0.09679901508156356,0.4055229346725884,0.6845669054839462,486.11080221240456,1385.275742935908,0.2790439708113578,899.1649407235035,False,True,False,,,,,,,,,,,,,,,,,,,ridge_affine_multibranch
same_well_masked,tr0001b,3,2450,200,2450,0.0,0.6658185511226107,0.9503816351572789,1086.1201403965806,2212.9018684883467,0.28456308403466823,1126.7817280917661,False,True,False,,,,,,,,,,,,,,,,,,,ridge_affine_multibranch
same_well_masked,tr00042,2,2629,1581,2629,0.0,2.103013174887603,2.3886042180693923,11627.184743750946,14999.57576071191,0.2855910431817894,3372.3910169609644,False,True,False,,,,,,,,,,,,,,,,,,,ridge_affine_multibranch
same_well_masked,tr0003c,2,2761,2946,2761,0.06896551724137931,0.6677153329574408,0.9625780560446965,1230.9746375573127,2558.2225350954304,0.2948627230872557,1327.2478975381177,False,True,False,,,,,,,,,,,,,,,,,,,ridge_affine_multibranch
same_well_masked,tr00093,4,1471,1320,1471,0.6755044580009385,0.9332248129174665,1.2319956492058788,1281.1064791753602,2232.703334383118,0.2987708362884123,951.5968552077579,False,True,False,,,,,,,,,,,,,,,,,,,ridge_affine_multibranch
same_well_masked,tr000a6,3,1643,3198,1643,0.0,0.5834019127689253,0.8829601344116003,559.20785196427,1280.9133580915286,0.299558221642675,721.7055061272586,False,True,False,,,,,,,,,,,,,,,,,,,ridge_affine_multibranch
same_well_masked,tr000c8,0,1353,2314,1353,0.07191235059760956,1.8628803050462581,2.177557746493073,4695.347060847262,6415.598221289122,0.31467744144681475,1720.2511604418605,False,True,False,,,,,,,,,,,,,,,,,,,ridge_affine_multibranch
same_well_masked,tr00074,0,2043,200,2043,0.20623206232062322,3.4060024924308605,3.7278621352524572,23700.542634963615,28391.481311174328,0.32185964282159674,4690.938676210713,False,True,False,,,,,,,,,,,,,,,,,,,ridge_affine_multibranch
same_well_masked,tr0002d,1,3241,200,3241,0.08988605992403995,2.3002624855604723,2.63501919121414,17148.803515527445,22503.320013474564,0.33475670565366755,5354.516497947119,False,True,False,,,,,,,,,,,,,,,,,,,ridge_affine_multibranch
same_well_masked,tr00086,4,2543,2060,2543,0.0,1.4429687637152955,1.7881919049630368,5294.929963326616,8131.573824864276,0.34522314124774134,2836.643861537659,False,True,False,,,,,,,,,,,,,,,,,,,ridge_affine_multibranch
same_well_masked,tr00053,3,3026,502,3026,0.03387244430881904,0.9829632269171708,1.3370907743106983,2923.7717507565085,5409.918321447764,0.3541275473935276,2486.146570691256,False,True,False,,,,,,,,,,,,,,,,,,,ridge_affine_multibranch
same_well_masked,tr00047,2,2551,256,2551,0.03938036580813736,1.925444980938663,2.282776216447531,9457.420193660437,13293.432565919566,0.35733123550886825,3836.012372259129,False,True,False,,,,,,,,,,,,,,,,,,,ridge_affine_multibranch
same_well_masked,tr00067,1,1803,1082,1803,0.1260665529010239,1.6867554073967568,2.0469926275683146,5129.794279301104,7554.892407626217,0.3602372201715578,2425.098128325113,False,True,False,,,,,,,,,,,,,,,,,,,ridge_affine_multibranch
same_well_masked,tr00051,3,1395,1232,1395,0.19666832421680755,0.29592859793593335,0.6562290177914816,122.16536043147656,600.7379506892439,0.3603004198555482,478.5725902577674,False,True,False,,,,,,,,,,,,,,,,,,,ridge_affine_multibranch
same_well_masked,tr0006c,4,3992,384,3992,0.0,0.28973602658392217,0.6512236343123011,335.1162846817519,1692.9761497725915,0.36148760772837896,1357.8598650908395,False,True,False,,,,,,,,,,,,,,,,,,,ridge_affine_multibranch
same_well_masked,tr0004f,4,2033,200,2033,0.15246842709529276,0.7799032903461659,1.1562050437980989,1236.5705062812135,2717.7349400173644,0.37630175345193295,1481.1644337361508,False,True,False,,,,,,,,,,,,,,,,,,,ridge_affine_multibranch
same_well_masked,tr00002,4,1907,369,1907,0.0,1.2074512134816304,1.5848691211712247,2780.2885916132655,4790.021920278589,0.37741790768959427,2009.7333286653238,False,True,False,,,,,,,,,,,,,,,,,,,ridge_affine_multibranch
same_well_masked,tr00056,2,2782,200,2782,0.0,2.4951253878507593,2.872580468163464,17319.76025045297,22956.280995178495,0.3774550803127048,5636.520744725523,False,True,False,,,,,,,,,,,,,,,,,,,ridge_affine_multibranch
same_well_masked,tr000ce,1,2914,2212,2914,0.06654228855721393,1.184751847616088,1.5883015494058301,4090.1980444122455,7351.153079716215,0.40354970178974203,3260.9550353039695,False,True,False,,,,,,,,,,,,,,,,,,,ridge_affine_multibranch
same_well_masked,tr000e1,0,2058,272,2058,0.1390154968094804,1.8870164911397898,2.300760847946016,7328.190687461393,10894.023986690137,0.41374435680622623,3565.833299228744,False,True,False,,,,,,,,,,,,,,,,,,,ridge_affine_multibranch
same_well_masked,tr00011,4,2787,3359,2787,0.05877084965856935,2.308695892165364,2.7277171898030788,14854.923825610917,20736.50925525406,0.4190212976377148,5881.585429643143,False,True,False,,,,,,,,,,,,,,,,,,,ridge_affine_multibranch
same_well_masked,tr000ae,4,2607,940,2607,0.0,1.003192856212436,1.430349537891987,2623.6741289120187,5333.660780028169,0.4271566816795511,2709.9866511161504,False,True,False,,,,,,,,,,,,,,,,,,,ridge_affine_multibranch
same_well_masked,tr00080,3,2691,3328,2691,0.08358208955223881,1.713449711065042,2.1726029758028056,7900.5335741308245,12702.068131047254,0.45915326473776363,4801.534556916429,False,True,False,,,,,,,,,,,,,,,,,,,ridge_affine_multibranch
same_well_masked,tr00020,2,3495,289,3495,0.6487154828960022,0.7609366736963836,1.232917988416361,2023.6910517095278,5312.703247731458,0.4719813147199774,3289.0121960219303,False,True,False,,,,,,,,,,,,,,,,,,,ridge_affine_multibranch
same_well_masked,tr0003e,0,1651,200,1651,0.026977475117862755,0.5968698582607173,1.0692306667999922,588.1747393329787,1887.5127152809928,0.472360808539275,1299.337975948014,False,True,False,,,,,,,,,,,,,,,,,,,ridge_affine_multibranch
same_well_masked,tr000d5,4,2437,3844,2437,0.04496444138563891,0.3569560114919186,0.8316880328160277,310.51667691971295,1685.685045835933,0.4747320213241091,1375.16836891622,False,True,False,,,,,,,,,,,,,,,,,,,ridge_affine_multibranch
same_well_masked,tr00087,4,1529,2619,1529,0.14180024660912455,2.793257720070259,3.3109012557931927,11929.699408129383,16761.000635062188,0.5176435357229336,4831.301226932805,False,True,False,,,,,,,,,,,,,,,,,,,ridge_affine_multibranch
same_well_masked,tr00038,3,2964,2070,2964,0.06001500375093773,2.8737511010542782,3.4040482577099493,24478.032138362843,34345.48201898497,0.5302971566556711,9867.449880622127,False,True,False,,,,,,,,,,,,,,,,,,,ridge_affine_multibranch
same_well_masked,tr000af,2,3573,357,3573,0.15820338531254166,6.371336790902614,6.910359698146505,145042.12083360922,170621.72324670313,0.5390229072438908,25579.602413093904,False,True,False,,,,,,,,,,,,,,,,,,,ridge_affine_multibranch
same_well_masked,tr00071,2,1695,200,1695,0.1494435612082671,0.7128727557785288,1.2630457395903234,861.3779242535094,2704.0072958038677,0.5501729838117946,1842.6293715503584,False,True,False,,,,,,,,,,,,,,,,,,,ridge_affine_multibranch
same_well_masked,tr0003d,0,1683,2441,1683,0.0990184260375409,0.4869695779673716,1.0447838505027094,399.1055594840068,1837.117854258544,0.5578142725353378,1438.0122947745372,False,True,False,,,,,,,,,,,,,,,,,,,ridge_affine_multibranch
same_well_masked,tr00069,0,3170,567,3170,0.0,1.8073907863672618,2.370512225645503,10355.316811225503,17813.270431833305,0.5631214392782411,7457.953620607803,False,True,False,,,,,,,,,,,,,,,,,,,ridge_affine_multibranch
same_well_masked,tr000ef,0,2253,442,2253,0.19098625707356506,0.5568551852804257,1.1231716324222965,698.6275821829399,2842.192204273509,0.5663164471418708,2143.564622090569,False,True,False,,,,,,,,,,,,,,,,,,,ridge_affine_multibranch
same_well_masked,tr0009d,2,3222,1996,3222,0.052843601895734595,1.804753383577193,2.391484012616016,10494.488246768376,18427.248811530757,0.586730629038823,7932.76056476238,False,True,False,,,,,,,,,,,,,,,,,,,ridge_affine_multibranch
same_well_masked,tr000c1,0,1926,664,1926,0.14570416297608504,1.4583048641766707,2.0629306931196134,4095.9338260734567,8196.44554392843,0.6046258289429427,4100.5117178549735,False,True,False,,,,,,,,,,,,,,,,,,,ridge_affine_multibranch
same_well_masked,tr000a8,2,3364,200,3364,0.15339425587467362,3.479133955315922,4.085527755585576,40719.11103786436,56150.330608144635,0.6063938002696543,15431.219570280278,False,True,False,,,,,,,,,,,,,,,,,,,ridge_affine_multibranch
same_well_masked,tr000be,0,2375,1310,2375,0.0,1.2646847754664428,1.8777094092869302,3798.6405055794407,8373.757486096096,0.6130246338204874,4575.1169805166555,False,True,False,,,,,,,,,,,,,,,,,,,ridge_affine_multibranch
same_well_masked,tr00039,0,1678,531,1678,0.293285310007718,1.8188736986394431,2.4333056387076337,5551.329970028706,9935.39828403276,0.6144319400681906,4384.068314004055,False,True,False,,,,,,,,,,,,,,,,,,,ridge_affine_multibranch
same_well_masked,tr000c4,2,2153,3277,2153,0.08677304496900963,3.392599195356538,4.009751635785758,24780.447183618737,34616.16691301817,0.6171524404292197,9835.719729399432,False,True,False,,,,,,,,,,,,,,,,,,,ridge_affine_multibranch
same_well_masked,tr00099,4,2607,1596,2607,0.10176211453744494,0.8174388975007372,1.455825665913856,1742.0139574408045,5525.349759373892,0.6383867684131188,3783.3358019330876,False,True,False,,,,,,,,,,,,,,,,,,,ridge_affine_multibranch
same_well_masked,tr000b1,3,2597,2234,2597,0.7036887452880991,2.503274055529723,3.144415735760059,16273.79144943812,25677.448779210343,0.6411416802303362,9403.657329772223,False,True,False,,,,,,,,,,,,,,,,,,,ridge_affine_multibranch
same_well_masked,tr0002e,4,1838,559,1838,0.1563164108618654,1.256930962309019,1.9336089698095933,2903.811066092359,6871.994625259478,0.6766780075005743,3968.1835591671193,False,True,False,,,,,,,,,,,,,,,,,,,ridge_affine_multibranch
same_well_masked,tr00066,2,3353,2141,3353,0.0,1.282783812138406,1.9688085711479797,5517.476537018596,12996.922707485739,0.6860247590095736,7479.446170467143,False,True,False,,,,,,,,,,,,,,,,,,,ridge_affine_multibranch
same_well_masked,tr000c9,1,2680,289,2680,0.18587360594795538,2.306627577309801,2.9948873968023313,14259.022491488302,24037.859392328188,0.6882598194925302,9778.836900839886,False,True,False,,,,,,,,,,,,,,,,,,,ridge_affine_multibranch
same_well_masked,tr0006f,3,1895,2738,1895,0.05177696078431373,0.3178551002399099,1.0391187414950327,191.45538369845144,2046.159903165188,0.7212636412551228,1854.7045194667367,False,True,False,,,,,,,,,,,,,,,,,,,ridge_affine_multibranch
same_well_masked,tr000bc,4,4159,619,4159,0.0,0.8748976719280551,1.6392505609979007,3183.489649259399,11175.825248803107,0.7643528890698456,7992.335599543708,False,True,False,,,,,,,,,,,,,,,,,,,ridge_affine_multibranch
same_well_masked,tr00030,1,1474,1904,1474,0.09047815333882935,1.8830471252022927,2.652418038028544,5226.607185229881,10370.063815028847,0.7693709128262511,5143.456629798966,False,True,False,,,,,,,,,,,,,,,,,,,ridge_affine_multibranch
same_well_masked,tr0005b,1,1828,466,1828,0.10019408054342552,1.2578808201978906,2.0438171740317563,2892.3788804981004,7635.900835505159,0.7859363538338657,4743.521955007059,False,True,False,,,,,,,,,,,,,,,,,,,ridge_affine_multibranch
same_well_masked,tr00077,3,1111,2206,1111,0.0,1.6547451422918273,2.456105029599912,3042.119630877562,6702.0540791492695,0.8013598873080845,3659.9344482717074,False,True,False,,,,,,,,,,,,,,,,,,,ridge_affine_multibranch
same_well_masked,tr0005d,0,1735,200,1735,0.17435762978500263,0.42261013897264793,1.3367341283434844,309.86983679090423,3100.1988553387027,0.9141239893708364,2790.3290185477986,False,True,False,,,,,,,,,,,,,,,,,,,ridge_affine_multibranch
same_well_masked,tr00049,2,3583,200,3583,0.03380060264640377,0.6476033281617224,1.573505293556715,1502.674623125118,8871.217450413147,0.9259019653949927,7368.542827288029,False,True,False,,,,,,,,,,,,,,,,,,,ridge_affine_multibranch
same_well_masked,tr000d2,4,2433,2747,2433,0.08656245895179299,0.2094106494171473,1.1573181777129224,106.69391127729457,3258.72459174276,0.9479075282957752,3152.030680465465,False,True,False,,,,,,,,,,,,,,,,,,,ridge_affine_multibranch
same_well_masked,tr000bf,4,2997,200,2997,0.719300866447565,1.5544879118928614,2.552451866710699,7242.048706658423,19525.486564029172,0.9979639548178374,12283.437857370749,False,True,False,,,,,,,,,,,,,,,,,,,ridge_affine_multibranch
same_well_masked,tr0003b,2,2358,255,2358,0.5429491048078857,3.245303523939342,4.381899990739119,24834.444121558758,45276.07007300352,1.136596466799777,20441.62595144476,False,True,False,,,,,,,,,,,,,,,,,,,ridge_affine_multibranch
same_well_masked,tr0004e,0,1813,1797,1813,0.7717130739443112,2.43031454311817,3.653256663607998,10708.355375405416,24196.813345605784,1.222942120489828,13488.457970200368,False,True,False,,,,,,,,,,,,,,,,,,,ridge_affine_multibranch
same_well_masked,tr00041,2,2310,3990,2310,0.06620209059233449,1.0036700142733626,2.256890082208187,2326.9865793439462,11766.107067721958,1.2532200679348247,9439.120488378012,False,True,False,,,,,,,,,,,,,,,,,,,ridge_affine_multibranch
same_well_masked,tr000a9,0,1536,574,1536,0.19171695008228196,1.0537803502535128,2.314590837841893,1705.6558488275193,8228.860026810835,1.2608104875883803,6523.204177983315,False,True,False,,,,,,,,,,,,,,,,,,,ridge_affine_multibranch
same_well_masked,tr00094,1,4069,200,4069,0.0,2.3956626291528043,3.660148272315276,23352.80249173494,54511.11279222794,1.2644856431624718,31158.310300493,False,True,False,,,,,,,,,,,,,,,,,,,ridge_affine_multibranch
same_well_masked,tr0001f,2,3631,660,3631,0.0,1.1013798216438382,2.4121291366663797,4404.539204344417,21126.490475168222,1.3107493150225416,16721.951270823803,False,True,False,,,,,,,,,,,,,,,,,,,ridge_affine_multibranch
same_well_masked,tr00015,4,1499,2428,1499,0.0,1.4681733661642924,3.408755381304276,3231.14401663817,17417.800261106717,1.9405820151399835,14186.656244468548,False,True,False,,,,,,,,,,,,,,,,,,,ridge_affine_multibranch
same_well_masked,tr0001e,0,3226,200,3226,0.0,1.9661870261046146,4.326609893751939,12471.365726152922,60389.27853516943,2.360422867647324,47917.91280901651,False,True,False,,,,,,,,,,,,,,,,,,,ridge_affine_multibranch
unseen_well,tr000e2,4,1641,3983,1641,0.11130867709815079,4.496143505878057,3.3914072461576907,33173.317844162506,18874.196342346353,-1.104736259720366,-14299.121501816153,True,False,False,,,,,,,,,,,,,,,,,,,ridge_affine_multibranch
unseen_well,tr000e6,0,1605,3623,1605,0.12834736036725325,9.932341530860068,8.899058036073482,158335.5102984646,127105.14045669345,-1.0332834947865859,-31230.369841771142,True,False,False,,,,,,,,,,,,,,,,,,,ridge_affine_multibranch
unseen_well,tr00057,2,3339,3271,3339,0.0518910741301059,3.625097266747779,2.6042257566563634,43878.90151570323,22645.070592260607,-1.0208715100914159,-21233.830923442627,True,False,False,,,,,,,,,,,,,,,,,,,ridge_affine_multibranch
unseen_well,tr000ea,4,1520,3005,1520,0.6901657458563536,2.1292592198476257,1.1163017544975524,6891.292134465302,1894.1170027833573,-1.0129574653500732,-4997.175131681945,True,False,False,,,,,,,,,,,,,,,,,,,ridge_affine_multibranch
unseen_well,tr000eb,1,3165,2705,3165,0.0,1.8849505474626278,0.9860894317108929,11245.367062591624,3077.5585426055004,-0.8988611157517349,-8167.808519986123,True,False,False,,,,,,,,,,,,,,,,,,,ridge_affine_multibranch
unseen_well,tr000dd,1,2872,3674,2872,0.15582034830430797,1.642864665936654,0.7916635833979799,7751.540379994818,1799.972090487939,-0.851201082538674,-5951.5682895068785,True,False,False,,,,,,,,,,,,,,,,,,,ridge_affine_multibranch
unseen_well,tr0004e,0,1813,3610,1813,0.7717130739443112,1.669970126133252,0.8904887378868217,5056.094802807825,1437.6549586458186,-0.7794813882464303,-3618.439844162006,True,False,False,,,,,,,,,,,,,,,,,,,ridge_affine_multibranch
unseen_well,tr0001d,4,2994,3743,2994,0.03458512691108802,1.6206712413115314,0.8565353039243119,7863.966365608294,2196.5562642449277,-0.7641359373872195,-5667.410101363366,True,False,False,,,,,,,,,,,,,,,,,,,ridge_affine_multibranch
unseen_well,tr000ec,1,1618,3416,1618,0.5411203814064363,3.8409163383435536,3.089621453677905,23869.768798773905,15445.040856329317,-0.7512948846656484,-8424.727942444588,True,False,False,,,,,,,,,,,,,,,,,,,ridge_affine_multibranch
unseen_well,tr00010,3,2774,6176,2774,0.711731843575419,1.5548046559200055,0.8761182046160254,6705.91619512764,2129.275542866952,-0.6786864513039801,-4576.6406522606885,True,False,False,,,,,,,,,,,,,,,,,,,ridge_affine_multibranch
unseen_well,tr000bf,4,3497,3197,3497,0.719300866447565,1.297071213509696,0.6823726348211919,5883.330884005557,1628.3165473965967,-0.6146985786885041,-4255.014336608961,True,False,False,,,,,,,,,,,,,,,,,,,ridge_affine_multibranch
unseen_well,tr00007,3,1758,4708,1758,0.0,1.7277860627679995,1.119317340372207,5248.060145146417,2202.547760269007,-0.6084687223957925,-3045.51238487741,True,False,False,,,,,,,,,,,,,,,,,,,ridge_affine_multibranch
unseen_well,tr0007e,3,2744,4014,2744,0.7169280852323172,1.1245647389263198,0.5500101096292077,3470.188217987941,830.0905151852501,-0.5745546292971121,-2640.097702802691,True,False,False,,,,,,,,,,,,,,,,,,,ridge_affine_multibranch
unseen_well,tr0000f,3,3108,2673,3108,0.101712506486767,5.658874435504137,5.091904995160493,99527.04849710144,80582.65905903309,-0.5669694403436436,-18944.38943806835,True,False,False,,,,,,,,,,,,,,,,,,,ridge_affine_multibranch
unseen_well,tr000cf,3,2997,2798,2997,0.5848144952545298,3.9893295543088807,3.4413515055608226,47696.506627768234,35493.171853922744,-0.5479780487480581,-12203.33477384549,True,False,False,,,,,,,,,,,,,,,,,,,ridge_affine_multibranch
unseen_well,tr00019,3,3877,4837,3877,0.6727105806747762,1.4039402079824645,0.87759740933154,7641.753513125832,2985.977054279274,-0.5263427986509246,-4655.776458846558,True,False,False,,,,,,,,,,,,,,,,,,,ridge_affine_multibranch
unseen_well,tr000a5,2,3988,3937,3988,0.012870662460567823,4.9169013132607144,4.4120975007625995,96413.5630750876,77632.81817266748,-0.5048038124981149,-18780.74490242012,True,False,False,,,,,,,,,,,,,,,,,,,ridge_affine_multibranch
unseen_well,tr000b8,1,3801,3755,3801,0.065643197458973,2.3426665662716495,1.8587340490957738,20860.217321403332,13132.045500283555,-0.4839325171758757,-7728.171821119777,True,False,False,,,,,,,,,,,,,,,,,,,ridge_affine_multibranch
unseen_well,tr0004f,4,2122,2233,2122,0.15246842709529276,2.6480668863498336,2.1809673863738697,14880.01197378407,10093.544967184964,-0.4670994999759639,-4786.467006599107,True,False,False,,,,,,,,,,,,,,,,,,,ridge_affine_multibranch
unseen_well,tr00065,2,1950,3639,1950,0.639112542494185,0.7922546993585898,0.32672948101173743,1223.9516418787507,208.16669983628861,-0.4655252183468524,-1015.784942042462,True,False,False,,,,,,,,,,,,,,,,,,,ridge_affine_multibranch
unseen_well,tr00097,1,1430,3348,1430,0.2402678945165341,1.2261095859257531,0.76153688482358,2149.782944879601,829.3119505339276,-0.4645727011021732,-1320.4709943456733,True,False,False,,,,,,,,,,,,,,,,,,,ridge_affine_multibranch
unseen_well,tr000df,4,1788,3346,1788,0.625633034670822,2.582227652655417,2.135444988965394,11922.204574447287,8153.504038004573,-0.44678266369002273,-3768.700536442714,True,False,False,,,,,,,,,,,,,,,,,,,ridge_affine_multibranch
unseen_well,tr0008b,4,2179,4670,2179,0.7865381807563148,1.4209727453712457,1.0123750326808758,4399.757360388523,2233.264087607622,-0.40859771269036993,-2166.493272780901,True,False,False,,,,,,,,,,,,,,,,,,,ridge_affine_multibranch
unseen_well,tr0007d,4,3208,5423,3208,0.05410728768393002,2.6976731970548165,2.299682214421405,23346.02969537032,16965.630825742246,-0.3979909826334116,-6380.398869628072,True,False,False,,,,,,,,,,,,,,,,,,,ridge_affine_multibranch
unseen_well,tr00066,2,3353,5494,3353,0.0,2.10582277995964,1.7184478416435538,14868.843563741562,9901.6201868588,-0.38737493831608605,-4967.223376882763,True,False,False,,,,,,,,,,,,,,,,,,,ridge_affine_multibranch
unseen_well,tr0001e,0,3528,3426,3528,0.0,3.485329248713876,3.100335895405647,42856.45046100584,33911.42763979411,-0.38499335330822904,-8945.022821211736,True,False,False,,,,,,,,,,,,,,,,,,,ridge_affine_multibranch
unseen_well,tr00009,1,2735,2445,2735,0.02335907335907336,1.3114391244832877,0.9624106554242972,4703.8514987117205,2533.250727559006,-0.34902846905899054,-2170.6007711527145,True,False,False,,,,,,,,,,,,,,,,,,,ridge_affine_multibranch
unseen_well,tr00083,1,1248,2725,1248,0.2912157060156053,1.3484836159957783,1.0015209499396713,2269.3732621360937,1251.7991780337409,-0.3469626660561069,-1017.5740841023528,True,False,False,,,,,,,,,,,,,,,,,,,ridge_affine_multibranch
unseen_well,tr000c5,4,3186,5135,3186,0.07162600648960461,2.035816187763115,1.6913435417178282,13204.52849544168,9114.008521888394,-0.3444726460452867,-4090.519973553286,True,False,False,,,,,,,,,,,,,,,,,,,ridge_affine_multibranch
unseen_well,tr0008d,0,3861,4664,3861,0.03401759530791789,1.996261520889334,1.6556771104683428,15386.316890823695,10584.030706031299,-0.3405844104209912,-4802.286184792396,True,False,False,,,,,,,,,,,,,,,,,,,ridge_affine_multibranch
unseen_well,tr0003f,3,1739,4016,1739,0.06046915725456125,0.6198653134038967,0.2901991963734078,668.18119875792,146.450882448267,-0.3296661170304889,-521.7303163096531,True,False,False,,,,,,,,,,,,,,,,,,,ridge_affine_multibranch
unseen_well,tr000a7,1,3587,3073,3587,0.07402402402402403,3.1929376090573367,2.868353459656957,36568.92901371868,29511.868779889883,-0.32458414940037983,-7057.060233828801,True,False,False,,,,,,,,,,,,,,,,,,,ridge_affine_multibranch
unseen_well,tr00091,0,1916,1768,1916,0.0,7.283130645076238,6.96963258112641,101632.28865906435,93071.19125326208,-0.3134980639498277,-8561.09740580227,True,False,False,,,,,,,,,,,,,,,,,,,ridge_affine_multibranch
unseen_well,tr00040,0,2042,4097,2042,0.0,1.5485585197761513,1.2443974135914866,4896.784384887805,3162.0878926703967,-0.30416110618466474,-1734.696492217408,True,False,False,,,,,,,,,,,,,,,,,,,ridge_affine_multibranch
unseen_well,tr0006b,0,1879,4038,1879,0.09869866486395133,1.064230595838716,0.7624905075538588,2128.1305241430296,1092.435143552204,-0.3017400882848571,-1035.6953805908256,True,False,False,,,,,,,,,,,,,,,,,,,ridge_affine_multibranch
unseen_well,tr000db,4,1571,3268,1571,0.02748501756561273,1.5973245183861053,1.2960112945701505,4008.321064365761,2638.722728051487,-0.3013132238159548,-1369.5983363142736,True,False,False,,,,,,,,,,,,,,,,,,,ridge_affine_multibranch
unseen_well,tr00058,3,1856,5173,1856,0.0684307867406459,1.4735656801781616,1.1745269271237737,4030.1106304108107,2560.3770607120396,-0.2990387530543879,-1469.7335696987711,True,False,False,,,,,,,,,,,,,,,,,,,ridge_affine_multibranch
unseen_well,tr00061,4,2525,3235,2525,0.09774305555555556,2.432939308921461,2.136083914350177,14945.96404426047,11521.207585092576,-0.29685539457128396,-3424.7564591678947,True,False,False,,,,,,,,,,,,,,,,,,,ridge_affine_multibranch
unseen_well,tr00075,2,1563,2056,1563,0.06825089803813209,1.3502738068579874,1.0602549886284958,2849.7231094998083,1757.0318217448487,-0.2900188182294916,-1092.6912877549596,True,False,False,,,,,,,,,,,,,,,,,,,ridge_affine_multibranch
unseen_well,tr0005b,1,1828,2294,1828,0.10019408054342552,1.0109804528884119,0.7340255484712142,1868.364938351854,984.9145286178773,-0.2769549044171977,-883.4504097339768,True,False,False,,,,,,,,,,,,,,,,,,,ridge_affine_multibranch
unseen_well,tr000a0,2,2595,4265,2595,0.0575801749271137,4.397350922981293,4.124792976148792,50178.72388789628,44151.114864344236,-0.27255794683250034,-6027.609023552046,True,False,False,,,,,,,,,,,,,,,,,,,ridge_affine_multibranch
unseen_well,tr00055,1,2275,2411,2275,0.0,0.8915617060313388,0.6260756246992671,1808.3571771299385,891.733314841864,-0.26548608133207163,-916.6238622880745,True,False,False,,,,,,,,,,,,,,,,,,,ridge_affine_multibranch
unseen_well,tr0001a,0,2686,6091,2686,0.09114731685086021,1.001915206548484,0.7385888166603222,2696.298341869763,1465.2491000970367,-0.2633263898881618,-1231.0492417727264,True,False,False,,,,,,,,,,,,,,,,,,,ridge_affine_multibranch
unseen_well,tr000dc,4,3319,5658,3319,0.059708143032193385,2.5146311968749924,2.256889687301982,20987.2652168496,16905.49597029748,-0.25774150957301023,-4081.7692465521177,True,False,False,,,,,,,,,,,,,,,,,,,ridge_affine_multibranch
unseen_well,tr0007a,1,2430,5873,2430,0.0,0.6644868675777853,0.40929630663479555,1072.9489971555095,407.0820238984695,-0.25519056094298975,-665.86697325704,True,False,False,,,,,,,,,,,,,,,,,,,ridge_affine_multibranch
unseen_well,tr0005d,0,1879,1935,1879,0.17435762978500263,5.721752929049343,5.470595054582365,61515.55991585822,56233.6038620443,-0.251157874466978,-5281.956053813919,True,False,False,,,,,,,,,,,,,,,,,,,ridge_affine_multibranch
unseen_well,tr00068,4,2525,4209,2525,0.06712206712206713,0.6595609141138329,0.4176317288206442,1098.427013552354,440.40105881724327,-0.2419291852931887,-658.0259547351109,True,False,False,,,,,,,,,,,,,,,,,,,ridge_affine_multibranch
unseen_well,tr00072,4,3889,3439,3889,0.0656386462882096,2.403743433132705,2.1682003731586055,22470.57391266594,18282.550125404137,-0.23554305997409974,-4188.023787261802,True,False,False,,,,,,,,,,,,,,,,,,,ridge_affine_multibranch
unseen_well,tr0003a,0,2473,2216,2473,0.03838771593090211,1.3865885896179915,1.1522568734578857,4754.658838391839,3283.39196671172,-0.23433171616010573,-1471.2668716801186,True,False,False,,,,,,,,,,,,,,,,,,,ridge_affine_multibranch
unseen_well,tr0006a,2,2356,6214,2356,0.0,0.9593070202728027,0.7397266306785439,2168.156023744874,1289.192570046133,-0.21958038959425874,-878.963453698741,True,False,False,,,,,,,,,,,,,,,,,,,ridge_affine_multibranch
unseen_well,tr00018,2,1170,3168,1170,0.10396496081143385,0.5638269634439148,0.35946799728681406,371.94398830647117,151.18417205586974,-0.20435896615710075,-220.75981625060143,True,False,False,,,,,,,,,,,,,,,,,,,ridge_affine_multibranch
unseen_well,tr000d2,4,2433,5180,2433,0.08656245895179299,1.0012589630105513,0.8173129281151617,2439.129970284811,1625.2450278553486,-0.18394603489538963,-813.8849424294624,True,False,False,,,,,,,,,,,,,,,,,,,ridge_affine_multibranch
unseen_well,tr0008e,1,2415,3483,2415,0.12800949474398102,1.248640848109092,1.0746136127495525,3765.236081673321,2788.828516346548,-0.17402723535953957,-976.4075653267732,True,False,False,,,,,,,,,,,,,,,,,,,ridge_affine_multibranch
unseen_well,tr00003,2,2817,4992,2817,0.06146753745678064,1.341810377638705,1.1881971878264408,5071.881987231149,3977.0759735159513,-0.15361318981226413,-1094.8060137151974,True,False,False,,,,,,,,,,,,,,,,,,,ridge_affine_multibranch
unseen_well,tr00079,4,1768,2826,1768,0.15063125816282108,0.7507821430409275,0.6029242431841049,996.5753249145376,642.6991928578142,-0.14785789985682263,-353.87613205672346,True,False,False,,,,,,,,,,,,,,,,,,,ridge_affine_multibranch
unseen_well,tr000b3,2,2505,2381,2505,0.12054850593532541,1.907256980582331,1.7680215991750698,9112.261120899975,7830.380439749676,-0.1392353814072611,-1281.880681150299,True,False,False,,,,,,,,,,,,,,,,,,,ridge_affine_multibranch
unseen_well,tr00036,0,4230,4678,4230,0.0,0.5356650364659845,0.40027232407552643,1213.7436423656025,677.7218583700824,-0.13539271239045808,-536.0217839955201,True,False,False,,,,,,,,,,,,,,,,,,,ridge_affine_multibranch
unseen_well,tr0006e,2,2956,3542,2956,0.09679901508156356,0.8289173216079098,0.694335631630142,2031.0792054381811,1425.093421402231,-0.13458168997776776,-605.9857840359502,True,False,False,,,,,,,,,,,,,,,,,,,ridge_affine_multibranch
unseen_well,tr000c1,0,1926,2590,1926,0.14570416297608504,0.8403366852244543,0.709923516054809,1360.0752239725293,970.6874337953211,-0.1304131691696453,-389.3877901772082,True,False,False,,,,,,,,,,,,,,,,,,,ridge_affine_multibranch
unseen_well,tr00089,1,2128,2092,2128,0.21824644549763034,1.1560877776055114,1.0294468269138717,2844.154884597394,2255.1709173747868,-0.12664095069163972,-588.9839672226071,True,False,False,,,,,,,,,,,,,,,,,,,ridge_affine_multibranch
unseen_well,tr000aa,3,2609,5887,2609,0.06497175141242938,0.5492595567750626,0.4250051895250734,787.098932389098,471.2621336205424,-0.12425436724998917,-315.8367987685556,True,False,False,,,,,,,,,,,,,,,,,,,ridge_affine_multibranch
unseen_well,tr000d6,0,2057,3839,2057,0.0,0.38996125250005836,0.270380847723818,312.8075342745592,150.37863639220438,-0.11958040477624038,-162.42889788235482,True,False,False,,,,,,,,,,,,,,,,,,,ridge_affine_multibranch
unseen_well,tr00027,4,2048,2237,2048,0.12438739789964995,0.9569288331382891,0.8381773736004537,1875.3797973840026,1438.8046020930656,-0.11875145953783539,-436.575195290937,True,False,False,,,,,,,,,,,,,,,,,,,ridge_affine_multibranch
unseen_well,tr00059,3,2065,4473,2065,0.0,2.1914690220923383,2.0746836385250784,9917.237820442071,8888.404692924954,-0.11678538356725987,-1028.8331275171167,True,False,False,,,,,,,,,,,,,,,,,,,ridge_affine_multibranch
unseen_well,tr000ac,0,2131,2301,2131,0.0,0.8795929242372236,0.76310102656361,1648.7199910566135,1240.93068963813,-0.11649189767361356,-407.78930141848355,True,False,False,,,,,,,,,,,,,,,,,,,ridge_affine_multibranch
unseen_well,tr0003b,2,2358,2613,2358,0.5429491048078857,1.6734249253101214,1.5574887046560038,6603.22761237078,5719.968171578983,-0.11593622065411768,-883.2594407917968,True,False,False,,,,,,,,,,,,,,,,,,,ridge_affine_multibranch
unseen_well,tr0005a,4,1378,2599,1378,0.1528790545637415,0.5801954112325085,0.4658203996592904,463.8716135666278,299.01035244998513,-0.11437501157321811,-164.86126111664265,True,False,False,,,,,,,,,,,,,,,,,,,ridge_affine_multibranch
unseen_well,tr000ad,3,3617,4463,3617,0.5429455445544554,0.5622997711156527,0.44917628452166525,1143.6267949023195,729.7635131638804,-0.11312348659398741,-413.8632817384391,True,False,False,,,,,,,,,,,,,,,,,,,ridge_affine_multibranch
unseen_well,tr00002,4,1907,2276,1907,0.0,0.552585034533841,0.4425999679864848,582.3028702851914,373.57125327874246,-0.10998506654735618,-208.73161700644891,True,False,False,,,,,,,,,,,,,,,,,,,ridge_affine_multibranch
unseen_well,tr000e9,1,3452,5441,3452,0.0,0.9064148060165217,0.797077036290396,2836.1210875537236,2193.165379749673,-0.10933776972612574,-642.9557078040507,True,False,False,,,,,,,,,,,,,,,,,,,ridge_affine_multibranch
unseen_well,tr00042,2,2629,4210,2629,0.0,0.8370140714469103,0.7296545067029212,1841.857829198551,1399.6682930703014,-0.10735956474398911,-442.18953612824953,True,False,False,,,,,,,,,,,,,,,,,,,ridge_affine_multibranch
unseen_well,tr00044,2,1698,4755,1698,0.03455757012242368,0.5312003678434583,0.4272117430177891,479.1311646933491,309.9017649861611,-0.10398862482566917,-169.229399707188,True,False,False,,,,,,,,,,,,,,,,,,,ridge_affine_multibranch
unseen_well,tr00043,0,2849,3069,2849,0.14109496451503886,3.5739293415425517,3.47350906630159,36390.19420332718,34373.94065075245,-0.10042027524096175,-2016.2535525747298,True,False,False,,,,,,,,,,,,,,,,,,,ridge_affine_multibranch
unseen_well,tr00035,1,2067,3236,2067,0.2187441071091835,3.46032299346065,3.361525681683452,24749.917397822803,23356.800096112158,-0.09879731177719808,-1393.1173017106448,True,False,False,,,,,,,,,,,,,,,,,,,ridge_affine_multibranch
unseen_well,tr0000c,1,2134,2125,2134,0.03639351960554121,1.4044486418509885,1.3125577923993585,4209.263757532182,3676.472183200585,-0.09189084945162995,-532.7915743315975,True,False,False,,,,,,,,,,,,,,,,,,,ridge_affine_multibranch
unseen_well,tr000c7,2,1915,2077,1915,0.6703406813627254,0.7924997092534801,0.702691178947374,1202.7268362545187,945.5789200384124,-0.08980853030610614,-257.1479162161063,True,False,False,,,,,,,,,,,,,,,,,,,ridge_affine_multibranch
unseen_well,tr0001c,3,2143,5778,2143,0.06867819719732357,1.2216633008910096,1.1319008842487168,3198.3443960542154,2745.610768008167,-0.08976241664229279,-452.7336280460486,True,False,False,,,,,,,,,,,,,,,,,,,ridge_affine_multibranch
unseen_well,tr000da,1,3852,4603,3852,0.0,3.4933620768685194,3.4046038623575456,47008.184767597275,44649.793374301844,-0.08875821451097377,-2358.391393295431,True,False,False,,,,,,,,,,,,,,,,,,,ridge_affine_multibranch
unseen_well,tr0002f,4,2063,4132,2063,0.02986279257465698,1.7797915002338125,1.6979906194178553,6534.8780090202345,5947.984132310819,-0.08180088081595716,-586.893876709415,True,False,False,,,,,,,,,,,,,,,,,,,ridge_affine_multibranch
unseen_well,tr00037,4,1859,2305,1859,0.143611911623439,3.3265324182249683,3.2512432718671334,20571.355530943576,19650.713449109164,-0.0752891463578349,-920.6420818344122,True,False,False,,,,,,,,,,,,,,,,,,,ridge_affine_multibranch
unseen_well,tr000e0,3,1732,2192,1732,0.0,0.861155353791222,0.7873442597618527,1284.4313571052091,1073.685823214056,-0.07381109402936925,-210.74553389115317,True,False,False,,,,,,,,,,,,,,,,,,,ridge_affine_multibranch
unseen_well,tr00096,3,2783,4133,2783,0.07200694042799306,2.044447633050579,1.976963591426984,11632.289123888258,10877.035571406986,-0.06748404162359489,-755.253552481272,True,False,False,,,,,,,,,,,,,,,,,,,ridge_affine_multibranch
unseen_well,tr0009d,2,3222,5218,3222,0.052843601895734595,0.7228028993215432,0.6558603047433715,1683.3146687443,1385.9521261472555,-0.06694259457817164,-297.36254259704447,True,False,False,,,,,,,,,,,,,,,,,,,ridge_affine_multibranch
unseen_well,tr0008c,0,1264,3236,1264,0.0,0.21277223703843487,0.1463956629580149,57.22383941588565,27.089656328006704,-0.06637657408041997,-30.134183087878945,True,False,False,,,,,,,,,,,,,,,,,,,ridge_affine_multibranch
unseen_well,tr00054,2,1457,4039,1457,0.8131368267831149,0.7149811238833541,0.6498685129195896,744.8154969413476,615.3334755108525,-0.06511261096376453,-129.48202143049514,True,False,False,,,,,,,,,,,,,,,,,,,ridge_affine_multibranch
unseen_well,tr00015,4,1499,3927,1499,0.0,0.4769199697406956,0.416017871914606,340.95153364866155,259.4332337587839,-0.06090209782608963,-81.51829988987765,True,False,False,,,,,,,,,,,,,,,,,,,ridge_affine_multibranch
unseen_well,tr0007b,1,2914,2893,2914,0.11796108145341828,0.9675809994180242,0.9092139452969361,2728.1246541269566,2408.9163751115316,-0.05836705412108811,-319.208279015425,True,False,False,,,,,,,,,,,,,,,,,,,ridge_affine_multibranch
unseen_well,tr000c0,0,1387,2335,1387,0.2810317033852767,0.404204701877436,0.3458579966701726,226.6100586944999,165.90982460479796,-0.05834670520726343,-60.70023408970195,True,False,False,,,,,,,,,,,,,,,,,,,ridge_affine_multibranch
unseen_well,tr00080,3,2691,6019,2691,0.08358208955223881,1.3791964002229748,1.3227326152114347,5118.773673654141,4708.2316484869225,-0.056463785011540146,-410.5420251672185,True,False,False,,,,,,,,,,,,,,,,,,,ridge_affine_multibranch
unseen_well,tr000e1,0,2058,2330,2058,0.1390154968094804,1.0122420156123413,0.958557935627246,2108.696562435785,1890.9589642332653,-0.05368407998509528,-217.73759820251962,True,False,False,,,,,,,,,,,,,,,,,,,ridge_affine_multibranch
unseen_well,tr00023,0,2929,5184,2929,0.047331443362504624,1.4013626482532267,1.3492715651572633,5752.020789451619,5332.343372911317,-0.05209108309596333,-419.67741654030215,True,False,False,,,,,,,,,,,,,,,,,,,ridge_affine_multibranch
unseen_well,tr0003d,0,1683,4124,1683,0.0990184260375409,0.798911277446599,0.7557066903134126,1074.1902827963734,961.1488488032329,-0.04320458713318631,-113.04143399314046,True,False,False,,,,,,,,,,,,,,,,,,,ridge_affine_multibranch
unseen_well,tr0003e,0,1967,1851,1967,0.026977475117862755,0.34667844505642575,0.3068768325895395,236.40575237267996,185.2390588778303,-0.03980161246688624,-51.16669349484965,True,False,False,,,,,,,,,,,,,,,,,,,ridge_affine_multibranch
unseen_well,tr00071,2,1879,1895,1879,0.1494435612082671,0.6934985673063953,0.6583554675298695,903.686753906467,814.418580736143,-0.035143099776525744,-89.26817317032396,True,False,False,,,,,,,,,,,,,,,,,,,ridge_affine_multibranch
unseen_well,tr00005,1,3347,3169,3347,0.0,2.110280099233147,2.086187940006317,14905.135179393534,14566.74686508005,-0.024092159226829946,-338.38831431348444,True,False,False,,,,,,,,,,,,,,,,,,,ridge_affine_multibranch
unseen_well,tr000a9,0,1536,2110,1536,0.19171695008228196,1.1515082311030962,1.127473720136858,2036.6917728740066,1952.558576024442,-0.0240345109662381,-84.13319684956468,True,False,False,,,,,,,,,,,,,,,,,,,ridge_affine_multibranch
unseen_well,tr00050,0,3264,5524,3264,0.06634046426945835,3.852670335654028,3.830169660448702,48447.77628650589,47883.53158521012,-0.022500675205325837,-564.2447012957709,True,False,False,,,,,,,,,,,,,,,,,,,ridge_affine_multibranch
unseen_well,tr000e3,4,2590,6177,2590,0.0,2.3177483776550756,2.2961249309411436,13913.370034097881,13654.971319087728,-0.021623446713932015,-258.39871501015296,True,False,False,,,,,,,,,,,,,,,,,,,ridge_affine_multibranch
unseen_well,tr0006d,3,3139,2862,3139,0.0,3.2613124635313664,3.2417751746001837,33386.90305324021,32988.084621251066,-0.019537288931182673,-398.8184319891443,True,False,False,,,,,,,,,,,,,,,,,,,ridge_affine_multibranch
unseen_well,tr00017,0,1666,2178,1666,0.05124869927159209,1.3371711196149842,1.3179492842879652,2978.8523208185625,2893.8258663812962,-0.019221835327019043,-85.02645443726624,True,False,False,,,,,,,,,,,,,,,,,,,ridge_affine_multibranch
unseen_well,tr0009f,3,1947,4256,1947,0.729163308076737,0.4544576076010502,0.43674344873832976,402.11725320629733,371.38020351086016,-0.01771415886272043,-30.73704969543718,True,False,False,,,,,,,,,,,,,,,,,,,ridge_affine_multibranch
unseen_well,tr000d0,0,1235,2730,1235,0.11046658259773014,0.9698764057069448,0.9564427314332719,1161.7153992985723,1129.756632661749,-0.013433674273672924,-31.958766636823157,True,False,False,,,,,,,,,,,,,,,,,,,ridge_affine_multibranch
unseen_well,tr0009a,0,1936,4625,1936,0.0,0.9342204389491024,0.9233816770303319,1689.6785160732911,1650.698884776274,-0.010838761918770534,-38.97963129701702,True,False,False,,,,,,,,,,,,,,,,,,,ridge_affine_multibranch
unseen_well,tr000c6,1,1992,4862,1992,0.1060694484972279,0.47218523137640406,0.46398350754279305,444.13411431813654,428.8391449812525,-0.008201723833611008,-15.294969336884037,True,False,False,,,,,,,,,,,,,,,,,,,ridge_affine_multibranch
unseen_well,tr000ef,0,2253,2695,2253,0.19098625707356506,0.36283166758241564,0.36129213415574724,296.6002832084342,294.088609974941,-0.0015395334266684046,-2.511673233493184,True,False,False,,,,,,,,,,,,,,,,,,,ridge_affine_multibranch
unseen_well,tr000b7,2,1205,3490,1205,0.7488817891373802,0.35184484044132824,0.3519673814483004,149.17272405294642,149.27665031230595,0.00012254100697217662,0.10392625935952537,False,True,False,,,,,,,,,,,,,,,,,,,ridge_affine_multibranch
unseen_well,tr0002c,0,2745,3213,2745,0.03289694528365223,0.2038063774090352,0.20696688390403636,114.0191733522708,117.58287388543917,0.0031605064950011585,3.5637005331683724,False,True,False,,,,,,,,,,,,,,,,,,,ridge_affine_multibranch
unseen_well,tr000ab,0,2512,2412,2512,0.08590576766856214,3.97082564989426,3.974312728110281,39607.85033074772,39677.44609197829,0.003487078216021011,69.59576123056468,False,True,False,,,,,,,,,,,,,,,,,,,ridge_affine_multibranch
unseen_well,tr0006f,3,1895,4633,1895,0.05177696078431373,1.9653500949220866,1.9725674665454438,7319.628886681432,7373.487467089302,0.007217371623357227,53.85858040787025,False,True,False,,,,,,,,,,,,,,,,,,,ridge_affine_multibranch
unseen_well,tr000b0,0,2525,3025,2525,0.0,0.593808811426547,0.6040114460082403,890.3374839327164,921.1953129451375,0.010202634581693348,30.85782901242112,False,True,False,,,,,,,,,,,,,,,,,,,ridge_affine_multibranch
unseen_well,tr00025,4,3480,5410,3480,0.0,1.4734207787429676,1.4938437233530104,7554.9713934857355,7765.860362908126,0.020422944610042792,210.8889694223908,False,True,False,,,,,,,,,,,,,,,,,,,ridge_affine_multibranch
unseen_well,tr00014,0,2144,2057,2144,0.1547250654606046,0.6064088455508359,0.6273426962952957,788.416738991166,843.7901928277905,0.02093385074445986,55.37345383662455,False,True,False,,,,,,,,,,,,,,,,,,,ridge_affine_multibranch
unseen_well,tr000cb,2,1837,4534,1837,0.13467273583424894,2.019040752067998,2.044429665641862,7488.577450985271,7678.095412298683,0.02538891357386408,189.51796131341234,False,True,False,,,,,,,,,,,,,,,,,,,ridge_affine_multibranch
unseen_well,tr0003c,2,2761,5707,2761,0.06896551724137931,2.6021390781834914,2.6289765797575866,18695.083806680792,19082.70080293927,0.026837501574095146,387.61699625847905,False,True,False,,,,,,,,,,,,,,,,,,,ridge_affine_multibranch
unseen_well,tr0004d,1,3494,3250,3494,0.051601423487544484,0.8108509486370916,0.8414074998886544,2297.2325376044155,2473.635233555852,0.030556551251562758,176.40269595143673,False,True,False,,,,,,,,,,,,,,,,,,,ridge_affine_multibranch
unseen_well,tr00034,4,3550,4190,3550,0.015762273901808784,1.2020006156115066,1.2351748225927477,5129.059453753065,5416.081790402942,0.03317420698124107,287.0223366498767,False,True,False,,,,,,,,,,,,,,,,,,,ridge_affine_multibranch
unseen_well,tr00006,2,2473,3193,2473,0.014119308153900459,0.6874007890824476,0.7226126425211616,1168.5415762674875,1291.3240139879922,0.035211853438714025,122.78243772050473,False,True,False,,,,,,,,,,,,,,,,,,,ridge_affine_multibranch
unseen_well,tr00031,3,2623,3343,2623,0.0,1.5542847628616199,1.5947522098414908,6336.646348419353,6670.904384113497,0.040467446979870925,334.2580356941444,False,True,False,,,,,,,,,,,,,,,,,,,ridge_affine_multibranch
unseen_well,tr000c3,4,3649,4582,3649,0.07520349896731868,2.6850108325719506,2.7297003350743703,26306.6742910838,27189.66204154442,0.044689502502419653,882.9877504606193,False,True,False,,,,,,,,,,,,,,,,,,,ridge_affine_multibranch
unseen_well,tr000ba,1,2727,6097,2727,0.0,1.0370725975453112,1.086303371613515,2932.941874423967,3218.010026392835,0.049230774068203864,285.0681519688678,False,True,False,,,,,,,,,,,,,,,,,,,ridge_affine_multibranch
unseen_well,tr00022,2,2467,6499,2467,0.06803479812625474,1.149430432277269,1.1988153906188077,3259.376516097485,3545.4696267154227,0.049384958341538665,286.0931106179378,False,True,False,,,,,,,,,,,,,,,,,,,ridge_affine_multibranch
unseen_well,tr00077,3,1111,3317,1111,0.0,0.3532670703327892,0.402732662217801,138.65015913245963,180.19708650812856,0.04946559188501182,41.54692737566893,False,True,False,,,,,,,,,,,,,,,,,,,ridge_affine_multibranch
unseen_well,tr0008a,3,1611,3285,1611,0.24816176470588236,1.0962089045259937,1.1488626419522359,1935.8967533653095,2126.335331188362,0.05265373742624213,190.43857782305258,False,True,False,,,,,,,,,,,,,,,,,,,ridge_affine_multibranch
unseen_well,tr00063,0,3007,2583,3007,0.137567084078712,2.4796584360719525,2.532589267624797,18489.158820465487,19286.923254254336,0.052930831552844726,797.7644337888487,False,True,False,,,,,,,,,,,,,,,,,,,ridge_affine_multibranch
unseen_well,tr0000d,2,2780,3361,2780,0.08923628073603648,0.4344693100824883,0.49197468614515133,524.7627563018783,672.8686752251841,0.05750537606266304,148.1059189233058,False,True,False,,,,,,,,,,,,,,,,,,,ridge_affine_multibranch
unseen_well,tr000e8,3,2929,4364,2929,0.0,0.5797653000593329,0.6380499235550741,984.5183354348098,1192.4184677945543,0.05828462349574115,207.90013235974448,False,True,False,,,,,,,,,,,,,,,,,,,ridge_affine_multibranch
unseen_well,tr0001b,3,2571,2650,2571,0.0,2.323458749068397,2.382031592324329,13879.442096218398,14588.04555706296,0.05857284325593204,708.6034608445625,False,True,False,,,,,,,,,,,,,,,,,,,ridge_affine_multibranch
unseen_well,tr000c4,2,2153,5430,2153,0.08677304496900963,2.473205717056046,2.5329945994278575,13169.355255145869,13813.780712493182,0.05978888237181135,644.4254573473136,False,True,False,,,,,,,,,,,,,,,,,,,ridge_affine_multibranch
unseen_well,tr000b2,3,1372,2393,1372,0.023373173970783534,0.5142689155589201,0.5773709015947889,362.85629402392254,457.36602078749644,0.0631019860358688,94.5097267635739,False,True,False,,,,,,,,,,,,,,,,,,,ridge_affine_multibranch
unseen_well,tr000ca,4,3115,5365,3115,0.0,2.468838882292164,2.537265023202431,18986.440304225394,20053.478480665442,0.06842614091026711,1067.0381764400481,False,True,False,,,,,,,,,,,,,,,,,,,ridge_affine_multibranch
unseen_well,tr00008,3,1523,2333,1523,0.09880705394190871,0.6144395863667997,0.6841243817992461,574.9873360636819,712.8038565630616,0.06968479543244632,137.81652049937964,False,True,False,,,,,,,,,,,,,,,,,,,ridge_affine_multibranch
unseen_well,tr00016,0,3606,4001,3606,0.0,1.454198717801385,1.5275604620012317,7625.5862425438245,8414.388120040316,0.07336174419984665,788.8018774964912,False,True,False,,,,,,,,,,,,,,,,,,,ridge_affine_multibranch
unseen_well,tr00041,2,2310,6300,2310,0.06620209059233449,0.9802132099225102,1.0536642044485274,2219.489434254225,2564.5810707505016,0.07345099452601722,345.09163649627635,False,True,False,,,,,,,,,,,,,,,,,,,ridge_affine_multibranch
unseen_well,tr000e5,0,1450,3009,1450,0.0,1.3986363331493066,1.4735191281283504,2836.4662089877406,3148.3250003921944,0.07488279497904382,311.85879140445377,False,True,False,,,,,,,,,,,,,,,,,,,ridge_affine_multibranch
unseen_well,tr0004b,2,2285,3164,2285,0.05505597357313269,0.6552430873682744,0.7387544975592392,981.0499055978298,1247.0575045122487,0.08351141019096475,266.00759891441885,False,True,False,,,,,,,,,,,,,,,,,,,ridge_affine_multibranch
unseen_well,tr000d9,4,3662,4182,3662,0.6907190209077001,3.047145395529367,3.1307008706203208,34002.01811519771,35892.31644105098,0.08355547509095373,1890.2983258532695,False,True,False,,,,,,,,,,,,,,,,,,,ridge_affine_multibranch
unseen_well,tr00012,3,1767,3965,1767,0.0,5.555159057608308,5.651744504550949,54529.25273846391,56441.89557432351,0.09658544694264126,1912.6428358596022,False,True,False,,,,,,,,,,,,,,,,,,,ridge_affine_multibranch
unseen_well,tr00029,3,3675,3299,3675,0.038141669056495554,1.1737177164960348,1.2732722267259615,5062.72879671125,5957.991450317455,0.09955451022992667,895.2626536062053,False,True,False,,,,,,,,,,,,,,,,,,,ridge_affine_multibranch
unseen_well,tr00032,3,3614,3629,3614,0.0,0.3956824074359131,0.49625978933025466,565.8243471411677,890.033435521077,0.10057738189434157,324.2090883799093,False,True,False,,,,,,,,,,,,,,,,,,,ridge_affine_multibranch
unseen_well,tr000bc,4,4159,4778,4159,0.0,1.6434121572570137,1.748415666286269,11232.641833941212,12713.885585857359,0.10500350902925537,1481.2437519161467,False,True,False,,,,,,,,,,,,,,,,,,,ridge_affine_multibranch
unseen_well,tr000b4,3,4119,4413,4119,0.0,1.8194982101687114,1.9278039973368803,13636.253221908628,15307.967970597838,0.10830578716816897,1671.71474868921,False,True,False,,,,,,,,,,,,,,,,,,,ridge_affine_multibranch
unseen_well,tr00011,4,2787,6146,2787,0.05877084965856935,3.795111783428643,3.9053565627565825,40140.80830157968,42506.794141875085,0.1102447793279393,2365.985840295405,False,True,False,,,,,,,,,,,,,,,,,,,ridge_affine_multibranch
unseen_well,tr000b6,3,2009,4428,2009,0.060742581948112474,1.4585671732338605,1.5709368524959373,4273.983161460348,4957.895772410453,0.11236967926207675,683.9126109501049,False,True,False,,,,,,,,,,,,,,,,,,,ridge_affine_multibranch
unseen_well,tr00067,1,1803,2885,1803,0.1260665529010239,1.0292094962621772,1.1454139252043771,1909.867753514829,2365.4874272739335,0.11620442894219996,455.61967375910444,False,True,False,,,,,,,,,,,,,,,,,,,ridge_affine_multibranch
unseen_well,tr000c8,0,1353,3667,1353,0.07191235059760956,2.578188846493767,2.694994756471372,8993.469106234117,9826.83458571328,0.1168059099776051,833.3654794791637,False,True,False,,,,,,,,,,,,,,,,,,,ridge_affine_multibranch
unseen_well,tr00064,0,3443,3211,3443,0.6922152088969041,2.1254611357437545,2.2434312716823523,15554.045291195203,17328.563467034586,0.11797013593859784,1774.5181758393828,False,True,False,,,,,,,,,,,,,,,,,,,ridge_affine_multibranch
unseen_well,tr0002d,1,3668,3441,3668,0.08988605992403995,1.1843350202746041,1.310737205994024,5144.9181468327715,6301.741461013311,0.12640218571941997,1156.8233141805395,False,True,False,,,,,,,,,,,,,,,,,,,ridge_affine_multibranch
unseen_well,tr0002e,4,1838,2397,1838,0.1563164108618654,0.28444955393539956,0.4167362885914506,148.71542657317985,319.2038687128594,0.13228673465605106,170.48844213967953,False,True,False,,,,,,,,,,,,,,,,,,,ridge_affine_multibranch
unseen_well,tr000ae,4,2607,3547,2607,0.0,0.5045450597104386,0.6419632911256676,663.6528249442936,1074.388672667607,0.13741823141522902,410.7358477233133,False,True,False,,,,,,,,,,,,,,,,,,,ridge_affine_multibranch
unseen_well,tr0005f,4,2186,6543,2186,0.6859892312979723,2.743305444433173,2.8836687591189585,16451.23432854432,18177.78248992862,0.14036331468578567,1726.5481613843003,False,True,False,,,,,,,,,,,,,,,,,,,ridge_affine_multibranch
unseen_well,tr00070,3,1835,3529,1835,0.06711409395973154,0.7892922364395473,0.934676282339372,1143.172400314367,1603.0922463288202,0.1453840458998248,459.91984601445324,False,True,False,,,,,,,,,,,,,,,,,,,ridge_affine_multibranch
unseen_well,tr00088,1,2047,3300,2047,0.06601832803441182,0.8707829995171357,1.025127978354979,1552.1644270117786,2151.166450496622,0.15434497883784326,599.0020234848434,False,True,False,,,,,,,,,,,,,,,,,,,ridge_affine_multibranch
unseen_well,tr000b9,1,3355,4638,3355,0.0,1.3340502401090104,1.4929666210863275,5970.860094717616,7478.125007779442,0.15891638097731708,1507.2649130618256,False,True,False,,,,,,,,,,,,,,,,,,,ridge_affine_multibranch
unseen_well,tr0007f,3,3670,4521,3670,0.1078012452691979,3.2940965653720413,3.457773384339165,39823.43490792488,43879.242173220664,0.1636768189671236,4055.8072652957853,False,True,False,,,,,,,,,,,,,,,,,,,ridge_affine_multibranch
unseen_well,tr00048,1,2125,4647,2125,0.0,1.013823038262844,1.1831011514736027,2184.153949939071,2974.4227110636,0.1692781132107588,790.2687611245292,False,True,False,,,,,,,,,,,,,,,,,,,ridge_affine_multibranch
unseen_well,tr00049,2,3850,3783,3850,0.03380060264640377,2.214654617882113,2.3858246916174837,18883.076044550282,21914.813917656895,0.17117007373537074,3031.737873106613,False,True,False,,,,,,,,,,,,,,,,,,,ridge_affine_multibranch
unseen_well,tr000a2,4,4253,4332,4253,0.018637157833430402,1.1002221250693283,1.2761617491400687,5148.208545264768,6926.388208794922,0.17593962407074049,1778.1796635301544,False,True,False,,,,,,,,,,,,,,,,,,,ridge_affine_multibranch
unseen_well,tr000d7,2,1044,2744,1044,0.10137275607180571,2.628099641877402,2.805167986215814,7210.8116676521195,8215.201997849248,0.1770683443384118,1004.3903301971286,False,True,False,,,,,,,,,,,,,,,,,,,ridge_affine_multibranch
unseen_well,tr000d4,4,3842,3149,3842,0.057502503218423685,4.039903233070256,4.217459283179696,62704.583265339745,68337.51109788039,0.1775560501094402,5632.927832540641,False,True,False,,,,,,,,,,,,,,,,,,,ridge_affine_multibranch
unseen_well,tr00038,3,2964,5034,2964,0.06001500375093773,0.7748392979224742,0.9554655054337214,1779.5142790611985,2705.878080266497,0.18062620751124725,926.3638012052984,False,True,False,,,,,,,,,,,,,,,,,,,ridge_affine_multibranch
unseen_well,tr00069,0,3170,3737,3170,0.0,1.1098486961248455,1.2924223562082577,3904.692286679362,5295.027083441288,0.18257366008341225,1390.3347967619256,False,True,False,,,,,,,,,,,,,,,,,,,ridge_affine_multibranch
unseen_well,tr000ee,0,1788,5334,1788,0.6881493962370121,0.7263106862656297,0.9105771511962674,943.2186568147661,1482.5215379259093,0.1842664649306377,539.3028811111433,False,True,False,,,,,,,,,,,,,,,,,,,ridge_affine_multibranch
unseen_well,tr00000,0,2913,4162,2913,0.06148409893992933,2.113513969862822,2.314032674272158,13012.200009245855,15598.378644866343,0.2005187044093364,2586.1786356204884,False,True,False,,,,,,,,,,,,,,,,,,,ridge_affine_multibranch
unseen_well,tr00020,2,3495,3784,3495,0.6487154828960022,0.8492901119325057,1.0510781425140125,2520.9214613210165,3861.154589539121,0.20178803058150685,1340.2331282181044,False,True,False,,,,,,,,,,,,,,,,,,,ridge_affine_multibranch
unseen_well,tr0008f,0,2376,2373,2376,0.6849863129079806,3.6165752908806517,3.8190029208829723,31077.169599029723,34653.44514387731,0.20242763000232067,3576.2755448475873,False,True,False,,,,,,,,,,,,,,,,,,,ridge_affine_multibranch
unseen_well,tr00074,0,2635,2243,2635,0.20623206232062322,2.523788346062053,2.727062912258695,16783.652567418598,19596.158055743465,0.20327456619664197,2812.5054883248667,False,True,False,,,,,,,,,,,,,,,,,,,ridge_affine_multibranch
unseen_well,tr00028,2,3643,3193,3643,0.0,3.9594571257424644,4.165986903392092,57112.40656154949,63225.89298105102,0.20652977764962754,6113.4864195015325,False,True,False,,,,,,,,,,,,,,,,,,,ridge_affine_multibranch
unseen_well,tr000c9,1,2680,2969,2680,0.18587360594795538,1.3868467711836845,1.5976503274181004,5154.561830870198,6840.664004113758,0.21080355623441593,1686.1021732435602,False,True,False,,,,,,,,,,,,,,,,,,,ridge_affine_multibranch
unseen_well,tr00081,0,3593,3146,3593,0.05757530790918534,0.19369813901287106,0.4084543275426388,134.80565582197892,599.437931114095,0.21475618852976772,464.6322752921161,False,True,False,,,,,,,,,,,,,,,,,,,ridge_affine_multibranch
unseen_well,tr00013,1,4023,4263,4023,0.03439536567704562,1.8568780932264242,2.0740911016059447,13871.288926238201,17306.35823069235,0.2172130083795205,3435.0693044541476,False,True,False,,,,,,,,,,,,,,,,,,,ridge_affine_multibranch
unseen_well,tr000a1,3,2970,3104,2970,0.0,1.4736640752338386,1.6993144324076965,6449.906845705371,8576.378534361604,0.22565035717385795,2126.471688656233,False,True,False,,,,,,,,,,,,,,,,,,,ridge_affine_multibranch
unseen_well,tr00001,2,3735,4570,3735,0.04105960264900662,0.96957977811581,1.1952990923331277,3511.2172737996707,5336.343601694511,0.22571931421731772,1825.12632789484,False,True,False,,,,,,,,,,,,,,,,,,,ridge_affine_multibranch
unseen_well,tr00046,0,2362,3010,2362,0.02475800446760983,1.1875245854167438,1.4141364827848868,3330.9269819692727,4723.485064969864,0.22661189736814302,1392.558083000591,False,True,False,,,,,,,,,,,,,,,,,,,ridge_affine_multibranch
unseen_well,tr0006c,4,3992,4376,3992,0.0,2.6511149702600014,2.88121981097333,28057.41505746246,33139.298975787606,0.2301048407133286,5081.8839183251475,False,True,False,,,,,,,,,,,,,,,,,,,ridge_affine_multibranch
unseen_well,tr000d8,3,2745,2741,2745,0.048122493620123954,0.24233356765674982,0.4876095792567563,161.20165674636723,652.6597143942001,0.24527601160000648,491.4580576478329,False,True,False,,,,,,,,,,,,,,,,,,,ridge_affine_multibranch
unseen_well,tr000e4,3,2164,5145,2164,0.5714872075523327,0.7922475856349585,1.0418932200334856,1358.2480967477265,2349.111766943577,0.24964563439852716,990.8636701958505,False,True,False,,,,,,,,,,,,,,,,,,,ridge_affine_multibranch
unseen_well,tr000d3,2,3173,5817,3173,0.7351501668520578,3.1311020273838897,3.382267273685033,31107.457101381053,36298.26935246321,0.25116524630114334,5190.8122510821595,False,True,False,,,,,,,,,,,,,,,,,,,ridge_affine_multibranch
unseen_well,tr00095,4,4361,3700,4361,0.0,2.6807882618318897,2.9380660315672182,31340.87469852659,37645.16377750811,0.25727776973532857,6304.289078981521,False,True,False,,,,,,,,,,,,,,,,,,,ridge_affine_multibranch
unseen_well,tr0000b,4,3824,3308,3824,0.07501402131239485,2.61019676986234,2.867704410607426,26053.398326376806,31447.538115224495,0.25750764074508625,5394.1397888476895,False,True,False,,,,,,,,,,,,,,,,,,,ridge_affine_multibranch
unseen_well,tr00085,4,2529,6195,2529,0.03587803759743237,1.560447332294653,1.8236139408091852,6158.104572592847,8410.36097913231,0.2631666085145321,2252.2564065394636,False,True,False,,,,,,,,,,,,,,,,,,,ridge_affine_multibranch
unseen_well,tr00094,1,4581,4269,4581,0.0,2.2920115438036097,2.5566570613914408,24065.44479645178,29943.68510472681,0.26464551758783106,5878.240308275032,False,True,False,,,,,,,,,,,,,,,,,,,ridge_affine_multibranch
unseen_well,tr00073,1,2232,2059,2232,0.18900023304591004,1.646522609018072,1.915266154650472,6051.033918881139,8187.521597109919,0.2687435456323999,2136.48767822878,False,True,False,,,,,,,,,,,,,,,,,,,ridge_affine_multibranch
unseen_well,tr000be,0,2375,3685,2375,0.0,1.3870969255173855,1.6589852689648228,4569.589966851986,6536.5512912754275,0.2718883434474373,1966.9613244234415,False,True,False,,,,,,,,,,,,,,,,,,,ridge_affine_multibranch
unseen_well,tr0004a,3,3373,3708,3373,0.5229487360542296,2.1681744792307427,2.4470580721247965,15856.407470663042,20197.838391768346,0.27888359289405384,4341.430921105304,False,True,False,,,,,,,,,,,,,,,,,,,ridge_affine_multibranch
unseen_well,tr000cd,3,2885,5229,2885,0.0,2.5706698845189795,2.858617469407594,19065.071445173595,23575.336718020564,0.2879475848886144,4510.265272846969,False,True,False,,,,,,,,,,,,,,,,,,,ridge_affine_multibranch
unseen_well,tr000af,2,3573,3930,3573,0.15820338531254166,6.871399768310264,7.1603375938431855,168703.24955441343,183189.26231773378,0.2889378255329218,14486.012763320352,False,True,False,,,,,,,,,,,,,,,,,,,ridge_affine_multibranch
unseen_well,tr000bb,0,1823,3032,1823,0.0,1.6704022882418876,1.9604614403472553,5086.614455719688,7006.534714718217,0.2900591521053677,1919.9202589985298,False,True,False,,,,,,,,,,,,,,,,,,,ridge_affine_multibranch
unseen_well,tr000ed,3,3197,4112,3197,0.09139417156929812,0.9456435036546716,1.2398921882691003,2858.890510305693,4914.85244538277,0.29424868461442866,2055.961935077077,False,True,False,,,,,,,,,,,,,,,,,,,ridge_affine_multibranch
unseen_well,tr00021,2,3251,5184,3251,0.034854771784232366,1.3673002132013108,1.6644318202817854,6077.776597189158,9006.353507475615,0.2971316070804746,2928.576910286457,False,True,False,,,,,,,,,,,,,,,,,,,ridge_affine_multibranch
unseen_well,tr00092,3,1842,2772,1842,0.09037711313394019,0.9105149689069325,1.2129275687258805,1527.0870908478169,2709.938034608457,0.30241259981894797,1182.8509437606403,False,True,False,,,,,,,,,,,,,,,,,,,ridge_affine_multibranch
unseen_well,tr000a6,3,1643,4841,1643,0.0,0.4372397432002553,0.7398856233689,314.1064283545748,899.4286987025004,0.30264588016864463,585.3222703479255,False,True,False,,,,,,,,,,,,,,,,,,,ridge_affine_multibranch
unseen_well,tr0009e,1,2153,3476,2153,0.12169124178362054,0.5464495545225593,0.8520254206680974,642.9011199684061,1562.9645745013877,0.3055758661455381,920.0634545329816,False,True,False,,,,,,,,,,,,,,,,,,,ridge_affine_multibranch
unseen_well,tr0001f,2,3631,4291,3631,0.0,1.0150846782277412,1.3281388225742654,3741.3711583249346,6404.91236999714,0.31305414434652423,2663.541211672205,False,True,False,,,,,,,,,,,,,,,,,,,ridge_affine_multibranch
unseen_well,tr00078,1,2524,5231,2524,0.0,1.9860477254620188,2.3144741339081127,9955.629173159654,13520.539263720982,0.32842640844609394,3564.9100905613286,False,True,False,,,,,,,,,,,,,,,,,,,ridge_affine_multibranch
unseen_well,tr000a3,3,2433,2501,2433,0.11978111066072153,0.5659749307603015,0.9003547836282728,779.3571049321284,1972.28404566683,0.33437985286797134,1192.9269407347015,False,True,False,,,,,,,,,,,,,,,,,,,ridge_affine_multibranch
unseen_well,tr000d1,2,1697,4548,1697,0.10136108887109688,0.5915991684755916,0.9341102363145347,593.9323107112964,1480.7376012981504,0.34251106783894314,886.805290586854,False,True,False,,,,,,,,,,,,,,,,,,,ridge_affine_multibranch
unseen_well,tr00026,3,2443,6113,2443,0.0,1.5770181054856522,1.948011472164993,6075.707054587205,9270.571063561933,0.3709933666793408,3194.8640089747278,False,True,False,,,,,,,,,,,,,,,,,,,ridge_affine_multibranch
unseen_well,tr000c2,2,3862,4391,3862,0.0,2.9323708993133533,3.315417934535552,33208.562089981926,42451.08886343162,0.38304703522219885,9242.526773449696,False,True,False,,,,,,,,,,,,,,,,,,,ridge_affine_multibranch
unseen_well,tr0005e,2,987,2557,987,0.04966139954853273,0.9906301272969628,1.382928913292072,968.5905244699875,1887.6299782893414,0.39229878599510914,919.0394538193539,False,True,False,,,,,,,,,,,,,,,,,,,ridge_affine_multibranch
unseen_well,tr0000a,1,2192,2408,2192,0.0,0.5106497010462775,0.921006250574849,571.5927528556064,1859.3695098066876,0.4103565495285715,1287.776756951081,False,True,False,,,,,,,,,,,,,,,,,,,ridge_affine_multibranch
unseen_well,tr000a4,1,1511,2243,1511,0.0,1.7067521094773899,2.117881430972601,4401.547175203541,6777.4722728000725,0.411129321495211,2375.9250975965315,False,True,False,,,,,,,,,,,,,,,,,,,ridge_affine_multibranch
unseen_well,tr00045,1,1709,3652,1709,0.7377354971087484,0.3372452450186537,0.7604181903202863,194.37201318666524,988.2050235064944,0.42317294530163263,793.8330103198291,False,True,False,,,,,,,,,,,,,,,,,,,ridge_affine_multibranch
unseen_well,tr000cc,0,3542,4844,3542,0.08561888862389697,2.978904635550777,3.4164488817546808,31431.257555734323,41342.65953013883,0.43754424620390386,9911.401974404507,False,True,False,,,,,,,,,,,,,,,,,,,ridge_affine_multibranch
unseen_well,tr0009b,0,3346,3548,3346,0.01392515230635335,1.6934617210573784,2.1329703629773693,9595.700961897423,15222.836357011007,0.43950864191999095,5627.135395113584,False,True,False,,,,,,,,,,,,,,,,,,,ridge_affine_multibranch
unseen_well,tr00039,0,1678,2209,1678,0.293285310007718,1.4615383436377927,1.9136318184885475,3584.3662856116375,6144.813744235935,0.4520934748507548,2560.4474586242973,False,True,False,,,,,,,,,,,,,,,,,,,ridge_affine_multibranch
unseen_well,tr00062,1,2035,2592,2035,0.06894315971471796,0.6244312239207853,1.0835950065334916,793.475709183672,2389.452511205086,0.4591637826127063,1595.976802021414,False,True,False,,,,,,,,,,,,,,,,,,,ridge_affine_multibranch
unseen_well,tr000b5,2,2607,2268,2607,0.5421538461538462,0.6570680941366692,1.1170743301676636,1125.5422182265534,3253.158139124626,0.46000623603099433,2127.6159208980725,False,True,False,,,,,,,,,,,,,,,,,,,ridge_affine_multibranch
unseen_well,tr00084,2,1986,5720,1986,0.8093693226057618,2.1917111548577486,2.661098165541612,9539.945203647181,14063.746685044778,0.46938701068386335,4523.801481397597,False,True,False,,,,,,,,,,,,,,,,,,,ridge_affine_multibranch
unseen_well,tr00076,4,2881,2432,2881,0.2059100319969885,1.8792413968373345,2.3550842811708894,10174.390443678538,15979.24169965585,0.4758428843335549,5804.851255977312,False,True,False,,,,,,,,,,,,,,,,,,,ridge_affine_multibranch
unseen_well,tr00086,4,2543,4603,2543,0.0,0.8937251657287995,1.4142777540061988,2031.2077005322749,5086.4617210075485,0.5205525882773994,3055.2540204752736,False,True,False,,,,,,,,,,,,,,,,,,,ridge_affine_multibranch
unseen_well,tr00060,3,1532,3561,1532,0.0,0.20230128265211395,0.7338974160651935,62.69833933084184,825.1434993145812,0.5315961334130797,762.4451599837394,False,True,False,,,,,,,,,,,,,,,,,,,ridge_affine_multibranch
unseen_well,tr0009c,2,1815,2366,1815,0.0,4.041736991608695,4.574552484629305,29649.182805448654,37981.65273885009,0.5328154930206104,8332.469933401437,False,True,False,,,,,,,,,,,,,,,,,,,ridge_affine_multibranch
unseen_well,tr000b1,3,2597,4831,2597,0.7036887452880991,2.0301620645312175,2.579454917482415,10703.686147455519,17279.36718242898,0.5492928529511976,6575.681034973462,False,True,False,,,,,,,,,,,,,,,,,,,ridge_affine_multibranch
unseen_well,tr0004c,2,1939,2642,1939,0.5457323728443572,3.5771616378309856,4.143040990547255,24811.609557965974,33282.52519109892,0.5658793527162693,8470.915633132943,False,True,False,,,,,,,,,,,,,,,,,,,ridge_affine_multibranch
unseen_well,tr00087,4,1529,4148,1529,0.14180024660912455,2.4399545644113254,3.0117245578953873,9102.715384602849,13868.771278511524,0.5717699934840619,4766.055893908675,False,True,False,,,,,,,,,,,,,,,,,,,ridge_affine_multibranch
unseen_well,tr0007c,2,1150,2934,1150,0.1270812928501469,0.20921998505134146,0.7960424629761151,50.33895246661607,728.7361432902416,0.5868224779247737,678.3971908236255,False,True,False,,,,,,,,,,,,,,,,,,,ridge_affine_multibranch
unseen_well,tr0002b,1,1637,3064,1637,0.18613061050840246,0.4552840763662364,1.0589018093396816,339.3232371453795,1835.5239694640077,0.6036177329734451,1496.200732318628,False,True,False,,,,,,,,,,,,,,,,,,,ridge_affine_multibranch
unseen_well,tr000d5,4,2437,6281,2437,0.04496444138563891,1.3664132558821942,1.9747959017236216,4550.08659791786,9503.858545892772,0.6083826458414274,4953.771947974912,False,True,False,,,,,,,,,,,,,,,,,,,ridge_affine_multibranch
unseen_well,tr000de,1,2649,2556,2649,0.17310278578290106,1.1010567873671082,1.7145828308911704,3211.451703820013,7787.515058280979,0.6135260435240621,4576.063354460966,False,True,False,,,,,,,,,,,,,,,,,,,ridge_affine_multibranch
unseen_well,tr0000e,1,1313,3657,1313,0.09698189134808853,0.6016126866386926,1.227610338190684,475.2243638634336,1978.7266380140636,0.6259976515519914,1503.50227415063,False,True,False,,,,,,,,,,,,,,,,,,,ridge_affine_multibranch
unseen_well,tr00052,3,3230,5362,3230,0.049348230912476726,0.38418290744850764,1.0352570144629696,476.73671559315113,3461.775387763144,0.6510741070144619,2985.038672169993,False,True,False,,,,,,,,,,,,,,,,,,,ridge_affine_multibranch
unseen_well,tr00033,1,2766,5947,2766,0.023872374612647768,1.256832885024126,1.9146034486414791,4369.2535398287355,10139.343807110872,0.6577705636173532,5770.090267282137,False,True,False,,,,,,,,,,,,,,,,,,,ridge_affine_multibranch
unseen_well,tr00030,1,1474,3378,1474,0.09047815333882935,1.851123985504436,2.5244428432819745,5050.896854312285,9393.524400102433,0.6733188577775386,4342.627545790148,False,True,False,,,,,,,,,,,,,,,,,,,ridge_affine_multibranch
unseen_well,tr000bd,4,2754,3273,2754,0.0,2.6665969726521137,3.3431070933838676,19582.97634769113,30779.709314193547,0.6765101207317539,11196.732966502419,False,True,False,,,,,,,,,,,,,,,,,,,ridge_affine_multibranch
unseen_well,tr000a8,2,4096,3564,4096,0.15339425587467362,3.0580348945489737,3.7669984908820227,38304.06109707941,58123.37717373925,0.708963596333049,19819.316076659845,False,True,False,,,,,,,,,,,,,,,,,,,ridge_affine_multibranch
unseen_well,tr00082,1,2352,3611,2352,0.0392419922857622,1.0901921270096782,1.8690983893867292,2795.39639116322,8216.779712217369,0.7789062623770511,5421.383321054149,False,True,False,,,,,,,,,,,,,,,,,,,ridge_affine_multibranch
unseen_well,tr00090,4,2398,2171,2398,0.08338804990151018,1.7926626966871986,2.579721130826352,7706.307626736977,15958.596748571119,0.7870584341391536,8252.289121834143,False,True,False,,,,,,,,,,,,,,,,,,,ridge_affine_multibranch
unseen_well,tr00024,1,2599,4928,2599,0.06137903547229972,5.838976702976182,6.68183204367664,88609.39358959846,116037.23971629037,0.8428553407004582,27427.846126691904,False,True,False,,,,,,,,,,,,,,,,,,,ridge_affine_multibranch
unseen_well,tr000ce,1,2914,5126,2914,0.06654228855721393,4.664051840995295,5.528625051849213,63389.34808298252,89068.43512490575,0.8645732108539175,25679.08704192323,False,True,False,,,,,,,,,,,,,,,,,,,ridge_affine_multibranch
unseen_well,tr000e7,4,3454,3802,3454,0.14608599779492834,2.378613225797378,3.248428896625468,19542.044232398574,36447.61068387391,0.86981567082809,16905.566451475333,False,True,False,,,,,,,,,,,,,,,,,,,ridge_affine_multibranch
unseen_well,tr00047,2,2551,2807,2551,0.03938036580813736,1.109195885586368,2.0052645244840517,3138.534872647006,10257.789909356492,0.8960686388976837,7119.255036709486,False,True,False,,,,,,,,,,,,,,,,,,,ridge_affine_multibranch
unseen_well,tr00098,1,1172,3219,1172,0.7171487132771578,2.3683997038826154,3.289201050733888,6574.119708415677,12679.684643118526,0.9208013468512726,6105.564934702848,False,True,False,,,,,,,,,,,,,,,,,,,ridge_affine_multibranch
unseen_well,tr00099,4,2607,4203,2607,0.10176211453744494,1.1763042881790737,2.1040706339437203,3607.2844662587604,11541.484197451628,0.9277663457646466,7934.199731192867,False,True,False,,,,,,,,,,,,,,,,,,,ridge_affine_multibranch
unseen_well,tr00051,3,1395,2627,1395,0.19666832421680755,0.5726140225824871,1.5294035787624407,457.4021123070454,3263.0100528902485,0.9567895561799536,2805.6079405832033,False,True,False,,,,,,,,,,,,,,,,,,,ridge_affine_multibranch
unseen_well,tr0002a,1,969,2646,969,0.6149377593360996,0.47140721813687764,1.44220911043166,215.3357975868917,2015.4881375475052,0.9708018922947823,1800.1523399606135,False,True,False,,,,,,,,,,,,,,,,,,,ridge_affine_multibranch
unseen_well,tr00053,3,3026,3528,3026,0.03387244430881904,0.22613816731681274,1.2036737850164434,154.74501239087294,4384.161337306565,0.9775356176996306,4229.416324915692,False,True,False,,,,,,,,,,,,,,,,,,,ridge_affine_multibranch
unseen_well,tr00056,2,2970,2982,2970,0.0,0.7094007900217854,1.8168434050647206,1494.6509582240938,9803.73227682569,1.1074426150429353,8309.081318601597,False,True,False,,,,,,,,,,,,,,,,,,,ridge_affine_multibranch
unseen_well,tr00004,1,1838,2009,1838,0.11125552378476736,1.300435412903355,2.530799710591311,3108.3010996386733,11772.292907887222,1.230364297687956,8663.99180824855,False,True,False,,,,,,,,,,,,,,,,,,,ridge_affine_multibranch
unseen_well,tr0005c,2,2086,2036,2086,0.0,0.8523696262685199,2.479231092182894,1515.5498818317942,12821.780082419162,1.6268614659143743,11306.230200587368,False,True,False,,,,,,,,,,,,,,,,,,,ridge_affine_multibranch
unseen_well,tr00093,4,1471,2791,1471,0.6755044580009385,1.0426896304130886,2.8531422857993483,1599.2736497607164,11974.559148337019,1.8104526553862597,10375.285498576302,False,True,False,,,,,,,,,,,,,,,,,,,ridge_affine_multibranch
same_well_masked,tr0007f,3,3670,851,3670,0.1078012452691979,5.616231108216522,0.17799720955584716,115759.33032949927,116.27663425748217,-5.438233898660675,-115643.05369524179,True,False,False,,,,,,,,,,,,,,,,,,,ridge_gated_gbdt
same_well_masked,tr000af,2,3573,357,3573,0.15820338531254166,6.371336790902614,1.1939410886963915,145042.12083360922,5093.294790070595,-5.177395702206223,-139948.82604353863,True,False,False,,,,,,,,,,,,,,,,,,,ridge_gated_gbdt
same_well_masked,tr00050,0,3264,2260,3264,0.06634046426945835,4.334534231186879,0.36280952934642474,61324.64237234381,429.64278296405035,-3.9717247018404542,-60894.99958937976,True,False,False,,,,,,,,,,,,,,,,,,,ridge_gated_gbdt
same_well_masked,tr000a0,2,2595,1670,2595,0.0575801749271137,4.07195587484886,0.14165278040454352,43027.23995822838,52.06999895949667,-3.9303030944443167,-42975.16995926889,True,False,False,,,,,,,,,,,,,,,,,,,ridge_gated_gbdt
same_well_masked,tr0008d,0,3861,803,3861,0.03401759530791789,5.592498440366816,1.7107242444832953,120756.78582805584,11299.515498399618,-3.8817741958835206,-109457.27032965622,True,False,False,,,,,,,,,,,,,,,,,,,ridge_gated_gbdt
same_well_masked,tr00024,1,2599,2329,2599,0.06137903547229972,4.320487484173519,0.47845537439405045,48514.52485023916,594.961898199746,-3.8420321097794687,-47919.562952039414,True,False,False,,,,,,,,,,,,,,,,,,,ridge_gated_gbdt
same_well_masked,tr00078,1,2524,2707,2524,0.0,3.616496126628046,0.4325898116710414,33011.50764640312,472.3260775878457,-3.183906314957005,-32539.18156881528,True,False,False,,,,,,,,,,,,,,,,,,,ridge_gated_gbdt
same_well_masked,tr0001d,4,2994,749,2994,0.03458512691108802,3.416856566141939,0.2650818695770515,34954.67692800031,210.383582349924,-3.151774696564887,-34744.29334565039,True,False,False,,,,,,,,,,,,,,,,,,,ridge_gated_gbdt
same_well_masked,tr0002f,4,2063,2069,2063,0.02986279257465698,3.1252330136036197,0.1610051166481039,20149.488906162955,53.47842197171188,-2.964227896955516,-20096.010484191243,True,False,False,,,,,,,,,,,,,,,,,,,ridge_gated_gbdt
same_well_masked,tr0003b,2,2358,255,2358,0.5429491048078857,3.245303523939342,0.49729646869014704,24834.444121558758,583.142307985646,-2.748007055249195,-24251.30181357311,True,False,False,,,,,,,,,,,,,,,,,,,ridge_gated_gbdt
same_well_masked,tr000c2,2,3862,529,3862,0.0,2.9075248272527316,0.20423614008518595,32648.191798653548,161.0932923410512,-2.7032886871675457,-32487.098506312497,True,False,False,,,,,,,,,,,,,,,,,,,ridge_gated_gbdt
same_well_masked,tr00087,4,1529,2619,1529,0.14180024660912455,2.793257720070259,0.34377091791657177,11929.699408129383,180.69484088395438,-2.4494868021536873,-11749.004567245429,True,False,False,,,,,,,,,,,,,,,,,,,ridge_gated_gbdt
same_well_masked,tr00037,4,1859,446,1859,0.143611911623439,2.58557385562312,0.14489107870625872,12427.77223079728,39.026776496225,-2.4406827769168613,-12388.745454301055,True,False,False,,,,,,,,,,,,,,,,,,,ridge_gated_gbdt
same_well_masked,tr00013,1,4023,240,4023,0.03439536567704562,3.4523882522727156,1.1665499079855102,47950.075224544526,5474.654041103892,-2.2858383442872054,-42475.42118344063,True,False,False,,,,,,,,,,,,,,,,,,,ridge_gated_gbdt
same_well_masked,tr00007,3,1758,2950,1758,0.0,2.3938240893597484,0.18152121469757296,10074.032249064694,57.926014535326416,-2.2123028746621753,-10016.106234529369,True,False,False,,,,,,,,,,,,,,,,,,,ridge_gated_gbdt
same_well_masked,tr00019,3,3877,960,3877,0.6727105806747762,2.5847805276188125,0.42009041472753816,25902.58738758679,684.1972835286676,-2.1646901128912743,-25218.390104058122,True,False,False,,,,,,,,,,,,,,,,,,,ridge_gated_gbdt
same_well_masked,tr000c4,2,2153,3277,2153,0.08677304496900963,3.392599195356538,1.24339581034499,24780.447183618737,3328.609352968021,-2.149203385011548,-21451.837830650715,True,False,False,,,,,,,,,,,,,,,,,,,ridge_gated_gbdt
same_well_masked,tr00075,2,1563,493,1563,0.06825089803813209,2.1479541769287165,0.22173654997647174,7211.224269487968,76.84817354171703,-1.9262176269522446,-7134.376095946251,True,False,False,,,,,,,,,,,,,,,,,,,ridge_gated_gbdt
same_well_masked,tr00030,1,1474,1904,1474,0.09047815333882935,1.8830471252022927,0.07182075104335858,5226.607185229881,7.603216693356904,-1.811226374158934,-5219.003968536524,True,False,False,,,,,,,,,,,,,,,,,,,ridge_gated_gbdt
same_well_masked,tr00033,1,2766,3181,2766,0.023872374612647768,2.1349538200210496,0.3935354174332979,12607.50493247976,428.37076512599054,-1.7414184025877517,-12179.13416735377,True,False,False,,,,,,,,,,,,,,,,,,,ridge_gated_gbdt
same_well_masked,tr00039,0,1678,531,1678,0.293285310007718,1.8188736986394431,0.19266101805540417,5551.329970028706,62.28445349952693,-1.626212680584039,-5489.04551652918,True,False,False,,,,,,,,,,,,,,,,,,,ridge_gated_gbdt
same_well_masked,tr000e1,0,2058,272,2058,0.1390154968094804,1.8870164911397898,0.29446806752744004,7328.190687461393,178.45214926870398,-1.5925484236123497,-7149.73853819269,True,False,False,,,,,,,,,,,,,,,,,,,ridge_gated_gbdt
same_well_masked,tr00061,4,2525,710,2525,0.09774305555555556,1.7496678101147891,0.2103881684863005,7729.8770505235025,111.76453313352542,-1.5392796416284886,-7618.112517389977,True,False,False,,,,,,,,,,,,,,,,,,,ridge_gated_gbdt
same_well_masked,tr00000,0,2913,1249,2913,0.06148409893992933,2.284915521788405,0.755595018498099,15208.303837200005,1663.101122555242,-1.529320503290306,-13545.202714644762,True,False,False,,,,,,,,,,,,,,,,,,,ridge_gated_gbdt
same_well_masked,tr00052,3,3230,2132,3230,0.049348230912476726,2.013044157829938,0.4862481634291125,13089.080103835578,763.6924028953372,-1.5267959944008254,-12325.387700940242,True,False,False,,,,,,,,,,,,,,,,,,,ridge_gated_gbdt
same_well_masked,tr000ed,3,3197,915,3197,0.09139417156929812,1.8324831067832077,0.4060857062007968,10735.50789425674,527.2032056955777,-1.426397400582411,-10208.304688561162,True,False,False,,,,,,,,,,,,,,,,,,,ridge_gated_gbdt
same_well_masked,tr00006,2,2473,720,2473,0.014119308153900459,2.0272632796404992,0.6073263085523917,10163.526509512458,912.1542910330705,-1.4199369710881076,-9251.372218479388,True,False,False,,,,,,,,,,,,,,,,,,,ridge_gated_gbdt
same_well_masked,tr000c1,0,1926,664,1926,0.14570416297608504,1.4583048641766707,0.06323008157098209,4095.9338260734567,7.70023123300109,-1.3950747826056886,-4088.2335948404557,True,False,False,,,,,,,,,,,,,,,,,,,ridge_gated_gbdt
same_well_masked,tr000db,4,1571,1697,1571,0.02748501756561273,1.5438250436620438,0.17472731021946303,3744.314747503273,47.96205334328623,-1.3690977334425807,-3696.3526941599866,True,False,False,,,,,,,,,,,,,,,,,,,ridge_gated_gbdt
same_well_masked,tr000c8,0,1353,2314,1353,0.07191235059760956,1.8628803050462581,0.5065049361914717,4695.347060847262,347.1084297727003,-1.3563753688547864,-4348.238631074561,True,False,False,,,,,,,,,,,,,,,,,,,ridge_gated_gbdt
same_well_masked,tr00017,0,1666,512,1666,0.05124869927159209,1.507024174719407,0.16535013173622207,3783.6890240723915,45.549549664599866,-1.341674042983185,-3738.1394744077916,True,False,False,,,,,,,,,,,,,,,,,,,ridge_gated_gbdt
same_well_masked,tr00080,3,2691,3328,2691,0.08358208955223881,1.713449711065042,0.40641002617386246,7900.5335741308245,444.47007332715503,-1.3070396848911794,-7456.06350080367,True,False,False,,,,,,,,,,,,,,,,,,,ridge_gated_gbdt
same_well_masked,tr00067,1,1803,1082,1803,0.1260665529010239,1.6867554073967568,0.44549757852276384,5129.794279301104,357.83797072277196,-1.241257828873993,-4771.956308578332,True,False,False,,,,,,,,,,,,,,,,,,,ridge_gated_gbdt
same_well_masked,tr00023,0,2929,2255,2929,0.047331443362504624,1.3265181696348611,0.13127757901095102,5154.016180853895,50.47780825761012,-1.19524059062391,-5103.538372596285,True,False,False,,,,,,,,,,,,,,,,,,,ridge_gated_gbdt
same_well_masked,tr00068,4,2525,1684,2525,0.06712206712206713,1.316743405385203,0.1457116177207307,4377.878318954188,53.61048573545072,-1.1710317876644722,-4324.267833218738,True,False,False,,,,,,,,,,,,,,,,,,,ridge_gated_gbdt
same_well_masked,tr00066,2,3353,2141,3353,0.0,1.282783812138406,0.23918825689546172,5517.476537018596,191.82855755961955,-1.0435955552429443,-5325.647979458977,True,False,False,,,,,,,,,,,,,,,,,,,ridge_gated_gbdt
same_well_masked,tr00008,3,1523,810,1523,0.09880705394190871,1.5298933444141132,0.4873323109134623,3564.6936617654,361.7015058593691,-1.0425610335006508,-3202.992155906031,True,False,False,,,,,,,,,,,,,,,,,,,ridge_gated_gbdt
same_well_masked,tr0009e,1,2153,1323,2153,0.12169124178362054,1.1462387622128074,0.11322546358584054,2828.7476848981673,27.601472065903966,-1.033013298626967,-2801.1462128322632,True,False,False,,,,,,,,,,,,,,,,,,,ridge_gated_gbdt
same_well_masked,tr00040,0,2042,2055,2042,0.0,1.264806916673531,0.23184971387166556,3266.6620074619477,109.76625981728606,-1.0329572028018654,-3156.8957476446617,True,False,False,,,,,,,,,,,,,,,,,,,ridge_gated_gbdt
same_well_masked,tr0007a,1,2430,3443,2430,0.0,1.3761724387930834,0.35524958384080535,4602.056912543698,306.67150837032887,-1.020922854952278,-4295.385404173368,True,False,False,,,,,,,,,,,,,,,,,,,ridge_gated_gbdt
same_well_masked,tr000a9,0,1536,574,1536,0.19171695008228196,1.0537803502535128,0.03711828520156107,1705.6558488275193,2.1162502599236,-1.0166620650519518,-1703.5395985675957,True,False,False,,,,,,,,,,,,,,,,,,,ridge_gated_gbdt
same_well_masked,tr00003,2,2817,2175,2817,0.06146753745678064,1.1128071690915367,0.12896684609530723,3488.403204153142,46.85360430261796,-0.9838403229962294,-3441.549599850524,True,False,False,,,,,,,,,,,,,,,,,,,ridge_gated_gbdt
same_well_masked,tr0004b,2,2285,879,2285,0.05505597357313269,1.8653696522616208,0.8967178843262921,7950.895001937193,1837.3752729013697,-0.9686517679353287,-6113.519729035824,True,False,False,,,,,,,,,,,,,,,,,,,ridge_gated_gbdt
same_well_masked,tr00011,4,2787,3359,2787,0.05877084965856935,2.308695892165364,1.3446503991588883,14854.923825610917,5039.132047635385,-0.9640454930064757,-9815.791777975532,True,False,False,,,,,,,,,,,,,,,,,,,ridge_gated_gbdt
same_well_masked,tr00047,2,2551,256,2551,0.03938036580813736,1.925444980938663,0.9648660795069293,9457.420193660437,2374.895672578217,-0.9605789014317336,-7082.5245210822195,True,False,False,,,,,,,,,,,,,,,,,,,ridge_gated_gbdt
same_well_masked,tr00022,2,2467,4032,2467,0.06803479812625474,1.1674780529715423,0.23506848026605978,3362.5333452879413,136.3194887528057,-0.9324095727054825,-3226.2138565351356,True,False,False,,,,,,,,,,,,,,,,,,,ridge_gated_gbdt
same_well_masked,tr00031,3,2623,720,2623,0.0,1.0362073999310488,0.12327805103011018,2816.3827095873003,39.86298444194737,-0.9129293489009387,-2776.519725145353,True,False,False,,,,,,,,,,,,,,,,,,,ridge_gated_gbdt
same_well_masked,tr000e0,3,1732,460,1732,0.0,0.99470201403365,0.09384203429690265,1713.6963915235426,15.25255905849918,-0.9008599797367474,-1698.4438324650434,True,False,False,,,,,,,,,,,,,,,,,,,ridge_gated_gbdt
same_well_masked,tr00096,3,2783,1350,2783,0.07200694042799306,1.4966818738487873,0.6042130813898572,6234.077605485421,1015.9994050120685,-0.8924687924589301,-5218.078200473353,True,False,False,,,,,,,,,,,,,,,,,,,ridge_gated_gbdt
same_well_masked,tr0005b,1,1828,466,1828,0.10019408054342552,1.2578808201978906,0.3669968208843983,2892.3788804981004,246.2072264337583,-0.8908839993134923,-2646.171654064342,True,False,False,,,,,,,,,,,,,,,,,,,ridge_gated_gbdt
same_well_masked,tr000cd,3,2885,2344,2885,0.0,1.052497101538768,0.18706625846705857,3195.85917913656,100.95706988905367,-0.8654308430717095,-3094.9021092475064,True,False,False,,,,,,,,,,,,,,,,,,,ridge_gated_gbdt
same_well_masked,tr000ae,4,2607,940,2607,0.0,1.003192856212436,0.15137024093500018,2623.6741289120187,59.73406023475705,-0.8518226152774357,-2563.9400686772615,True,False,False,,,,,,,,,,,,,,,,,,,ridge_gated_gbdt
same_well_masked,tr000e9,1,3452,1989,3452,0.0,1.130362126333183,0.3179976314747991,4410.684388510534,349.0748479886055,-0.8123644948583838,-4061.609540521928,True,False,False,,,,,,,,,,,,,,,,,,,ridge_gated_gbdt
same_well_masked,tr00041,2,2310,3990,2310,0.06620209059233449,1.0036700142733626,0.19335939520009443,2326.9865793439462,86.36594669505796,-0.8103106190732681,-2240.620632648888,True,False,False,,,,,,,,,,,,,,,,,,,ridge_gated_gbdt
same_well_masked,tr00046,0,2362,648,2362,0.02475800446760983,1.0976103067639478,0.28898930948227886,2845.6156865851253,197.26200719029475,-0.8086209972816689,-2648.3536793948306,True,False,False,,,,,,,,,,,,,,,,,,,ridge_gated_gbdt
same_well_masked,tr00016,0,3606,395,3606,0.0,1.0700175535469256,0.2720504355290775,4128.644859024163,266.885250734448,-0.7979671180178481,-3861.7596082897153,True,False,False,,,,,,,,,,,,,,,,,,,ridge_gated_gbdt
same_well_masked,tr0008e,1,2415,1068,2415,0.12800949474398102,1.0029292299501857,0.24406140397671927,2429.1689022966607,143.85181492027596,-0.7588678259734665,-2285.3170873763847,True,False,False,,,,,,,,,,,,,,,,,,,ridge_gated_gbdt
same_well_masked,tr00099,4,2607,1596,2607,0.10176211453744494,0.8174388975007372,0.06928575145808209,1742.0139574408045,12.514943530774701,-0.748153146042655,-1729.4990139100298,True,False,False,,,,,,,,,,,,,,,,,,,ridge_gated_gbdt
same_well_masked,tr0002e,4,1838,559,1838,0.1563164108618654,1.256930962309019,0.5121674076593267,2903.811066092359,482.1358034750569,-0.7447635546496923,-2421.675262617302,True,False,False,,,,,,,,,,,,,,,,,,,ridge_gated_gbdt
same_well_masked,tr000d0,0,1235,1495,1235,0.11046658259773014,0.8379075801339088,0.10762231755976392,867.0800543646404,14.304465597614318,-0.7302852625741448,-852.7755887670261,True,False,False,,,,,,,,,,,,,,,,,,,ridge_gated_gbdt
same_well_masked,tr000bb,0,1823,1209,1823,0.0,0.980774655788596,0.25608879232113774,1753.5782010720866,119.55501899420533,-0.7246858634674582,-1634.0231820778813,True,False,False,,,,,,,,,,,,,,,,,,,ridge_gated_gbdt
same_well_masked,tr00015,4,1499,2428,1499,0.0,1.4681733661642924,0.7438224367975246,3231.14401663817,829.3544544076277,-0.7243509293667678,-2401.7895622305423,True,False,False,,,,,,,,,,,,,,,,,,,ridge_gated_gbdt
same_well_masked,tr0002c,0,2745,468,2745,0.03289694528365223,1.5767293271450236,0.8538141422405428,6824.2768936124,2001.1011281499232,-0.7229151849044808,-4823.175765462477,True,False,False,,,,,,,,,,,,,,,,,,,ridge_gated_gbdt
same_well_masked,tr00035,1,2067,1169,2067,0.2187441071091835,0.8696795340056349,0.17195223552221056,1563.35993069169,61.116169879344284,-0.6977272984834244,-1502.2437608123455,True,False,False,,,,,,,,,,,,,,,,,,,ridge_gated_gbdt
same_well_masked,tr00018,2,1170,1998,1170,0.10396496081143385,0.9327710598839265,0.24592789305776128,1017.9723646836709,70.76221844308071,-0.6868431668261652,-947.2101462405901,True,False,False,,,,,,,,,,,,,,,,,,,ridge_gated_gbdt
same_well_masked,tr000c3,4,3649,933,3649,0.07520349896731868,0.8261045067286986,0.15077620925987267,2490.255145880715,82.95441480225696,-0.6753282974688259,-2407.3007310784583,True,False,False,,,,,,,,,,,,,,,,,,,ridge_gated_gbdt
same_well_masked,tr0009a,0,1936,2689,1936,0.0,0.6900206329677805,0.05155943040367362,921.7847255115526,5.1466137358352455,-0.6384612025641069,-916.6381117757173,True,False,False,,,,,,,,,,,,,,,,,,,ridge_gated_gbdt
same_well_masked,tr00070,3,1835,1694,1835,0.06711409395973154,0.7338415153024482,0.16873343099564728,988.1903831818569,52.24423129975786,-0.5651080843068009,-935.946151882099,True,False,False,,,,,,,,,,,,,,,,,,,ridge_gated_gbdt
same_well_masked,tr00020,2,3495,289,3495,0.6487154828960022,0.7609366736963836,0.19907039561641418,2023.6910517095278,138.5034333260104,-0.5618662780799695,-1885.1876183835175,True,False,False,,,,,,,,,,,,,,,,,,,ridge_gated_gbdt
same_well_masked,tr000d1,2,1697,2851,1697,0.10136108887109688,0.7200944500800767,0.20677585482653352,879.9556209103091,72.5573632742965,-0.5133185952535432,-807.3982576360127,True,False,False,,,,,,,,,,,,,,,,,,,ridge_gated_gbdt
same_well_masked,tr00025,4,3480,1930,3480,0.0,2.6668557604604324,2.1619431921818366,24750.17637191145,16265.514314450438,-0.5049125682785958,-8484.662057461011,True,False,False,,,,,,,,,,,,,,,,,,,ridge_gated_gbdt
same_well_masked,tr0008a,3,1611,1674,1611,0.24816176470588236,0.5553723346698938,0.05602727082333456,496.8943109179852,5.057017727293065,-0.4993450638465592,-491.83729319069215,True,False,False,,,,,,,,,,,,,,,,,,,ridge_gated_gbdt
same_well_masked,tr0008c,0,1264,1972,1264,0.0,0.6654890273444583,0.1969975201589083,559.7948159320636,49.053341007231985,-0.46849150718554994,-510.74147492483155,True,False,False,,,,,,,,,,,,,,,,,,,ridge_gated_gbdt
same_well_masked,tr0001a,0,2686,3405,2686,0.09114731685086021,0.6594884603986036,0.25553426380986133,1168.2086289655008,175.3897833085572,-0.4039541965887423,-992.8188456569436,True,False,False,,,,,,,,,,,,,,,,,,,ridge_gated_gbdt
same_well_masked,tr000ba,1,2727,3370,2727,0.0,0.7076669291808163,0.338943861047912,1365.6611002034751,313.28577994901474,-0.3687230681329043,-1052.3753202544603,True,False,False,,,,,,,,,,,,,,,,,,,ridge_gated_gbdt
same_well_masked,tr0005a,4,1378,1221,1378,0.1528790545637415,0.645140916994954,0.28774986833246974,573.5329742323422,114.09838170753736,-0.3573910486624843,-459.4345925248049,True,False,False,,,,,,,,,,,,,,,,,,,ridge_gated_gbdt
same_well_masked,tr00036,0,4230,448,4230,0.0,0.5093481004617005,0.16203943988220132,1097.412111887877,111.06617972713778,-0.3473086605794992,-986.3459321607393,True,False,False,,,,,,,,,,,,,,,,,,,ridge_gated_gbdt
same_well_masked,tr0000d,2,2780,581,2780,0.08923628073603648,0.4344979974974267,0.12965424386694746,524.8320573253811,46.73241980853347,-0.3048437536304792,-478.0996375168477,True,False,False,,,,,,,,,,,,,,,,,,,ridge_gated_gbdt
same_well_masked,tr000b2,3,1372,1021,1372,0.023373173970783534,0.4986458083208854,0.22268566322259012,341.14456503801716,68.03597711790198,-0.27596014509829525,-273.10858792011516,True,False,False,,,,,,,,,,,,,,,,,,,ridge_gated_gbdt
same_well_masked,tr0000e,1,1313,2344,1313,0.09698189134808853,0.4921278955979703,0.2186417530803632,317.9952935665267,62.766935857541576,-0.2734861425176071,-255.22835770898513,True,False,False,,,,,,,,,,,,,,,,,,,ridge_gated_gbdt
same_well_masked,tr00062,1,2035,557,2035,0.06894315971471796,0.41514028315871154,0.16056894052559775,350.71486031672873,52.46715278617886,-0.25457134263311376,-298.24770753054986,True,False,False,,,,,,,,,,,,,,,,,,,ridge_gated_gbdt
same_well_masked,tr000ca,4,3115,2250,3115,0.0,0.7518985488813654,0.5000872987124465,1761.069697627848,779.0219592288889,-0.2518112501689189,-982.047738398959,True,False,False,,,,,,,,,,,,,,,,,,,ridge_gated_gbdt
same_well_masked,tr000d5,4,2437,3844,2437,0.04496444138563891,0.3569560114919186,0.1309016653259957,310.51667691971295,41.75859446573496,-0.22605434616592288,-268.758082453978,True,False,False,,,,,,,,,,,,,,,,,,,ridge_gated_gbdt
same_well_masked,tr00088,1,2047,1253,2047,0.06601832803441182,0.5909559437070907,0.364990559640588,714.871614393405,272.69746835895654,-0.22596538406650268,-442.1741460344485,True,False,False,,,,,,,,,,,,,,,,,,,ridge_gated_gbdt
same_well_masked,tr00034,4,3550,640,3550,0.015762273901808784,0.32720761549905497,0.10947765723411744,380.08012392404976,42.54801888882172,-0.21772995826493752,-337.532105035228,True,False,False,,,,,,,,,,,,,,,,,,,ridge_gated_gbdt
same_well_masked,tr000e7,4,3454,348,3454,0.14608599779492834,0.6013325087979675,0.3898899463056292,1248.9691153180881,525.056943975133,-0.21144256249233834,-723.9121713429552,True,False,False,,,,,,,,,,,,,,,,,,,ridge_gated_gbdt
same_well_masked,tr00002,4,1907,369,1907,0.0,1.2074512134816304,1.029642493123112,2780.2885916132655,2021.7321065705914,-0.17780872035851836,-758.556485042674,True,False,False,,,,,,,,,,,,,,,,,,,ridge_gated_gbdt
same_well_masked,tr00085,4,2529,3666,2529,0.03587803759743237,0.2919253900394162,0.1723188086451735,215.52247594130347,75.09554891480367,-0.11960658139424271,-140.4269270264998,True,False,False,,,,,,,,,,,,,,,,,,,ridge_gated_gbdt
same_well_masked,tr00092,3,1842,930,1842,0.09037711313394019,0.2741050375084452,0.20881355040056893,138.39603886418632,80.31690804650111,-0.0652914871078763,-58.07913081768521,True,False,False,,,,,,,,,,,,,,,,,,,ridge_gated_gbdt
same_well_masked,tr000bc,4,4159,619,4159,0.0,0.8748976719280551,0.8441152500511747,3183.489649259399,2963.4145797794927,-0.030782421876880406,-220.07506947990623,True,False,False,,,,,,,,,,,,,,,,,,,ridge_gated_gbdt
same_well_masked,tr00004,1,1809,200,1809,0.11125552378476736,1.762145570166133,1.762145570166133,5617.2290319151325,5617.2290319151325,0.0,0.0,False,False,True,,,,,,,,,,,,,,,,,,,ridge_gated_gbdt
same_well_masked,tr00005,1,2969,200,2969,0.0,0.7062508040512723,0.7062508040512723,1480.9080985242908,1480.9080985242908,0.0,0.0,False,False,True,,,,,,,,,,,,,,,,,,,ridge_gated_gbdt
same_well_masked,tr00009,1,2245,200,2245,0.02335907335907336,0.9034927642577529,0.9034927642577529,1832.5916480234293,1832.5916480234293,0.0,0.0,False,False,True,,,,,,,,,,,,,,,,,,,ridge_gated_gbdt
same_well_masked,tr0000a,1,2192,216,2192,0.0,2.790089623958026,2.790089623958026,17063.843440502384,17063.843440502384,0.0,0.0,False,False,True,,,,,,,,,,,,,,,,,,,ridge_gated_gbdt
same_well_masked,tr0000b,4,3108,200,3108,0.07501402131239485,2.120993172960627,2.120993172960627,13981.686219529289,13981.686219529289,0.0,0.0,False,False,True,,,,,,,,,,,,,,,,,,,ridge_gated_gbdt
same_well_masked,tr0000c,1,1925,200,1925,0.03639351960554121,1.026267268648519,1.026267268648519,2027.457175396136,2027.457175396136,0.0,0.0,False,False,True,,,,,,,,,,,,,,,,,,,ridge_gated_gbdt
same_well_masked,tr0000f,3,2473,200,2473,0.101712506486767,2.49452796226008,2.49452796226008,15388.662302872131,15388.662302872131,0.0,0.0,False,False,True,,,,,,,,,,,,,,,,,,,ridge_gated_gbdt
same_well_masked,tr00010,3,2774,3402,2774,0.711731843575419,5.686927905646951,5.686927905646951,89714.34733716818,89714.34733716818,0.0,0.0,False,False,True,,,,,,,,,,,,,,,,,,,ridge_gated_gbdt
same_well_masked,tr00014,0,1857,200,1857,0.1547250654606046,0.46111638168149455,0.46111638168149455,394.8507855139977,394.8507855139977,0.0,0.0,False,False,True,,,,,,,,,,,,,,,,,,,ridge_gated_gbdt
same_well_masked,tr0001b,3,2450,200,2450,0.0,0.6658185511226107,0.6658185511226107,1086.1201403965806,1086.1201403965806,0.0,0.0,False,False,True,,,,,,,,,,,,,,,,,,,ridge_gated_gbdt
same_well_masked,tr0001c,3,2143,3635,2143,0.06867819719732357,1.3872529643087053,1.3872529643087053,4124.1408965051905,4124.1408965051905,0.0,0.0,False,False,True,,,,,,,,,,,,,,,,,,,ridge_gated_gbdt
same_well_masked,tr0001e,0,3226,200,3226,0.0,1.9661870261046146,1.9661870261046146,12471.365726152922,12471.365726152922,0.0,0.0,False,False,True,,,,,,,,,,,,,,,,,,,ridge_gated_gbdt
same_well_masked,tr00026,3,2443,3670,2443,0.0,0.2973768281919104,0.2973768281919104,216.04176512081006,216.04176512081006,0.0,0.0,False,False,True,,,,,,,,,,,,,,,,,,,ridge_gated_gbdt
same_well_masked,tr00027,4,2037,200,2037,0.12438739789964995,1.2469677036460227,1.2469677036460227,3167.3892606681106,3167.3892606681106,0.0,0.0,False,False,True,,,,,,,,,,,,,,,,,,,ridge_gated_gbdt
same_well_masked,tr00028,2,2993,200,2993,0.0,2.9268931095270845,2.9268931095270845,25640.142900869196,25640.142900869196,0.0,0.0,False,False,True,,,,,,,,,,,,,,,,,,,ridge_gated_gbdt
same_well_masked,tr00029,3,3099,200,3099,0.038141669056495554,0.8692365359304858,0.8692365359304858,2341.5181095735384,2341.5181095735384,0.0,0.0,False,False,True,,,,,,,,,,,,,,,,,,,ridge_gated_gbdt
same_well_masked,tr0002a,1,969,1677,969,0.6149377593360996,1.4530900810017244,1.4530900810017244,2046.0151892169247,2046.0151892169247,0.0,0.0,False,False,True,,,,,,,,,,,,,,,,,,,ridge_gated_gbdt
same_well_masked,tr0002b,1,1637,1427,1637,0.18613061050840246,0.7932717768119071,0.7932717768119071,1030.131543157906,1030.131543157906,0.0,0.0,False,False,True,,,,,,,,,,,,,,,,,,,ridge_gated_gbdt
same_well_masked,tr0002d,1,3241,200,3241,0.08988605992403995,2.3002624855604723,2.3002624855604723,17148.803515527445,17148.803515527445,0.0,0.0,False,False,True,,,,,,,,,,,,,,,,,,,ridge_gated_gbdt
same_well_masked,tr00032,3,3429,200,3429,0.0,2.3824690446071117,2.3824690446071117,19463.548348644646,19463.548348644646,0.0,0.0,False,False,True,,,,,,,,,,,,,,,,,,,ridge_gated_gbdt
same_well_masked,tr00038,3,2964,2070,2964,0.06001500375093773,2.8737511010542782,2.8737511010542782,24478.032138362843,24478.032138362843,0.0,0.0,False,False,True,,,,,,,,,,,,,,,,,,,ridge_gated_gbdt
same_well_masked,tr0003a,0,2016,200,2016,0.03838771593090211,1.3289463553821876,1.3289463553821876,3560.454405614937,3560.454405614937,0.0,0.0,False,False,True,,,,,,,,,,,,,,,,,,,ridge_gated_gbdt
same_well_masked,tr0003e,0,1651,200,1651,0.026977475117862755,0.5968698582607173,0.5968698582607173,588.1747393329787,588.1747393329787,0.0,0.0,False,False,True,,,,,,,,,,,,,,,,,,,ridge_gated_gbdt
same_well_masked,tr00043,0,2849,220,2849,0.14109496451503886,1.5890457100750004,1.5890457100750004,7193.913799548414,7193.913799548414,0.0,0.0,False,False,True,,,,,,,,,,,,,,,,,,,ridge_gated_gbdt
same_well_masked,tr00044,2,1698,3057,1698,0.03455757012242368,1.0514224170824955,1.0514224170824955,1877.120490345828,1877.120490345828,0.0,0.0,False,False,True,,,,,,,,,,,,,,,,,,,ridge_gated_gbdt
same_well_masked,tr00045,1,1709,1943,1709,0.7377354971087484,0.7213961229510973,0.7213961229510973,889.384733850967,889.384733850967,0.0,0.0,False,False,True,,,,,,,,,,,,,,,,,,,ridge_gated_gbdt
same_well_masked,tr00048,1,2125,2522,2125,0.0,0.5184775601589202,0.5184775601589202,571.2403333252366,571.2403333252366,0.0,0.0,False,False,True,,,,,,,,,,,,,,,,,,,ridge_gated_gbdt
same_well_masked,tr00049,2,3583,200,3583,0.03380060264640377,0.6476033281617224,0.6476033281617224,1502.674623125118,1502.674623125118,0.0,0.0,False,False,True,,,,,,,,,,,,,,,,,,,ridge_gated_gbdt
same_well_masked,tr0004a,3,3373,335,3373,0.5229487360542296,3.7021401718687126,3.7021401718687126,46229.804567349514,46229.804567349514,0.0,0.0,False,False,True,,,,,,,,,,,,,,,,,,,ridge_gated_gbdt
same_well_masked,tr0004c,2,1939,703,1939,0.5457323728443572,3.719103867007335,3.719103867007335,26819.7313991889,26819.7313991889,0.0,0.0,False,False,True,,,,,,,,,,,,,,,,,,,ridge_gated_gbdt
same_well_masked,tr0004d,1,3050,200,3050,0.051601423487544484,3.8935982348426132,3.8935982348426132,46238.32700382701,46238.32700382701,0.0,0.0,False,False,True,,,,,,,,,,,,,,,,,,,ridge_gated_gbdt
same_well_masked,tr0004e,0,1813,1797,1813,0.7717130739443112,2.43031454311817,2.43031454311817,10708.355375405416,10708.355375405416,0.0,0.0,False,False,True,,,,,,,,,,,,,,,,,,,ridge_gated_gbdt
same_well_masked,tr0004f,4,2033,200,2033,0.15246842709529276,0.7799032903461659,0.7799032903461659,1236.5705062812135,1236.5705062812135,0.0,0.0,False,False,True,,,,,,,,,,,,,,,,,,,ridge_gated_gbdt
same_well_masked,tr00051,3,1395,1232,1395,0.19666832421680755,0.29592859793593335,0.29592859793593335,122.16536043147656,122.16536043147656,0.0,0.0,False,False,True,,,,,,,,,,,,,,,,,,,ridge_gated_gbdt
same_well_masked,tr00054,2,1457,2582,1457,0.8131368267831149,0.8597637198796091,0.8597637198796091,1077.0051539089218,1077.0051539089218,0.0,0.0,False,False,True,,,,,,,,,,,,,,,,,,,ridge_gated_gbdt
same_well_masked,tr00055,1,2211,200,2211,0.0,0.967839595190856,0.967839595190856,2071.0735087444514,2071.0735087444514,0.0,0.0,False,False,True,,,,,,,,,,,,,,,,,,,ridge_gated_gbdt
same_well_masked,tr00056,2,2782,200,2782,0.0,2.4951253878507593,2.4951253878507593,17319.76025045297,17319.76025045297,0.0,0.0,False,False,True,,,,,,,,,,,,,,,,,,,ridge_gated_gbdt
same_well_masked,tr00057,2,3071,200,3071,0.0518910741301059,4.038871002574692,4.038871002574692,50095.62293357223,50095.62293357223,0.0,0.0,False,False,True,,,,,,,,,,,,,,,,,,,ridge_gated_gbdt
same_well_masked,tr0005c,2,1836,200,1836,0.0,3.8311470742225207,3.8311470742225207,26948.234992338457,26948.234992338457,0.0,0.0,False,False,True,,,,,,,,,,,,,,,,,,,ridge_gated_gbdt
same_well_masked,tr0005d,0,1735,200,1735,0.17435762978500263,0.42261013897264793,0.42261013897264793,309.86983679090423,309.86983679090423,0.0,0.0,False,False,True,,,,,,,,,,,,,,,,,,,ridge_gated_gbdt
same_well_masked,tr0005e,2,987,1570,987,0.04966139954853273,0.3922343034875774,0.3922343034875774,151.84772809756393,151.84772809756393,0.0,0.0,False,False,True,,,,,,,,,,,,,,,,,,,ridge_gated_gbdt
same_well_masked,tr0005f,4,2186,4357,2186,0.6859892312979723,4.28532698775317,4.28532698775317,40143.76387883694,40143.76387883694,0.0,0.0,False,False,True,,,,,,,,,,,,,,,,,,,ridge_gated_gbdt
same_well_masked,tr00060,3,1532,2029,1532,0.0,1.1995376009207692,1.1995376009207692,2204.38017862686,2204.38017862686,0.0,0.0,False,False,True,,,,,,,,,,,,,,,,,,,ridge_gated_gbdt
same_well_masked,tr00063,0,2383,200,2383,0.137567084078712,2.9953191957547203,2.9953191957547203,21380.12607226033,21380.12607226033,0.0,0.0,False,False,True,,,,,,,,,,,,,,,,,,,ridge_gated_gbdt
same_well_masked,tr00064,0,3011,200,3011,0.6922152088969041,0.8442637707866176,0.8442637707866176,2146.1845384498065,2146.1845384498065,0.0,0.0,False,False,True,,,,,,,,,,,,,,,,,,,ridge_gated_gbdt
same_well_masked,tr00065,2,1950,1689,1950,0.639112542494185,0.7301616263412608,0.7301616263412608,1039.6152011335641,1039.6152011335641,0.0,0.0,False,False,True,,,,,,,,,,,,,,,,,,,ridge_gated_gbdt
same_well_masked,tr0006b,0,1879,2159,1879,0.09869866486395133,1.800915669163773,1.800915669163773,6094.1555279390095,6094.1555279390095,0.0,0.0,False,False,True,,,,,,,,,,,,,,,,,,,ridge_gated_gbdt
same_well_masked,tr0006d,3,2662,200,2662,0.0,2.6346998828950405,2.6346998828950405,18478.654924932045,18478.654924932045,0.0,0.0,False,False,True,,,,,,,,,,,,,,,,,,,ridge_gated_gbdt
same_well_masked,tr0006f,3,1895,2738,1895,0.05177696078431373,0.3178551002399099,0.3178551002399099,191.45538369845144,191.45538369845144,0.0,0.0,False,False,True,,,,,,,,,,,,,,,,,,,ridge_gated_gbdt
same_well_masked,tr00071,2,1695,200,1695,0.1494435612082671,0.7128727557785288,0.7128727557785288,861.3779242535094,861.3779242535094,0.0,0.0,False,False,True,,,,,,,,,,,,,,,,,,,ridge_gated_gbdt
same_well_masked,tr00072,4,3239,200,3239,0.0656386462882096,0.8669603991448118,0.8669603991448118,2434.4982608067885,2434.4982608067885,0.0,0.0,False,False,True,,,,,,,,,,,,,,,,,,,ridge_gated_gbdt
same_well_masked,tr00073,1,1859,200,1859,0.18900023304591004,1.0959332900192402,1.0959332900192402,2232.7887139044847,2232.7887139044847,0.0,0.0,False,False,True,,,,,,,,,,,,,,,,,,,ridge_gated_gbdt
same_well_masked,tr00074,0,2043,200,2043,0.20623206232062322,3.4060024924308605,3.4060024924308605,23700.542634963615,23700.542634963615,0.0,0.0,False,False,True,,,,,,,,,,,,,,,,,,,ridge_gated_gbdt
same_well_masked,tr00076,4,2232,200,2232,0.2059100319969885,0.7104605522153299,0.7104605522153299,1126.6113660391768,1126.6113660391768,0.0,0.0,False,False,True,,,,,,,,,,,,,,,,,,,ridge_gated_gbdt
same_well_masked,tr00077,3,1111,2206,1111,0.0,1.6547451422918273,1.6547451422918273,3042.119630877562,3042.119630877562,0.0,0.0,False,False,True,,,,,,,,,,,,,,,,,,,ridge_gated_gbdt
same_well_masked,tr0007b,1,2693,200,2693,0.11796108145341828,1.3028516586856225,1.3028516586856225,4571.15864314589,4571.15864314589,0.0,0.0,False,False,True,,,,,,,,,,,,,,,,,,,ridge_gated_gbdt
same_well_masked,tr0007e,3,2744,1270,2744,0.7169280852323172,2.1931838469591662,2.1931838469591662,13198.791980727794,13198.791980727794,0.0,0.0,False,False,True,,,,,,,,,,,,,,,,,,,ridge_gated_gbdt
same_well_masked,tr00081,0,2946,200,2946,0.05757530790918534,2.0860449494594078,2.0860449494594078,12819.765082812395,12819.765082812395,0.0,0.0,False,False,True,,,,,,,,,,,,,,,,,,,ridge_gated_gbdt
same_well_masked,tr00083,1,1248,1477,1248,0.2912157060156053,8.253251411777718,8.253251411777718,85008.96626478161,85008.96626478161,0.0,0.0,False,False,True,,,,,,,,,,,,,,,,,,,ridge_gated_gbdt
same_well_masked,tr00084,2,1986,3734,1986,0.8093693226057618,1.056535063742149,1.056535063742149,2216.90495306042,2216.90495306042,0.0,0.0,False,False,True,,,,,,,,,,,,,,,,,,,ridge_gated_gbdt
same_well_masked,tr00089,1,1892,200,1892,0.21824644549763034,0.8599482483389499,0.8599482483389499,1399.1547927417637,1399.1547927417637,0.0,0.0,False,False,True,,,,,,,,,,,,,,,,,,,ridge_gated_gbdt
same_well_masked,tr0008b,4,2179,2491,2179,0.7865381807563148,1.1950016149032237,1.1950016149032237,3111.67488511484,3111.67488511484,0.0,0.0,False,False,True,,,,,,,,,,,,,,,,,,,ridge_gated_gbdt
same_well_masked,tr0008f,0,2173,200,2173,0.6849863129079806,1.9086580076372428,1.9086580076372428,7916.185522725912,7916.185522725912,0.0,0.0,False,False,True,,,,,,,,,,,,,,,,,,,ridge_gated_gbdt
same_well_masked,tr00090,4,1971,200,1971,0.08338804990151018,0.5130213152320444,0.5130213152320444,518.7492045382434,518.7492045382434,0.0,0.0,False,False,True,,,,,,,,,,,,,,,,,,,ridge_gated_gbdt
same_well_masked,tr00091,0,1568,200,1568,0.0,0.597123432259703,0.597123432259703,559.0804247784574,559.0804247784574,0.0,0.0,False,False,True,,,,,,,,,,,,,,,,,,,ridge_gated_gbdt
same_well_masked,tr00093,4,1471,1320,1471,0.6755044580009385,0.9332248129174665,0.9332248129174665,1281.1064791753602,1281.1064791753602,0.0,0.0,False,False,True,,,,,,,,,,,,,,,,,,,ridge_gated_gbdt
same_well_masked,tr00094,1,4069,200,4069,0.0,2.3956626291528043,2.3956626291528043,23352.80249173494,23352.80249173494,0.0,0.0,False,False,True,,,,,,,,,,,,,,,,,,,ridge_gated_gbdt
same_well_masked,tr00095,4,3500,200,3500,0.0,3.904152332060492,3.904152332060492,53348.41901176682,53348.41901176682,0.0,0.0,False,False,True,,,,,,,,,,,,,,,,,,,ridge_gated_gbdt
same_well_masked,tr00098,1,1172,2047,1172,0.7171487132771578,0.4569765856836144,0.4569765856836144,244.74594703949901,244.74594703949901,0.0,0.0,False,False,True,,,,,,,,,,,,,,,,,,,ridge_gated_gbdt
same_well_masked,tr0009b,0,3346,202,3346,0.01392515230635335,1.7449043577010046,1.7449043577010046,10187.536813835155,10187.536813835155,0.0,0.0,False,False,True,,,,,,,,,,,,,,,,,,,ridge_gated_gbdt
same_well_masked,tr0009c,2,1815,551,1815,0.0,3.7049537839922917,3.7049537839922917,24913.928812856626,24913.928812856626,0.0,0.0,False,False,True,,,,,,,,,,,,,,,,,,,ridge_gated_gbdt
same_well_masked,tr0009f,3,1947,2309,1947,0.729163308076737,0.6320439672598411,0.6320439672598411,777.7867355419916,777.7867355419916,0.0,0.0,False,False,True,,,,,,,,,,,,,,,,,,,ridge_gated_gbdt
same_well_masked,tr000a1,3,2904,200,2904,0.0,4.357150374505115,4.357150374505115,55131.74125708937,55131.74125708937,0.0,0.0,False,False,True,,,,,,,,,,,,,,,,,,,ridge_gated_gbdt
same_well_masked,tr000a2,4,4132,200,4132,0.018637157833430402,2.5984068538744696,2.5984068538744696,27898.09951257784,27898.09951257784,0.0,0.0,False,False,True,,,,,,,,,,,,,,,,,,,ridge_gated_gbdt
same_well_masked,tr000a3,3,2301,200,2301,0.11978111066072153,1.8056006499716462,1.8056006499716462,7501.705720216651,7501.705720216651,0.0,0.0,False,False,True,,,,,,,,,,,,,,,,,,,ridge_gated_gbdt
same_well_masked,tr000a5,2,3737,200,3737,0.012870662460567823,1.492201710530716,1.492201710530716,8321.05063613164,8321.05063613164,0.0,0.0,False,False,True,,,,,,,,,,,,,,,,,,,ridge_gated_gbdt
same_well_masked,tr000a7,1,2873,200,2873,0.07402402402402403,3.6449835660618373,3.6449835660618373,38170.40563058127,38170.40563058127,0.0,0.0,False,False,True,,,,,,,,,,,,,,,,,,,ridge_gated_gbdt
same_well_masked,tr000a8,2,3364,200,3364,0.15339425587467362,3.479133955315922,3.479133955315922,40719.11103786436,40719.11103786436,0.0,0.0,False,False,True,,,,,,,,,,,,,,,,,,,ridge_gated_gbdt
same_well_masked,tr000ab,0,2212,200,2212,0.08590576766856214,1.2689775818080586,1.2689775818080586,3561.9926761267193,3561.9926761267193,0.0,0.0,False,False,True,,,,,,,,,,,,,,,,,,,ridge_gated_gbdt
same_well_masked,tr000ac,0,2101,200,2101,0.0,0.4436173733990762,0.4436173733990762,413.4691817351218,413.4691817351218,0.0,0.0,False,False,True,,,,,,,,,,,,,,,,,,,ridge_gated_gbdt
same_well_masked,tr000b1,3,2597,2234,2597,0.7036887452880991,2.503274055529723,2.503274055529723,16273.79144943812,16273.79144943812,0.0,0.0,False,False,True,,,,,,,,,,,,,,,,,,,ridge_gated_gbdt
same_well_masked,tr000b3,2,2181,200,2181,0.12054850593532541,2.4825204229851745,2.4825204229851745,13441.301585824447,13441.301585824447,0.0,0.0,False,False,True,,,,,,,,,,,,,,,,,,,ridge_gated_gbdt
same_well_masked,tr000b4,3,4119,294,4119,0.0,2.4225839270391756,2.4225839270391756,24174.052167336496,24174.052167336496,0.0,0.0,False,False,True,,,,,,,,,,,,,,,,,,,ridge_gated_gbdt
same_well_masked,tr000b5,2,2068,200,2068,0.5421538461538462,1.7815268845014511,1.7815268845014511,6563.497067136592,6563.497067136592,0.0,0.0,False,False,True,,,,,,,,,,,,,,,,,,,ridge_gated_gbdt
same_well_masked,tr000b6,3,2009,2419,2009,0.060742581948112474,1.7847526395885684,1.7847526395885684,6399.352046897389,6399.352046897389,0.0,0.0,False,False,True,,,,,,,,,,,,,,,,,,,ridge_gated_gbdt
same_well_masked,tr000b7,2,1205,2285,1205,0.7488817891373802,0.3215908972587422,0.3215908972587422,124.62194976561787,124.62194976561787,0.0,0.0,False,False,True,,,,,,,,,,,,,,,,,,,ridge_gated_gbdt
same_well_masked,tr000b8,1,3555,200,3555,0.065643197458973,1.5380042263221436,1.5380042263221436,8409.199635656878,8409.199635656878,0.0,0.0,False,False,True,,,,,,,,,,,,,,,,,,,ridge_gated_gbdt
same_well_masked,tr000be,0,2375,1310,2375,0.0,1.2646847754664428,1.2646847754664428,3798.6405055794407,3798.6405055794407,0.0,0.0,False,False,True,,,,,,,,,,,,,,,,,,,ridge_gated_gbdt
same_well_masked,tr000bf,4,2997,200,2997,0.719300866447565,1.5544879118928614,1.5544879118928614,7242.048706658423,7242.048706658423,0.0,0.0,False,False,True,,,,,,,,,,,,,,,,,,,ridge_gated_gbdt
same_well_masked,tr000c5,4,3186,1949,3186,0.07162600648960461,4.035484050378919,4.035484050378919,51884.429025468395,51884.429025468395,0.0,0.0,False,False,True,,,,,,,,,,,,,,,,,,,ridge_gated_gbdt
same_well_masked,tr000c7,2,1877,200,1877,0.6703406813627254,1.7464194985266004,1.7464194985266004,5724.814458693234,5724.814458693234,0.0,0.0,False,False,True,,,,,,,,,,,,,,,,,,,ridge_gated_gbdt
same_well_masked,tr000c9,1,2680,289,2680,0.18587360594795538,2.306627577309801,2.306627577309801,14259.022491488302,14259.022491488302,0.0,0.0,False,False,True,,,,,,,,,,,,,,,,,,,ridge_gated_gbdt
same_well_masked,tr000cb,2,1837,2697,1837,0.13467273583424894,0.7563646682206405,0.7563646682206405,1050.9247583178385,1050.9247583178385,0.0,0.0,False,False,True,,,,,,,,,,,,,,,,,,,ridge_gated_gbdt
same_well_masked,tr000ce,1,2914,2212,2914,0.06654228855721393,1.184751847616088,1.184751847616088,4090.1980444122455,4090.1980444122455,0.0,0.0,False,False,True,,,,,,,,,,,,,,,,,,,ridge_gated_gbdt
same_well_masked,tr000cf,3,2598,200,2598,0.5848144952545298,3.997743354190175,3.997743354190175,41521.111103674506,41521.111103674506,0.0,0.0,False,False,True,,,,,,,,,,,,,,,,,,,ridge_gated_gbdt
same_well_masked,tr000d3,2,3173,2644,3173,0.7351501668520578,3.06926387994214,3.06926387994214,29890.86816644856,29890.86816644856,0.0,0.0,False,False,True,,,,,,,,,,,,,,,,,,,ridge_gated_gbdt
same_well_masked,tr000d4,4,2949,200,2949,0.057502503218423685,0.43849128541121496,0.43849128541121496,567.0178171682782,567.0178171682782,0.0,0.0,False,False,True,,,,,,,,,,,,,,,,,,,ridge_gated_gbdt
same_well_masked,tr000d7,2,1044,1700,1044,0.10137275607180571,2.2864082979550022,2.2864082979550022,5457.68007277562,5457.68007277562,0.0,0.0,False,False,True,,,,,,,,,,,,,,,,,,,ridge_gated_gbdt
same_well_masked,tr000d8,3,2541,200,2541,0.048122493620123954,1.0462102452277342,1.0462102452277342,2781.266484014688,2781.266484014688,0.0,0.0,False,False,True,,,,,,,,,,,,,,,,,,,ridge_gated_gbdt
same_well_masked,tr000d9,4,3662,520,3662,0.6907190209077001,1.7862254809507305,1.7862254809507305,11683.982578737061,11683.982578737061,0.0,0.0,False,False,True,,,,,,,,,,,,,,,,,,,ridge_gated_gbdt
same_well_masked,tr000de,1,2356,200,2356,0.17310278578290106,1.1973861835273933,1.1973861835273933,3377.8765324154106,3377.8765324154106,0.0,0.0,False,False,True,,,,,,,,,,,,,,,,,,,ridge_gated_gbdt
same_well_masked,tr000df,4,1788,1558,1788,0.625633034670822,2.1987848486339283,2.1987848486339283,8644.362801320842,8644.362801320842,0.0,0.0,False,False,True,,,,,,,,,,,,,,,,,,,ridge_gated_gbdt
same_well_masked,tr000e3,4,2590,3587,2590,0.0,2.3155908029651475,2.3155908029651475,13887.47838595185,13887.47838595185,0.0,0.0,False,False,True,,,,,,,,,,,,,,,,,,,ridge_gated_gbdt
same_well_masked,tr000e4,3,2164,2981,2164,0.5714872075523327,0.3129796509050983,0.3129796509050983,211.9773507097855,211.9773507097855,0.0,0.0,False,False,True,,,,,,,,,,,,,,,,,,,ridge_gated_gbdt
same_well_masked,tr000e5,0,1450,1559,1450,0.0,1.5214282770794452,1.5214282770794452,3356.378803330547,3356.378803330547,0.0,0.0,False,False,True,,,,,,,,,,,,,,,,,,,ridge_gated_gbdt
same_well_masked,tr000ea,4,1520,1485,1520,0.6901657458563536,0.5502114701652776,0.5502114701652776,460.1536460901831,460.1536460901831,0.0,0.0,False,False,True,,,,,,,,,,,,,,,,,,,ridge_gated_gbdt
same_well_masked,tr000eb,1,2505,200,2505,0.0,1.678815943055748,1.678815943055748,7060.149541498693,7060.149541498693,0.0,0.0,False,False,True,,,,,,,,,,,,,,,,,,,ridge_gated_gbdt
same_well_masked,tr000ec,1,1618,1798,1618,0.5411203814064363,3.390366907638116,3.390366907638116,18598.243009283564,18598.243009283564,0.0,0.0,False,False,True,,,,,,,,,,,,,,,,,,,ridge_gated_gbdt
same_well_masked,tr000ee,0,1788,3546,1788,0.6881493962370121,0.24156374725400037,0.24156374725400037,104.3352426494615,104.3352426494615,0.0,0.0,False,False,True,,,,,,,,,,,,,,,,,,,ridge_gated_gbdt
same_well_masked,tr0006e,2,2956,586,2956,0.09679901508156356,0.4055229346725884,0.4423204452482651,486.11080221240456,578.333644297347,0.036797510575676706,92.22284208494239,False,True,False,,,,,,,,,,,,,,,,,,,ridge_gated_gbdt
same_well_masked,tr000dc,4,3319,2339,3319,0.059708143032193385,1.0112185200772925,1.137159481096578,3393.8862496577203,4291.904064001375,0.12594096101928542,898.0178143436551,False,True,False,,,,,,,,,,,,,,,,,,,ridge_gated_gbdt
same_well_masked,tr0001f,2,3631,660,3631,0.0,1.1013798216438382,1.2883303189739475,4404.539204344417,6026.715684169461,0.18695049733010927,1622.1764798250442,False,True,False,,,,,,,,,,,,,,,,,,,ridge_gated_gbdt
same_well_masked,tr00001,2,3735,835,3735,0.04105960264900662,0.6879055673089506,0.9133910229837372,1767.4545497119148,3116.0476058392833,0.22548545567478662,1348.5930561273685,False,True,False,,,,,,,,,,,,,,,,,,,ridge_gated_gbdt
same_well_masked,tr0007d,4,3208,2215,3208,0.05410728768393002,0.9675334195630224,1.2843277341372987,3003.0759048519803,5291.588713586988,0.3167943145742763,2288.5128087350076,False,True,False,,,,,,,,,,,,,,,,,,,ridge_gated_gbdt
same_well_masked,tr0007c,2,1150,1784,1150,0.1270812928501469,0.14940195562492448,0.4766002332558337,25.669085996234685,261.2199496904424,0.32719827763090925,235.5508636942077,False,True,False,,,,,,,,,,,,,,,,,,,ridge_gated_gbdt
same_well_masked,tr00058,3,1856,3317,1856,0.0684307867406459,2.538073387892943,2.8888480905590677,11956.01146544515,15489.14274684649,0.35077470266612476,3533.13128140134,False,True,False,,,,,,,,,,,,,,,,,,,ridge_gated_gbdt
same_well_masked,tr000ad,3,3617,846,3617,0.5429455445544554,1.1146805096894106,1.5663869010565579,4494.168214110783,8874.555180390267,0.4517063913671473,4380.386966279484,False,True,False,,,,,,,,,,,,,,,,,,,ridge_gated_gbdt
same_well_masked,tr000c6,1,1992,2870,1992,0.1060694484972279,0.7206402133234254,1.351494192208586,1034.4900555811937,3638.4608107344884,0.6308539788851605,2603.9707551532947,False,True,False,,,,,,,,,,,,,,,,,,,ridge_gated_gbdt
same_well_masked,tr000a6,3,1643,3198,1643,0.0,0.5834019127689253,1.2284737443373859,559.20785196427,2479.529737684739,0.6450718315684606,1920.3218857204688,False,True,False,,,,,,,,,,,,,,,,,,,ridge_gated_gbdt
same_well_masked,tr0006c,4,3992,384,3992,0.0,0.28973602658392217,1.0229977598041708,335.1162846817519,4177.725470924894,0.7332617332202487,3842.6091862431417,False,True,False,,,,,,,,,,,,,,,,,,,ridge_gated_gbdt
same_well_masked,tr00086,4,2543,2060,2543,0.0,1.4429687637152955,2.2311397677613933,5294.929963326616,12659.014998737226,0.7881710040460979,7364.08503541061,False,True,False,,,,,,,,,,,,,,,,,,,ridge_gated_gbdt
same_well_masked,tr000d2,4,2433,2747,2433,0.08656245895179299,0.2094106494171473,0.9987942252281414,106.69391127729457,2427.1362372813196,0.7893835758109942,2320.442326004025,False,True,False,,,,,,,,,,,,,,,,,,,ridge_gated_gbdt
same_well_masked,tr000b9,1,3355,1283,3355,0.0,3.2694593734187416,4.171530382037395,35862.81821433167,58382.58851831584,0.9020710086186536,22519.770303984165,False,True,False,,,,,,,,,,,,,,,,,,,ridge_gated_gbdt
same_well_masked,tr0006a,2,2356,3858,2356,0.0,0.9372281946567749,1.8518434559301982,2069.5025989532114,8079.487780499654,0.9146152612734233,6009.985181546443,False,True,False,,,,,,,,,,,,,,,,,,,ridge_gated_gbdt
same_well_masked,tr00069,0,3170,567,3170,0.0,1.8073907863672618,2.8787244885161294,10355.316811225503,26269.963338080368,1.0713337021488676,15914.646526854865,False,True,False,,,,,,,,,,,,,,,,,,,ridge_gated_gbdt
same_well_masked,tr00053,3,3026,502,3026,0.03387244430881904,0.9829632269171708,2.3557789397421893,2923.7717507565085,16793.375293534755,1.3728157128250187,13869.603542778246,False,True,False,,,,,,,,,,,,,,,,,,,ridge_gated_gbdt
same_well_masked,tr000e6,0,1605,2018,1605,0.12834736036725325,1.099628179540175,2.5258081253299416,1940.7373238483374,10239.42923100232,1.4261799457897666,8298.691907153981,False,True,False,,,,,,,,,,,,,,,,,,,ridge_gated_gbdt
same_well_masked,tr000ef,0,2253,442,2253,0.19098625707356506,0.5568551852804257,2.1520609393416135,698.6275821829399,10434.468243799713,1.5952057540611877,9735.840661616772,False,True,False,,,,,,,,,,,,,,,,,,,ridge_gated_gbdt
same_well_masked,tr00059,3,2065,2408,2065,0.0,1.1706247789775883,3.2548561220632597,2829.7983005678166,21876.79249506199,2.0842313430856714,19046.99419449417,False,True,False,,,,,,,,,,,,,,,,,,,ridge_gated_gbdt
same_well_masked,tr000e2,4,1641,2342,1641,0.11130867709815079,0.7744172652939655,3.3278102355703036,984.1439673888153,18172.960701868993,2.553392970276338,17188.816734480177,False,True,False,,,,,,,,,,,,,,,,,,,ridge_gated_gbdt
same_well_masked,tr0009d,2,3222,1996,3222,0.052843601895734595,1.804753383577193,4.424293491232919,10494.488246768376,63068.62947273555,2.619540107655726,52574.14122596717,False,True,False,,,,,,,,,,,,,,,,,,,ridge_gated_gbdt
same_well_masked,tr000b0,0,2525,500,2525,0.0,0.3579446686926728,3.1964627439146454,323.5140742599059,25798.869534916717,2.8385180752219727,25475.35546065681,False,True,False,,,,,,,,,,,,,,,,,,,ridge_gated_gbdt
same_well_masked,tr000da,1,3852,751,3852,0.0,1.6161640013275655,4.462064806890122,10061.370377028814,76693.40605709818,2.845900805562556,66632.03568006937,False,True,False,,,,,,,,,,,,,,,,,,,ridge_gated_gbdt
same_well_masked,tr0003c,2,2761,2946,2761,0.06896551724137931,0.6677153329574408,3.540558795181422,1230.9746375573127,34610.67172327894,2.8728434622239813,33379.69708572162,False,True,False,,,,,,,,,,,,,,,,,,,ridge_gated_gbdt
same_well_masked,tr000cc,0,3542,1302,3542,0.08561888862389697,1.365662935228099,4.428819311620574,6605.9548649069375,69474.34823323096,3.0631563763924747,62868.393368324025,False,True,False,,,,,,,,,,,,,,,,,,,ridge_gated_gbdt
same_well_masked,tr000e8,3,2929,1435,2929,0.0,1.7572065489488156,4.863348697954235,9044.092552253347,69277.17827406904,3.1061421490054197,60233.08572181569,False,True,False,,,,,,,,,,,,,,,,,,,ridge_gated_gbdt
same_well_masked,tr000c0,0,1387,948,1387,0.2810317033852767,1.652121568900548,4.79600306662796,3785.824375977428,31903.282190750353,3.1438814977274117,28117.457814772926,False,True,False,,,,,,,,,,,,,,,,,,,ridge_gated_gbdt
same_well_masked,tr00079,4,1768,1058,1768,0.15063125816282108,1.7067259976509104,5.024818449934469,5150.031299709652,44639.87920408966,3.3180924522835586,39489.84790438,False,True,False,,,,,,,,,,,,,,,,,,,ridge_gated_gbdt
same_well_masked,tr000dd,1,2872,802,2872,0.15582034830430797,4.653011606545529,8.028110219231692,62180.28485457935,185101.99020380402,3.3750986126861635,122921.70534922466,False,True,False,,,,,,,,,,,,,,,,,,,ridge_gated_gbdt
same_well_masked,tr000a4,1,1511,732,1511,0.0,0.3327429797961043,3.877937121270939,167.29473270202547,22723.016834278544,3.5451941414748345,22555.722101576517,False,True,False,,,,,,,,,,,,,,,,,,,ridge_gated_gbdt
same_well_masked,tr00021,2,3251,1933,3251,0.034854771784232366,1.0716409623505254,4.926260128184566,3733.4950589617583,78895.39430310886,3.8546191658340407,75161.89924414709,False,True,False,,,,,,,,,,,,,,,,,,,ridge_gated_gbdt
same_well_masked,tr00097,1,1430,1918,1430,0.2402678945165341,2.00496227440365,6.337441057373874,5748.419422148055,57433.317592633946,4.332478782970224,51684.89817048589,False,True,False,,,,,,,,,,,,,,,,,,,ridge_gated_gbdt
same_well_masked,tr00082,1,2352,1259,2352,0.0392419922857622,4.085305169768675,8.501875239795568,39254.217512486124,170006.98785885115,4.416570070026894,130752.77034636503,False,True,False,,,,,,,,,,,,,,,,,,,ridge_gated_gbdt
same_well_masked,tr00042,2,2629,1581,2629,0.0,2.103013174887603,7.581071224688898,11627.184743750946,151095.57296239605,5.478058049801295,139468.3882186451,False,True,False,,,,,,,,,,,,,,,,,,,ridge_gated_gbdt
same_well_masked,tr0003d,0,1683,2441,1683,0.0990184260375409,0.4869695779673716,6.2457123287257446,399.1055594840068,65652.01655605015,5.758742750758373,65252.91099656614,False,True,False,,,,,,,,,,,,,,,,,,,ridge_gated_gbdt
same_well_masked,tr000bd,4,2754,519,2754,0.0,5.078484467867407,12.04421997251849,71028.42636648034,399504.14849162224,6.965735504651084,328475.7221251419,False,True,False,,,,,,,,,,,,,,,,,,,ridge_gated_gbdt
same_well_masked,tr00012,3,1767,2198,1767,0.0,0.9891717108247481,8.624103472454737,1728.9400100673597,131420.90896327153,7.634931761629988,129691.96895320417,False,True,False,,,,,,,,,,,,,,,,,,,ridge_gated_gbdt
same_well_masked,tr0003f,3,1739,2277,1739,0.06046915725456125,2.40068230821696,12.110387259806618,10022.3361727305,255044.3129939439,9.709704951589657,245021.9768212134,False,True,False,,,,,,,,,,,,,,,,,,,ridge_gated_gbdt
same_well_masked,tr000aa,3,2609,3278,2609,0.06497175141242938,3.402225484166765,13.73712211518353,30199.53568150185,492340.5391354747,10.334896631016765,462141.00345397287,False,True,False,,,,,,,,,,,,,,,,,,,ridge_gated_gbdt
same_well_masked,tr000d6,0,2057,1782,2057,0.0,5.773519322084207,19.70242615795922,68567.0616706207,798497.772020732,13.928906835875013,729930.7103501114,False,True,False,,,,,,,,,,,,,,,,,,,ridge_gated_gbdt
unseen_well,tr000af,2,3573,3930,3573,0.15820338531254166,6.871399768310264,0.2897816748004862,168703.24955441343,300.03702626627444,-6.5816180935097774,-168403.21252814715,True,False,False,,,,,,,,,,,,,,,,,,,ridge_gated_gbdt
unseen_well,tr0000f,3,3108,2673,3108,0.101712506486767,5.658874435504137,0.42891959232195404,99527.04849710144,571.7850278340779,-5.229954843182183,-98955.26346926736,True,False,False,,,,,,,,,,,,,,,,,,,ridge_gated_gbdt
unseen_well,tr00011,4,2787,6146,2787,0.05877084965856935,3.795111783428643,0.1924127538382854,40140.80830157968,103.1821752690561,-3.6026990295903576,-40037.62612631062,True,False,False,,,,,,,,,,,,,,,,,,,ridge_gated_gbdt
unseen_well,tr000cf,3,2997,2798,2997,0.5848144952545298,3.9893295543088807,0.7293043831670187,47696.506627768234,1594.0589952699574,-3.260025171141862,-46102.447632498275,True,False,False,,,,,,,,,,,,,,,,,,,ridge_gated_gbdt
unseen_well,tr000c2,2,3862,4391,3862,0.0,2.9323708993133533,0.13432158336242245,33208.562089981926,69.67931531748843,-2.798049315950931,-33138.88277466444,True,False,False,,,,,,,,,,,,,,,,,,,ridge_gated_gbdt
unseen_well,tr000a7,1,3587,3073,3587,0.07402402402402403,3.1929376090573367,0.3997291341829596,36568.92901371868,573.14298662348,-2.793208474874377,-35995.7860270952,True,False,False,,,,,,,,,,,,,,,,,,,ridge_gated_gbdt
unseen_well,tr0006d,3,3139,2862,3139,0.0,3.2613124635313664,0.5620701028769146,33386.90305324021,991.681670920377,-2.699242360654452,-32395.221382319833,True,False,False,,,,,,,,,,,,,,,,,,,ridge_gated_gbdt
unseen_well,tr00024,1,2599,4928,2599,0.06137903547229972,5.838976702976182,3.39602765847882,88609.39358959846,29974.277024741004,-2.442949044497362,-58635.11656485745,True,False,False,,,,,,,,,,,,,,,,,,,ridge_gated_gbdt
unseen_well,tr0001e,0,3528,3426,3528,0.0,3.485329248713876,1.4189431592349249,42856.45046100584,7103.2741032844715,-2.066386089478951,-35753.17635772137,True,False,False,,,,,,,,,,,,,,,,,,,ridge_gated_gbdt
unseen_well,tr000e3,4,2590,6177,2590,0.0,2.3177483776550756,0.30343087715778866,13913.370034097881,238.46206978100966,-2.014317500497287,-13674.907964316872,True,False,False,,,,,,,,,,,,,,,,,,,ridge_gated_gbdt
unseen_well,tr0007f,3,3670,4521,3670,0.1078012452691979,3.2940965653720413,1.3018854860692297,39823.43490792488,6220.304355134413,-1.9922110793028116,-33603.13055279046,True,False,False,,,,,,,,,,,,,,,,,,,ridge_gated_gbdt
unseen_well,tr00030,1,1474,3378,1474,0.09047815333882935,1.851123985504436,0.10933985606612387,5050.896854312285,17.62197087960245,-1.741784129438312,-5033.274883432682,True,False,False,,,,,,,,,,,,,,,,,,,ridge_gated_gbdt
unseen_well,tr00087,4,1529,4148,1529,0.14180024660912455,2.4399545644113254,0.7019014047566621,9102.715384602849,753.2856748770453,-1.7380531596546633,-8349.429709725804,True,False,False,,,,,,,,,,,,,,,,,,,ridge_gated_gbdt
unseen_well,tr000e7,4,3454,3802,3454,0.14608599779492834,2.378613225797378,0.7928306284713633,19542.044232398574,2171.1167203976934,-1.585782597326015,-17370.92751200088,True,False,False,,,,,,,,,,,,,,,,,,,ridge_gated_gbdt
unseen_well,tr00066,2,3353,5494,3353,0.0,2.10582277995964,0.5295222141249623,14868.843563741562,940.1603284192933,-1.5763005658346776,-13928.683235322269,True,False,False,,,,,,,,,,,,,,,,,,,ridge_gated_gbdt
unseen_well,tr000c5,4,3186,5135,3186,0.07162600648960461,2.035816187763115,0.6489121420009358,13204.52849544168,1341.5830801634693,-1.386904045762179,-11862.945415278211,True,False,False,,,,,,,,,,,,,,,,,,,ridge_gated_gbdt
unseen_well,tr00007,3,1758,4708,1758,0.0,1.7277860627679995,0.3460970108920381,5248.060145146417,210.57876178729342,-1.3816890518759615,-5037.481383359123,True,False,False,,,,,,,,,,,,,,,,,,,ridge_gated_gbdt
unseen_well,tr000eb,1,3165,2705,3165,0.0,1.8849505474626278,0.5296407268621262,11245.367062591624,887.8435830790456,-1.3553098206005016,-10357.523479512578,True,False,False,,,,,,,,,,,,,,,,,,,ridge_gated_gbdt
unseen_well,tr0000c,1,2134,2125,2134,0.03639351960554121,1.4044486418509885,0.07082805940418857,4209.263757532182,10.705454273787606,-1.3336205824468,-4198.5583032583945,True,False,False,,,,,,,,,,,,,,,,,,,ridge_gated_gbdt
unseen_well,tr000d5,4,2437,6281,2437,0.04496444138563891,1.3664132558821942,0.09112123652108771,4550.08659791786,20.234605338886706,-1.2752920193611066,-4529.851992578973,True,False,False,,,,,,,,,,,,,,,,,,,ridge_gated_gbdt
unseen_well,tr000bb,0,1823,3032,1823,0.0,1.6704022882418876,0.42862414287967016,5086.614455719688,334.91910963156204,-1.2417781453622174,-4751.695346088126,True,False,False,,,,,,,,,,,,,,,,,,,ridge_gated_gbdt
unseen_well,tr00009,1,2735,2445,2735,0.02335907335907336,1.3114391244832877,0.0795809403400839,4703.8514987117205,17.321099788901797,-1.2318581841432037,-4686.530398922819,True,False,False,,,,,,,,,,,,,,,,,,,ridge_gated_gbdt
unseen_well,tr000db,4,1571,3268,1571,0.02748501756561273,1.5973245183861053,0.4088236235667067,4008.321064365761,262.57184239753957,-1.1885008948193987,-3745.7492219682213,True,False,False,,,,,,,,,,,,,,,,,,,ridge_gated_gbdt
unseen_well,tr00075,2,1563,2056,1563,0.06825089803813209,1.3502738068579874,0.25688533759780935,2849.7231094998083,103.14248983949336,-1.093388469260178,-2746.580619660315,True,False,False,,,,,,,,,,,,,,,,,,,ridge_gated_gbdt
unseen_well,tr00017,0,1666,2178,1666,0.05124869927159209,1.3371711196149842,0.24633547956561105,2978.8523208185625,101.09482670903742,-1.0908356400493733,-2877.757494109525,True,False,False,,,,,,,,,,,,,,,,,,,ridge_gated_gbdt
unseen_well,tr000a1,3,2970,3104,2970,0.0,1.4736640752338386,0.42483017547923607,6449.906845705371,536.027613653224,-1.0488338997546025,-5913.879232052147,True,False,False,,,,,,,,,,,,,,,,,,,ridge_gated_gbdt
unseen_well,tr000e5,0,1450,3009,1450,0.0,1.3986363331493066,0.3768348727272101,2836.4662089877406,205.9065558898323,-1.0218014604220964,-2630.5596530979083,True,False,False,,,,,,,,,,,,,,,,,,,ridge_gated_gbdt
unseen_well,tr00034,4,3550,4190,3550,0.015762273901808784,1.2020006156115066,0.18444255587667024,5129.059453753065,120.76765028503111,-1.0175580597348364,-5008.291803468034,True,False,False,,,,,,,,,,,,,,,,,,,ridge_gated_gbdt
unseen_well,tr00031,3,2623,3343,2623,0.0,1.5542847628616199,0.5375012608697642,6336.646348419353,757.804649060166,-1.0167835019918556,-5578.841699359187,True,False,False,,,,,,,,,,,,,,,,,,,ridge_gated_gbdt
unseen_well,tr00005,1,3347,3169,3347,0.0,2.110280099233147,1.109170420651939,14905.135179393534,4117.6769467986705,-1.001109678581208,-10787.458232594863,True,False,False,,,,,,,,,,,,,,,,,,,ridge_gated_gbdt
unseen_well,tr000a0,2,2595,4265,2595,0.0575801749271137,4.397350922981293,3.4951777264722907,50178.72388789628,31701.213746334688,-0.9021731965090019,-18477.510141561594,True,False,False,,,,,,,,,,,,,,,,,,,ridge_gated_gbdt
unseen_well,tr000c4,2,2153,5430,2153,0.08677304496900963,2.473205717056046,1.6200825332828832,13169.355255145869,5650.908943737757,-0.853123183773163,-7518.446311408112,True,False,False,,,,,,,,,,,,,,,,,,,ridge_gated_gbdt
unseen_well,tr00001,2,3735,4570,3735,0.04105960264900662,0.96957977811581,0.11715726302453933,3511.2172737996707,51.26595368356307,-0.8524225150912706,-3459.9513201161076,True,False,False,,,,,,,,,,,,,,,,,,,ridge_gated_gbdt
unseen_well,tr000a9,0,1536,2110,1536,0.19171695008228196,1.1515082311030962,0.31074478725956983,2036.6917728740066,148.3197278346168,-0.8407634438435263,-1888.3720450393898,True,False,False,,,,,,,,,,,,,,,,,,,ridge_gated_gbdt
unseen_well,tr00089,1,2128,2092,2128,0.21824644549763034,1.1560877776055114,0.3671634391612471,2844.154884597394,286.87353296868906,-0.7889243384442644,-2557.2813516287047,True,False,False,,,,,,,,,,,,,,,,,,,ridge_gated_gbdt
unseen_well,tr000d0,0,1235,2730,1235,0.11046658259773014,0.9698764057069448,0.19369739319868115,1161.7153992985723,46.33556996297614,-0.7761790125082636,-1115.3798293355962,True,False,False,,,,,,,,,,,,,,,,,,,ridge_gated_gbdt
unseen_well,tr00027,4,2048,2237,2048,0.12438739789964995,0.9569288331382891,0.23405206390741398,1875.3797973840026,112.19019493236777,-0.7228767692308752,-1763.1896024516348,True,False,False,,,,,,,,,,,,,,,,,,,ridge_gated_gbdt
unseen_well,tr0001a,0,2686,6091,2686,0.09114731685086021,1.001915206548484,0.3666951921375683,2696.298341869763,361.17396753426664,-0.6352200144109157,-2335.1243743354967,True,False,False,,,,,,,,,,,,,,,,,,,ridge_gated_gbdt
unseen_well,tr00078,1,2524,5231,2524,0.0,1.9860477254620188,1.3551932988254534,9955.629173159654,4635.449366005891,-0.6308544266365654,-5320.179807153763,True,False,False,,,,,,,,,,,,,,,,,,,ridge_gated_gbdt
unseen_well,tr000ba,1,2727,6097,2727,0.0,1.0370725975453112,0.4131884517244353,2932.941874423967,465.566247733015,-0.6238841458208759,-2467.375626690952,True,False,False,,,,,,,,,,,,,,,,,,,ridge_gated_gbdt
unseen_well,tr00095,4,4361,3700,4361,0.0,2.6807882618318897,2.125606282917565,31340.87469852659,19703.879227176792,-0.5551819789143249,-11636.995471349797,True,False,False,,,,,,,,,,,,,,,,,,,ridge_gated_gbdt
unseen_well,tr000e0,3,1732,2192,1732,0.0,0.861155353791222,0.31646167031783423,1284.4313571052091,173.45631656757243,-0.5446936834733878,-1110.9750405376367,True,False,False,,,,,,,,,,,,,,,,,,,ridge_gated_gbdt
unseen_well,tr00070,3,1835,3529,1835,0.06711409395973154,0.7892922364395473,0.26314382575671913,1143.172400314367,127.0639750171745,-0.5261484106828281,-1016.1084252971925,True,False,False,,,,,,,,,,,,,,,,,,,ridge_gated_gbdt
unseen_well,tr00051,3,1395,2627,1395,0.19666832421680755,0.5726140225824871,0.09541730338754824,457.4021123070454,12.700724191123237,-0.47719671919493883,-444.70138811592216,True,False,False,,,,,,,,,,,,,,,,,,,ridge_gated_gbdt
unseen_well,tr00018,2,1170,3168,1170,0.10396496081143385,0.5638269634439148,0.11620803213980238,371.94398830647117,15.800038878552252,-0.44761893130411246,-356.1439494279189,True,False,False,,,,,,,,,,,,,,,,,,,ridge_gated_gbdt
unseen_well,tr00062,1,2035,2592,2035,0.06894315971471796,0.6244312239207853,0.1847863298242963,793.475709183672,69.48708494901491,-0.439644894096489,-723.9886242346571,True,False,False,,,,,,,,,,,,,,,,,,,ridge_gated_gbdt
unseen_well,tr00092,3,1842,2772,1842,0.09037711313394019,0.9105149689069325,0.49480013154977937,1527.0870908478169,450.9716474746526,-0.41571483735715314,-1076.1154433731642,True,False,False,,,,,,,,,,,,,,,,,,,ridge_gated_gbdt
unseen_well,tr000bc,4,4159,4778,4159,0.0,1.6434121572570137,1.2759422976193628,11232.641833941212,6770.9715581665305,-0.3674698596376509,-4461.670275774682,True,False,False,,,,,,,,,,,,,,,,,,,ridge_gated_gbdt
unseen_well,tr0002a,1,969,2646,969,0.6149377593360996,0.47140721813687764,0.14089864365275237,215.3357975868917,19.237002521906554,-0.3305085744841253,-196.09879506498513,True,False,False,,,,,,,,,,,,,,,,,,,ridge_gated_gbdt
unseen_well,tr0008a,3,1611,3285,1611,0.24816176470588236,1.0962089045259937,0.7659063297991558,1935.8967533653095,945.0327472085517,-0.3303025747268379,-990.8640061567578,True,False,False,,,,,,,,,,,,,,,,,,,ridge_gated_gbdt
unseen_well,tr00015,4,1499,3927,1499,0.0,0.4769199697406956,0.15435212229662867,340.95153364866155,35.713041908552654,-0.32256784744406697,-305.2384917401089,True,False,False,,,,,,,,,,,,,,,,,,,ridge_gated_gbdt
unseen_well,tr0000e,1,1313,3657,1313,0.09698189134808853,0.6016126866386926,0.32847749881988286,475.2243638634336,141.66937447425857,-0.27313518781880974,-333.55498938917503,True,False,False,,,,,,,,,,,,,,,,,,,ridge_gated_gbdt
unseen_well,tr00055,1,2275,2411,2275,0.0,0.8915617060313388,0.6188107938071079,1808.3571771299385,871.1584666607163,-0.27275091222423087,-937.1987104692222,True,False,False,,,,,,,,,,,,,,,,,,,ridge_gated_gbdt
unseen_well,tr00096,3,2783,4133,2783,0.07200694042799306,2.044447633050579,1.7990523365820996,11632.289123888258,9007.42804906629,-0.24539529646847935,-2624.861074821969,True,False,False,,,,,,,,,,,,,,,,,,,ridge_gated_gbdt
unseen_well,tr000a8,2,4096,3564,4096,0.15339425587467362,3.0580348945489737,2.881589921380928,38304.06109707941,34011.38370561697,-0.17644497316804575,-4292.6773914624355,True,False,False,,,,,,,,,,,,,,,,,,,ridge_gated_gbdt
unseen_well,tr000d8,3,2745,2741,2745,0.048122493620123954,0.24233356765674982,0.10603555486519609,161.20165674636723,30.863514268339678,-0.13629801279155374,-130.33814247802755,True,False,False,,,,,,,,,,,,,,,,,,,ridge_gated_gbdt
unseen_well,tr000b2,3,1372,2393,1372,0.023373173970783534,0.5142689155589201,0.381157942494571,362.85629402392254,199.32604941782512,-0.13311097306434905,-163.53024460609743,True,False,False,,,,,,,,,,,,,,,,,,,ridge_gated_gbdt
unseen_well,tr000c8,0,1353,3667,1353,0.07191235059760956,2.578188846493767,2.4727149960036017,8993.469106234117,8272.674217826856,-0.10547385049016533,-720.7948884072612,True,False,False,,,,,,,,,,,,,,,,,,,ridge_gated_gbdt
unseen_well,tr0003e,0,1967,1851,1967,0.026977475117862755,0.34667844505642575,0.24499761188044253,236.40575237267996,118.06687326994495,-0.10168083317598323,-118.338879102735,True,False,False,,,,,,,,,,,,,,,,,,,ridge_gated_gbdt
unseen_well,tr000e1,0,2058,2330,2058,0.1390154968094804,1.0122420156123413,1.0013280043646973,2108.696562435785,2063.469695444823,-0.010914011247644018,-45.22686699096175,True,False,False,,,,,,,,,,,,,,,,,,,ridge_gated_gbdt
unseen_well,tr00002,4,1907,2276,1907,0.0,0.552585034533841,0.552585034533841,582.3028702851914,582.3028702851914,0.0,0.0,False,False,True,,,,,,,,,,,,,,,,,,,ridge_gated_gbdt
unseen_well,tr00004,1,1838,2009,1838,0.11125552378476736,1.300435412903355,1.300435412903355,3108.3010996386733,3108.3010996386733,0.0,0.0,False,False,True,,,,,,,,,,,,,,,,,,,ridge_gated_gbdt
unseen_well,tr00008,3,1523,2333,1523,0.09880705394190871,0.6144395863667997,0.6144395863667997,574.9873360636819,574.9873360636819,0.0,0.0,False,False,True,,,,,,,,,,,,,,,,,,,ridge_gated_gbdt
unseen_well,tr0000b,4,3824,3308,3824,0.07501402131239485,2.61019676986234,2.61019676986234,26053.398326376806,26053.398326376806,0.0,0.0,False,False,True,,,,,,,,,,,,,,,,,,,ridge_gated_gbdt
unseen_well,tr00010,3,2774,6176,2774,0.711731843575419,1.5548046559200055,1.5548046559200055,6705.91619512764,6705.91619512764,0.0,0.0,False,False,True,,,,,,,,,,,,,,,,,,,ridge_gated_gbdt
unseen_well,tr00012,3,1767,3965,1767,0.0,5.555159057608308,5.555159057608308,54529.25273846391,54529.25273846391,0.0,0.0,False,False,True,,,,,,,,,,,,,,,,,,,ridge_gated_gbdt
unseen_well,tr00019,3,3877,4837,3877,0.6727105806747762,1.4039402079824645,1.4039402079824645,7641.753513125832,7641.753513125832,0.0,0.0,False,False,True,,,,,,,,,,,,,,,,,,,ridge_gated_gbdt
unseen_well,tr0001b,3,2571,2650,2571,0.0,2.323458749068397,2.323458749068397,13879.442096218398,13879.442096218398,0.0,0.0,False,False,True,,,,,,,,,,,,,,,,,,,ridge_gated_gbdt
unseen_well,tr0001c,3,2143,5778,2143,0.06867819719732357,1.2216633008910096,1.2216633008910096,3198.3443960542154,3198.3443960542154,0.0,0.0,False,False,True,,,,,,,,,,,,,,,,,,,ridge_gated_gbdt
unseen_well,tr0001d,4,2994,3743,2994,0.03458512691108802,1.6206712413115314,1.6206712413115314,7863.966365608294,7863.966365608294,0.0,0.0,False,False,True,,,,,,,,,,,,,,,,,,,ridge_gated_gbdt
unseen_well,tr0001f,2,3631,4291,3631,0.0,1.0150846782277412,1.0150846782277412,3741.3711583249346,3741.3711583249346,0.0,0.0,False,False,True,,,,,,,,,,,,,,,,,,,ridge_gated_gbdt
unseen_well,tr00020,2,3495,3784,3495,0.6487154828960022,0.8492901119325057,0.8492901119325057,2520.9214613210165,2520.9214613210165,0.0,0.0,False,False,True,,,,,,,,,,,,,,,,,,,ridge_gated_gbdt
unseen_well,tr00021,2,3251,5184,3251,0.034854771784232366,1.3673002132013108,1.3673002132013108,6077.776597189158,6077.776597189158,0.0,0.0,False,False,True,,,,,,,,,,,,,,,,,,,ridge_gated_gbdt
unseen_well,tr00022,2,2467,6499,2467,0.06803479812625474,1.149430432277269,1.149430432277269,3259.376516097485,3259.376516097485,0.0,0.0,False,False,True,,,,,,,,,,,,,,,,,,,ridge_gated_gbdt
unseen_well,tr00023,0,2929,5184,2929,0.047331443362504624,1.4013626482532267,1.4013626482532267,5752.020789451619,5752.020789451619,0.0,0.0,False,False,True,,,,,,,,,,,,,,,,,,,ridge_gated_gbdt
unseen_well,tr00026,3,2443,6113,2443,0.0,1.5770181054856522,1.5770181054856522,6075.707054587205,6075.707054587205,0.0,0.0,False,False,True,,,,,,,,,,,,,,,,,,,ridge_gated_gbdt
unseen_well,tr00029,3,3675,3299,3675,0.038141669056495554,1.1737177164960348,1.1737177164960348,5062.72879671125,5062.72879671125,0.0,0.0,False,False,True,,,,,,,,,,,,,,,,,,,ridge_gated_gbdt
unseen_well,tr0002b,1,1637,3064,1637,0.18613061050840246,0.4552840763662364,0.4552840763662364,339.3232371453795,339.3232371453795,0.0,0.0,False,False,True,,,,,,,,,,,,,,,,,,,ridge_gated_gbdt
unseen_well,tr0002d,1,3668,3441,3668,0.08988605992403995,1.1843350202746041,1.1843350202746041,5144.9181468327715,5144.9181468327715,0.0,0.0,False,False,True,,,,,,,,,,,,,,,,,,,ridge_gated_gbdt
unseen_well,tr0002f,4,2063,4132,2063,0.02986279257465698,1.7797915002338125,1.7797915002338125,6534.8780090202345,6534.8780090202345,0.0,0.0,False,False,True,,,,,,,,,,,,,,,,,,,ridge_gated_gbdt
unseen_well,tr00032,3,3614,3629,3614,0.0,0.3956824074359131,0.3956824074359131,565.8243471411677,565.8243471411677,0.0,0.0,False,False,True,,,,,,,,,,,,,,,,,,,ridge_gated_gbdt
unseen_well,tr00033,1,2766,5947,2766,0.023872374612647768,1.256832885024126,1.256832885024126,4369.2535398287355,4369.2535398287355,0.0,0.0,False,False,True,,,,,,,,,,,,,,,,,,,ridge_gated_gbdt
unseen_well,tr00036,0,4230,4678,4230,0.0,0.5356650364659845,0.5356650364659845,1213.7436423656025,1213.7436423656025,0.0,0.0,False,False,True,,,,,,,,,,,,,,,,,,,ridge_gated_gbdt
unseen_well,tr00037,4,1859,2305,1859,0.143611911623439,3.3265324182249683,3.3265324182249683,20571.355530943576,20571.355530943576,0.0,0.0,False,False,True,,,,,,,,,,,,,,,,,,,ridge_gated_gbdt
unseen_well,tr00038,3,2964,5034,2964,0.06001500375093773,0.7748392979224742,0.7748392979224742,1779.5142790611985,1779.5142790611985,0.0,0.0,False,False,True,,,,,,,,,,,,,,,,,,,ridge_gated_gbdt
unseen_well,tr0003b,2,2358,2613,2358,0.5429491048078857,1.6734249253101214,1.6734249253101214,6603.22761237078,6603.22761237078,0.0,0.0,False,False,True,,,,,,,,,,,,,,,,,,,ridge_gated_gbdt
unseen_well,tr0003c,2,2761,5707,2761,0.06896551724137931,2.6021390781834914,2.6021390781834914,18695.083806680792,18695.083806680792,0.0,0.0,False,False,True,,,,,,,,,,,,,,,,,,,ridge_gated_gbdt
unseen_well,tr0003d,0,1683,4124,1683,0.0990184260375409,0.798911277446599,0.798911277446599,1074.1902827963734,1074.1902827963734,0.0,0.0,False,False,True,,,,,,,,,,,,,,,,,,,ridge_gated_gbdt
unseen_well,tr0003f,3,1739,4016,1739,0.06046915725456125,0.6198653134038967,0.6198653134038967,668.18119875792,668.18119875792,0.0,0.0,False,False,True,,,,,,,,,,,,,,,,,,,ridge_gated_gbdt
unseen_well,tr00041,2,2310,6300,2310,0.06620209059233449,0.9802132099225102,0.9802132099225102,2219.489434254225,2219.489434254225,0.0,0.0,False,False,True,,,,,,,,,,,,,,,,,,,ridge_gated_gbdt
unseen_well,tr00042,2,2629,4210,2629,0.0,0.8370140714469103,0.8370140714469103,1841.857829198551,1841.857829198551,0.0,0.0,False,False,True,,,,,,,,,,,,,,,,,,,ridge_gated_gbdt
unseen_well,tr00044,2,1698,4755,1698,0.03455757012242368,0.5312003678434583,0.5312003678434583,479.1311646933491,479.1311646933491,0.0,0.0,False,False,True,,,,,,,,,,,,,,,,,,,ridge_gated_gbdt
unseen_well,tr00045,1,1709,3652,1709,0.7377354971087484,0.3372452450186537,0.3372452450186537,194.37201318666524,194.37201318666524,0.0,0.0,False,False,True,,,,,,,,,,,,,,,,,,,ridge_gated_gbdt
unseen_well,tr00046,0,2362,3010,2362,0.02475800446760983,1.1875245854167438,1.1875245854167438,3330.9269819692727,3330.9269819692727,0.0,0.0,False,False,True,,,,,,,,,,,,,,,,,,,ridge_gated_gbdt
unseen_well,tr00047,2,2551,2807,2551,0.03938036580813736,1.109195885586368,1.109195885586368,3138.534872647006,3138.534872647006,0.0,0.0,False,False,True,,,,,,,,,,,,,,,,,,,ridge_gated_gbdt
unseen_well,tr00048,1,2125,4647,2125,0.0,1.013823038262844,1.013823038262844,2184.153949939071,2184.153949939071,0.0,0.0,False,False,True,,,,,,,,,,,,,,,,,,,ridge_gated_gbdt
unseen_well,tr00049,2,3850,3783,3850,0.03380060264640377,2.214654617882113,2.214654617882113,18883.076044550282,18883.076044550282,0.0,0.0,False,False,True,,,,,,,,,,,,,,,,,,,ridge_gated_gbdt
unseen_well,tr0004a,3,3373,3708,3373,0.5229487360542296,2.1681744792307427,2.1681744792307427,15856.407470663042,15856.407470663042,0.0,0.0,False,False,True,,,,,,,,,,,,,,,,,,,ridge_gated_gbdt
unseen_well,tr0004c,2,1939,2642,1939,0.5457323728443572,3.5771616378309856,3.5771616378309856,24811.609557965974,24811.609557965974,0.0,0.0,False,False,True,,,,,,,,,,,,,,,,,,,ridge_gated_gbdt
unseen_well,tr0004e,0,1813,3610,1813,0.7717130739443112,1.669970126133252,1.669970126133252,5056.094802807825,5056.094802807825,0.0,0.0,False,False,True,,,,,,,,,,,,,,,,,,,ridge_gated_gbdt
unseen_well,tr0004f,4,2122,2233,2122,0.15246842709529276,2.6480668863498336,2.6480668863498336,14880.01197378407,14880.01197378407,0.0,0.0,False,False,True,,,,,,,,,,,,,,,,,,,ridge_gated_gbdt
unseen_well,tr00050,0,3264,5524,3264,0.06634046426945835,3.852670335654028,3.852670335654028,48447.77628650589,48447.77628650589,0.0,0.0,False,False,True,,,,,,,,,,,,,,,,,,,ridge_gated_gbdt
unseen_well,tr00052,3,3230,5362,3230,0.049348230912476726,0.38418290744850764,0.38418290744850764,476.73671559315113,476.73671559315113,0.0,0.0,False,False,True,,,,,,,,,,,,,,,,,,,ridge_gated_gbdt
unseen_well,tr00053,3,3026,3528,3026,0.03387244430881904,0.22613816731681274,0.22613816731681274,154.74501239087294,154.74501239087294,0.0,0.0,False,False,True,,,,,,,,,,,,,,,,,,,ridge_gated_gbdt
unseen_well,tr00054,2,1457,4039,1457,0.8131368267831149,0.7149811238833541,0.7149811238833541,744.8154969413476,744.8154969413476,0.0,0.0,False,False,True,,,,,,,,,,,,,,,,,,,ridge_gated_gbdt
unseen_well,tr00056,2,2970,2982,2970,0.0,0.7094007900217854,0.7094007900217854,1494.6509582240938,1494.6509582240938,0.0,0.0,False,False,True,,,,,,,,,,,,,,,,,,,ridge_gated_gbdt
unseen_well,tr00058,3,1856,5173,1856,0.0684307867406459,1.4735656801781616,1.4735656801781616,4030.1106304108107,4030.1106304108107,0.0,0.0,False,False,True,,,,,,,,,,,,,,,,,,,ridge_gated_gbdt
unseen_well,tr00059,3,2065,4473,2065,0.0,2.1914690220923383,2.1914690220923383,9917.237820442071,9917.237820442071,0.0,0.0,False,False,True,,,,,,,,,,,,,,,,,,,ridge_gated_gbdt
unseen_well,tr0005b,1,1828,2294,1828,0.10019408054342552,1.0109804528884119,1.0109804528884119,1868.364938351854,1868.364938351854,0.0,0.0,False,False,True,,,,,,,,,,,,,,,,,,,ridge_gated_gbdt
unseen_well,tr0005c,2,2086,2036,2086,0.0,0.8523696262685199,0.8523696262685199,1515.5498818317942,1515.5498818317942,0.0,0.0,False,False,True,,,,,,,,,,,,,,,,,,,ridge_gated_gbdt
unseen_well,tr0005d,0,1879,1935,1879,0.17435762978500263,5.721752929049343,5.721752929049343,61515.55991585822,61515.55991585822,0.0,0.0,False,False,True,,,,,,,,,,,,,,,,,,,ridge_gated_gbdt
unseen_well,tr0005e,2,987,2557,987,0.04966139954853273,0.9906301272969628,0.9906301272969628,968.5905244699875,968.5905244699875,0.0,0.0,False,False,True,,,,,,,,,,,,,,,,,,,ridge_gated_gbdt
unseen_well,tr0005f,4,2186,6543,2186,0.6859892312979723,2.743305444433173,2.743305444433173,16451.23432854432,16451.23432854432,0.0,0.0,False,False,True,,,,,,,,,,,,,,,,,,,ridge_gated_gbdt
unseen_well,tr00060,3,1532,3561,1532,0.0,0.20230128265211395,0.20230128265211395,62.69833933084184,62.69833933084184,0.0,0.0,False,False,True,,,,,,,,,,,,,,,,,,,ridge_gated_gbdt
unseen_well,tr00061,4,2525,3235,2525,0.09774305555555556,2.432939308921461,2.432939308921461,14945.96404426047,14945.96404426047,0.0,0.0,False,False,True,,,,,,,,,,,,,,,,,,,ridge_gated_gbdt
unseen_well,tr00063,0,3007,2583,3007,0.137567084078712,2.4796584360719525,2.4796584360719525,18489.158820465487,18489.158820465487,0.0,0.0,False,False,True,,,,,,,,,,,,,,,,,,,ridge_gated_gbdt
unseen_well,tr00065,2,1950,3639,1950,0.639112542494185,0.7922546993585898,0.7922546993585898,1223.9516418787507,1223.9516418787507,0.0,0.0,False,False,True,,,,,,,,,,,,,,,,,,,ridge_gated_gbdt
unseen_well,tr00068,4,2525,4209,2525,0.06712206712206713,0.6595609141138329,0.6595609141138329,1098.427013552354,1098.427013552354,0.0,0.0,False,False,True,,,,,,,,,,,,,,,,,,,ridge_gated_gbdt
unseen_well,tr00069,0,3170,3737,3170,0.0,1.1098486961248455,1.1098486961248455,3904.692286679362,3904.692286679362,0.0,0.0,False,False,True,,,,,,,,,,,,,,,,,,,ridge_gated_gbdt
unseen_well,tr0006a,2,2356,6214,2356,0.0,0.9593070202728027,0.9593070202728027,2168.156023744874,2168.156023744874,0.0,0.0,False,False,True,,,,,,,,,,,,,,,,,,,ridge_gated_gbdt
unseen_well,tr0006b,0,1879,4038,1879,0.09869866486395133,1.064230595838716,1.064230595838716,2128.1305241430296,2128.1305241430296,0.0,0.0,False,False,True,,,,,,,,,,,,,,,,,,,ridge_gated_gbdt
unseen_well,tr0006c,4,3992,4376,3992,0.0,2.6511149702600014,2.6511149702600014,28057.41505746246,28057.41505746246,0.0,0.0,False,False,True,,,,,,,,,,,,,,,,,,,ridge_gated_gbdt
unseen_well,tr0006e,2,2956,3542,2956,0.09679901508156356,0.8289173216079098,0.8289173216079098,2031.0792054381811,2031.0792054381811,0.0,0.0,False,False,True,,,,,,,,,,,,,,,,,,,ridge_gated_gbdt
unseen_well,tr00071,2,1879,1895,1879,0.1494435612082671,0.6934985673063953,0.6934985673063953,903.686753906467,903.686753906467,0.0,0.0,False,False,True,,,,,,,,,,,,,,,,,,,ridge_gated_gbdt
unseen_well,tr00072,4,3889,3439,3889,0.0656386462882096,2.403743433132705,2.403743433132705,22470.57391266594,22470.57391266594,0.0,0.0,False,False,True,,,,,,,,,,,,,,,,,,,ridge_gated_gbdt
unseen_well,tr00074,0,2635,2243,2635,0.20623206232062322,2.523788346062053,2.523788346062053,16783.652567418598,16783.652567418598,0.0,0.0,False,False,True,,,,,,,,,,,,,,,,,,,ridge_gated_gbdt
unseen_well,tr00077,3,1111,3317,1111,0.0,0.3532670703327892,0.3532670703327892,138.65015913245963,138.65015913245963,0.0,0.0,False,False,True,,,,,,,,,,,,,,,,,,,ridge_gated_gbdt
unseen_well,tr00079,4,1768,2826,1768,0.15063125816282108,0.7507821430409275,0.7507821430409275,996.5753249145376,996.5753249145376,0.0,0.0,False,False,True,,,,,,,,,,,,,,,,,,,ridge_gated_gbdt
unseen_well,tr0007a,1,2430,5873,2430,0.0,0.6644868675777853,0.6644868675777853,1072.9489971555095,1072.9489971555095,0.0,0.0,False,False,True,,,,,,,,,,,,,,,,,,,ridge_gated_gbdt
unseen_well,tr0007d,4,3208,5423,3208,0.05410728768393002,2.6976731970548165,2.6976731970548165,23346.02969537032,23346.02969537032,0.0,0.0,False,False,True,,,,,,,,,,,,,,,,,,,ridge_gated_gbdt
unseen_well,tr0007e,3,2744,4014,2744,0.7169280852323172,1.1245647389263198,1.1245647389263198,3470.188217987941,3470.188217987941,0.0,0.0,False,False,True,,,,,,,,,,,,,,,,,,,ridge_gated_gbdt
unseen_well,tr00080,3,2691,6019,2691,0.08358208955223881,1.3791964002229748,1.3791964002229748,5118.773673654141,5118.773673654141,0.0,0.0,False,False,True,,,,,,,,,,,,,,,,,,,ridge_gated_gbdt
unseen_well,tr00082,1,2352,3611,2352,0.0392419922857622,1.0901921270096782,1.0901921270096782,2795.39639116322,2795.39639116322,0.0,0.0,False,False,True,,,,,,,,,,,,,,,,,,,ridge_gated_gbdt
unseen_well,tr00083,1,1248,2725,1248,0.2912157060156053,1.3484836159957783,1.3484836159957783,2269.3732621360937,2269.3732621360937,0.0,0.0,False,False,True,,,,,,,,,,,,,,,,,,,ridge_gated_gbdt
unseen_well,tr00084,2,1986,5720,1986,0.8093693226057618,2.1917111548577486,2.1917111548577486,9539.945203647181,9539.945203647181,0.0,0.0,False,False,True,,,,,,,,,,,,,,,,,,,ridge_gated_gbdt
unseen_well,tr00085,4,2529,6195,2529,0.03587803759743237,1.560447332294653,1.560447332294653,6158.104572592847,6158.104572592847,0.0,0.0,False,False,True,,,,,,,,,,,,,,,,,,,ridge_gated_gbdt
unseen_well,tr00086,4,2543,4603,2543,0.0,0.8937251657287995,0.8937251657287995,2031.2077005322749,2031.2077005322749,0.0,0.0,False,False,True,,,,,,,,,,,,,,,,,,,ridge_gated_gbdt
unseen_well,tr0008b,4,2179,4670,2179,0.7865381807563148,1.4209727453712457,1.4209727453712457,4399.757360388523,4399.757360388523,0.0,0.0,False,False,True,,,,,,,,,,,,,,,,,,,ridge_gated_gbdt
unseen_well,tr0008c,0,1264,3236,1264,0.0,0.21277223703843487,0.21277223703843487,57.22383941588565,57.22383941588565,0.0,0.0,False,False,True,,,,,,,,,,,,,,,,,,,ridge_gated_gbdt
unseen_well,tr0008d,0,3861,4664,3861,0.03401759530791789,1.996261520889334,1.996261520889334,15386.316890823695,15386.316890823695,0.0,0.0,False,False,True,,,,,,,,,,,,,,,,,,,ridge_gated_gbdt
unseen_well,tr0008e,1,2415,3483,2415,0.12800949474398102,1.248640848109092,1.248640848109092,3765.236081673321,3765.236081673321,0.0,0.0,False,False,True,,,,,,,,,,,,,,,,,,,ridge_gated_gbdt
unseen_well,tr0008f,0,2376,2373,2376,0.6849863129079806,3.6165752908806517,3.6165752908806517,31077.169599029723,31077.169599029723,0.0,0.0,False,False,True,,,,,,,,,,,,,,,,,,,ridge_gated_gbdt
unseen_well,tr00090,4,2398,2171,2398,0.08338804990151018,1.7926626966871986,1.7926626966871986,7706.307626736977,7706.307626736977,0.0,0.0,False,False,True,,,,,,,,,,,,,,,,,,,ridge_gated_gbdt
unseen_well,tr00091,0,1916,1768,1916,0.0,7.283130645076238,7.283130645076238,101632.28865906435,101632.28865906435,0.0,0.0,False,False,True,,,,,,,,,,,,,,,,,,,ridge_gated_gbdt
unseen_well,tr00093,4,1471,2791,1471,0.6755044580009385,1.0426896304130886,1.0426896304130886,1599.2736497607164,1599.2736497607164,0.0,0.0,False,False,True,,,,,,,,,,,,,,,,,,,ridge_gated_gbdt
unseen_well,tr00094,1,4581,4269,4581,0.0,2.2920115438036097,2.2920115438036097,24065.44479645178,24065.44479645178,0.0,0.0,False,False,True,,,,,,,,,,,,,,,,,,,ridge_gated_gbdt
unseen_well,tr00097,1,1430,3348,1430,0.2402678945165341,1.2261095859257531,1.2261095859257531,2149.782944879601,2149.782944879601,0.0,0.0,False,False,True,,,,,,,,,,,,,,,,,,,ridge_gated_gbdt
unseen_well,tr00098,1,1172,3219,1172,0.7171487132771578,2.3683997038826154,2.3683997038826154,6574.119708415677,6574.119708415677,0.0,0.0,False,False,True,,,,,,,,,,,,,,,,,,,ridge_gated_gbdt
unseen_well,tr0009a,0,1936,4625,1936,0.0,0.9342204389491024,0.9342204389491024,1689.6785160732911,1689.6785160732911,0.0,0.0,False,False,True,,,,,,,,,,,,,,,,,,,ridge_gated_gbdt
unseen_well,tr0009b,0,3346,3548,3346,0.01392515230635335,1.6934617210573784,1.6934617210573784,9595.700961897423,9595.700961897423,0.0,0.0,False,False,True,,,,,,,,,,,,,,,,,,,ridge_gated_gbdt
unseen_well,tr0009c,2,1815,2366,1815,0.0,4.041736991608695,4.041736991608695,29649.182805448654,29649.182805448654,0.0,0.0,False,False,True,,,,,,,,,,,,,,,,,,,ridge_gated_gbdt
unseen_well,tr0009d,2,3222,5218,3222,0.052843601895734595,0.7228028993215432,0.7228028993215432,1683.3146687443,1683.3146687443,0.0,0.0,False,False,True,,,,,,,,,,,,,,,,,,,ridge_gated_gbdt
unseen_well,tr0009e,1,2153,3476,2153,0.12169124178362054,0.5464495545225593,0.5464495545225593,642.9011199684061,642.9011199684061,0.0,0.0,False,False,True,,,,,,,,,,,,,,,,,,,ridge_gated_gbdt
unseen_well,tr0009f,3,1947,4256,1947,0.729163308076737,0.4544576076010502,0.4544576076010502,402.11725320629733,402.11725320629733,0.0,0.0,False,False,True,,,,,,,,,,,,,,,,,,,ridge_gated_gbdt
unseen_well,tr000a2,4,4253,4332,4253,0.018637157833430402,1.1002221250693283,1.1002221250693283,5148.208545264768,5148.208545264768,0.0,0.0,False,False,True,,,,,,,,,,,,,,,,,,,ridge_gated_gbdt
unseen_well,tr000a3,3,2433,2501,2433,0.11978111066072153,0.5659749307603015,0.5659749307603015,779.3571049321284,779.3571049321284,0.0,0.0,False,False,True,,,,,,,,,,,,,,,,,,,ridge_gated_gbdt
unseen_well,tr000a4,1,1511,2243,1511,0.0,1.7067521094773899,1.7067521094773899,4401.547175203541,4401.547175203541,0.0,0.0,False,False,True,,,,,,,,,,,,,,,,,,,ridge_gated_gbdt
unseen_well,tr000a5,2,3988,3937,3988,0.012870662460567823,4.9169013132607144,4.9169013132607144,96413.5630750876,96413.5630750876,0.0,0.0,False,False,True,,,,,,,,,,,,,,,,,,,ridge_gated_gbdt
unseen_well,tr000a6,3,1643,4841,1643,0.0,0.4372397432002553,0.4372397432002553,314.1064283545748,314.1064283545748,0.0,0.0,False,False,True,,,,,,,,,,,,,,,,,,,ridge_gated_gbdt
unseen_well,tr000aa,3,2609,5887,2609,0.06497175141242938,0.5492595567750626,0.5492595567750626,787.098932389098,787.098932389098,0.0,0.0,False,False,True,,,,,,,,,,,,,,,,,,,ridge_gated_gbdt
unseen_well,tr000ad,3,3617,4463,3617,0.5429455445544554,0.5622997711156527,0.5622997711156527,1143.6267949023195,1143.6267949023195,0.0,0.0,False,False,True,,,,,,,,,,,,,,,,,,,ridge_gated_gbdt
unseen_well,tr000ae,4,2607,3547,2607,0.0,0.5045450597104386,0.5045450597104386,663.6528249442936,663.6528249442936,0.0,0.0,False,False,True,,,,,,,,,,,,,,,,,,,ridge_gated_gbdt
unseen_well,tr000b0,0,2525,3025,2525,0.0,0.593808811426547,0.593808811426547,890.3374839327164,890.3374839327164,0.0,0.0,False,False,True,,,,,,,,,,,,,,,,,,,ridge_gated_gbdt
unseen_well,tr000b1,3,2597,4831,2597,0.7036887452880991,2.0301620645312175,2.0301620645312175,10703.686147455519,10703.686147455519,0.0,0.0,False,False,True,,,,,,,,,,,,,,,,,,,ridge_gated_gbdt
unseen_well,tr000b6,3,2009,4428,2009,0.060742581948112474,1.4585671732338605,1.4585671732338605,4273.983161460348,4273.983161460348,0.0,0.0,False,False,True,,,,,,,,,,,,,,,,,,,ridge_gated_gbdt
unseen_well,tr000b7,2,1205,3490,1205,0.7488817891373802,0.35184484044132824,0.35184484044132824,149.17272405294642,149.17272405294642,0.0,0.0,False,False,True,,,,,,,,,,,,,,,,,,,ridge_gated_gbdt
unseen_well,tr000b8,1,3801,3755,3801,0.065643197458973,2.3426665662716495,2.3426665662716495,20860.217321403332,20860.217321403332,0.0,0.0,False,False,True,,,,,,,,,,,,,,,,,,,ridge_gated_gbdt
unseen_well,tr000b9,1,3355,4638,3355,0.0,1.3340502401090104,1.3340502401090104,5970.860094717616,5970.860094717616,0.0,0.0,False,False,True,,,,,,,,,,,,,,,,,,,ridge_gated_gbdt
unseen_well,tr000bd,4,2754,3273,2754,0.0,2.6665969726521137,2.6665969726521137,19582.97634769113,19582.97634769113,0.0,0.0,False,False,True,,,,,,,,,,,,,,,,,,,ridge_gated_gbdt
unseen_well,tr000be,0,2375,3685,2375,0.0,1.3870969255173855,1.3870969255173855,4569.589966851986,4569.589966851986,0.0,0.0,False,False,True,,,,,,,,,,,,,,,,,,,ridge_gated_gbdt
unseen_well,tr000bf,4,3497,3197,3497,0.719300866447565,1.297071213509696,1.297071213509696,5883.330884005557,5883.330884005557,0.0,0.0,False,False,True,,,,,,,,,,,,,,,,,,,ridge_gated_gbdt
unseen_well,tr000c0,0,1387,2335,1387,0.2810317033852767,0.404204701877436,0.404204701877436,226.6100586944999,226.6100586944999,0.0,0.0,False,False,True,,,,,,,,,,,,,,,,,,,ridge_gated_gbdt
unseen_well,tr000c1,0,1926,2590,1926,0.14570416297608504,0.8403366852244543,0.8403366852244543,1360.0752239725293,1360.0752239725293,0.0,0.0,False,False,True,,,,,,,,,,,,,,,,,,,ridge_gated_gbdt
unseen_well,tr000c3,4,3649,4582,3649,0.07520349896731868,2.6850108325719506,2.6850108325719506,26306.6742910838,26306.6742910838,0.0,0.0,False,False,True,,,,,,,,,,,,,,,,,,,ridge_gated_gbdt
unseen_well,tr000c6,1,1992,4862,1992,0.1060694484972279,0.47218523137640406,0.47218523137640406,444.13411431813654,444.13411431813654,0.0,0.0,False,False,True,,,,,,,,,,,,,,,,,,,ridge_gated_gbdt
unseen_well,tr000c7,2,1915,2077,1915,0.6703406813627254,0.7924997092534801,0.7924997092534801,1202.7268362545187,1202.7268362545187,0.0,0.0,False,False,True,,,,,,,,,,,,,,,,,,,ridge_gated_gbdt
unseen_well,tr000ca,4,3115,5365,3115,0.0,2.468838882292164,2.468838882292164,18986.440304225394,18986.440304225394,0.0,0.0,False,False,True,,,,,,,,,,,,,,,,,,,ridge_gated_gbdt
unseen_well,tr000cb,2,1837,4534,1837,0.13467273583424894,2.019040752067998,2.019040752067998,7488.577450985271,7488.577450985271,0.0,0.0,False,False,True,,,,,,,,,,,,,,,,,,,ridge_gated_gbdt
unseen_well,tr000cc,0,3542,4844,3542,0.08561888862389697,2.978904635550777,2.978904635550777,31431.257555734323,31431.257555734323,0.0,0.0,False,False,True,,,,,,,,,,,,,,,,,,,ridge_gated_gbdt
unseen_well,tr000cd,3,2885,5229,2885,0.0,2.5706698845189795,2.5706698845189795,19065.071445173595,19065.071445173595,0.0,0.0,False,False,True,,,,,,,,,,,,,,,,,,,ridge_gated_gbdt
unseen_well,tr000ce,1,2914,5126,2914,0.06654228855721393,4.664051840995295,4.664051840995295,63389.34808298252,63389.34808298252,0.0,0.0,False,False,True,,,,,,,,,,,,,,,,,,,ridge_gated_gbdt
unseen_well,tr000d1,2,1697,4548,1697,0.10136108887109688,0.5915991684755916,0.5915991684755916,593.9323107112964,593.9323107112964,0.0,0.0,False,False,True,,,,,,,,,,,,,,,,,,,ridge_gated_gbdt
unseen_well,tr000d2,4,2433,5180,2433,0.08656245895179299,1.0012589630105513,1.0012589630105513,2439.129970284811,2439.129970284811,0.0,0.0,False,False,True,,,,,,,,,,,,,,,,,,,ridge_gated_gbdt
unseen_well,tr000d3,2,3173,5817,3173,0.7351501668520578,3.1311020273838897,3.1311020273838897,31107.457101381053,31107.457101381053,0.0,0.0,False,False,True,,,,,,,,,,,,,,,,,,,ridge_gated_gbdt
unseen_well,tr000d4,4,3842,3149,3842,0.057502503218423685,4.039903233070256,4.039903233070256,62704.583265339745,62704.583265339745,0.0,0.0,False,False,True,,,,,,,,,,,,,,,,,,,ridge_gated_gbdt
unseen_well,tr000d6,0,2057,3839,2057,0.0,0.38996125250005836,0.38996125250005836,312.8075342745592,312.8075342745592,0.0,0.0,False,False,True,,,,,,,,,,,,,,,,,,,ridge_gated_gbdt
unseen_well,tr000d7,2,1044,2744,1044,0.10137275607180571,2.628099641877402,2.628099641877402,7210.8116676521195,7210.8116676521195,0.0,0.0,False,False,True,,,,,,,,,,,,,,,,,,,ridge_gated_gbdt
unseen_well,tr000d9,4,3662,4182,3662,0.6907190209077001,3.047145395529367,3.047145395529367,34002.01811519771,34002.01811519771,0.0,0.0,False,False,True,,,,,,,,,,,,,,,,,,,ridge_gated_gbdt
unseen_well,tr000da,1,3852,4603,3852,0.0,3.4933620768685194,3.4933620768685194,47008.184767597275,47008.184767597275,0.0,0.0,False,False,True,,,,,,,,,,,,,,,,,,,ridge_gated_gbdt
unseen_well,tr000dc,4,3319,5658,3319,0.059708143032193385,2.5146311968749924,2.5146311968749924,20987.2652168496,20987.2652168496,0.0,0.0,False,False,True,,,,,,,,,,,,,,,,,,,ridge_gated_gbdt
unseen_well,tr000dd,1,2872,3674,2872,0.15582034830430797,1.642864665936654,1.642864665936654,7751.540379994818,7751.540379994818,0.0,0.0,False,False,True,,,,,,,,,,,,,,,,,,,ridge_gated_gbdt
unseen_well,tr000de,1,2649,2556,2649,0.17310278578290106,1.1010567873671082,1.1010567873671082,3211.451703820013,3211.451703820013,0.0,0.0,False,False,True,,,,,,,,,,,,,,,,,,,ridge_gated_gbdt
unseen_well,tr000df,4,1788,3346,1788,0.625633034670822,2.582227652655417,2.582227652655417,11922.204574447287,11922.204574447287,0.0,0.0,False,False,True,,,,,,,,,,,,,,,,,,,ridge_gated_gbdt
unseen_well,tr000e2,4,1641,3983,1641,0.11130867709815079,4.496143505878057,4.496143505878057,33173.317844162506,33173.317844162506,0.0,0.0,False,False,True,,,,,,,,,,,,,,,,,,,ridge_gated_gbdt
unseen_well,tr000e4,3,2164,5145,2164,0.5714872075523327,0.7922475856349585,0.7922475856349585,1358.2480967477265,1358.2480967477265,0.0,0.0,False,False,True,,,,,,,,,,,,,,,,,,,ridge_gated_gbdt
unseen_well,tr000e6,0,1605,3623,1605,0.12834736036725325,9.932341530860068,9.932341530860068,158335.5102984646,158335.5102984646,0.0,0.0,False,False,True,,,,,,,,,,,,,,,,,,,ridge_gated_gbdt
unseen_well,tr000e8,3,2929,4364,2929,0.0,0.5797653000593329,0.5797653000593329,984.5183354348098,984.5183354348098,0.0,0.0,False,False,True,,,,,,,,,,,,,,,,,,,ridge_gated_gbdt
unseen_well,tr000ea,4,1520,3005,1520,0.6901657458563536,2.1292592198476257,2.1292592198476257,6891.292134465302,6891.292134465302,0.0,0.0,False,False,True,,,,,,,,,,,,,,,,,,,ridge_gated_gbdt
unseen_well,tr000ec,1,1618,3416,1618,0.5411203814064363,3.8409163383435536,3.8409163383435536,23869.768798773905,23869.768798773905,0.0,0.0,False,False,True,,,,,,,,,,,,,,,,,,,ridge_gated_gbdt
unseen_well,tr000ee,0,1788,5334,1788,0.6881493962370121,0.7263106862656297,0.7263106862656297,943.2186568147661,943.2186568147661,0.0,0.0,False,False,True,,,,,,,,,,,,,,,,,,,ridge_gated_gbdt
unseen_well,tr000ef,0,2253,2695,2253,0.19098625707356506,0.36283166758241564,0.36283166758241564,296.6002832084342,296.6002832084342,0.0,0.0,False,False,True,,,,,,,,,,,,,,,,,,,ridge_gated_gbdt
unseen_well,tr00003,2,2817,4992,2817,0.06146753745678064,1.341810377638705,1.3830733833775826,5071.881987231149,5388.616718385765,0.041263005738877645,316.7347311546164,False,True,False,,,,,,,,,,,,,,,,,,,ridge_gated_gbdt
unseen_well,tr000b4,3,4119,4413,4119,0.0,1.8194982101687114,1.9255396127394646,13636.253221908628,15272.027834142622,0.10604140257075323,1635.774612233994,False,True,False,,,,,,,,,,,,,,,,,,,ridge_gated_gbdt
unseen_well,tr0007b,1,2914,2893,2914,0.11796108145341828,0.9675809994180242,1.0752567239663096,2728.1246541269566,3369.099843374892,0.10767572454828533,640.9751892479353,False,True,False,,,,,,,,,,,,,,,,,,,ridge_gated_gbdt
unseen_well,tr0005a,4,1378,2599,1378,0.1528790545637415,0.5801954112325085,0.6961020999099847,463.8716135666278,667.7211079617465,0.11590668867747622,203.8494943951187,False,True,False,,,,,,,,,,,,,,,,,,,ridge_gated_gbdt
unseen_well,tr00099,4,2607,4203,2607,0.10176211453744494,1.1763042881790737,1.2940694867964753,3607.2844662587604,4365.723486166606,0.11776519861740153,758.4390199078452,False,True,False,,,,,,,,,,,,,,,,,,,ridge_gated_gbdt
unseen_well,tr00016,0,3606,4001,3606,0.0,1.454198717801385,1.573717741806546,7625.5862425438245,8930.57463634136,0.1195190240051609,1304.9883937975355,False,True,False,,,,,,,,,,,,,,,,,,,ridge_gated_gbdt
unseen_well,tr000e9,1,3452,5441,3452,0.0,0.9064148060165217,1.1765552432741841,2836.1210875537236,4778.5422941230645,0.27014043725766246,1942.421206569341,False,True,False,,,,,,,,,,,,,,,,,,,ridge_gated_gbdt
unseen_well,tr000ed,3,3197,4112,3197,0.09139417156929812,0.9456435036546716,1.2373512912280895,2858.890510305693,4894.7291826385135,0.29170778757341786,2035.8386723328204,False,True,False,,,,,,,,,,,,,,,,,,,ridge_gated_gbdt
unseen_well,tr00073,1,2232,2059,2232,0.18900023304591004,1.646522609018072,1.976086555640678,6051.033918881139,8715.777144256726,0.3295639466226059,2664.743225375588,False,True,False,,,,,,,,,,,,,,,,,,,ridge_gated_gbdt
unseen_well,tr000c9,1,2680,2969,2680,0.18587360594795538,1.3868467711836845,1.9912474370092321,5154.561830870198,10626.377832460841,0.6044006658255476,5471.816001590643,False,True,False,,,,,,,,,,,,,,,,,,,ridge_gated_gbdt
unseen_well,tr000b5,2,2607,2268,2607,0.5421538461538462,0.6570680941366692,1.3896771564098636,1125.5422182265534,5034.645175716584,0.7326090622731943,3909.102957490031,False,True,False,,,,,,,,,,,,,,,,,,,ridge_gated_gbdt
unseen_well,tr00039,0,1678,2209,1678,0.293285310007718,1.4615383436377927,2.2092308890319634,3584.3662856116375,8189.816481126866,0.7476925453941707,4605.450195515228,False,True,False,,,,,,,,,,,,,,,,,,,ridge_gated_gbdt
unseen_well,tr00057,2,3339,3271,3339,0.0518910741301059,3.625097266747779,4.376355218834964,43878.90151570323,63950.14741975481,0.7512579520871845,20071.245904051575,False,True,False,,,,,,,,,,,,,,,,,,,ridge_gated_gbdt
unseen_well,tr0002e,4,1838,2397,1838,0.1563164108618654,0.28444955393539956,1.0701229248610025,148.71542657317985,2104.809730587416,0.785673370925603,1956.0943040142363,False,True,False,,,,,,,,,,,,,,,,,,,ridge_gated_gbdt
unseen_well,tr0000d,2,2780,3361,2780,0.08923628073603648,0.4344693100824883,1.2674775808387226,524.7627563018783,4466.06838184201,0.8330082707562343,3941.305625540132,False,True,False,,,,,,,,,,,,,,,,,,,ridge_gated_gbdt
unseen_well,tr0007c,2,1150,2934,1150,0.1270812928501469,0.20921998505134146,1.0630954259109615,50.33895246661607,1299.6976672817298,0.8538754408596201,1249.3587148151137,False,True,False,,,,,,,,,,,,,,,,,,,ridge_gated_gbdt
unseen_well,tr00081,0,3593,3146,3593,0.05757530790918534,0.19369813901287106,1.1438996354760547,134.80565582197892,4701.463409119807,0.9502014964631836,4566.657753297828,False,True,False,,,,,,,,,,,,,,,,,,,ridge_gated_gbdt
unseen_well,tr0002c,0,2745,3213,2745,0.03289694528365223,0.2038063774090352,1.3322215533608044,114.0191733522708,4871.86516357126,1.128415175951769,4757.84599021899,False,True,False,,,,,,,,,,,,,,,,,,,ridge_gated_gbdt
unseen_well,tr00040,0,2042,4097,2042,0.0,1.5485585197761513,2.779393221759997,4896.784384887805,15774.504482939778,1.2308347019838455,10877.720098051974,False,True,False,,,,,,,,,,,,,,,,,,,ridge_gated_gbdt
unseen_well,tr00000,0,2913,4162,2913,0.06148409893992933,2.113513969862822,3.5678576306922634,13012.200009245855,37081.34831632569,1.4543436608294416,24069.148307079835,False,True,False,,,,,,,,,,,,,,,,,,,ridge_gated_gbdt
unseen_well,tr000ac,0,2131,2301,2131,0.0,0.8795929242372236,2.4241732952602506,1648.7199910566135,12523.069048580219,1.544580371023027,10874.349057523605,False,True,False,,,,,,,,,,,,,,,,,,,ridge_gated_gbdt
unseen_well,tr0000a,1,2192,2408,2192,0.0,0.5106497010462775,2.5920546268521134,571.5927528556064,14727.493837379305,2.081404925805836,14155.901084523699,False,True,False,,,,,,,,,,,,,,,,,,,ridge_gated_gbdt
unseen_well,tr0003a,0,2473,2216,2473,0.03838771593090211,1.3865885896179915,3.635419661584983,4754.658838391839,32683.850834469038,2.2488310719669915,27929.1919960772,False,True,False,,,,,,,,,,,,,,,,,,,ridge_gated_gbdt
unseen_well,tr00043,0,2849,3069,2849,0.14109496451503886,3.5739293415425517,6.0145893020329915,36390.19420332718,103063.38546109755,2.4406599604904398,66673.19125777038,False,True,False,,,,,,,,,,,,,,,,,,,ridge_gated_gbdt
unseen_well,tr00088,1,2047,3300,2047,0.06601832803441182,0.8707829995171357,3.9675495162626433,1552.1644270117786,32222.74643869968,3.0967665167455074,30670.5820116879,False,True,False,,,,,,,,,,,,,,,,,,,ridge_gated_gbdt
unseen_well,tr00006,2,2473,3193,2473,0.014119308153900459,0.6874007890824476,3.8133341797201092,1168.5415762674875,35961.172941266115,3.1259333906376616,34792.631364998626,False,True,False,,,,,,,,,,,,,,,,,,,ridge_gated_gbdt
unseen_well,tr00064,0,3443,3211,3443,0.6922152088969041,2.1254611357437545,5.277163670868613,15554.045291195203,95882.2354166535,3.1517025351248584,80328.19012545829,False,True,False,,,,,,,,,,,,,,,,,,,ridge_gated_gbdt
unseen_well,tr00028,2,3643,3193,3643,0.0,3.9594571257424644,7.278169437410871,57112.40656154949,192976.08656024752,3.3187123116684067,135863.67999869803,False,True,False,,,,,,,,,,,,,,,,,,,ridge_gated_gbdt
unseen_well,tr0006f,3,1895,4633,1895,0.05177696078431373,1.9653500949220866,5.757252057864262,7319.628886681432,62811.57763349742,3.7919019629421755,55491.94874681599,False,True,False,,,,,,,,,,,,,,,,,,,ridge_gated_gbdt
unseen_well,tr00014,0,2144,2057,2144,0.1547250654606046,0.6064088455508359,4.405947065748719,788.416738991166,41620.120307009376,3.799538220197883,40831.70356801821,False,True,False,,,,,,,,,,,,,,,,,,,ridge_gated_gbdt
unseen_well,tr0004d,1,3494,3250,3494,0.051601423487544484,0.8108509486370916,5.171520018691767,2297.2325376044155,93445.69984723156,4.3606690700546755,91148.46730962714,False,True,False,,,,,,,,,,,,,,,,,,,ridge_gated_gbdt
unseen_well,tr000ab,0,2512,2412,2512,0.08590576766856214,3.97082564989426,8.6875099638315,39607.85033074772,189587.74738163906,4.7166843139372405,149979.89705089133,False,True,False,,,,,,,,,,,,,,,,,,,ridge_gated_gbdt
unseen_well,tr0004b,2,2285,3164,2285,0.05505597357313269,0.6552430873682744,5.58486010670857,981.0499055978298,71270.6636102886,4.929617019340295,70289.61370469077,False,True,False,,,,,,,,,,,,,,,,,,,ridge_gated_gbdt
unseen_well,tr00076,4,2881,2432,2881,0.2059100319969885,1.8792413968373345,6.902084289980642,10174.390443678538,137247.28930001904,5.022842893143308,127072.8988563405,False,True,False,,,,,,,,,,,,,,,,,,,ridge_gated_gbdt
unseen_well,tr00067,1,1803,2885,1803,0.1260665529010239,1.0292094962621772,6.156238202363686,1909.867753514829,68332.38165404845,5.127028706101509,66422.51390053362,False,True,False,,,,,,,,,,,,,,,,,,,ridge_gated_gbdt
unseen_well,tr00013,1,4023,4263,4023,0.03439536567704562,1.8568780932264242,7.844449543852933,13871.288926238201,247556.86852307722,5.987571450626509,233685.57959683903,False,True,False,,,,,,,,,,,,,,,,,,,ridge_gated_gbdt
unseen_well,tr000b3,2,2505,2381,2505,0.12054850593532541,1.907256980582331,8.602954649972755,9112.261120899975,185397.12591726705,6.695697669390424,176284.86479636707,False,True,False,,,,,,,,,,,,,,,,,,,ridge_gated_gbdt
unseen_well,tr00035,1,2067,3236,2067,0.2187441071091835,3.46032299346065,13.025447705839683,24749.917397822803,350691.94916694536,9.565124712379033,325942.0317691226,False,True,False,,,,,,,,,,,,,,,,,,,ridge_gated_gbdt
unseen_well,tr00025,4,3480,5410,3480,0.0,1.4734207787429676,13.762948821740531,7554.9713934857355,659177.2857390748,12.289528042997564,651622.314345589,False,True,False,,,,,,,,,,,,,,,,,,,ridge_gated_gbdt
