validation,branch,protocol,fold,well_id,n_points,sse,rmse,max_abs_error,bias,prefix_len,suffix_len,gr_missing_frac,anchor_tvt,has_typewell,predict_seconds,target_min,target_max,target_range,scored_exact_suffix,trajectory_curvature_deg_per_1000ft,alignment_confidence_mean,alignment_confidence_p10,typewell_gr_correlation,alignment_ok,alignment_failure_reason,alignment_cache_hit,fallback_points,fallback_fraction,dip_fit_r2
SYNTHETIC — NOT A COMPETITION RESULT,ridge_no_align,same_well_masked,0,tr0000b,3148,3974.2864378454105,1.1236012676738862,2.2051010973762404,0.9847277463644424,1520,3148,0.6443193449334698,4.412948859198263,True,0.010025803999724303,-7.020118865839404,4.48841392725116,11.508532793090563,True,680.9943364673279,0.0,0.0,0.42974185885530397,True,,,0,,
SYNTHETIC — NOT A COMPETITION RESULT,ridge_baseline,same_well_masked,0,tr0000b,3148,197.66689806517735,0.2505818502608892,0.5781293442330622,-0.020329008013945073,1520,3148,0.6443193449334698,4.412948859198263,True,0.006529337999836571,-7.020118865839404,4.48841392725116,11.508532793090563,True,680.9943364673279,0.0,0.0,0.42974185885530397,True,,,0,,
SYNTHETIC — NOT A COMPETITION RESULT,ridge_spatial_only,same_well_masked,0,tr0000b,3148,6141.837724925277,1.396792218692493,2.715086646716772,1.0879541849749395,1520,3148,0.6443193449334698,4.412948859198263,True,0.01694070700023076,-7.020118865839404,4.48841392725116,11.508532793090563,True,680.9943364673279,0.0,0.0,0.42974185885530397,True,,,0,,
SYNTHETIC — NOT A COMPETITION RESULT,ridge_align_spatial,same_well_masked,0,tr0000b,3148,1388.9079572718285,0.6642313528521238,1.391867219897673,0.3030809483950014,1520,3148,0.6443193449334698,4.412948859198263,True,0.017235236000033183,-7.020118865839404,4.48841392725116,11.508532793090563,True,680.9943364673279,0.0,0.0,0.42974185885530397,True,,,0,,
SYNTHETIC — NOT A COMPETITION RESULT,ridge_no_align,same_well_masked,0,tr00002,2369,2119.604210766253,0.9458991962545431,2.1353865489529773,-0.6134987562602838,2230,2369,0.09156142365097589,-2.157987116704972,True,0.009224316999734583,-5.357208194500955,0.6008594404873753,5.95806763498833,True,679.7470130513913,0.6744202514119219,0.0,0.8451783045472179,True,,,0,,
SYNTHETIC — NOT A COMPETITION RESULT,ridge_baseline,same_well_masked,0,tr00002,2369,1341.1369145609888,0.752409079970596,2.062886364065968,-0.49243447392448025,2230,2369,0.09156142365097589,-2.157987116704972,True,0.006174659999942378,-5.357208194500955,0.6008594404873753,5.95806763498833,True,679.7470130513913,0.6744202514119219,0.0,0.8451783045472179,True,,,0,,
SYNTHETIC — NOT A COMPETITION RESULT,ridge_spatial_only,same_well_masked,0,tr00002,2369,1668.3595247268179,0.8391938494150692,1.9170623926219674,-0.3640780586617619,2230,2369,0.09156142365097589,-2.157987116704972,True,0.014368484999977227,-5.357208194500955,0.6008594404873753,5.95806763498833,True,679.7470130513913,0.6744202514119219,0.0,0.8451783045472179,True,,,0,,
SYNTHETIC — NOT A COMPETITION RESULT,ridge_align_spatial,same_well_masked,0,tr00002,2369,1086.713026677069,0.6772903785926525,1.4985419500024753,-0.3171342401071834,2230,2369,0.09156142365097589,-2.157987116704972,True,0.014360576999933983,-5.357208194500955,0.6008594404873753,5.95806763498833,True,679.7470130513913,0.6744202514119219,0.0,0.8451783045472179,True,,,0,,
SYNTHETIC — NOT A COMPETITION RESULT,ridge_no_align,same_well_masked,0,tr0000a,2614,5669.720932614954,1.4727466717753286,2.7230378391224406,-0.6591741624784411,1799,2614,0.05464636402447702,46.51292439477711,True,0.009205388999816932,46.486988472018176,50.09729139734202,3.6103029253238432,True,667.9438138892924,0.9655097164124004,0.9447088453204131,0.965764031181691,True,,,0,,
SYNTHETIC — NOT A COMPETITION RESULT,ridge_baseline,same_well_masked,0,tr0000a,2614,5367.752028284629,1.4329908942278025,2.683878307942507,-0.41222739368653505,1799,2614,0.05464636402447702,46.51292439477711,True,0.006309779000275739,46.486988472018176,50.09729139734202,3.6103029253238432,True,667.9438138892924,0.9655097164124004,0.9447088453204131,0.965764031181691,True,,,0,,
SYNTHETIC — NOT A COMPETITION RESULT,ridge_spatial_only,same_well_masked,0,tr0000a,2614,4834.795419398261,1.3599917046247558,3.0253421482646488,0.5050092459273968,1799,2614,0.05464636402447702,46.51292439477711,True,0.015015013000265753,46.486988472018176,50.09729139734202,3.6103029253238432,True,667.9438138892924,0.9655097164124004,0.9447088453204131,0.965764031181691,True,,,0,,
SYNTHETIC — NOT A COMPETITION RESULT,ridge_align_spatial,same_well_masked,0,tr0000a,2614,5347.889070463917,1.4303371000447112,3.2131141029545134,0.5690348927088849,1799,2614,0.05464636402447702,46.51292439477711,True,0.01525713099999848,46.486988472018176,50.09729139734202,3.6103029253238432,True,667.9438138892924,0.9655097164124004,0.9447088453204131,0.965764031181691,True,,,0,,
SYNTHETIC — NOT A COMPETITION RESULT,ridge_no_align,same_well_masked,0,tr0001e,2414,2502.290914973622,1.0181230425715193,1.8180286841696827,-0.11876689701587961,2393,2414,0.0,45.93215848666513,True,0.009605532000023231,45.63115495506591,46.25080258213973,0.6196476270738174,True,685.479038428317,0.9856494826217393,0.9818142453608258,0.824561551256069,True,,,0,,
SYNTHETIC — NOT A COMPETITION RESULT,ridge_baseline,same_well_masked,0,tr0001e,2414,2498.5714276067906,1.0173660754138496,1.92995970235134,-0.1969182660713185,2393,2414,0.0,45.93215848666513,True,0.006317011000191997,45.63115495506591,46.25080258213973,0.6196476270738174,True,685.479038428317,0.9856494826217393,0.9818142453608258,0.824561551256069,True,,,0,,
SYNTHETIC — NOT A COMPETITION RESULT,ridge_spatial_only,same_well_masked,0,tr0001e,2414,5765.738602690043,1.5454638172385518,2.8463797082424307,1.0942275389463803,2393,2414,0.0,45.93215848666513,True,0.014594063000004098,45.63115495506591,46.25080258213973,0.6196476270738174,True,685.479038428317,0.9856494826217393,0.9818142453608258,0.824561551256069,True,,,0,,
SYNTHETIC — NOT A COMPETITION RESULT,ridge_align_spatial,same_well_masked,0,tr0001e,2414,4679.170729530932,1.3922454682569128,2.604341563836442,0.9023738293237644,2393,2414,0.0,45.93215848666513,True,0.014556910000010248,45.63115495506591,46.25080258213973,0.6196476270738174,True,685.479038428317,0.9856494826217393,0.9818142453608258,0.824561551256069,True,,,0,,
SYNTHETIC — NOT A COMPETITION RESULT,ridge_no_align,same_well_masked,0,tr00015,1906,1100.860212202296,0.7599843333153193,1.744357419602148,0.5264264007454403,999,1906,0.0,2.2199274429406985,True,0.008508428999903117,2.152428775222212,5.316389163142552,3.1639603879203397,True,654.8130588825057,0.990619724586787,0.9861464268533333,0.8433976668151539,True,,,0,,
SYNTHETIC — NOT A COMPETITION RESULT,ridge_baseline,same_well_masked,0,tr00015,1906,1998.8237369059548,1.0240609387880673,1.8347319048495576,0.934854377867317,999,1906,0.0,2.2199274429406985,True,0.006050814999980503,2.152428775222212,5.316389163142552,3.1639603879203397,True,654.8130588825057,0.990619724586787,0.9861464268533333,0.8433976668151539,True,,,0,,
SYNTHETIC — NOT A COMPETITION RESULT,ridge_spatial_only,same_well_masked,0,tr00015,1906,1669.4302195644918,0.9358854322345677,1.9305020261226025,0.7069135021722853,999,1906,0.0,2.2199274429406985,True,0.01288626599989584,2.152428775222212,5.316389163142552,3.1639603879203397,True,654.8130588825057,0.990619724586787,0.9861464268533333,0.8433976668151539,True,,,0,,
SYNTHETIC — NOT A COMPETITION RESULT,ridge_align_spatial,same_well_masked,0,tr00015,1906,2561.69286597143,1.1593166714883758,2.06964859508611,1.0392710770224889,999,1906,0.0,2.2199274429406985,True,0.013084400000025198,2.152428775222212,5.316389163142552,3.1639603879203397,True,654.8130588825057,0.990619724586787,0.9861464268533333,0.8433976668151539,True,,,0,,
SYNTHETIC — NOT A COMPETITION RESULT,ridge_no_align,same_well_masked,0,tr00019,1787,503.27469157349816,0.5306892244271164,1.4821612032852993,0.25192497290016835,1669,1787,0.25538813656303644,-0.3341904166513885,True,0.008433329000126832,-0.5933948735063597,-0.0774762421113921,0.5159186313949675,True,685.8955468451785,0.6248020428156349,0.0,0.3691581170299263,True,,,0,,
SYNTHETIC — NOT A COMPETITION RESULT,ridge_baseline,same_well_masked,0,tr00019,1787,1037.8430889777244,0.7620852790648021,1.8039875051019083,0.5856298094854642,1669,1787,0.25538813656303644,-0.3341904166513885,True,0.0060822979999102245,-0.5933948735063597,-0.0774762421113921,0.5159186313949675,True,685.8955468451785,0.6248020428156349,0.0,0.3691581170299263,True,,,0,,
SYNTHETIC — NOT A COMPETITION RESULT,ridge_spatial_only,same_well_masked,0,tr00019,1787,1325.3186590793898,0.8611878221791156,1.4836530573149096,-0.6678163005183628,1669,1787,0.25538813656303644,-0.3341904166513885,True,0.012620074000096793,-0.5933948735063597,-0.0774762421113921,0.5159186313949675,True,685.8955468451785,0.6248020428156349,0.0,0.3691581170299263,True,,,0,,
SYNTHETIC — NOT A COMPETITION RESULT,ridge_align_spatial,same_well_masked,0,tr00019,1787,732.0898137476711,0.6400588484362071,1.1289896512942412,-0.38104544379821237,1669,1787,0.25538813656303644,-0.3341904166513885,True,0.012680358000125125,-0.5933948735063597,-0.0774762421113921,0.5159186313949675,True,685.8955468451785,0.6248020428156349,0.0,0.3691581170299263,True,,,0,,
SYNTHETIC — NOT A COMPETITION RESULT,ridge_no_align,same_well_masked,0,tr0000d,3627,9410.839686641759,1.6107955080988494,2.4139269896869084,-1.5129329960218285,1130,3627,0.016579198473282444,9.650684355610668,True,0.009654259999933856,4.740347072019255,9.695881178327369,4.9555341063081135,True,650.3045235699203,0.9208518380780617,0.8391968666038813,0.6681199205598553,True,,,0,,
SYNTHETIC — NOT A COMPETITION RESULT,ridge_baseline,same_well_masked,0,tr0000d,3627,9971.020654810665,1.6580439190169873,2.522672911207204,-1.5538329574738452,1130,3627,0.016579198473282444,9.650684355610668,True,0.006577361000381643,4.740347072019255,9.695881178327369,4.9555341063081135,True,650.3045235699203,0.9208518380780617,0.8391968666038813,0.6681199205598553,True,,,0,,
SYNTHETIC — NOT A COMPETITION RESULT,ridge_spatial_only,same_well_masked,0,tr0000d,3627,17621.761492584727,2.204199409122591,3.528764788221199,-1.9966311066303082,1130,3627,0.016579198473282444,9.650684355610668,True,0.018068027000026632,4.740347072019255,9.695881178327369,4.9555341063081135,True,650.3045235699203,0.9208518380780617,0.8391968666038813,0.6681199205598553,True,,,0,,
SYNTHETIC — NOT A COMPETITION RESULT,ridge_align_spatial,same_well_masked,0,tr0000d,3627,18521.68471400547,2.2597815877589293,3.6290444127201003,-2.0509866412963036,1130,3627,0.016579198473282444,9.650684355610668,True,0.01836815900014699,4.740347072019255,9.695881178327369,4.9555341063081135,True,650.3045235699203,0.9208518380780617,0.8391968666038813,0.6681199205598553,True,,,0,,
SYNTHETIC — NOT A COMPETITION RESULT,ridge_no_align,same_well_masked,0,tr0000e,3160,41028.24307880167,3.6032792325143057,5.733863762625768,-3.357111276870599,2129,3160,0.11563498638892176,-2.058735915422279,True,0.009951036000074964,-2.0921695443886783,5.363021137989737,7.455190682378415,True,675.6076225226423,0.8347740866910224,0.15268068896361225,0.9182176336421021,True,,,0,,
SYNTHETIC — NOT A COMPETITION RESULT,ridge_baseline,same_well_masked,0,tr0000e,3160,54588.96074718458,4.156318993800039,6.0711481387674855,-4.034624059721659,2129,3160,0.11563498638892176,-2.058735915422279,True,0.0064660279999770864,-2.0921695443886783,5.363021137989737,7.455190682378415,True,675.6076225226423,0.8347740866910224,0.15268068896361225,0.9182176336421021,True,,,0,,
SYNTHETIC — NOT A COMPETITION RESULT,ridge_spatial_only,same_well_masked,0,tr0000e,3160,95572.40544539496,5.499493804248996,8.21578828404996,-5.196522825913737,2129,3160,0.11563498638892176,-2.058735915422279,True,0.01754192199996396,-2.0921695443886783,5.363021137989737,7.455190682378415,True,675.6076225226423,0.8347740866910224,0.15268068896361225,0.9182176336421021,True,,,0,,
SYNTHETIC — NOT A COMPETITION RESULT,ridge_align_spatial,same_well_masked,0,tr0000e,3160,107084.20241341223,5.821289017651433,8.35890097908086,-5.615887056423627,2129,3160,0.11563498638892176,-2.058735915422279,True,0.016774804999840853,-2.0921695443886783,5.363021137989737,7.455190682378415,True,675.6076225226423,0.8347740866910224,0.15268068896361225,0.9182176336421021,True,,,0,,
SYNTHETIC — NOT A COMPETITION RESULT,ridge_no_align,same_well_masked,1,tr0001b,1410,3594.3723043250006,1.5966215004920026,1.8965513904061595,1.5847830096236482,2025,1410,0.0,0.3691104140771433,True,0.008209326999804034,0.361494840155018,2.772832378476471,2.411337538321453,True,647.3862927637927,0.9825727176771186,0.9770522237278295,0.8929072126626836,True,,,0,,
SYNTHETIC — NOT A COMPETITION RESULT,ridge_baseline,same_well_masked,1,tr0001b,1410,4288.383120803817,1.7439628633245576,2.0432746753141786,1.7295065202213624,2025,1410,0.0,0.3691104140771433,True,0.006110069999976986,0.361494840155018,2.772832378476471,2.411337538321453,True,647.3862927637927,0.9825727176771186,0.9770522237278295,0.8929072126626836,True,,,0,,
SYNTHETIC — NOT A COMPETITION RESULT,ridge_spatial_only,same_well_masked,1,tr0001b,1410,3741.2096796642036,1.6289076702942393,1.865605042968813,1.6231680944249682,2025,1410,0.0,0.3691104140771433,True,0.011467461999927764,0.361494840155018,2.772832378476471,2.411337538321453,True,647.3862927637927,0.9825727176771186,0.9770522237278295,0.8929072126626836,True,,,0,,
SYNTHETIC — NOT A COMPETITION RESULT,ridge_align_spatial,same_well_masked,1,tr0001b,1410,4438.8163435463775,1.774287659189068,2.0145867300179376,1.765243449670788,2025,1410,0.0,0.3691104140771433,True,0.011425045000123646,0.361494840155018,2.772832378476471,2.411337538321453,True,647.3862927637927,0.9825727176771186,0.9770522237278295,0.8929072126626836,True,,,0,,
SYNTHETIC — NOT A COMPETITION RESULT,ridge_no_align,same_well_masked,1,tr00003,3207,13534.731462220667,2.054354282796813,3.2839376744583575,-1.0721869458391131,200,3207,0.14770629171992614,5.637644814722679,True,0.009048149999671296,5.633168779073736,13.53302969320935,7.899860914135615,True,707.149834689512,0.7378712970192246,0.0,0.13175408180347914,True,,,0,,
SYNTHETIC — NOT A COMPETITION RESULT,ridge_baseline,same_well_masked,1,tr00003,3207,11845.717511559422,1.921901854640616,2.9978703832267115,-0.9002962796474839,200,3207,0.14770629171992614,5.637644814722679,True,0.00634821700032262,5.633168779073736,13.53302969320935,7.899860914135615,True,707.149834689512,0.7378712970192246,0.0,0.13175408180347914,True,,,0,,
SYNTHETIC — NOT A COMPETITION RESULT,ridge_spatial_only,same_well_masked,1,tr00003,3207,11318.402031397436,1.878637893283561,3.076932313570497,-0.8662443198545058,200,3207,0.14770629171992614,5.637644814722679,True,0.016889892999643052,5.633168779073736,13.53302969320935,7.899860914135615,True,707.149834689512,0.7378712970192246,0.0,0.13175408180347914,True,,,0,,
SYNTHETIC — NOT A COMPETITION RESULT,ridge_align_spatial,same_well_masked,1,tr00003,3207,8275.601350216792,1.606387444107186,2.636941503759525,-0.4890101675197591,200,3207,0.14770629171992614,5.637644814722679,True,0.01682720300004803,5.633168779073736,13.53302969320935,7.899860914135615,True,707.149834689512,0.7378712970192246,0.0,0.13175408180347914,True,,,0,,
SYNTHETIC — NOT A COMPETITION RESULT,ridge_no_align,same_well_masked,1,tr00016,2615,3760.077609208224,1.1991197551027648,2.4295737081146846,-0.1125625339358584,200,2615,0.09346416098453351,30.61649486232071,True,0.008602148000136367,20.547940462259543,30.62265200074216,10.074711538482617,True,709.8402959239261,0.47896294009465656,0.0,-0.05168389602100076,True,,,0,,
SYNTHETIC — NOT A COMPETITION RESULT,ridge_baseline,same_well_masked,1,tr00016,2615,3668.554890469972,1.1844361778724695,2.550433365668681,-0.3776471981626737,200,2615,0.09346416098453351,30.61649486232071,True,0.006393206999746326,20.547940462259543,30.62265200074216,10.074711538482617,True,709.8402959239261,0.47896294009465656,0.0,-0.05168389602100076,True,,,0,,
SYNTHETIC — NOT A COMPETITION RESULT,ridge_spatial_only,same_well_masked,1,tr00016,2615,3197.918532630681,1.1058541480681328,2.4777018848407586,0.12339942846842016,200,2615,0.09346416098453351,30.61649486232071,True,0.015040288999898621,20.547940462259543,30.62265200074216,10.074711538482617,True,709.8402959239261,0.47896294009465656,0.0,-0.05168389602100076,True,,,0,,
SYNTHETIC — NOT A COMPETITION RESULT,ridge_align_spatial,same_well_masked,1,tr00016,2615,2623.192705521164,1.0015652578751282,2.307521348394822,-0.25655533922922197,200,2615,0.09346416098453351,30.61649486232071,True,0.015211994999845047,20.547940462259543,30.62265200074216,10.074711538482617,True,709.8402959239261,0.47896294009465656,0.0,-0.05168389602100076,True,,,0,,
SYNTHETIC — NOT A COMPETITION RESULT,ridge_no_align,same_well_masked,1,tr00025,3035,18234.85382563624,2.4511607595999054,4.138110455243792,0.8204675301770294,2859,3035,0.5019599059245157,1.3011894348898243,True,0.00952449099986552,1.2855912722203031,11.542390056932506,10.256798784712203,True,669.2128212339177,0.4496316301113195,0.0,0.9746927339719235,True,,,0,,
SYNTHETIC — NOT A COMPETITION RESULT,ridge_baseline,same_well_masked,1,tr00025,3035,19550.8939620882,2.5380721427249675,3.995021443445985,0.6050374648077045,2859,3035,0.5019599059245157,1.3011894348898243,True,0.00633349999998245,1.2855912722203031,11.542390056932506,10.256798784712203,True,669.2128212339177,0.4496316301113195,0.0,0.9746927339719235,True,,,0,,
SYNTHETIC — NOT A COMPETITION RESULT,ridge_spatial_only,same_well_masked,1,tr00025,3035,16410.819307644655,2.325336368833334,4.191352346207258,-0.07309860649606448,2859,3035,0.5019599059245157,1.3011894348898243,True,0.016716912999982014,1.2855912722203031,11.542390056932506,10.256798784712203,True,669.2128212339177,0.4496316301113195,0.0,0.9746927339719235,True,,,0,,
SYNTHETIC — NOT A COMPETITION RESULT,ridge_align_spatial,same_well_masked,1,tr00025,3035,18373.182642698688,2.4604403941863504,4.452281455027615,-0.12067187593341917,2859,3035,0.5019599059245157,1.3011894348898243,True,0.016800377999970806,1.2855912722203031,11.542390056932506,10.256798784712203,True,669.2128212339177,0.4496316301113195,0.0,0.9746927339719235,True,,,0,,
SYNTHETIC — NOT A COMPETITION RESULT,ridge_no_align,same_well_masked,1,tr00023,2003,144794.18413735466,8.502273759416198,10.701646396124172,8.424894371229298,3491,2003,0.5946378551420568,10.886251272372466,True,0.009198640999784402,5.472076434715277,10.920037292579869,5.447960857864592,True,692.7766036359541,0.1414530441093582,0.0,0.7775602515821667,True,,,0,,
SYNTHETIC — NOT A COMPETITION RESULT,ridge_baseline,same_well_masked,1,tr00023,2003,130473.62712577797,8.070880057684583,9.891913089997631,8.010028786497939,3491,2003,0.5946378551420568,10.886251272372466,True,0.0061454080000658,5.472076434715277,10.920037292579869,5.447960857864592,True,692.7766036359541,0.1414530441093582,0.0,0.7775602515821667,True,,,0,,
SYNTHETIC — NOT A COMPETITION RESULT,ridge_spatial_only,same_well_masked,1,tr00023,2003,87053.4180135623,6.592534924570641,8.797513187790774,6.493271275723852,3491,2003,0.5946378551420568,10.886251272372466,True,0.01343641200037382,5.472076434715277,10.920037292579869,5.447960857864592,True,692.7766036359541,0.1414530441093582,0.0,0.7775602515821667,True,,,0,,
SYNTHETIC — NOT A COMPETITION RESULT,ridge_align_spatial,same_well_masked,1,tr00023,2003,77571.97076696869,6.223173912335215,8.25465094064976,6.1348412515014,3491,2003,0.5946378551420568,10.886251272372466,True,0.013337755999600631,5.472076434715277,10.920037292579869,5.447960857864592,True,692.7766036359541,0.1414530441093582,0.0,0.7775602515821667,True,,,0,,
SYNTHETIC — NOT A COMPETITION RESULT,ridge_no_align,same_well_masked,1,tr00013,1983,6296.304636384287,1.7818925379593582,3.772226028927477,1.0319823384908813,3189,1983,0.0,5.203357036779881,True,0.008769477000441839,5.183416320129156,10.427833565277584,5.244417245148428,True,639.7744639473121,0.9830686434423295,0.9754918559848871,0.9890223206997523,True,,,0,,
SYNTHETIC — NOT A COMPETITION RESULT,ridge_baseline,same_well_masked,1,tr00013,1983,7693.447713275044,1.9696957424534265,3.9791650109058025,1.2271422667163872,3189,1983,0.0,5.203357036779881,True,0.006114865000199643,5.183416320129156,10.427833565277584,5.244417245148428,True,639.7744639473121,0.9830686434423295,0.9754918559848871,0.9890223206997523,True,,,0,,
SYNTHETIC — NOT A COMPETITION RESULT,ridge_spatial_only,same_well_masked,1,tr00013,1983,5161.457946310604,1.6133360547550748,3.1850537137195634,0.2887419660347624,3189,1983,0.0,5.203357036779881,True,0.013327266000032978,5.183416320129156,10.427833565277584,5.244417245148428,True,639.7744639473121,0.9830686434423295,0.9754918559848871,0.9890223206997523,True,,,0,,
SYNTHETIC — NOT A COMPETITION RESULT,ridge_align_spatial,same_well_masked,1,tr00013,1983,6160.740869853128,1.7626054715498396,3.4502182352748543,0.5657139670800119,3189,1983,0.0,5.203357036779881,True,0.013279213999794592,5.183416320129156,10.427833565277584,5.244417245148428,True,639.7744639473121,0.9830686434423295,0.9754918559848871,0.9890223206997523,True,,,0,,
SYNTHETIC — NOT A COMPETITION RESULT,ridge_no_align,same_well_masked,1,tr0000c,2969,18805.242167295284,2.516716905731668,4.657153772215679,2.0165370790771977,706,2969,0.636062612883805,31.924731785101677,True,0.008816564999960974,26.73548151392706,31.9783327039808,5.242851190053742,True,664.4163962149403,0.0816226955385984,0.0,0.043307070636289136,True,,,0,,
SYNTHETIC — NOT A COMPETITION RESULT,ridge_baseline,same_well_masked,1,tr0000c,2969,18217.81238132056,2.4770970023837946,4.73275370228578,1.9373507417751246,706,2969,0.636062612883805,31.924731785101677,True,0.006327082000098017,26.73548151392706,31.9783327039808,5.242851190053742,True,664.4163962149403,0.0816226955385984,0.0,0.043307070636289136,True,,,0,,
SYNTHETIC — NOT A COMPETITION RESULT,ridge_spatial_only,same_well_masked,1,tr0000c,2969,14616.915122578455,2.2188235348810155,4.260393031977799,1.6038993188155377,706,2969,0.636062612883805,31.924731785101677,True,0.016212096999879577,26.73548151392706,31.9783327039808,5.242851190053742,True,664.4163962149403,0.0816226955385984,0.0,0.043307070636289136,True,,,0,,
SYNTHETIC — NOT A COMPETITION RESULT,ridge_align_spatial,same_well_masked,1,tr0000c,2969,15153.846083712559,2.259208623646227,4.368921249044671,1.6038078889106901,706,2969,0.636062612883805,31.924731785101677,True,0.016288460999930976,26.73548151392706,31.9783327039808,5.242851190053742,True,664.4163962149403,0.0816226955385984,0.0,0.043307070636289136,True,,,0,,
SYNTHETIC — NOT A COMPETITION RESULT,ridge_no_align,same_well_masked,1,tr0001d,1291,222.15688844755363,0.41482676612383673,0.6679552922344625,0.4118444568266827,1462,1291,0.8026706231454006,3.0656189286021727,True,0.008016904000214709,-0.3112440276002033,3.074601988276905,3.3858460158771084,True,686.9752412085771,0.0,0.0,0.1923002376512186,True,,,0,,
SYNTHETIC — NOT A COMPETITION RESULT,ridge_baseline,same_well_masked,1,tr0001d,1291,274.00380845200993,0.46069678178799345,0.5931908320615618,0.45193580297479746,1462,1291,0.8026706231454006,3.0656189286021727,True,0.005913486000281409,-0.3112440276002033,3.074601988276905,3.3858460158771084,True,686.9752412085771,0.0,0.0,0.1923002376512186,True,,,0,,
SYNTHETIC — NOT A COMPETITION RESULT,ridge_spatial_only,same_well_masked,1,tr0001d,1291,373.7652212678155,0.5380669573166662,0.7374296696165334,0.5311909794056727,1462,1291,0.8026706231454006,3.0656189286021727,True,0.011069345000123576,-0.3112440276002033,3.074601988276905,3.3858460158771084,True,686.9752412085771,0.0,0.0,0.1923002376512186,True,,,0,,
SYNTHETIC — NOT A COMPETITION RESULT,ridge_align_spatial,same_well_masked,1,tr0001d,1291,422.06345724267857,0.5717757798327192,0.7676083210308291,0.5569983875389273,1462,1291,0.8026706231454006,3.0656189286021727,True,0.011212147000151163,-0.3112440276002033,3.074601988276905,3.3858460158771084,True,686.9752412085771,0.0,0.0,0.1923002376512186,True,,,0,,
SYNTHETIC — NOT A COMPETITION RESULT,ridge_no_align,same_well_masked,2,tr00004,2203,18581.187891018384,2.9042198461325497,5.240144307715804,2.4876804448083725,3762,2203,0.027056807051909892,16.98019587936748,True,0.00937032999991061,14.236961843544329,16.983307817464446,2.7463459739201177,True,650.0898355615599,0.3081207334105007,0.042296937656419044,0.23587829928405926,True,,,0,,
SYNTHETIC — NOT A COMPETITION RESULT,ridge_baseline,same_well_masked,2,tr00004,2203,25980.50377612635,3.4341284498066433,5.349229160492248,3.178410283522421,3762,2203,0.027056807051909892,16.98019587936748,True,0.006201133000104164,14.236961843544329,16.983307817464446,2.7463459739201177,True,650.0898355615599,0.3081207334105007,0.042296937656419044,0.23587829928405926,True,,,0,,
SYNTHETIC — NOT A COMPETITION RESULT,ridge_spatial_only,same_well_masked,2,tr00004,2203,25425.295701163777,3.3972363137656116,5.903039795455978,3.0254646221725228,3762,2203,0.027056807051909892,16.98019587936748,True,0.01383180499988157,14.236961843544329,16.983307817464446,2.7463459739201177,True,650.0898355615599,0.3081207334105007,0.042296937656419044,0.23587829928405926,True,,,0,,
SYNTHETIC — NOT A COMPETITION RESULT,ridge_align_spatial,same_well_masked,2,tr00004,2203,31431.553611651445,3.7772495266031854,5.727960698847761,3.5451891160344626,3762,2203,0.027056807051909892,16.98019587936748,True,0.013809226999910607,14.236961843544329,16.983307817464446,2.7463459739201177,True,650.0898355615599,0.3081207334105007,0.042296937656419044,0.23587829928405926,True,,,0,,
SYNTHETIC — NOT A COMPETITION RESULT,ridge_no_align,same_well_masked,2,tr00022,1811,1651.404745664016,0.9549212085021861,1.9119551577476983,0.7726558363826856,738,1811,0.0,33.60769354683529,True,0.008249035999597254,33.60969302371477,35.66521792791771,2.05552490420294,True,649.1646468624072,0.6926815942823881,0.6313717627396933,0.08707819079051975,True,,,0,,
SYNTHETIC — NOT A COMPETITION RESULT,ridge_baseline,same_well_masked,2,tr00022,1811,1213.4735675254014,0.8185702095921253,1.8059616640424139,0.5807747042510437,738,1811,0.0,33.60769354683529,True,0.0061112660000617325,33.60969302371477,35.66521792791771,2.05552490420294,True,649.1646468624072,0.6926815942823881,0.6313717627396933,0.08707819079051975,True,,,0,,
SYNTHETIC — NOT A COMPETITION RESULT,ridge_spatial_only,same_well_masked,2,tr00022,1811,1755.3223423677464,0.9845079222156808,1.9633250454419695,0.8176883331579271,738,1811,0.0,33.60769354683529,True,0.012647180999920238,33.60969302371477,35.66521792791771,2.05552490420294,True,649.1646468624072,0.6926815942823881,0.6313717627396933,0.08707819079051975,True,,,0,,
SYNTHETIC — NOT A COMPETITION RESULT,ridge_align_spatial,same_well_masked,2,tr00022,1811,1519.632010686779,0.9160306210315597,1.908874627274507,0.7247034088305155,738,1811,0.0,33.60769354683529,True,0.013005882000015845,33.60969302371477,35.66521792791771,2.05552490420294,True,649.1646468624072,0.6926815942823881,0.6313717627396933,0.08707819079051975,True,,,0,,
SYNTHETIC — NOT A COMPETITION RESULT,ridge_no_align,same_well_masked,2,tr00014,1513,308.0142534077673,0.4511967294906788,1.990788091441324,0.280529650853541,1641,1513,0.5943861152774802,12.72524254616535,True,0.008133681999879627,-5.564683822162383,12.71594544624044,18.280629268402823,True,692.521181470237,4.078478150823075e-05,0.0,0.5156251885219502,True,,,0,,
SYNTHETIC — NOT A COMPETITION RESULT,ridge_baseline,same_well_masked,2,tr00014,1513,5847.173953756985,1.9658643324334535,4.261002324843165,1.5638524206755253,1641,1513,0.5943861152774802,12.72524254616535,True,0.006105962999754411,-5.564683822162383,12.71594544624044,18.280629268402823,True,692.521181470237,4.078478150823075e-05,0.0,0.5156251885219502,True,,,0,,
SYNTHETIC — NOT A COMPETITION RESULT,ridge_spatial_only,same_well_masked,2,tr00014,1513,392.9103211013089,0.5095974598816709,2.00672620846524,0.19764274562283088,1641,1513,0.5943861152774802,12.72524254616535,True,0.011699372999828483,-5.564683822162383,12.71594544624044,18.280629268402823,True,692.521181470237,4.078478150823075e-05,0.0,0.5156251885219502,True,,,0,,
SYNTHETIC — NOT A COMPETITION RESULT,ridge_align_spatial,same_well_masked,2,tr00014,1513,5643.571558027208,1.9313347469671938,4.212074229123909,1.4215535817787965,1641,1513,0.5943861152774802,12.72524254616535,True,0.01173227700019197,-5.564683822162383,12.71594544624044,18.280629268402823,True,692.521181470237,4.078478150823075e-05,0.0,0.5156251885219502,True,,,0,,
SYNTHETIC — NOT A COMPETITION RESULT,ridge_no_align,same_well_masked,2,tr00026,2192,1400.1663115242106,0.7992258776044341,1.5692712530164892,-0.14434539493123583,200,2192,0.7741410855865013,-3.692778112041924,True,0.008574141000281088,-3.738060995868232,-0.4879433549512129,3.250117640917019,True,673.9271585887363,0.03205725298785521,0.0,0.23659817192019908,True,,,0,,
SYNTHETIC — NOT A COMPETITION RESULT,ridge_baseline,same_well_masked,2,tr00026,2192,799.2385132489358,0.6038345055218532,1.1759733500909313,-0.3465565395900079,200,2192,0.7741410855865013,-3.692778112041924,True,0.006252954000046884,-3.738060995868232,-0.4879433549512129,3.250117640917019,True,673.9271585887363,0.03205725298785521,0.0,0.23659817192019908,True,,,0,,
SYNTHETIC — NOT A COMPETITION RESULT,ridge_spatial_only,same_well_masked,2,tr00026,2192,1942.3291908196943,0.9413283610957153,2.002397082963449,-0.333795877870479,200,2192,0.7741410855865013,-3.692778112041924,True,0.013823177000176656,-3.738060995868232,-0.4879433549512129,3.250117640917019,True,673.9271585887363,0.03205725298785521,0.0,0.23659817192019908,True,,,0,,
SYNTHETIC — NOT A COMPETITION RESULT,ridge_align_spatial,same_well_masked,2,tr00026,2192,1147.7684515407875,0.7236138433695507,1.5255949132461328,-0.46909856367857905,200,2192,0.7741410855865013,-3.692778112041924,True,0.014053090000288648,-3.738060995868232,-0.4879433549512129,3.250117640917019,True,673.9271585887363,0.03205725298785521,0.0,0.23659817192019908,True,,,0,,
SYNTHETIC — NOT A COMPETITION RESULT,ridge_no_align,same_well_masked,2,tr00009,1473,4609.03948651365,1.768902277061506,3.12588471243974,-1.5782264947162479,2140,1473,0.10892646480534801,10.619955493908394,True,0.008561112999814213,9.332989363916218,10.725271577998788,1.3922822140825701,True,703.6970661658241,0.7671321952804013,0.7326461350620159,0.30691219221954913,True,,,0,,
SYNTHETIC — NOT A COMPETITION RESULT,ridge_baseline,same_well_masked,2,tr00009,1473,3300.412409266134,1.4968653395398122,2.9424610820404853,-1.2648488563965996,2140,1473,0.10892646480534801,10.619955493908394,True,0.0061965310001141916,9.332989363916218,10.725271577998788,1.3922822140825701,True,703.6970661658241,0.7671321952804013,0.7326461350620159,0.30691219221954913,True,,,0,,
SYNTHETIC — NOT A COMPETITION RESULT,ridge_spatial_only,same_well_masked,2,tr00009,1473,4113.1610290353065,1.6710386030618247,2.862879121475456,-1.4947836053439505,2140,1473,0.10892646480534801,10.619955493908394,True,0.011669414000152756,9.332989363916218,10.725271577998788,1.3922822140825701,True,703.6970661658241,0.7671321952804013,0.7326461350620159,0.30691219221954913,True,,,0,,
SYNTHETIC — NOT A COMPETITION RESULT,ridge_align_spatial,same_well_masked,2,tr00009,1473,3576.9441794912664,1.5583130510802978,2.9666468007748747,-1.3557285899356055,2140,1473,0.10892646480534801,10.619955493908394,True,0.011883183999998437,9.332989363916218,10.725271577998788,1.3922822140825701,True,703.6970661658241,0.7671321952804013,0.7326461350620159,0.30691219221954913,True,,,0,,
SYNTHETIC — NOT A COMPETITION RESULT,ridge_no_align,same_well_masked,2,tr00024,1889,574.8734814334506,0.5516583024907372,1.187900271643361,-0.1909109914693438,200,1889,0.0,29.26461336701784,True,0.008245033000093827,27.195873104779217,35.2960043674521,8.100131262672882,True,720.0411075645493,0.6703232291441891,0.5397950254294077,-0.08271214985330261,True,,,0,,
SYNTHETIC — NOT A COMPETITION RESULT,ridge_baseline,same_well_masked,2,tr00024,1889,1273.3124103310513,0.8210157849761578,2.4178777709758137,-0.6828221984505328,200,1889,0.0,29.26461336701784,True,0.006103067999902123,27.195873104779217,35.2960043674521,8.100131262672882,True,720.0411075645493,0.6703232291441891,0.5397950254294077,-0.08271214985330261,True,,,0,,
SYNTHETIC — NOT A COMPETITION RESULT,ridge_spatial_only,same_well_masked,2,tr00024,1889,1042.750649574496,0.7429750939606894,1.5517992382617578,-0.2524016419225396,200,1889,0.0,29.26461336701784,True,0.012964645000010933,27.195873104779217,35.2960043674521,8.100131262672882,True,720.0411075645493,0.6703232291441891,0.5397950254294077,-0.08271214985330261,True,,,0,,
SYNTHETIC — NOT A COMPETITION RESULT,ridge_align_spatial,same_well_masked,2,tr00024,1889,2108.8588162132446,1.0565931087537834,2.8916847054047494,-0.8616831880647852,200,1889,0.0,29.26461336701784,True,0.01305566600012753,27.195873104779217,35.2960043674521,8.100131262672882,True,720.0411075645493,0.6703232291441891,0.5397950254294077,-0.08271214985330261,True,,,0,,
SYNTHETIC — NOT A COMPETITION RESULT,ridge_no_align,same_well_masked,2,tr00007,2683,14762.27440485478,2.345666689765673,5.074504418797562,-2.29544808259049,2091,2683,0.0,1.003821054933307,True,0.008760635000271577,-1.353242280989145,4.823883207875074,6.177125488864219,True,691.1738122440744,0.987129274159262,0.9777310819060745,0.984140098164363,True,,,0,,
SYNTHETIC — NOT A COMPETITION RESULT,ridge_baseline,same_well_masked,2,tr00007,2683,20802.866583979063,2.784525860064291,6.492450802404586,-2.7098819334661144,2091,2683,0.0,1.003821054933307,True,0.006250511999951414,-1.353242280989145,4.823883207875074,6.177125488864219,True,691.1738122440744,0.987129274159262,0.9777310819060745,0.984140098164363,True,,,0,,
SYNTHETIC — NOT A COMPETITION RESULT,ridge_spatial_only,same_well_masked,2,tr00007,2683,20602.324541944807,2.7710717810054035,5.747703420973391,-2.728162407256777,2091,2683,0.0,1.003821054933307,True,0.015419284000017797,-1.353242280989145,4.823883207875074,6.177125488864219,True,691.1738122440744,0.987129274159262,0.9777310819060745,0.984140098164363,True,,,0,,
SYNTHETIC — NOT A COMPETITION RESULT,ridge_align_spatial,same_well_masked,2,tr00007,2683,25637.873027472328,3.091225304433528,6.905295487794673,-3.0140259039270374,2091,2683,0.0,1.003821054933307,True,0.01555608900025618,-1.353242280989145,4.823883207875074,6.177125488864219,True,691.1738122440744,0.987129274159262,0.9777310819060745,0.984140098164363,True,,,0,,
SYNTHETIC — NOT A COMPETITION RESULT,ridge_no_align,same_well_masked,2,tr00021,2336,3316.3232817692547,1.1914944142183592,2.702413941539751,-0.7094545719799771,2771,2336,0.10842402257154374,-9.072097951433246,True,0.009958967999864399,-13.070500242857486,-8.691431342408087,4.379068900449399,True,688.9160240634981,0.5952994615557904,0.31545873900032884,0.0887566209950628,True,,,0,,
SYNTHETIC — NOT A COMPETITION RESULT,ridge_baseline,same_well_masked,2,tr00021,2336,1809.7834629829356,0.8801909289934889,2.0360904050275153,-0.24504575597360345,2771,2336,0.10842402257154374,-9.072097951433246,True,0.006625720999636542,-13.070500242857486,-8.691431342408087,4.379068900449399,True,688.9160240634981,0.5952994615557904,0.31545873900032884,0.0887566209950628,True,,,0,,
SYNTHETIC — NOT A COMPETITION RESULT,ridge_spatial_only,same_well_masked,2,tr00021,2336,3328.5079911480557,1.1936812791573135,2.6286795777270697,-0.7739371902038629,2771,2336,0.10842402257154374,-9.072097951433246,True,0.01454714999999851,-13.070500242857486,-8.691431342408087,4.379068900449399,True,688.9160240634981,0.5952994615557904,0.31545873900032884,0.0887566209950628,True,,,0,,
SYNTHETIC — NOT A COMPETITION RESULT,ridge_align_spatial,same_well_masked,2,tr00021,2336,1758.3641042808304,0.8675968877936686,2.052454569670795,-0.3314226002726842,2771,2336,0.10842402257154374,-9.072097951433246,True,0.014324665000003733,-13.070500242857486,-8.691431342408087,4.379068900449399,True,688.9160240634981,0.5952994615557904,0.31545873900032884,0.0887566209950628,True,,,0,,
SYNTHETIC — NOT A COMPETITION RESULT,ridge_no_align,same_well_masked,3,tr00018,2393,8671.595800179315,1.9036108166640135,3.7965268091652504,-1.513933446905476,3001,2393,0.6187235135482214,41.88659853629358,True,0.009941312000137259,38.46793544540551,42.024850464542304,3.5569150191367953,True,658.8206623949737,0.0014153441638205262,0.0,0.8166122904201697,True,,,0,,
SYNTHETIC — NOT A COMPETITION RESULT,ridge_baseline,same_well_masked,3,tr00018,2393,7183.651773487581,1.7326118747967845,3.541666667132823,-1.2896529872687952,3001,2393,0.6187235135482214,41.88659853629358,True,0.006456629999775032,38.46793544540551,42.024850464542304,3.5569150191367953,True,658.8206623949737,0.0014153441638205262,0.0,0.8166122904201697,True,,,0,,
SYNTHETIC — NOT A COMPETITION RESULT,ridge_spatial_only,same_well_masked,3,tr00018,2393,8928.239191283681,1.9315749255394428,3.7867920177035543,-1.5537324960617471,3001,2393,0.6187235135482214,41.88659853629358,True,0.014395560000139085,38.46793544540551,42.024850464542304,3.5569150191367953,True,658.8206623949737,0.0014153441638205262,0.0,0.8166122904201697,True,,,0,,
SYNTHETIC — NOT A COMPETITION RESULT,ridge_align_spatial,same_well_masked,3,tr00018,2393,7831.236965039789,1.8090219373587746,3.6037210275672535,-1.4230367317960577,3001,2393,0.6187235135482214,41.88659853629358,True,0.014494745000320108,38.46793544540551,42.024850464542304,3.5569150191367953,True,658.8206623949737,0.0014153441638205262,0.0,0.8166122904201697,True,,,0,,
SYNTHETIC — NOT A COMPETITION RESULT,ridge_no_align,same_well_masked,3,tr00012,2878,32059.027526368915,3.337565345346452,5.55045831659594,2.968920879088592,2501,2878,0.010415405110815066,24.02739295573198,True,0.010009355999955005,21.65999085846928,24.08392984072142,2.4239389822521424,True,661.3820744167376,0.9456088163629861,0.9437880504887957,0.9110049551050525,True,,,0,,
SYNTHETIC — NOT A COMPETITION RESULT,ridge_baseline,same_well_masked,3,tr00012,2878,28881.984282900063,3.1678756000744297,5.391620439150607,2.7695154697317865,2501,2878,0.010415405110815066,24.02739295573198,True,0.006542857000113145,21.65999085846928,24.08392984072142,2.4239389822521424,True,661.3820744167376,0.9456088163629861,0.9437880504887957,0.9110049551050525,True,,,0,,
SYNTHETIC — NOT A COMPETITION RESULT,ridge_spatial_only,same_well_masked,3,tr00012,2878,17493.193704086967,2.4654100259951917,4.492845669994544,1.9327026628661192,2501,2878,0.010415405110815066,24.02739295573198,True,0.016080462999980227,21.65999085846928,24.08392984072142,2.4239389822521424,True,661.3820744167376,0.9456088163629861,0.9437880504887957,0.9110049551050525,True,,,0,,
SYNTHETIC — NOT A COMPETITION RESULT,ridge_align_spatial,same_well_masked,3,tr00012,2878,18033.149599396867,2.503170303899742,4.397558875544039,1.9872050518389295,2501,2878,0.010415405110815066,24.02739295573198,True,0.0160709520000637,21.65999085846928,24.08392984072142,2.4239389822521424,True,661.3820744167376,0.9456088163629861,0.9437880504887957,0.9110049551050525,True,,,0,,
SYNTHETIC — NOT A COMPETITION RESULT,ridge_no_align,same_well_masked,3,tr0001a,3811,12933.414043792838,1.8422014345266475,2.238306833525102,1.8373062796343942,681,3811,0.0,-6.077693330317849,True,0.010197681000136072,-9.098967478532696,-6.008067718754686,3.0908997597780106,True,675.3924944266729,0.8688908545894555,0.8011205974498276,0.15766166374291288,True,,,0,,
SYNTHETIC — NOT A COMPETITION RESULT,ridge_baseline,same_well_masked,3,tr0001a,3811,14038.130222259431,1.9192659522320985,2.317160697403615,1.9129958422982678,681,3811,0.0,-6.077693330317849,True,0.006594638000024133,-9.098967478532696,-6.008067718754686,3.0908997597780106,True,675.3924944266729,0.8688908545894555,0.8011205974498276,0.15766166374291288,True,,,0,,
SYNTHETIC — NOT A COMPETITION RESULT,ridge_spatial_only,same_well_masked,3,tr0001a,3811,13165.274807345206,1.8586409013989171,2.3389146761098365,1.8390922698459462,681,3811,0.0,-6.077693330317849,True,0.019014728000001924,-9.098967478532696,-6.008067718754686,3.0908997597780106,True,675.3924944266729,0.8688908545894555,0.8011205974498276,0.15766166374291288,True,,,0,,
SYNTHETIC — NOT A COMPETITION RESULT,ridge_align_spatial,same_well_masked,3,tr0001a,3811,13439.764304666485,1.8779168201723822,2.4173548534321805,1.8559749691711083,681,3811,0.0,-6.077693330317849,True,0.018940786000257503,-9.098967478532696,-6.008067718754686,3.0908997597780106,True,675.3924944266729,0.8688908545894555,0.8011205974498276,0.15766166374291288,True,,,0,,
SYNTHETIC — NOT A COMPETITION RESULT,ridge_no_align,same_well_masked,3,tr00011,3101,559.2150321449061,0.4246572425711603,1.3943657620600227,-0.18658739719479717,240,3101,0.05153678981682707,22.54316498409831,True,0.00936615700038601,16.152996719662738,25.80560731720841,9.65261059754567,True,672.9913675264535,0.7595714787833253,0.6219429449123515,0.10909415103746552,True,,,0,,
SYNTHETIC — NOT A COMPETITION RESULT,ridge_baseline,same_well_masked,3,tr00011,3101,705.3564574468635,0.47692868083869155,1.7166177773183122,-0.276948302293124,240,3101,0.05153678981682707,22.54316498409831,True,0.006395995000275434,16.152996719662738,25.80560731720841,9.65261059754567,True,672.9913675264535,0.7595714787833253,0.6219429449123515,0.10909415103746552,True,,,0,,
SYNTHETIC — NOT A COMPETITION RESULT,ridge_spatial_only,same_well_masked,3,tr00011,3101,363.56547007505844,0.3424052629564988,1.1142229520440843,-0.09769497988850272,240,3101,0.05153678981682707,22.54316498409831,True,0.01669770599983167,16.152996719662738,25.80560731720841,9.65261059754567,True,672.9913675264535,0.7595714787833253,0.6219429449123515,0.10909415103746552,True,,,0,,
SYNTHETIC — NOT A COMPETITION RESULT,ridge_align_spatial,same_well_masked,3,tr00011,3101,358.69102746966405,0.34010214689467677,1.236830747089197,-0.10730675522798828,240,3101,0.05153678981682707,22.54316498409831,True,0.017024066999965726,16.152996719662738,25.80560731720841,9.65261059754567,True,672.9913675264535,0.7595714787833253,0.6219429449123515,0.10909415103746552,True,,,0,,
SYNTHETIC — NOT A COMPETITION RESULT,ridge_no_align,same_well_masked,3,tr00006,1877,3985.2199008568614,1.4571156035753186,3.1442352773618722,-1.0793730179009904,445,1877,0.13336508692545845,45.23427322213378,True,0.00910267399967779,45.231140143634114,46.97699160632267,1.745851462688556,True,731.2455773943985,0.963378596593357,0.9486521996609402,0.044033057731997234,True,,,0,,
SYNTHETIC — NOT A COMPETITION RESULT,ridge_baseline,same_well_masked,3,tr00006,1877,3385.8988052339673,1.3430891810821375,2.940374497946884,-0.8906522286138953,445,1877,0.13336508692545845,45.23427322213378,True,0.006286721000378748,45.231140143634114,46.97699160632267,1.745851462688556,True,731.2455773943985,0.963378596593357,0.9486521996609402,0.044033057731997234,True,,,0,,
SYNTHETIC — NOT A COMPETITION RESULT,ridge_spatial_only,same_well_masked,3,tr00006,1877,4905.305462138044,1.6165937377110644,2.8135195728847933,-1.2458610619786032,445,1877,0.13336508692545845,45.23427322213378,True,0.013095942000290961,45.231140143634114,46.97699160632267,1.745851462688556,True,731.2455773943985,0.963378596593357,0.9486521996609402,0.044033057731997234,True,,,0,,
SYNTHETIC — NOT A COMPETITION RESULT,ridge_align_spatial,same_well_masked,3,tr00006,1877,4327.438681706456,1.518389965813331,2.720978312423526,-1.1085198495639965,445,1877,0.13336508692545845,45.23427322213378,True,0.01324981800007663,45.231140143634114,46.97699160632267,1.745851462688556,True,731.2455773943985,0.963378596593357,0.9486521996609402,0.044033057731997234,True,,,0,,
SYNTHETIC — NOT A COMPETITION RESULT,ridge_no_align,same_well_masked,3,tr00008,1991,2625.238398632278,1.1482824941646377,1.9665350201259324,-0.929034399935341,1996,1991,0.07293409166945466,4.733176664822056,True,0.008941041000070982,4.6107138285057605,8.631775601081078,4.021061772575317,True,692.057261497785,0.9124473763137723,0.6321398599984546,0.9739887579890134,True,,,0,,
SYNTHETIC — NOT A COMPETITION RESULT,ridge_baseline,same_well_masked,3,tr00008,1991,2905.5173885177337,1.208025521140858,2.046395120054199,-1.0318815465628637,1996,1991,0.07293409166945466,4.733176664822056,True,0.006250491000173497,4.6107138285057605,8.631775601081078,4.021061772575317,True,692.057261497785,0.9124473763137723,0.6321398599984546,0.9739887579890134,True,,,0,,
SYNTHETIC — NOT A COMPETITION RESULT,ridge_spatial_only,same_well_masked,3,tr00008,1991,3836.1969305199727,1.3880810226439941,2.383379144032924,-1.2035855970130203,1996,1991,0.07293409166945466,4.733176664822056,True,0.013874978000330884,4.6107138285057605,8.631775601081078,4.021061772575317,True,692.057261497785,0.9124473763137723,0.6321398599984546,0.9739887579890134,True,,,0,,
SYNTHETIC — NOT A COMPETITION RESULT,ridge_align_spatial,same_well_masked,3,tr00008,1991,3788.448287359495,1.3794153412792873,2.358997720834621,-1.2056691337804697,1996,1991,0.07293409166945466,4.733176664822056,True,0.01338539199969091,4.6107138285057605,8.631775601081078,4.021061772575317,True,692.057261497785,0.9124473763137723,0.6321398599984546,0.9739887579890134,True,,,0,,
SYNTHETIC — NOT A COMPETITION RESULT,ridge_no_align,same_well_masked,3,tr00027,1738,1092.2036801145664,0.7927329895375437,2.8355991320107963,0.6356121479349763,1084,1738,0.6596491228070176,-4.840092044290028,True,0.008268904000033217,-7.986463708799789,-4.618869860359151,3.367593848440638,True,666.86739030635,0.0,0.0,0.19131831563234325,True,,,0,,
SYNTHETIC — NOT A COMPETITION RESULT,ridge_baseline,same_well_masked,3,tr00027,1738,557.3824267096439,0.566306765399456,2.331933013995209,0.3183219819841369,1084,1738,0.6596491228070176,-4.840092044290028,True,0.006307750999894779,-7.986463708799789,-4.618869860359151,3.367593848440638,True,666.86739030635,0.0,0.0,0.19131831563234325,True,,,0,,
SYNTHETIC — NOT A COMPETITION RESULT,ridge_spatial_only,same_well_masked,3,tr00027,1738,996.4452450769111,0.7571847063702083,2.5307162380751,0.584562749812735,1084,1738,0.6596491228070176,-4.840092044290028,True,0.01237423399970794,-7.986463708799789,-4.618869860359151,3.367593848440638,True,666.86739030635,0.0,0.0,0.19131831563234325,True,,,0,,
SYNTHETIC — NOT A COMPETITION RESULT,ridge_align_spatial,same_well_masked,3,tr00027,1738,614.7799751102947,0.5947507117728988,2.2599003214113083,0.36129281416019393,1084,1738,0.6596491228070176,-4.840092044290028,True,0.012364180000076885,-7.986463708799789,-4.618869860359151,3.367593848440638,True,666.86739030635,0.0,0.0,0.19131831563234325,True,,,0,,
SYNTHETIC — NOT A COMPETITION RESULT,ridge_no_align,same_well_masked,3,tr0000f,2785,3187.7592256222633,1.0698678966124229,2.317438154837186,0.9108587879431259,521,2785,0.10293876210802824,-8.257865315756774,True,0.008735831000194594,-8.287349997331265,-6.589838660436989,1.6975113368942765,True,680.1445010104959,0.6347022861441804,0.05511065745486835,-0.01141493536534396,True,,,0,,
SYNTHETIC — NOT A COMPETITION RESULT,ridge_baseline,same_well_masked,3,tr0000f,2785,3555.375093928832,1.1298742552379406,2.302748789734313,0.9796265959105209,521,2785,0.10293876210802824,-8.257865315756774,True,0.006210534000274492,-8.287349997331265,-6.589838660436989,1.6975113368942765,True,680.1445010104959,0.6347022861441804,0.05511065745486835,-0.01141493536534396,True,,,0,,
SYNTHETIC — NOT A COMPETITION RESULT,ridge_spatial_only,same_well_masked,3,tr0000f,2785,4793.508175616593,1.3119404920953903,2.5130271187532163,1.1506012253782958,521,2785,0.10293876210802824,-8.257865315756774,True,0.01562698799989448,-8.287349997331265,-6.589838660436989,1.6975113368942765,True,680.1445010104959,0.6347022861441804,0.05511065745486835,-0.01141493536534396,True,,,0,,
SYNTHETIC — NOT A COMPETITION RESULT,ridge_align_spatial,same_well_masked,3,tr0000f,2785,4908.383558707337,1.3275676058827848,2.4719721786996516,1.1692994024536543,521,2785,0.10293876210802824,-8.257865315756774,True,0.015620196999861946,-8.287349997331265,-6.589838660436989,1.6975113368942765,True,680.1445010104959,0.6347022861441804,0.05511065745486835,-0.01141493536534396,True,,,0,,
SYNTHETIC — NOT A COMPETITION RESULT,ridge_no_align,same_well_masked,4,tr00017,2474,4016.753232569832,1.2742003741960632,2.4639558038426337,1.0960133827574803,3873,2474,0.1381929486452783,19.10093042432139,True,0.0104802980004024,16.863833411955483,19.21558619872829,2.3517527867728063,True,659.3245333879992,0.6132632975762612,0.0,0.4604921730377094,True,,,0,,
SYNTHETIC — NOT A COMPETITION RESULT,ridge_baseline,same_well_masked,4,tr00017,2474,1530.4008573003664,0.7865072902287745,1.8205667599285533,0.5626579168004924,3873,2474,0.1381929486452783,19.10093042432139,True,0.006953373999749601,16.863833411955483,19.21558619872829,2.3517527867728063,True,659.3245333879992,0.6132632975762612,0.0,0.4604921730377094,True,,,0,,
SYNTHETIC — NOT A COMPETITION RESULT,ridge_spatial_only,same_well_masked,4,tr00017,2474,1862.8251186196321,0.8677331618566765,1.583511950382377,0.2358267082504246,3873,2474,0.1381929486452783,19.10093042432139,True,0.01489660900006129,16.863833411955483,19.21558619872829,2.3517527867728063,True,659.3245333879992,0.6132632975762612,0.0,0.4604921730377094,True,,,0,,
SYNTHETIC — NOT A COMPETITION RESULT,ridge_align_spatial,same_well_masked,4,tr00017,2474,1541.5836293481916,0.7893755985776523,1.6386537032632944,-0.2813784099672617,3873,2474,0.1381929486452783,19.10093042432139,True,0.015017812000223785,16.863833411955483,19.21558619872829,2.3517527867728063,True,659.3245333879992,0.6132632975762612,0.0,0.4604921730377094,True,,,0,,
SYNTHETIC — NOT A COMPETITION RESULT,ridge_no_align,same_well_masked,4,tr00001,2150,841.5237857293708,0.6256248172564363,1.351785709063894,-0.29699272114584097,3598,2150,0.0,-0.506538611146544,True,0.009955373999218864,-0.5740495364484755,2.978784327990704,3.5528338644391795,True,647.5424556189377,0.9801940618591103,0.9691166926313707,0.9399542727720709,True,,,0,,
SYNTHETIC — NOT A COMPETITION RESULT,ridge_baseline,same_well_masked,4,tr00001,2150,876.0397261321621,0.6383262001013975,1.403581546444527,-0.40565090413276766,3598,2150,0.0,-0.506538611146544,True,0.006364695000229403,-0.5740495364484755,2.978784327990704,3.5528338644391795,True,647.5424556189377,0.9801940618591103,0.9691166926313707,0.9399542727720709,True,,,0,,
SYNTHETIC — NOT A COMPETITION RESULT,ridge_spatial_only,same_well_masked,4,tr00001,2150,1191.8892433546607,0.7445583186912899,3.0312523909740365,0.3772686403289247,3598,2150,0.0,-0.506538611146544,True,0.0138966270005767,-0.5740495364484755,2.978784327990704,3.5528338644391795,True,647.5424556189377,0.9801940618591103,0.9691166926313707,0.9399542727720709,True,,,0,,
SYNTHETIC — NOT A COMPETITION RESULT,ridge_align_spatial,same_well_masked,4,tr00001,2150,947.427257966072,0.6638251583922171,3.0554625143855985,0.21354893903764086,3598,2150,0.0,-0.506538611146544,True,0.013876828999855206,-0.5740495364484755,2.978784327990704,3.5528338644391795,True,647.5424556189377,0.9801940618591103,0.9691166926313707,0.9399542727720709,True,,,0,,
SYNTHETIC — NOT A COMPETITION RESULT,ridge_no_align,same_well_masked,4,tr0001c,1482,3592.0334968211882,1.5568475485265179,2.042034195177635,-1.4924324082855374,200,1482,0.7016499864755207,35.35792034038411,True,0.008367151000129525,27.283345260182845,35.37705831226327,8.093713052080428,True,728.6592294804607,0.007940517641300524,0.0,0.11209567888073362,True,,,0,,
SYNTHETIC — NOT A COMPETITION RESULT,ridge_baseline,same_well_masked,4,tr0001c,1482,3248.446121452168,1.4805181373748617,2.1236246195038717,-1.3617833456299184,200,1482,0.7016499864755207,35.35792034038411,True,0.006093855000472104,27.283345260182845,35.37705831226327,8.093713052080428,True,728.6592294804607,0.007940517641300524,0.0,0.11209567888073362,True,,,0,,
SYNTHETIC — NOT A COMPETITION RESULT,ridge_spatial_only,same_well_masked,4,tr0001c,1482,2647.3491736572064,1.3365386170262472,1.5634373868379328,-1.3067456578559071,200,1482,0.7016499864755207,35.35792034038411,True,0.011710637000760471,27.283345260182845,35.37705831226327,8.093713052080428,True,728.6592294804607,0.007940517641300524,0.0,0.11209567888073362,True,,,0,,
SYNTHETIC — NOT A COMPETITION RESULT,ridge_align_spatial,same_well_masked,4,tr0001c,1482,2461.5445888885406,1.288782860321472,1.7982395507672848,-1.2137184635321867,200,1482,0.7016499864755207,35.35792034038411,True,0.011875986999257293,27.283345260182845,35.37705831226327,8.093713052080428,True,728.6592294804607,0.007940517641300524,0.0,0.11209567888073362,True,,,0,,
SYNTHETIC — NOT A COMPETITION RESULT,ridge_no_align,same_well_masked,4,tr00000,1529,1317.220097945135,0.9281655212073437,2.106387846007145,0.45365757086156655,884,1529,0.14865550481988837,30.39779721851948,True,0.008352067000487295,27.968714565499923,30.40165368430377,2.432939118803848,True,656.7653867801279,0.5291038738955476,0.06278439769560538,0.04975643882252001,True,,,0,,
SYNTHETIC — NOT A COMPETITION RESULT,ridge_baseline,same_well_masked,4,tr00000,1529,840.1496524873296,0.7412668581081857,1.920940438830101,0.2792715871586153,884,1529,0.14865550481988837,30.39779721851948,True,0.006109513000410516,27.968714565499923,30.40165368430377,2.432939118803848,True,656.7653867801279,0.5291038738955476,0.06278439769560538,0.04975643882252001,True,,,0,,
SYNTHETIC — NOT A COMPETITION RESULT,ridge_spatial_only,same_well_masked,4,tr00000,1529,2129.4508058636648,1.1801305771451422,2.400374940448202,0.7608491232151585,884,1529,0.14865550481988837,30.39779721851948,True,0.012180773000181944,27.968714565499923,30.40165368430377,2.432939118803848,True,656.7653867801279,0.5291038738955476,0.06278439769560538,0.04975643882252001,True,,,0,,
SYNTHETIC — NOT A COMPETITION RESULT,ridge_align_spatial,same_well_masked,4,tr00000,1529,1485.7097643876896,0.9857419658689288,2.256453214101512,0.6330372012288662,884,1529,0.14865550481988837,30.39779721851948,True,0.012116082999455102,27.968714565499923,30.40165368430377,2.432939118803848,True,656.7653867801279,0.5291038738955476,0.06278439769560538,0.04975643882252001,True,,,0,,
SYNTHETIC — NOT A COMPETITION RESULT,ridge_no_align,same_well_masked,4,tr00020,3391,20113.36370351636,2.435445741734109,4.46518497841638,-2.003793301210943,1832,3391,0.6816809844439284,-4.934223261761336,True,0.01059143599923118,-12.487655409583937,-4.894591558736156,7.593063850847781,True,649.4331193069293,0.0,0.0,0.8242645866163132,True,,,0,,
SYNTHETIC — NOT A COMPETITION RESULT,ridge_baseline,same_well_masked,4,tr00020,3391,16688.80286778044,2.218445160211262,4.121140028901536,-1.7687601165869906,1832,3391,0.6816809844439284,-4.934223261761336,True,0.006608589999814285,-12.487655409583937,-4.894591558736156,7.593063850847781,True,649.4331193069293,0.0,0.0,0.8242645866163132,True,,,0,,
SYNTHETIC — NOT A COMPETITION RESULT,ridge_spatial_only,same_well_masked,4,tr00020,3391,14395.65779266399,2.060401523018132,4.049024864410532,-1.5919384483803285,1832,3391,0.6816809844439284,-4.934223261761336,True,0.01781425799981662,-12.487655409583937,-4.894591558736156,7.593063850847781,True,649.4331193069293,0.0,0.0,0.8242645866163132,True,,,0,,
SYNTHETIC — NOT A COMPETITION RESULT,ridge_align_spatial,same_well_masked,4,tr00020,3391,11737.08519930355,1.8604424215554733,3.7075670387569133,-1.368412436156174,1832,3391,0.6816809844439284,-4.934223261761336,True,0.018110543000148027,-12.487655409583937,-4.894591558736156,7.593063850847781,True,649.4331193069293,0.0,0.0,0.8242645866163132,True,,,0,,
SYNTHETIC — NOT A COMPETITION RESULT,ridge_no_align,same_well_masked,4,tr00010,3115,6133.474298352281,1.4032150996349166,2.3484909146106787,-0.3482210157813282,200,3115,0.5641234870121039,41.514738950976,True,0.009991304000322998,27.894243748015885,41.507377817768926,13.613134069753041,True,666.7084130346901,0.41706297582506124,0.0,0.319180205122631,True,,,0,,
SYNTHETIC — NOT A COMPETITION RESULT,ridge_baseline,same_well_masked,4,tr00010,3115,7440.148630108786,1.5454742741233638,2.9422418452180814,-0.014336716296479587,200,3115,0.5641234870121039,41.514738950976,True,0.006492817999969702,27.894243748015885,41.507377817768926,13.613134069753041,True,666.7084130346901,0.41706297582506124,0.0,0.319180205122631,True,,,0,,
SYNTHETIC — NOT A COMPETITION RESULT,ridge_spatial_only,same_well_masked,4,tr00010,3115,4970.498418235446,1.263196589542421,2.3259154940542857,-0.19583191770422664,200,3115,0.5641234870121039,41.514738950976,True,0.016559618999963277,27.894243748015885,41.507377817768926,13.613134069753041,True,666.7084130346901,0.41706297582506124,0.0,0.319180205122631,True,,,0,,
SYNTHETIC — NOT A COMPETITION RESULT,ridge_align_spatial,same_well_masked,4,tr00010,3115,6751.5003258073775,1.4722146021997395,3.0437676026182636,0.12342090956886285,200,3115,0.5641234870121039,41.514738950976,True,0.016663886000060302,27.894243748015885,41.507377817768926,13.613134069753041,True,666.7084130346901,0.41706297582506124,0.0,0.319180205122631,True,,,0,,
SYNTHETIC — NOT A COMPETITION RESULT,ridge_no_align,same_well_masked,4,tr00005,1878,685.9322762925575,0.6043559824395006,1.291225265939088,-0.2991829114065535,1455,1878,0.09038572251007485,2.355836137563359,True,0.009618445999876712,-0.0303331034625973,2.373469247689397,2.4038023511519944,True,654.7886617806525,0.8292308350561499,0.23272835342525458,0.6583310342149947,True,,,0,,
SYNTHETIC — NOT A COMPETITION RESULT,ridge_baseline,same_well_masked,4,tr00005,1878,865.8041965702472,0.6789879224350741,1.419029203748746,-0.44713590947749504,1455,1878,0.09038572251007485,2.355836137563359,True,0.007032195000647334,-0.0303331034625973,2.373469247689397,2.4038023511519944,True,654.7886617806525,0.8292308350561499,0.23272835342525458,0.6583310342149947,True,,,0,,
SYNTHETIC — NOT A COMPETITION RESULT,ridge_spatial_only,same_well_masked,4,tr00005,1878,1463.4486243584956,0.8827565453746321,1.6267587334820357,-0.7430569302106015,1455,1878,0.09038572251007485,2.355836137563359,True,0.013998207000440743,-0.0303331034625973,2.373469247689397,2.4038023511519944,True,654.7886617806525,0.8292308350561499,0.23272835342525458,0.6583310342149947,True,,,0,,
SYNTHETIC — NOT A COMPETITION RESULT,ridge_align_spatial,same_well_masked,4,tr00005,1878,2375.9474519330406,1.1247878635473956,1.9036423089657761,-1.0116201505617641,1455,1878,0.09038572251007485,2.355836137563359,True,0.013606770000478718,-0.0303331034625973,2.373469247689397,2.4038023511519944,True,654.7886617806525,0.8292308350561499,0.23272835342525458,0.6583310342149947,True,,,0,,
SYNTHETIC — NOT A COMPETITION RESULT,ridge_no_align,same_well_masked,4,tr0001f,2443,3550.680145672127,1.205574469598922,1.7406027160628028,-1.1576859785839777,3132,2443,0.048391119980044896,19.31268895371079,True,0.009952616000191483,19.260808389249604,22.12375059912957,2.8629422098799644,True,636.663668098669,0.8854997364765919,0.8556917602690749,0.7570332749726638,True,,,0,,
SYNTHETIC — NOT A COMPETITION RESULT,ridge_baseline,same_well_masked,4,tr0001f,2443,6059.457153262806,1.5749077711481791,2.281252092229625,-1.5361853053970156,3132,2443,0.048391119980044896,19.31268895371079,True,0.0063385880002897466,19.260808389249604,22.12375059912957,2.8629422098799644,True,636.663668098669,0.8854997364765919,0.8556917602690749,0.7570332749726638,True,,,0,,
SYNTHETIC — NOT A COMPETITION RESULT,ridge_spatial_only,same_well_masked,4,tr0001f,2443,2530.4939105240373,1.0177495400583605,1.6023246417559385,-0.9437121206146246,3132,2443,0.048391119980044896,19.31268895371079,True,0.0147374359994501,19.260808389249604,22.12375059912957,2.8629422098799644,True,636.663668098669,0.8854997364765919,0.8556917602690749,0.7570332749726638,True,,,0,,
SYNTHETIC — NOT A COMPETITION RESULT,ridge_align_spatial,same_well_masked,4,tr0001f,2443,4925.85912844429,1.4199702983357312,2.1655810408785676,-1.3643006016931418,3132,2443,0.048391119980044896,19.31268895371079,True,0.014767081000172766,19.260808389249604,22.12375059912957,2.8629422098799644,True,636.663668098669,0.8854997364765919,0.8556917602690749,0.7570332749726638,True,,,0,,
SYNTHETIC — NOT A COMPETITION RESULT,ridge_no_align,unseen_well,0,tr0000b,3148,20447.54679064235,2.5486091823774863,5.423166161693004,2.067988873142116,4668,3148,0.6443193449334698,-7.0099466439028735,True,0.009858060999249574,-12.020193809829918,-4.294348456202372,7.7258453536275455,True,680.9943364673279,0.5165714437042963,0.0,0.4297418588553042,True,,,0,,
SYNTHETIC — NOT A COMPETITION RESULT,ridge_baseline,unseen_well,0,tr0000b,3148,20358.56226187219,2.5430575613702193,5.3853675102035465,2.0625695474494212,4668,3148,0.6443193449334698,-7.0099466439028735,True,0.00638652199995704,-12.020193809829918,-4.294348456202372,7.7258453536275455,True,680.9943364673279,0.5165714437042963,0.0,0.4297418588553042,True,,,0,,
SYNTHETIC — NOT A COMPETITION RESULT,ridge_spatial_only,unseen_well,0,tr0000b,3148,20120.515180556344,2.528146207536749,5.391494193152516,2.0566594109902323,4668,3148,0.6443193449334698,-7.0099466439028735,True,0.016754258000219124,-12.020193809829918,-4.294348456202372,7.7258453536275455,True,680.9943364673279,0.5165714437042963,0.0,0.4297418588553042,True,,,0,,
SYNTHETIC — NOT A COMPETITION RESULT,ridge_align_spatial,unseen_well,0,tr0000b,3148,21074.56405875388,2.5873902544266483,5.459528110892161,2.1182881123790014,4668,3148,0.6443193449334698,-7.0099466439028735,True,0.0170388329997877,-12.020193809829918,-4.294348456202372,7.7258453536275455,True,680.9943364673279,0.5165714437042963,0.0,0.4297418588553042,True,,,0,,
SYNTHETIC — NOT A COMPETITION RESULT,ridge_no_align,unseen_well,0,tr00002,2369,2912.3069642097907,1.1087561557152914,2.0845367224060025,-0.9367619077239748,4599,2369,0.09156142365097589,0.1792115564498901,True,0.009117542000240064,-2.007605986521053,0.2592052984722635,2.2668112849933166,True,679.7470130513913,0.9803133647089596,0.9707094741650222,0.9313438024747892,True,,,0,,
SYNTHETIC — NOT A COMPETITION RESULT,ridge_baseline,unseen_well,0,tr00002,2369,2232.6039919704895,0.9707855831039028,1.9882268707795083,-0.7162153512563929,4599,2369,0.09156142365097589,0.1792115564498901,True,0.006351151000671962,-2.007605986521053,0.2592052984722635,2.2668112849933166,True,679.7470130513913,0.9803133647089596,0.9707094741650222,0.9313438024747892,True,,,0,,
SYNTHETIC — NOT A COMPETITION RESULT,ridge_spatial_only,unseen_well,0,tr00002,2369,2703.8173213062832,1.0683317674913084,2.0491662700088726,-0.8730061551424597,4599,2369,0.09156142365097589,0.1792115564498901,True,0.014362030000484083,-2.007605986521053,0.2592052984722635,2.2668112849933166,True,679.7470130513913,0.9803133647089596,0.9707094741650222,0.9313438024747892,True,,,0,,
SYNTHETIC — NOT A COMPETITION RESULT,ridge_align_spatial,unseen_well,0,tr00002,2369,1999.0499160899135,0.9186060236202752,1.887782680302512,-0.6432211223338042,4599,2369,0.09156142365097589,0.1792115564498901,True,0.014481438999609964,-2.007605986521053,0.2592052984722635,2.2668112849933166,True,679.7470130513913,0.9803133647089596,0.9707094741650222,0.9313438024747892,True,,,0,,
SYNTHETIC — NOT A COMPETITION RESULT,ridge_no_align,unseen_well,0,tr0000a,2614,2236.153279941189,0.9249068440738699,1.9369769516583588,-0.6794764806234916,4413,2614,0.05464636402447702,50.09729139734202,True,0.009301594000135083,50.05877258096915,53.070163582598425,3.0113910016292778,True,667.9438138892924,0.836375859215057,0.1953762842105314,0.9729095987308953,True,,,0,,
SYNTHETIC — NOT A COMPETITION RESULT,ridge_baseline,unseen_well,0,tr0000a,2614,1343.3127460088435,0.7168623575248807,1.8590249550945686,-0.3809042350915369,4413,2614,0.05464636402447702,50.09729139734202,True,0.006376260000251932,50.05877258096915,53.070163582598425,3.0113910016292778,True,667.9438138892924,0.836375859215057,0.1953762842105314,0.9729095987308953,True,,,0,,
SYNTHETIC — NOT A COMPETITION RESULT,ridge_spatial_only,unseen_well,0,tr0000a,2614,1790.1322597460485,0.8275414726536446,1.7982303351418594,-0.5487472801911569,4413,2614,0.05464636402447702,50.09729139734202,True,0.015199520999885863,50.05877258096915,53.070163582598425,3.0113910016292778,True,667.9438138892924,0.836375859215057,0.1953762842105314,0.9729095987308953,True,,,0,,
SYNTHETIC — NOT A COMPETITION RESULT,ridge_align_spatial,unseen_well,0,tr0000a,2614,1019.4432923385014,0.6244946824374837,1.7128453645378627,-0.18321761416587742,4413,2614,0.05464636402447702,50.09729139734202,True,0.01536780100013857,50.05877258096915,53.070163582598425,3.0113910016292778,True,667.9438138892924,0.836375859215057,0.1953762842105314,0.9729095987308953,True,,,0,,
SYNTHETIC — NOT A COMPETITION RESULT,ridge_no_align,unseen_well,0,tr0001e,2414,7176.653489107924,1.7242187199795895,3.201678405439935,-1.0284755251408415,4807,2414,0.0,45.84043458003134,True,0.009039710999786621,41.06222188079177,46.19085957018344,5.128637689391674,True,685.479038428317,0.9584374327137776,0.9509589590331112,0.7972144618668651,True,,,0,,
SYNTHETIC — NOT A COMPETITION RESULT,ridge_baseline,unseen_well,0,tr0001e,2414,5786.7358459503685,1.5482753381628223,2.764874009396266,-0.6268008920115132,4807,2414,0.0,45.84043458003134,True,0.006252231999496871,41.06222188079177,46.19085957018344,5.128637689391674,True,685.479038428317,0.9584374327137776,0.9509589590331112,0.7972144618668651,True,,,0,,
SYNTHETIC — NOT A COMPETITION RESULT,ridge_spatial_only,unseen_well,0,tr0001e,2414,6773.926613663019,1.6751419351088306,3.1425961609628885,-0.9542297489317731,4807,2414,0.0,45.84043458003134,True,0.014460867000707367,41.06222188079177,46.19085957018344,5.128637689391674,True,685.479038428317,0.9584374327137776,0.9509589590331112,0.7972144618668651,True,,,0,,
SYNTHETIC — NOT A COMPETITION RESULT,ridge_align_spatial,unseen_well,0,tr0001e,2414,5344.3253191437,1.4879139324568518,2.5480930929301664,-0.42787235493634895,4807,2414,0.0,45.84043458003134,True,0.014766354999665054,41.06222188079177,46.19085957018344,5.128637689391674,True,685.479038428317,0.9584374327137776,0.9509589590331112,0.7972144618668651,True,,,0,,
SYNTHETIC — NOT A COMPETITION RESULT,ridge_no_align,unseen_well,0,tr00015,1906,1276.7271840530211,0.8184414282563963,2.25094316470386,0.30687971076459986,2905,1906,0.0,5.265060296051262,True,0.008443779000117502,5.267131616309895,7.800585527231506,2.5334539109216117,True,654.8130588825057,0.9922505231925052,0.987558873724581,0.9540415879935527,True,,,0,,
SYNTHETIC — NOT A COMPETITION RESULT,ridge_baseline,unseen_well,0,tr00015,1906,1186.8953004395385,0.7891231005405198,2.104633449855915,0.13079840992573522,2905,1906,0.0,5.265060296051262,True,0.006390239000211295,5.267131616309895,7.800585527231506,2.5334539109216117,True,654.8130588825057,0.9922505231925052,0.987558873724581,0.9540415879935527,True,,,0,,
SYNTHETIC — NOT A COMPETITION RESULT,ridge_spatial_only,unseen_well,0,tr00015,1906,1302.164789436083,0.8265545592205963,2.275931188378732,0.3247068970182176,2905,1906,0.0,5.265060296051262,True,0.013013110999963828,5.267131616309895,7.800585527231506,2.5334539109216117,True,654.8130588825057,0.9922505231925052,0.987558873724581,0.9540415879935527,True,,,0,,
SYNTHETIC — NOT A COMPETITION RESULT,ridge_align_spatial,unseen_well,0,tr00015,1906,1360.8607534086232,0.8449779899306687,2.3013074025638725,0.3197012597508312,2905,1906,0.0,5.265060296051262,True,0.013074137000330666,5.267131616309895,7.800585527231506,2.5334539109216117,True,654.8130588825057,0.9922505231925052,0.987558873724581,0.9540415879935527,True,,,0,,
SYNTHETIC — NOT A COMPETITION RESULT,ridge_no_align,unseen_well,0,tr00019,1787,827.0087302278835,0.6802879382429129,1.5970325624014712,-0.10338020108374534,3456,1787,0.25538813656303644,-0.2598861759811397,True,0.00881861099969683,-7.514181832771603,0.0233405297606958,7.5375223625322985,True,685.8955468451785,0.9154394896657905,0.8126539347281716,0.6058181876296713,True,,,0,,
SYNTHETIC — NOT A COMPETITION RESULT,ridge_baseline,unseen_well,0,tr00019,1787,1312.2723895894867,0.8569386271060848,1.8797462551566333,-0.03871521931678648,3456,1787,0.25538813656303644,-0.2598861759811397,True,0.006199893999109918,-7.514181832771603,0.0233405297606958,7.5375223625322985,True,685.8955468451785,0.9154394896657905,0.8126539347281716,0.6058181876296713,True,,,0,,
SYNTHETIC — NOT A COMPETITION RESULT,ridge_spatial_only,unseen_well,0,tr00019,1787,931.79800247396,0.7221021054815476,1.5242685230657673,-0.20363392771665903,3456,1787,0.25538813656303644,-0.2598861759811397,True,0.01293463799993333,-7.514181832771603,0.0233405297606958,7.5375223625322985,True,685.8955468451785,0.9154394896657905,0.8126539347281716,0.6058181876296713,True,,,0,,
SYNTHETIC — NOT A COMPETITION RESULT,ridge_align_spatial,unseen_well,0,tr00019,1787,1582.3888798250307,0.9410102085253814,1.8807976338462797,-0.3070421288566688,3456,1787,0.25538813656303644,-0.2598861759811397,True,0.013095897999846784,-7.514181832771603,0.0233405297606958,7.5375223625322985,True,685.8955468451785,0.9154394896657905,0.8126539347281716,0.6058181876296713,True,,,0,,
SYNTHETIC — NOT A COMPETITION RESULT,ridge_no_align,unseen_well,0,tr0000d,3627,7182.596072243294,1.407236023709225,2.3611359246039303,-1.2188193401575755,4757,3627,0.016579198473282444,4.76660966685024,True,0.010464242000125523,-3.201870035498535,4.806900628210684,8.00877066370922,True,650.3045235699203,0.9861676351996731,0.9798587989641047,0.9773743201145247,True,,,0,,
SYNTHETIC — NOT A COMPETITION RESULT,ridge_baseline,unseen_well,0,tr0000d,3627,6246.822813352008,1.3123685553518776,2.3257666859573725,-1.0282067226872207,4757,3627,0.016579198473282444,4.76660966685024,True,0.006514460999824223,-3.201870035498535,4.806900628210684,8.00877066370922,True,650.3045235699203,0.9861676351996731,0.9798587989641047,0.9773743201145247,True,,,0,,
SYNTHETIC — NOT A COMPETITION RESULT,ridge_spatial_only,unseen_well,0,tr0000d,3627,7650.387029669424,1.452338751590421,2.4279748558293583,-1.2481316311304789,4757,3627,0.016579198473282444,4.76660966685024,True,0.01860014100020635,-3.201870035498535,4.806900628210684,8.00877066370922,True,650.3045235699203,0.9861676351996731,0.9798587989641047,0.9773743201145247,True,,,0,,
SYNTHETIC — NOT A COMPETITION RESULT,ridge_align_spatial,unseen_well,0,tr0000d,3627,6199.013305266838,1.307336860890519,2.537773847981681,-0.929695272344082,4757,3627,0.016579198473282444,4.76660966685024,True,0.018465643000126875,-3.201870035498535,4.806900628210684,8.00877066370922,True,650.3045235699203,0.9861676351996731,0.9798587989641047,0.9773743201145247,True,,,0,,
SYNTHETIC — NOT A COMPETITION RESULT,ridge_no_align,unseen_well,0,tr0000e,3160,14508.135210596733,2.1427043726725,4.440179789565344,-1.4674154090793412,5289,3160,0.11563498638892176,5.108045207613898,True,0.010198259000389953,5.063984168418717,12.27026699952927,7.206282831110553,True,675.6076225226423,0.9818568910260626,0.9737716832905421,0.9915010301595288,True,,,0,,
SYNTHETIC — NOT A COMPETITION RESULT,ridge_baseline,unseen_well,0,tr0000e,3160,16911.73404474782,2.3133989217432274,4.729249434021447,-1.6265032157314094,5289,3160,0.11563498638892176,5.108045207613898,True,0.007021442000223033,5.063984168418717,12.27026699952927,7.206282831110553,True,675.6076225226423,0.9818568910260626,0.9737716832905421,0.9915010301595288,True,,,0,,
SYNTHETIC — NOT A COMPETITION RESULT,ridge_spatial_only,unseen_well,0,tr0000e,3160,14033.057893663716,2.1073303266431163,4.406307392798313,-1.4151231571071672,5289,3160,0.11563498638892176,5.108045207613898,True,0.016878977000487794,5.063984168418717,12.27026699952927,7.206282831110553,True,675.6076225226423,0.9818568910260626,0.9737716832905421,0.9915010301595288,True,,,0,,
SYNTHETIC — NOT A COMPETITION RESULT,ridge_align_spatial,unseen_well,0,tr0000e,3160,17337.931618534956,2.3423678662958483,4.90023672185781,-1.5548519069892826,5289,3160,0.11563498638892176,5.108045207613898,True,0.01670305700008612,5.063984168418717,12.27026699952927,7.206282831110553,True,675.6076225226423,0.9818568910260626,0.9737716832905421,0.9915010301595288,True,,,0,,
SYNTHETIC — NOT A COMPETITION RESULT,ridge_no_align,unseen_well,1,tr0001b,1410,2415.8308192332524,1.308951943711292,2.3409727179307094,1.2292312541004642,3435,1410,0.0,2.772832378476471,True,0.00884772300014447,2.74029132889296,4.62064653120451,1.8803552023115504,True,647.3862927637927,0.9930766745545454,0.9915097218139587,0.967098807243443,True,,,0,,
SYNTHETIC — NOT A COMPETITION RESULT,ridge_baseline,unseen_well,1,tr0001b,1410,2425.420633092881,1.3115473599420029,2.278057589342821,1.2296027924983428,3435,1410,0.0,2.772832378476471,True,0.006021551000230829,2.74029132889296,4.62064653120451,1.8803552023115504,True,647.3862927637927,0.9930766745545454,0.9915097218139587,0.967098807243443,True,,,0,,
SYNTHETIC — NOT A COMPETITION RESULT,ridge_spatial_only,unseen_well,1,tr0001b,1410,1851.2888893858255,1.1458493982788691,1.8853698422240743,1.0796587128049844,3435,1410,0.0,2.772832378476471,True,0.011853302000417898,2.74029132889296,4.62064653120451,1.8803552023115504,True,647.3862927637927,0.9930766745545454,0.9915097218139587,0.967098807243443,True,,,0,,
SYNTHETIC — NOT A COMPETITION RESULT,ridge_align_spatial,unseen_well,1,tr0001b,1410,2018.6628405541715,1.1965265452311014,1.855839725287927,1.1446209482032608,3435,1410,0.0,2.772832378476471,True,0.011829366999336344,2.74029132889296,4.62064653120451,1.8803552023115504,True,647.3862927637927,0.9930766745545454,0.9915097218139587,0.967098807243443,True,,,0,,
SYNTHETIC — NOT A COMPETITION RESULT,ridge_no_align,unseen_well,1,tr00003,3634,6259.083739688762,1.3123900210429733,4.011596954093562,0.4190286179993544,3407,3634,0.14770629171992614,13.511897017012004,True,0.009284089999709977,-3.0747245178521467,18.199574966876675,21.27429948472882,True,707.149834689512,0.7575636585512885,0.3964384684995508,0.9842602747263067,True,,,0,,
SYNTHETIC — NOT A COMPETITION RESULT,ridge_baseline,unseen_well,1,tr00003,3634,7286.0436590199915,1.4159679493662132,3.926464483963388,0.47614877025132407,3407,3634,0.14770629171992614,13.511897017012004,True,0.006393788999957906,-3.0747245178521467,18.199574966876675,21.27429948472882,True,707.149834689512,0.7575636585512885,0.3964384684995508,0.9842602747263067,True,,,0,,
SYNTHETIC — NOT A COMPETITION RESULT,ridge_spatial_only,unseen_well,1,tr00003,3634,7626.691001616235,1.4486905063413376,3.6460604821287377,0.460390133653156,3407,3634,0.14770629171992614,13.511897017012004,True,0.018035214000519773,-3.0747245178521467,18.199574966876675,21.27429948472882,True,707.149834689512,0.7575636585512885,0.3964384684995508,0.9842602747263067,True,,,0,,
SYNTHETIC — NOT A COMPETITION RESULT,ridge_align_spatial,unseen_well,1,tr00003,3634,9634.582107486454,1.6282608455823628,3.8657963549733343,0.5620201489118781,3407,3634,0.14770629171992614,13.511897017012004,True,0.018329375000575965,-3.0747245178521467,18.199574966876675,21.27429948472882,True,707.149834689512,0.7575636585512885,0.3964384684995508,0.9842602747263067,True,,,0,,
SYNTHETIC — NOT A COMPETITION RESULT,ridge_no_align,unseen_well,1,tr00016,3198,13125.654025170623,2.025915124190136,2.5981739420375867,-2.0051347994278927,2815,3198,0.09346416098453351,29.724959994860374,True,0.009085307000532339,24.4804771080045,29.74815375077303,5.2676766427685315,True,709.8402959239261,0.9163324933381196,0.8764363242956907,0.9138033391432706,True,,,0,,
SYNTHETIC — NOT A COMPETITION RESULT,ridge_baseline,unseen_well,1,tr00016,3198,9335.65106683298,1.708571177344637,2.1533763851741448,-1.6899311246895024,2815,3198,0.09346416098453351,29.724959994860374,True,0.006365817000187235,24.4804771080045,29.74815375077303,5.2676766427685315,True,709.8402959239261,0.9163324933381196,0.8764363242956907,0.9138033391432706,True,,,0,,
SYNTHETIC — NOT A COMPETITION RESULT,ridge_spatial_only,unseen_well,1,tr00016,3198,3673.0610485312054,1.0717039801429127,1.589689122939415,-1.0407034084210154,2815,3198,0.09346416098453351,29.724959994860374,True,0.0167436080000698,24.4804771080045,29.74815375077303,5.2676766427685315,True,709.8402959239261,0.9163324933381196,0.8764363242956907,0.9138033391432706,True,,,0,,
SYNTHETIC — NOT A COMPETITION RESULT,ridge_align_spatial,unseen_well,1,tr00016,3198,1181.2411449973754,0.6077571169944995,1.124784692664658,-0.5679837162282809,2815,3198,0.09346416098453351,29.724959994860374,True,0.016770901000199956,24.4804771080045,29.74815375077303,5.2676766427685315,True,709.8402959239261,0.9163324933381196,0.8764363242956907,0.9138033391432706,True,,,0,,
SYNTHETIC — NOT A COMPETITION RESULT,ridge_no_align,unseen_well,1,tr00025,3035,14881.962697029954,2.2143729014401807,5.028154417558547,1.1929517324544021,5894,3035,0.5019599059245157,11.532327200649895,True,0.009709312000268255,11.546443255925595,25.309921446625,13.763478190699406,True,669.2128212339177,0.04435753821588446,0.0,0.992901603714325,True,,,0,,
SYNTHETIC — NOT A COMPETITION RESULT,ridge_baseline,unseen_well,1,tr00025,3035,14011.90388329069,2.1486675602440313,4.780200919205804,0.8715371899834455,5894,3035,0.5019599059245157,11.532327200649895,True,0.006361142000059772,11.546443255925595,25.309921446625,13.763478190699406,True,669.2128212339177,0.04435753821588446,0.0,0.992901603714325,True,,,0,,
SYNTHETIC — NOT A COMPETITION RESULT,ridge_spatial_only,unseen_well,1,tr00025,3035,10639.327580752428,1.872309938995525,4.0354121632659545,-0.08291027640312329,5894,3035,0.5019599059245157,11.532327200649895,True,0.016417681999882916,11.546443255925595,25.309921446625,13.763478190699406,True,669.2128212339177,0.04435753821588446,0.0,0.992901603714325,True,,,0,,
SYNTHETIC — NOT A COMPETITION RESULT,ridge_align_spatial,unseen_well,1,tr00025,3035,11667.214826478736,1.9606688522283486,4.426872786558093,-0.6313434927370506,5894,3035,0.5019599059245157,11.532327200649895,True,0.016643923000629002,11.546443255925595,25.309921446625,13.763478190699406,True,669.2128212339177,0.04435753821588446,0.0,0.992901603714325,True,,,0,,
SYNTHETIC — NOT A COMPETITION RESULT,ridge_no_align,unseen_well,1,tr00023,2003,15069.615690142007,2.7429040379184175,5.028816713035766,2.3904088401694388,5494,2003,0.5946378551420568,5.496609254114336,True,0.010225360000731598,0.125444042012651,5.485504691700671,5.36006064968802,True,692.7766036359541,0.5762904737847431,0.3282020996154725,0.9235886443123665,True,,,0,,
SYNTHETIC — NOT A COMPETITION RESULT,ridge_baseline,unseen_well,1,tr00023,2003,12742.235099577687,2.5222163243878053,4.716618956593549,2.135776473340485,5494,2003,0.5946378551420568,5.496609254114336,True,0.006189425999764353,0.125444042012651,5.485504691700671,5.36006064968802,True,692.7766036359541,0.5762904737847431,0.3282020996154725,0.9235886443123665,True,,,0,,
SYNTHETIC — NOT A COMPETITION RESULT,ridge_spatial_only,unseen_well,1,tr00023,2003,9399.136920315404,2.166224749572217,4.367233090796234,1.6480601358540263,5494,2003,0.5946378551420568,5.496609254114336,True,0.01360698799999227,0.125444042012651,5.485504691700671,5.36006064968802,True,692.7766036359541,0.5762904737847431,0.3282020996154725,0.9235886443123665,True,,,0,,
SYNTHETIC — NOT A COMPETITION RESULT,ridge_align_spatial,unseen_well,1,tr00023,2003,8795.852100317881,2.09555220445508,4.415664126134178,1.3065452543791083,5494,2003,0.5946378551420568,5.496609254114336,True,0.013447962000100233,0.125444042012651,5.485504691700671,5.36006064968802,True,692.7766036359541,0.5762904737847431,0.3282020996154725,0.9235886443123665,True,,,0,,
SYNTHETIC — NOT A COMPETITION RESULT,ridge_no_align,unseen_well,1,tr00013,1983,12332.17591656639,2.4937820724745894,4.674953966878258,2.2405259080557007,5172,1983,0.0,10.427833565277584,True,0.00907998000002408,10.434863947551436,14.529319033606743,4.094455086055307,True,639.7744639473121,0.881756510592361,0.8276283620319791,0.9861568548586078,True,,,0,,
SYNTHETIC — NOT A COMPETITION RESULT,ridge_baseline,unseen_well,1,tr00013,1983,9952.930281612113,2.2403409844220468,4.371227918291309,1.9366903939993987,5172,1983,0.0,10.427833565277584,True,0.00613039400013804,10.434863947551436,14.529319033606743,4.094455086055307,True,639.7744639473121,0.881756510592361,0.8276283620319791,0.9861568548586078,True,,,0,,
SYNTHETIC — NOT A COMPETITION RESULT,ridge_spatial_only,unseen_well,1,tr00013,1983,4720.340237873244,1.5428556475263673,3.4868271510474536,0.999873495920011,5172,1983,0.0,10.427833565277584,True,0.01320187100009207,10.434863947551436,14.529319033606743,4.094455086055307,True,639.7744639473121,0.881756510592361,0.8276283620319791,0.9861568548586078,True,,,0,,
SYNTHETIC — NOT A COMPETITION RESULT,ridge_align_spatial,unseen_well,1,tr00013,1983,2764.3310515009302,1.1806839756166028,2.305879393448871,0.07441900817260368,5172,1983,0.0,10.427833565277584,True,0.013165252999897348,10.434863947551436,14.529319033606743,4.094455086055307,True,639.7744639473121,0.881756510592361,0.8276283620319791,0.9861568548586078,True,,,0,,
SYNTHETIC — NOT A COMPETITION RESULT,ridge_no_align,unseen_well,1,tr0000c,2969,5955.338087490481,1.416276705353443,3.5016024083997195,0.6972533617529206,3675,2969,0.636062612883805,26.786250207138348,True,0.009305984999627981,25.504499747992124,37.142275686279945,11.63777593828782,True,664.4163962149403,0.1431194001921877,0.0,0.07720549832026327,True,,,0,,
SYNTHETIC — NOT A COMPETITION RESULT,ridge_baseline,unseen_well,1,tr0000c,2969,4410.997395692231,1.2188865980058712,3.140183930502836,0.43491602202282426,3675,2969,0.636062612883805,26.786250207138348,True,0.006307626000307209,25.504499747992124,37.142275686279945,11.63777593828782,True,664.4163962149403,0.1431194001921877,0.0,0.07720549832026327,True,,,0,,
SYNTHETIC — NOT A COMPETITION RESULT,ridge_spatial_only,unseen_well,1,tr0000c,2969,5181.349998043587,1.3210412111119938,3.2736136379350427,0.4990034244974451,3675,2969,0.636062612883805,26.786250207138348,True,0.016236821000347845,25.504499747992124,37.142275686279945,11.63777593828782,True,664.4163962149403,0.1431194001921877,0.0,0.07720549832026327,True,,,0,,
SYNTHETIC — NOT A COMPETITION RESULT,ridge_align_spatial,unseen_well,1,tr0000c,2969,5306.107650568423,1.3368507670066818,3.2200664438060613,0.45082282588265465,3675,2969,0.636062612883805,26.786250207138348,True,0.016322827999829315,25.504499747992124,37.142275686279945,11.63777593828782,True,664.4163962149403,0.1431194001921877,0.0,0.07720549832026327,True,,,0,,
SYNTHETIC — NOT A COMPETITION RESULT,ridge_no_align,unseen_well,1,tr0001d,1291,19466.51929911379,3.8831219621359376,4.743567774636901,-3.783528401093444,2753,1291,0.8026706231454006,-0.309473441952953,True,0.008287298000141163,-0.5138772738068282,8.062440212879235,8.576317486686063,True,686.9752412085771,0.4701482458218856,0.0,0.1923002376512187,True,,,0,,
SYNTHETIC — NOT A COMPETITION RESULT,ridge_baseline,unseen_well,1,tr0001d,1291,17996.61129435506,3.733638336011203,4.660723865931762,-3.6393597569087297,2753,1291,0.8026706231454006,-0.309473441952953,True,0.006013369999891438,-0.5138772738068282,8.062440212879235,8.576317486686063,True,686.9752412085771,0.4701482458218856,0.0,0.1923002376512187,True,,,0,,
SYNTHETIC — NOT A COMPETITION RESULT,ridge_spatial_only,unseen_well,1,tr0001d,1291,13185.873046151133,3.1958863283633265,6.306661696185234,-2.7942865255912843,2753,1291,0.8026706231454006,-0.309473441952953,True,0.011206065999431303,-0.5138772738068282,8.062440212879235,8.576317486686063,True,686.9752412085771,0.4701482458218856,0.0,0.1923002376512187,True,,,0,,
SYNTHETIC — NOT A COMPETITION RESULT,ridge_align_spatial,unseen_well,1,tr0001d,1291,11854.270169529891,3.0302209005392626,5.290398397740056,-2.7232290998005015,2753,1291,0.8026706231454006,-0.309473441952953,True,0.01135403700027382,-0.5138772738068282,8.062440212879235,8.576317486686063,True,686.9752412085771,0.4701482458218856,0.0,0.1923002376512187,True,,,0,,
SYNTHETIC — NOT A COMPETITION RESULT,ridge_no_align,unseen_well,2,tr00004,2203,8446.698715734907,1.9581062483355505,3.491383989494935,1.7245316699775763,5965,2203,0.027056807051909892,14.24319055373202,True,0.009901336000439187,11.250522144801309,14.238647421900342,2.9881252770990336,True,650.0898355615599,0.47679626354509974,0.04828024932000037,0.6790850970704673,True,,,0,,
SYNTHETIC — NOT A COMPETITION RESULT,ridge_baseline,unseen_well,2,tr00004,2203,8107.400622911358,1.9183752751437761,3.4392721593040143,1.6271312853331656,5965,2203,0.027056807051909892,14.24319055373202,True,0.006205323000358476,11.250522144801309,14.238647421900342,2.9881252770990336,True,650.0898355615599,0.47679626354509974,0.04828024932000037,0.6790850970704673,True,,,0,,
SYNTHETIC — NOT A COMPETITION RESULT,ridge_spatial_only,unseen_well,2,tr00004,2203,6471.615983724235,1.713953838145531,3.3577213233386,1.3800509342905782,5965,2203,0.027056807051909892,14.24319055373202,True,0.013932221999311878,11.250522144801309,14.238647421900342,2.9881252770990336,True,650.0898355615599,0.47679626354509974,0.04828024932000037,0.6790850970704673,True,,,0,,
SYNTHETIC — NOT A COMPETITION RESULT,ridge_align_spatial,unseen_well,2,tr00004,2203,7827.3396276939075,1.8849500256091642,3.512177959037876,1.5582891532432779,5965,2203,0.027056807051909892,14.24319055373202,True,0.014194121999935305,11.250522144801309,14.238647421900342,2.9881252770990336,True,650.0898355615599,0.47679626354509974,0.04828024932000037,0.6790850970704673,True,,,0,,
SYNTHETIC — NOT A COMPETITION RESULT,ridge_no_align,unseen_well,2,tr00022,1811,72.1394950718661,0.19958473602356985,0.690417872877795,0.08717945609706977,2549,1811,0.0,35.66058284361087,True,0.0085865040000499,35.63245545644848,37.15096613632409,1.5185106798756038,True,649.1646468624072,0.6982388221497516,0.6489379955208899,0.13223786963655954,True,,,0,,
SYNTHETIC — NOT A COMPETITION RESULT,ridge_baseline,unseen_well,2,tr00022,1811,92.40488308948096,0.22588543869248645,0.7686336840812729,-0.14360836693575052,2549,1811,0.0,35.66058284361087,True,0.006111560000135796,35.63245545644848,37.15096613632409,1.5185106798756038,True,649.1646468624072,0.6982388221497516,0.6489379955208899,0.13223786963655954,True,,,0,,
SYNTHETIC — NOT A COMPETITION RESULT,ridge_spatial_only,unseen_well,2,tr00022,1811,157.5746439880042,0.29497413899692354,1.0218754093299154,-0.21436089086713622,2549,1811,0.0,35.66058284361087,True,0.012732399000014993,35.63245545644848,37.15096613632409,1.5185106798756038,True,649.1646468624072,0.6982388221497516,0.6489379955208899,0.13223786963655954,True,,,0,,
SYNTHETIC — NOT A COMPETITION RESULT,ridge_align_spatial,unseen_well,2,tr00022,1811,187.14290950700632,0.32146038715816194,0.935232572383704,-0.26527240243037603,2549,1811,0.0,35.66058284361087,True,0.01311180599986983,35.63245545644848,37.15096613632409,1.5185106798756038,True,649.1646468624072,0.6982388221497516,0.6489379955208899,0.13223786963655954,True,,,0,,
SYNTHETIC — NOT A COMPETITION RESULT,ridge_no_align,unseen_well,2,tr00014,1513,1368.0187853898592,0.9508818689743346,1.9104319779110543,-0.8283214445358289,3154,1513,0.5943861152774802,-5.538812518604047,True,0.008399925000048825,-9.423265711150345,-5.530134768649472,3.893130942500872,True,692.521181470237,0.207640109018552,0.0,0.5156251885219496,True,,,0,,
SYNTHETIC — NOT A COMPETITION RESULT,ridge_baseline,unseen_well,2,tr00014,1513,485.0546283817875,0.5662078190646833,1.537905509248688,-0.34411021350627896,3154,1513,0.5943861152774802,-5.538812518604047,True,0.006038256000465481,-9.423265711150345,-5.530134768649472,3.893130942500872,True,692.521181470237,0.207640109018552,0.0,0.5156251885219496,True,,,0,,
SYNTHETIC — NOT A COMPETITION RESULT,ridge_spatial_only,unseen_well,2,tr00014,1513,533.9783354651171,0.5940764744918711,1.5225472659021282,-0.3145260047825534,3154,1513,0.5943861152774802,-5.538812518604047,True,0.012549850000141305,-9.423265711150345,-5.530134768649472,3.893130942500872,True,692.521181470237,0.207640109018552,0.0,0.5156251885219496,True,,,0,,
SYNTHETIC — NOT A COMPETITION RESULT,ridge_align_spatial,unseen_well,2,tr00014,1513,368.20150814005876,0.4933138600668718,1.1294775625044302,0.04854170570785304,3154,1513,0.5943861152774802,-5.538812518604047,True,0.012006861999907414,-9.423265711150345,-5.530134768649472,3.893130942500872,True,692.521181470237,0.207640109018552,0.0,0.5156251885219496,True,,,0,,
SYNTHETIC — NOT A COMPETITION RESULT,ridge_no_align,unseen_well,2,tr00026,2527,14504.095715554813,2.3957566791129623,4.050546004255284,1.4703118930629018,2392,2527,0.7741410855865013,-0.49397552184349,True,0.008955498999966949,-0.4997489943041486,9.646890780204274,10.146639774508422,True,673.9271585887363,0.32568366826520634,0.0,0.24207637129609957,True,,,0,,
SYNTHETIC — NOT A COMPETITION RESULT,ridge_baseline,unseen_well,2,tr00026,2527,12731.387258968269,2.244580798194481,3.804982968947962,1.3148954014733398,2392,2527,0.7741410855865013,-0.49397552184349,True,0.006344778999846312,-0.4997489943041486,9.646890780204274,10.146639774508422,True,673.9271585887363,0.32568366826520634,0.0,0.24207637129609957,True,,,0,,
SYNTHETIC — NOT A COMPETITION RESULT,ridge_spatial_only,unseen_well,2,tr00026,2527,13305.828905920025,2.2946600064669704,3.8253736231499014,1.238805019323051,2392,2527,0.7741410855865013,-0.49397552184349,True,0.01607833700018091,-0.4997489943041486,9.646890780204274,10.146639774508422,True,673.9271585887363,0.32568366826520634,0.0,0.24207637129609957,True,,,0,,
SYNTHETIC — NOT A COMPETITION RESULT,ridge_align_spatial,unseen_well,2,tr00026,2527,11607.762778821341,2.1432441208651447,3.5750862868348037,1.103702575172792,2392,2527,0.7741410855865013,-0.49397552184349,True,0.0155254920000516,-0.4997489943041486,9.646890780204274,10.146639774508422,True,673.9271585887363,0.32568366826520634,0.0,0.24207637129609957,True,,,0,,
SYNTHETIC — NOT A COMPETITION RESULT,ridge_no_align,unseen_well,2,tr00009,1473,364.00335973982055,0.4971086528337779,1.1001772655170683,0.2879842274950113,3613,1473,0.10892646480534801,9.332989363916218,True,0.008510875999490963,5.295464987227198,9.534827659105217,4.239362671878019,True,703.6970661658241,0.9601262114053845,0.859906104535913,0.5620506601432141,True,,,0,,
SYNTHETIC — NOT A COMPETITION RESULT,ridge_baseline,unseen_well,2,tr00009,1473,261.7835301762072,0.4215700861378542,1.023496923180355,0.1290427139426478,3613,1473,0.10892646480534801,9.332989363916218,True,0.005896679000215954,5.295464987227198,9.534827659105217,4.239362671878019,True,703.6970661658241,0.9601262114053845,0.859906104535913,0.5620506601432141,True,,,0,,
SYNTHETIC — NOT A COMPETITION RESULT,ridge_spatial_only,unseen_well,2,tr00009,1473,1364.3630084327242,0.9624176844506388,1.8118836846840232,0.8685086271932417,3613,1473,0.10892646480534801,9.332989363916218,True,0.011743844000193349,5.295464987227198,9.534827659105217,4.239362671878019,True,703.6970661658241,0.9601262114053845,0.859906104535913,0.5620506601432141,True,,,0,,
SYNTHETIC — NOT A COMPETITION RESULT,ridge_align_spatial,unseen_well,2,tr00009,1473,714.6722380913158,0.6965496567841623,1.6036960445294248,0.5648138535963043,3613,1473,0.10892646480534801,9.332989363916218,True,0.011844841000311135,5.295464987227198,9.534827659105217,4.239362671878019,True,703.6970661658241,0.9601262114053845,0.859906104535913,0.5620506601432141,True,,,0,,
SYNTHETIC — NOT A COMPETITION RESULT,ridge_no_align,unseen_well,2,tr00024,1942,8589.333614323312,2.103076753292322,4.301036562970815,-0.05124866708445542,2089,1942,0.0,33.26375732494788,True,0.00827311600005487,22.203243310164492,33.26713752374828,11.06389421358379,True,720.0411075645493,0.31023510510962676,0.10773995417259574,0.6354443942147199,True,,,0,,
SYNTHETIC — NOT A COMPETITION RESULT,ridge_baseline,unseen_well,2,tr00024,1942,9014.10692231432,2.1544515889148004,4.700911827645648,-0.7757708935687424,2089,1942,0.0,33.26375732494788,True,0.005987395999909495,22.203243310164492,33.26713752374828,11.06389421358379,True,720.0411075645493,0.31023510510962676,0.10773995417259574,0.6354443942147199,True,,,0,,
SYNTHETIC — NOT A COMPETITION RESULT,ridge_spatial_only,unseen_well,2,tr00024,1942,7832.9666333716705,2.008345953075732,4.119817314503159,0.027645804171606964,2089,1942,0.0,33.26375732494788,True,0.013032156999543076,22.203243310164492,33.26713752374828,11.06389421358379,True,720.0411075645493,0.31023510510962676,0.10773995417259574,0.6354443942147199,True,,,0,,
SYNTHETIC — NOT A COMPETITION RESULT,ridge_align_spatial,unseen_well,2,tr00024,1942,8315.581089309067,2.0692915708535353,4.580921073552641,-0.709125445612494,2089,1942,0.0,33.26375732494788,True,0.013244481999208801,22.203243310164492,33.26713752374828,11.06389421358379,True,720.0411075645493,0.31023510510962676,0.10773995417259574,0.6354443942147199,True,,,0,,
SYNTHETIC — NOT A COMPETITION RESULT,ridge_no_align,unseen_well,2,tr00007,2683,547.4237466056004,0.45170144512662574,1.159188751872535,-0.43260431948065625,4774,2683,0.0,2.360969196084889,True,0.009434915000383626,-2.118761766472668,2.360280326227521,4.479042092700189,True,691.1738122440744,0.9827048068849862,0.9739551197412994,0.9874295132324109,True,,,0,,
SYNTHETIC — NOT A COMPETITION RESULT,ridge_baseline,unseen_well,2,tr00007,2683,1061.800977452103,0.6290877437092277,1.29360122304695,-0.6102830288898593,4774,2683,0.0,2.360969196084889,True,0.00641401200027758,-2.118761766472668,2.360280326227521,4.479042092700189,True,691.1738122440744,0.9827048068849862,0.9739551197412994,0.9874295132324109,True,,,0,,
SYNTHETIC — NOT A COMPETITION RESULT,ridge_spatial_only,unseen_well,2,tr00007,2683,317.3848333963878,0.34394004875295675,1.0154071316121376,-0.2809391631400732,4774,2683,0.0,2.360969196084889,True,0.015599739999743178,-2.118761766472668,2.360280326227521,4.479042092700189,True,691.1738122440744,0.9827048068849862,0.9739551197412994,0.9874295132324109,True,,,0,,
SYNTHETIC — NOT A COMPETITION RESULT,ridge_align_spatial,unseen_well,2,tr00007,2683,1010.0006296154301,0.6135507423684194,1.3258202557158785,-0.5751914699945635,4774,2683,0.0,2.360969196084889,True,0.015848727000047802,-2.118761766472668,2.360280326227521,4.479042092700189,True,691.1738122440744,0.9827048068849862,0.9739551197412994,0.9874295132324109,True,,,0,,
SYNTHETIC — NOT A COMPETITION RESULT,ridge_no_align,unseen_well,2,tr00021,2336,1464.0015726183738,0.7916520712895556,1.9460431809298289,0.43511407739221813,5107,2336,0.10842402257154374,-12.299462055845511,True,0.00956113899974298,-21.40921039403893,-12.310591540291885,9.098618853747045,True,688.9160240634981,0.5646752470088185,0.22982051888337068,0.4532401394801712,True,,,0,,
SYNTHETIC — NOT A COMPETITION RESULT,ridge_baseline,unseen_well,2,tr00021,2336,1539.1832121064197,0.8117246595926243,2.1220159743844764,0.3963769576402865,5107,2336,0.10842402257154374,-12.299462055845511,True,0.006288927999776206,-21.40921039403893,-12.310591540291885,9.098618853747045,True,688.9160240634981,0.5646752470088185,0.22982051888337068,0.4532401394801712,True,,,0,,
SYNTHETIC — NOT A COMPETITION RESULT,ridge_spatial_only,unseen_well,2,tr00021,2336,1754.476902731948,0.8666373624246304,2.157479723796836,0.4552094605869204,5107,2336,0.10842402257154374,-12.299462055845511,True,0.014536186999976053,-21.40921039403893,-12.310591540291885,9.098618853747045,True,688.9160240634981,0.5646752470088185,0.22982051888337068,0.4532401394801712,True,,,0,,
SYNTHETIC — NOT A COMPETITION RESULT,ridge_align_spatial,unseen_well,2,tr00021,2336,1680.850893400981,0.8482584125747558,2.147818543779872,0.24625023311076147,5107,2336,0.10842402257154374,-12.299462055845511,True,0.014603642000110995,-21.40921039403893,-12.310591540291885,9.098618853747045,True,688.9160240634981,0.5646752470088185,0.22982051888337068,0.4532401394801712,True,,,0,,
SYNTHETIC — NOT A COMPETITION RESULT,ridge_no_align,unseen_well,3,tr00018,2393,2063.7784713368296,0.9286673769925333,1.931756635035633,0.3768882936765213,5394,2393,0.6187235135482214,38.46793544540551,True,0.009523499999886553,35.016876344041414,38.46499188786888,3.4481155438274627,True,658.8206623949737,0.08609374649420393,0.0,0.81661229042017,True,,,0,,
SYNTHETIC — NOT A COMPETITION RESULT,ridge_baseline,unseen_well,3,tr00018,2393,2971.5788576349555,1.1143517015958393,2.596412795263717,0.5312930849852331,5394,2393,0.6187235135482214,38.46793544540551,True,0.006282313000156137,35.016876344041414,38.46499188786888,3.4481155438274627,True,658.8206623949737,0.08609374649420393,0.0,0.81661229042017,True,,,0,,
SYNTHETIC — NOT A COMPETITION RESULT,ridge_spatial_only,unseen_well,3,tr00018,2393,1805.0690118488296,0.8685114653356546,2.4012150991259276,-0.08942464058090246,5394,2393,0.6187235135482214,38.46793544540551,True,0.014374557999872195,35.016876344041414,38.46499188786888,3.4481155438274627,True,658.8206623949737,0.08609374649420393,0.0,0.81661229042017,True,,,0,,
SYNTHETIC — NOT A COMPETITION RESULT,ridge_align_spatial,unseen_well,3,tr00018,2393,2212.880866443982,0.9616292559647301,2.5203767071408905,0.02519222880840399,5394,2393,0.6187235135482214,38.46793544540551,True,0.014344309000080102,35.016876344041414,38.46499188786888,3.4481155438274627,True,658.8206623949737,0.08609374649420393,0.0,0.81661229042017,True,,,0,,
SYNTHETIC — NOT A COMPETITION RESULT,ridge_no_align,unseen_well,3,tr00012,2878,3137.637124117815,1.0441333382839513,1.9681244983356478,0.32642127902781815,5379,2878,0.010415405110815066,21.65999085846928,True,0.009500662000391458,17.445358208808237,21.674794693591476,4.229436484783239,True,661.3820744167376,0.9593371969322843,0.9362150649718208,0.9344045099238968,True,,,0,,
SYNTHETIC — NOT A COMPETITION RESULT,ridge_baseline,unseen_well,3,tr00012,2878,4248.612863821669,1.2150053354581143,2.55435988600205,0.2327572864101593,5379,2878,0.010415405110815066,21.65999085846928,True,0.00632970800052135,17.445358208808237,21.674794693591476,4.229436484783239,True,661.3820744167376,0.9593371969322843,0.9362150649718208,0.9344045099238968,True,,,0,,
SYNTHETIC — NOT A COMPETITION RESULT,ridge_spatial_only,unseen_well,3,tr00012,2878,6282.181450495365,1.4774399673141216,3.350576815659462,-0.9626407800495678,5379,2878,0.010415405110815066,21.65999085846928,True,0.01592663000064931,17.445358208808237,21.674794693591476,4.229436484783239,True,661.3820744167376,0.9593371969322843,0.9362150649718208,0.9344045099238968,True,,,0,,
SYNTHETIC — NOT A COMPETITION RESULT,ridge_align_spatial,unseen_well,3,tr00012,2878,6754.482316549656,1.5319713367757413,3.6836892553612977,-0.8575580081976886,5379,2878,0.010415405110815066,21.65999085846928,True,0.015884227999777067,17.445358208808237,21.674794693591476,4.229436484783239,True,661.3820744167376,0.9593371969322843,0.9362150649718208,0.9344045099238968,True,,,0,,
SYNTHETIC — NOT A COMPETITION RESULT,ridge_no_align,unseen_well,3,tr0001a,3811,13729.455341018578,1.8980479511679138,3.7124000412197855,-0.23865460954690332,4492,3811,0.0,-9.04387799349896,True,0.009464998000112246,-11.18968676946163,0.3273042525736791,11.51699102203531,True,675.3924944266729,0.9120472430927564,0.8781973083165961,0.45118708987892564,True,,,0,,
SYNTHETIC — NOT A COMPETITION RESULT,ridge_baseline,unseen_well,3,tr0001a,3811,15245.598931387625,2.0001048864774438,3.8894746759724876,-0.4791607420945671,4492,3811,0.0,-9.04387799349896,True,0.006444683000154328,-11.18968676946163,0.3273042525736791,11.51699102203531,True,675.3924944266729,0.9120472430927564,0.8781973083165961,0.45118708987892564,True,,,0,,
SYNTHETIC — NOT A COMPETITION RESULT,ridge_spatial_only,unseen_well,3,tr0001a,3811,18253.752784826418,2.1885506794023217,4.4674377055705445,-0.4542336222301367,4492,3811,0.0,-9.04387799349896,True,0.018984166999871377,-11.18968676946163,0.3273042525736791,11.51699102203531,True,675.3924944266729,0.9120472430927564,0.8781973083165961,0.45118708987892564,True,,,0,,
SYNTHETIC — NOT A COMPETITION RESULT,ridge_align_spatial,unseen_well,3,tr0001a,3811,18610.66975960008,2.2098435444856084,4.408321577761597,-0.5533978653690009,4492,3811,0.0,-9.04387799349896,True,0.01893944199946418,-11.18968676946163,0.3273042525736791,11.51699102203531,True,675.3924944266729,0.9120472430927564,0.8781973083165961,0.45118708987892564,True,,,0,,
SYNTHETIC — NOT A COMPETITION RESULT,ridge_no_align,unseen_well,3,tr00011,3101,4006.653571439211,1.1366846981514607,2.4790620794714044,-0.924829267936753,3341,3101,0.05153678981682707,22.211531720845464,True,0.009694095999293495,11.934814874342704,22.208196702776693,10.273381828433989,True,672.9913675264535,0.7244926161849836,0.29946842969010257,0.6212900058631399,True,,,0,,
SYNTHETIC — NOT A COMPETITION RESULT,ridge_baseline,unseen_well,3,tr00011,3101,3933.725039079154,1.1262923050266263,2.3151297738227754,-0.881069129856247,3341,3101,0.05153678981682707,22.211531720845464,True,0.006528216999868164,11.934814874342704,22.208196702776693,10.273381828433989,True,672.9913675264535,0.7244926161849836,0.29946842969010257,0.6212900058631399,True,,,0,,
SYNTHETIC — NOT A COMPETITION RESULT,ridge_spatial_only,unseen_well,3,tr00011,3101,4472.152447825647,1.2009015811005197,2.578835171969498,-1.047610074779243,3341,3101,0.05153678981682707,22.211531720845464,True,0.01664570199955051,11.934814874342704,22.208196702776693,10.273381828433989,True,672.9913675264535,0.7244926161849836,0.29946842969010257,0.6212900058631399,True,,,0,,
SYNTHETIC — NOT A COMPETITION RESULT,ridge_align_spatial,unseen_well,3,tr00011,3101,4400.129245521583,1.1911921795483236,2.4476671354543527,-1.0114066000803292,3341,3101,0.05153678981682707,22.211531720845464,True,0.016703249000784126,11.934814874342704,22.208196702776693,10.273381828433989,True,672.9913675264535,0.7244926161849836,0.29946842969010257,0.6212900058631399,True,,,0,,
SYNTHETIC — NOT A COMPETITION RESULT,ridge_no_align,unseen_well,3,tr00006,1877,2401.784905741831,1.1311883383717838,2.568772155062696,-0.5326596022305861,2322,1877,0.13336508692545845,46.97699160632267,True,0.008401371000218205,46.88721263072891,50.78487450427848,3.8976618735495663,True,731.2455773943985,0.6906017861374609,0.0,0.6111927910564497,True,,,0,,
SYNTHETIC — NOT A COMPETITION RESULT,ridge_baseline,unseen_well,3,tr00006,1877,2585.763536160263,1.1737139520406343,2.212525186024571,-0.020824761722383615,2322,1877,0.13336508692545845,46.97699160632267,True,0.006092542999795114,46.88721263072891,50.78487450427848,3.8976618735495663,True,731.2455773943985,0.6906017861374609,0.0,0.6111927910564497,True,,,0,,
SYNTHETIC — NOT A COMPETITION RESULT,ridge_spatial_only,unseen_well,3,tr00006,1877,4880.948466637957,1.6125751941742912,3.4904891940611904,-1.2394598732923585,2322,1877,0.13336508692545845,46.97699160632267,True,0.012828144999730284,46.88721263072891,50.78487450427848,3.8976618735495663,True,731.2455773943985,0.6906017861374609,0.0,0.6111927910564497,True,,,0,,
SYNTHETIC — NOT A COMPETITION RESULT,ridge_align_spatial,unseen_well,3,tr00006,1877,3816.132387741611,1.425868845546408,2.8985225658446296,-0.8451227055990569,2322,1877,0.13336508692545845,46.97699160632267,True,0.012787806000233104,46.88721263072891,50.78487450427848,3.8976618735495663,True,731.2455773943985,0.6906017861374609,0.0,0.6111927910564497,True,,,0,,
SYNTHETIC — NOT A COMPETITION RESULT,ridge_no_align,unseen_well,3,tr00008,1991,22224.351970066975,3.3410188289957534,4.802150371816845,-3.2569185710541113,3987,1991,0.07293409166945466,6.875757030498507,True,0.008582628999647568,5.18240062426853,6.937009883416993,1.754609259148463,True,692.057261497785,0.8388760457839899,0.2590666712241253,0.9575002220511871,True,,,0,,
SYNTHETIC — NOT A COMPETITION RESULT,ridge_baseline,unseen_well,3,tr00008,1991,22194.99546975892,3.3388114973514553,4.869244229575168,-3.2435155892916034,3987,1991,0.07293409166945466,6.875757030498507,True,0.006103722999796446,5.18240062426853,6.937009883416993,1.754609259148463,True,692.057261497785,0.8388760457839899,0.2590666712241253,0.9575002220511871,True,,,0,,
SYNTHETIC — NOT A COMPETITION RESULT,ridge_spatial_only,unseen_well,3,tr00008,1991,17728.929565842634,2.984046781014347,4.53369916612811,-2.860490855682278,3987,1991,0.07293409166945466,6.875757030498507,True,0.013114530999700946,5.18240062426853,6.937009883416993,1.754609259148463,True,692.057261497785,0.8388760457839899,0.2590666712241253,0.9575002220511871,True,,,0,,
SYNTHETIC — NOT A COMPETITION RESULT,ridge_align_spatial,unseen_well,3,tr00008,1991,18305.939796891365,3.0322177442366782,4.439527395328106,-2.911055124889578,3987,1991,0.07293409166945466,6.875757030498507,True,0.013261534999401192,5.18240062426853,6.937009883416993,1.754609259148463,True,692.057261497785,0.8388760457839899,0.2590666712241253,0.9575002220511871,True,,,0,,
SYNTHETIC — NOT A COMPETITION RESULT,ridge_no_align,unseen_well,3,tr00027,1738,23514.500318039492,3.678264800641203,5.283845903024899,3.6194565160339622,2822,1738,0.6596491228070176,-7.906841696864826,True,0.008107771999675606,-8.379293275706335,-7.689601696130014,0.689691579576321,True,666.86739030635,0.7191484291264172,0.058326738762694334,0.19131831563234333,True,,,0,,
SYNTHETIC — NOT A COMPETITION RESULT,ridge_baseline,unseen_well,3,tr00027,1738,706.3486937678665,0.6375066026724872,1.6525445791981994,-0.39945768482390154,2822,1738,0.6596491228070176,-7.906841696864826,True,0.006074025000089023,-8.379293275706335,-7.689601696130014,0.689691579576321,True,666.86739030635,0.7191484291264172,0.058326738762694334,0.19131831563234333,True,,,0,,
SYNTHETIC — NOT A COMPETITION RESULT,ridge_spatial_only,unseen_well,3,tr00027,1738,2956.999333132207,1.3043697765147138,3.248717728249158,-0.796445658423562,2822,1738,0.6596491228070176,-7.906841696864826,True,0.01239369999984774,-8.379293275706335,-7.689601696130014,0.689691579576321,True,666.86739030635,0.7191484291264172,0.058326738762694334,0.19131831563234333,True,,,0,,
SYNTHETIC — NOT A COMPETITION RESULT,ridge_align_spatial,unseen_well,3,tr00027,1738,12575.376122616124,2.6898967218738337,4.9015579308310215,-2.5284350583266977,2822,1738,0.6596491228070176,-7.906841696864826,True,0.012694916999862471,-8.379293275706335,-7.689601696130014,0.689691579576321,True,666.86739030635,0.7191484291264172,0.058326738762694334,0.19131831563234333,True,,,0,,
SYNTHETIC — NOT A COMPETITION RESULT,ridge_no_align,unseen_well,3,tr0000f,2785,3770.8272986201973,1.1636053824383799,2.5555036352711067,-0.040950325611391454,3306,2785,0.10293876210802824,-6.757807705104688,True,0.008541315999536891,-21.59319350731529,-6.137300741331689,15.455892765983602,True,680.1445010104959,0.745905591650306,0.690895669325211,0.19955621548171187,True,,,0,,
SYNTHETIC — NOT A COMPETITION RESULT,ridge_baseline,unseen_well,3,tr0000f,2785,4040.4229385054737,1.2044833868783242,2.9627973371962426,-0.42233401407300963,3306,2785,0.10293876210802824,-6.757807705104688,True,0.006246271999771125,-21.59319350731529,-6.137300741331689,15.455892765983602,True,680.1445010104959,0.745905591650306,0.690895669325211,0.19955621548171187,True,,,0,,
SYNTHETIC — NOT A COMPETITION RESULT,ridge_spatial_only,unseen_well,3,tr0000f,2785,2213.6029622340857,0.8915326730332701,2.065946403318332,0.0914251428265387,3306,2785,0.10293876210802824,-6.757807705104688,True,0.015687709999838262,-21.59319350731529,-6.137300741331689,15.455892765983602,True,680.1445010104959,0.745905591650306,0.690895669325211,0.19955621548171187,True,,,0,,
SYNTHETIC — NOT A COMPETITION RESULT,ridge_align_spatial,unseen_well,3,tr0000f,2785,2340.660332222971,0.9167619881891371,2.2493170634899986,-0.11487770628128206,3306,2785,0.10293876210802824,-6.757807705104688,True,0.015593709999848215,-21.59319350731529,-6.137300741331689,15.455892765983602,True,680.1445010104959,0.745905591650306,0.690895669325211,0.19955621548171187,True,,,0,,
SYNTHETIC — NOT A COMPETITION RESULT,ridge_no_align,unseen_well,4,tr00017,2474,10953.318031328015,2.104132096633688,4.3977727207900745,1.6037243389730977,6347,2474,0.1381929486452783,16.92987618346264,True,0.009930678000273474,13.485222580771014,16.927277511951473,3.4420549311804596,True,659.3245333879992,0.7435751128626877,0.610217725605502,0.4005650241383191,True,,,0,,
SYNTHETIC — NOT A COMPETITION RESULT,ridge_baseline,unseen_well,4,tr00017,2474,9615.016698799733,1.9714019135552994,4.221930784145519,1.383217258728026,6347,2474,0.1381929486452783,16.92987618346264,True,0.00653577299999597,13.485222580771014,16.927277511951473,3.4420549311804596,True,659.3245333879992,0.7435751128626877,0.610217725605502,0.4005650241383191,True,,,0,,
SYNTHETIC — NOT A COMPETITION RESULT,ridge_spatial_only,unseen_well,4,tr00017,2474,14068.82401806465,2.3846741885370415,4.77503980595513,1.8988535646694749,6347,2474,0.1381929486452783,16.92987618346264,True,0.014995473000453785,13.485222580771014,16.927277511951473,3.4420549311804596,True,659.3245333879992,0.7435751128626877,0.610217725605502,0.4005650241383191,True,,,0,,
SYNTHETIC — NOT A COMPETITION RESULT,ridge_align_spatial,unseen_well,4,tr00017,2474,11852.885831038282,2.188830859140685,4.50680563666228,1.6491427418336184,6347,2474,0.1381929486452783,16.92987618346264,True,0.014906505999533692,13.485222580771014,16.927277511951473,3.4420549311804596,True,659.3245333879992,0.7435751128626877,0.610217725605502,0.4005650241383191,True,,,0,,
SYNTHETIC — NOT A COMPETITION RESULT,ridge_no_align,unseen_well,4,tr00001,2150,1568.008122552689,0.8539942057841368,1.6231883524747572,-0.6371484240654152,5748,2150,0.0,2.960564633747415,True,0.009423499999684282,2.8692303089047098,4.49376561115313,1.62453530224842,True,647.5424556189377,0.9917536841908978,0.988337059191028,0.985818542679276,True,,,0,,
SYNTHETIC — NOT A COMPETITION RESULT,ridge_baseline,unseen_well,4,tr00001,2150,1760.0368495180392,0.9047772048816806,1.7047125807980277,-0.6772531190835804,5748,2150,0.0,2.960564633747415,True,0.006245579000278667,2.8692303089047098,4.49376561115313,1.62453530224842,True,647.5424556189377,0.9917536841908978,0.988337059191028,0.985818542679276,True,,,0,,
SYNTHETIC — NOT A COMPETITION RESULT,ridge_spatial_only,unseen_well,4,tr00001,2150,608.2689313326005,0.5318982816433636,1.246651837753192,0.016451166021956058,5748,2150,0.0,2.960564633747415,True,0.014065379999919969,2.8692303089047098,4.49376561115313,1.62453530224842,True,647.5424556189377,0.9917536841908978,0.988337059191028,0.985818542679276,True,,,0,,
SYNTHETIC — NOT A COMPETITION RESULT,ridge_align_spatial,unseen_well,4,tr00001,2150,806.565192845227,0.61249212347863,1.204710694058658,-0.23056676090292547,5748,2150,0.0,2.960564633747415,True,0.014150025000162714,2.8692303089047098,4.49376561115313,1.62453530224842,True,647.5424556189377,0.9917536841908978,0.988337059191028,0.985818542679276,True,,,0,,
SYNTHETIC — NOT A COMPETITION RESULT,ridge_no_align,unseen_well,4,tr0001c,2015,1293.5015692098314,0.8012092502181637,3.585539401317945,-0.6066601391384185,1682,2015,0.7016499864755207,27.283345260182845,True,0.00858830100060004,22.97721310751326,32.13890013751072,9.161687029997456,True,728.6592294804607,0.32611329384375165,0.0,0.11209567888073363,True,,,0,,
SYNTHETIC — NOT A COMPETITION RESULT,ridge_baseline,unseen_well,4,tr0001c,2015,1356.8396011062998,0.820590963321564,3.9857496807529955,-0.48816245884644893,1682,2015,0.7016499864755207,27.283345260182845,True,0.006255305999729899,22.97721310751326,32.13890013751072,9.161687029997456,True,728.6592294804607,0.32611329384375165,0.0,0.11209567888073363,True,,,0,,
SYNTHETIC — NOT A COMPETITION RESULT,ridge_spatial_only,unseen_well,4,tr0001c,2015,2658.7448139776743,1.1486846105351265,3.9144750577644913,-1.043745291100665,1682,2015,0.7016499864755207,27.283345260182845,True,0.01374808699983987,22.97721310751326,32.13890013751072,9.161687029997456,True,728.6592294804607,0.32611329384375165,0.0,0.11209567888073363,True,,,0,,
SYNTHETIC — NOT A COMPETITION RESULT,ridge_align_spatial,unseen_well,4,tr0001c,2015,1857.455598226974,0.9601115522003021,4.112744624189833,-0.7538528259171825,1682,2015,0.7016499864755207,27.283345260182845,True,0.01366783600042254,22.97721310751326,32.13890013751072,9.161687029997456,True,728.6592294804607,0.32611329384375165,0.0,0.11209567888073363,True,,,0,,
SYNTHETIC — NOT A COMPETITION RESULT,ridge_no_align,unseen_well,4,tr00000,1529,3095.630153251405,1.422888244732859,2.867517620872224,1.0007219377309418,2413,1529,0.14865550481988837,27.97062670950539,True,0.008680537000145705,24.961584387619176,27.970084047536872,3.008499659917696,True,656.7653867801279,0.8384203717129897,0.7512007695337722,0.5180985034337667,True,,,0,,
SYNTHETIC — NOT A COMPETITION RESULT,ridge_baseline,unseen_well,4,tr00000,1529,3569.8829520651134,1.527999618215566,3.102914412350625,1.0299341070390844,2413,1529,0.14865550481988837,27.97062670950539,True,0.006134166000265395,24.961584387619176,27.970084047536872,3.008499659917696,True,656.7653867801279,0.8384203717129897,0.7512007695337722,0.5180985034337667,True,,,0,,
SYNTHETIC — NOT A COMPETITION RESULT,ridge_spatial_only,unseen_well,4,tr00000,1529,3190.5619366674,1.4445409147296335,3.222632092169796,0.94612181522106,2413,1529,0.14865550481988837,27.97062670950539,True,0.012126644000090891,24.961584387619176,27.970084047536872,3.008499659917696,True,656.7653867801279,0.8384203717129897,0.7512007695337722,0.5180985034337667,True,,,0,,
SYNTHETIC — NOT A COMPETITION RESULT,ridge_align_spatial,unseen_well,4,tr00000,1529,3690.7150557069695,1.5536440119804475,3.4035582273837086,0.9948438566137534,2413,1529,0.14865550481988837,27.97062670950539,True,0.01219632799984538,24.961584387619176,27.970084047536872,3.008499659917696,True,656.7653867801279,0.8384203717129897,0.7512007695337722,0.5180985034337667,True,,,0,,
SYNTHETIC — NOT A COMPETITION RESULT,ridge_no_align,unseen_well,4,tr00020,3391,14071.976481012052,2.0371061289049988,3.850091990176594,-1.5012375162878047,5223,3391,0.6816809844439284,-12.48480262150134,True,0.010180414000387827,-20.661241286085293,-12.466795750461047,8.194445535624245,True,649.4331193069293,0.15974176133504792,0.0,0.8242645866163131,True,,,0,,
SYNTHETIC — NOT A COMPETITION RESULT,ridge_baseline,unseen_well,4,tr00020,3391,14352.825288023088,2.0573340042300132,3.87868313046188,-1.3853568899729014,5223,3391,0.6816809844439284,-12.48480262150134,True,0.006447663000471948,-20.661241286085293,-12.466795750461047,8.194445535624245,True,649.4331193069293,0.15974176133504792,0.0,0.8242645866163131,True,,,0,,
SYNTHETIC — NOT A COMPETITION RESULT,ridge_spatial_only,unseen_well,4,tr00020,3391,19496.340465661076,2.3977983404877588,4.384878842665419,-1.8929356056417317,5223,3391,0.6816809844439284,-12.48480262150134,True,0.017567262000738992,-20.661241286085293,-12.466795750461047,8.194445535624245,True,649.4331193069293,0.15974176133504792,0.0,0.8242645866163131,True,,,0,,
SYNTHETIC — NOT A COMPETITION RESULT,ridge_align_spatial,unseen_well,4,tr00020,3391,18006.67685274809,2.3043735968942047,4.258455952579464,-1.7034027416172939,5223,3391,0.6816809844439284,-12.48480262150134,True,0.017679441999462142,-20.661241286085293,-12.466795750461047,8.194445535624245,True,649.4331193069293,0.15974176133504792,0.0,0.8242645866163131,True,,,0,,
SYNTHETIC — NOT A COMPETITION RESULT,ridge_no_align,unseen_well,4,tr00010,4038,16685.972562252035,2.0327904196220015,4.4346828008985035,1.4384747864843652,3315,4038,0.5641234870121039,27.90412691169617,True,0.009052313000211143,16.866770644753615,27.946046970977225,11.07927632622361,True,666.7084130346901,0.27916043589751066,0.0,0.7907021771376453,True,,,0,,
SYNTHETIC — NOT A COMPETITION RESULT,ridge_baseline,unseen_well,4,tr00010,4038,16914.842016470277,2.046684099703655,4.368091420474215,1.4879457294993024,3315,4038,0.5641234870121039,27.90412691169617,True,0.006472668000242265,16.866770644753615,27.946046970977225,11.07927632622361,True,666.7084130346901,0.27916043589751066,0.0,0.7907021771376453,True,,,0,,
SYNTHETIC — NOT A COMPETITION RESULT,ridge_spatial_only,unseen_well,4,tr00010,4038,10255.702169966911,1.5936742033927178,3.52488746656271,0.9496266363431748,3315,4038,0.5641234870121039,27.90412691169617,True,0.019287745000838186,16.866770644753615,27.946046970977225,11.07927632622361,True,666.7084130346901,0.27916043589751066,0.0,0.7907021771376453,True,,,0,,
SYNTHETIC — NOT A COMPETITION RESULT,ridge_align_spatial,unseen_well,4,tr00010,4038,12309.658848387275,1.7459823582559701,3.7738011739850847,1.1723904126999352,3315,4038,0.5641234870121039,27.90412691169617,True,0.019433774000390258,16.866770644753615,27.946046970977225,11.07927632622361,True,666.7084130346901,0.27916043589751066,0.0,0.7907021771376453,True,,,0,,
SYNTHETIC — NOT A COMPETITION RESULT,ridge_no_align,unseen_well,4,tr00005,1878,678.892411756478,0.6012466688854375,1.246887071944181,0.4787942522086421,3333,1878,0.09038572251007485,-0.0127022410906496,True,0.008567509000386053,-3.0044650787648832,0.0267042633115837,3.031169342076467,True,654.7886617806525,0.9867291033450176,0.9830917447029837,0.9546982641450589,True,,,0,,
SYNTHETIC — NOT A COMPETITION RESULT,ridge_baseline,unseen_well,4,tr00005,1878,1007.7921928349139,0.7325507222131243,1.4231790012763355,0.6257394887199604,3333,1878,0.09038572251007485,-0.0127022410906496,True,0.006225735000043642,-3.0044650787648832,0.0267042633115837,3.031169342076467,True,654.7886617806525,0.9867291033450176,0.9830917447029837,0.9546982641450589,True,,,0,,
SYNTHETIC — NOT A COMPETITION RESULT,ridge_spatial_only,unseen_well,4,tr00005,1878,771.635378420965,0.6410003573775356,1.2796441093783302,0.5294161329293987,3333,1878,0.09038572251007485,-0.0127022410906496,True,0.012945516999934625,-3.0044650787648832,0.0267042633115837,3.031169342076467,True,654.7886617806525,0.9867291033450176,0.9830917447029837,0.9546982641450589,True,,,0,,
SYNTHETIC — NOT A COMPETITION RESULT,ridge_align_spatial,unseen_well,4,tr00005,1878,938.0741753158127,0.7067581026137046,1.3770760750769242,0.6002571024767457,3333,1878,0.09038572251007485,-0.0127022410906496,True,0.01310583500071516,-3.0044650787648832,0.0267042633115837,3.031169342076467,True,654.7886617806525,0.9867291033450176,0.9830917447029837,0.9546982641450589,True,,,0,,
SYNTHETIC — NOT A COMPETITION RESULT,ridge_no_align,unseen_well,4,tr0001f,2443,8366.079682396197,1.8505433573178502,3.0583000939084926,-1.6448084089692194,5575,2443,0.048391119980044896,22.032375419949545,True,0.008961384000031103,22.014604579926928,24.493777784544115,2.4791732046171866,True,636.663668098669,0.8818015662782184,0.7824013613826657,0.7590169677197209,True,,,0,,
SYNTHETIC — NOT A COMPETITION RESULT,ridge_baseline,unseen_well,4,tr0001f,2443,8491.567866203992,1.8643704421054954,3.136623014474555,-1.6066324038749507,5575,2443,0.048391119980044896,22.032375419949545,True,0.006199443999321375,22.014604579926928,24.493777784544115,2.4791732046171866,True,636.663668098669,0.8818015662782184,0.7824013613826657,0.7590169677197209,True,,,0,,
SYNTHETIC — NOT A COMPETITION RESULT,ridge_spatial_only,unseen_well,4,tr0001f,2443,7004.392694463318,1.6932594564222978,2.958988673242416,-1.4156714399598918,5575,2443,0.048391119980044896,22.032375419949545,True,0.014495584000542294,22.014604579926928,24.493777784544115,2.4791732046171866,True,636.663668098669,0.8818015662782184,0.7824013613826657,0.7590169677197209,True,,,0,,
SYNTHETIC — NOT A COMPETITION RESULT,ridge_align_spatial,unseen_well,4,tr0001f,2443,7450.7109308081535,1.746373463662275,3.0333590967889137,-1.4468269284374096,5575,2443,0.048391119980044896,22.032375419949545,True,0.014583195999875898,22.014604579926928,24.493777784544115,2.4791732046171866,True,636.663668098669,0.8818015662782184,0.7824013613826657,0.7590169677197209,True,,,0,,
