protocol,fold,well_id,model,n_points,sse,rmse,predict_seconds,gr_missing_fraction,fallback_fraction,pf_confidence_mean,data_source
same_well_masked,0,tr00254,ridge_default,3631,20093.64732897957,2.3524275846223612,0.017804622650146484,0.057868830650525505,0.0,0.10638568174181222,synthetic
same_well_masked,0,tr00254,ridge_gr_quality,3631,11000.636746224973,1.7405872083469167,0.01730513572692871,0.057868830650525505,0.0,0.10638568174181222,synthetic
same_well_masked,0,tr00254,ridge_imputed_gr,3631,21476.45213217005,2.432025614691954,0.01821136474609375,0.057868830650525505,0.0,0.10638568174181222,synthetic
same_well_masked,0,tr00254,gated_pf_beam,3631,20093.64732897957,2.3524275846223612,0.018396854400634766,0.057868830650525505,0.0,0.10638568174181222,synthetic
same_well_masked,0,tr00077,ridge_default,1941,328.16706276890136,0.41118259898848214,0.016388654708862305,0.05760626398210289,0.18238021638330756,0.0033685505353680182,synthetic
same_well_masked,0,tr00077,ridge_gr_quality,1941,1343.7665615447931,0.8320494679570817,0.018973350524902344,0.05760626398210289,0.18238021638330756,0.0033685505353680182,synthetic
same_well_masked,0,tr00077,ridge_imputed_gr,1941,375.85445325699845,0.4400449916443802,0.017514705657958984,0.05760626398210289,0.18238021638330756,0.0033685505353680182,synthetic
same_well_masked,0,tr00077,gated_pf_beam,1941,328.16706276890136,0.41118259898848214,0.016645193099975586,0.05760626398210289,0.18238021638330756,0.0033685505353680182,synthetic
same_well_masked,0,tr0025f,ridge_default,4221,144448.84216272034,5.849912315311249,0.019131183624267578,0.049180327868852514,0.0,0.027001518130237268,synthetic
same_well_masked,0,tr0025f,ridge_gr_quality,4221,108511.00116161084,5.070248078706628,0.0211181640625,0.049180327868852514,0.0,0.027001518130237268,synthetic
same_well_masked,0,tr0025f,ridge_imputed_gr,4221,127110.5900152162,5.48760939841306,0.02055525779724121,0.049180327868852514,0.0,0.027001518130237268,synthetic
same_well_masked,0,tr0025f,gated_pf_beam,4221,144448.84216272034,5.849912315311249,0.019436120986938477,0.049180327868852514,0.0,0.027001518130237268,synthetic
same_well_masked,0,tr00036,ridge_default,1863,15227.558002436297,2.858964111884144,0.01674175262451172,0.0,0.0,0.06414573117653553,synthetic
same_well_masked,0,tr00036,ridge_gr_quality,1863,25580.717429028504,3.7055265792802357,0.019885540008544922,0.0,0.0,0.06414573117653553,synthetic
same_well_masked,0,tr00036,ridge_imputed_gr,1863,13864.721687408823,2.728030054885577,0.01910114288330078,0.0,0.0,0.06414573117653553,synthetic
same_well_masked,0,tr00036,gated_pf_beam,1863,15227.558002436297,2.858964111884144,0.017711162567138672,0.0,0.0,0.06414573117653553,synthetic
same_well_masked,0,tr002cd,ridge_default,3230,5010.720670159501,1.245514636215773,0.018033981323242188,0.5598207617625093,0.708359133126935,0.0006759795860203302,synthetic
same_well_masked,0,tr002cd,ridge_gr_quality,3230,8571.446752873191,1.6290177055821276,0.019846200942993164,0.5598207617625093,0.708359133126935,0.0006759795860203302,synthetic
same_well_masked,0,tr002cd,ridge_imputed_gr,3230,7247.22656782662,1.4979063373962862,0.019290924072265625,0.5598207617625093,0.708359133126935,0.0006759795860203302,synthetic
same_well_masked,0,tr002cd,gated_pf_beam,3230,5010.720670159501,1.245514636215773,0.018351316452026367,0.5598207617625093,0.708359133126935,0.0006759795860203302,synthetic
same_well_masked,0,tr002d1,ridge_default,1953,4188.191549842298,1.4644081811311347,0.01581883430480957,0.0,0.0,0.0909906454582312,synthetic
same_well_masked,0,tr002d1,ridge_gr_quality,1953,15336.620479874216,2.802294108090863,0.018342256546020508,0.0,0.0,0.0909906454582312,synthetic
same_well_masked,0,tr002d1,ridge_imputed_gr,1953,4278.52195357662,1.480116025118264,0.0174558162689209,0.0,0.0,0.0909906454582312,synthetic
same_well_masked,0,tr002d1,gated_pf_beam,1953,4188.191549842298,1.4644081811311347,0.016714811325073242,0.0,0.0,0.0909906454582312,synthetic
same_well_masked,0,tr000e6,ridge_default,3895,7655.637800147774,1.4019643105838695,0.018394947052001953,0.14774552192711554,0.1884467265725289,0.004294969780680558,synthetic
same_well_masked,0,tr000e6,ridge_gr_quality,3895,18431.698547558473,2.1753490297353064,0.02071094512939453,0.14774552192711554,0.1884467265725289,0.004294969780680558,synthetic
same_well_masked,0,tr000e6,ridge_imputed_gr,3895,10167.193563498548,1.6156482512472483,0.020354509353637695,0.14774552192711554,0.1884467265725289,0.004294969780680558,synthetic
same_well_masked,0,tr000e6,gated_pf_beam,3895,7655.637800147774,1.4019643105838695,0.019644737243652344,0.14774552192711554,0.1884467265725289,0.004294969780680558,synthetic
same_well_masked,0,tr001ba,ridge_default,1904,4322.7945531488795,1.5067764567179065,0.015860795974731445,0.17709049255441012,0.25,0.0012781946596021343,synthetic
same_well_masked,0,tr001ba,ridge_gr_quality,1904,5742.8533521538375,1.7367223415610902,0.017974853515625,0.17709049255441012,0.25,0.0012781946596021343,synthetic
same_well_masked,0,tr001ba,ridge_imputed_gr,1904,3181.552589004935,1.2926652709145714,0.017776012420654297,0.17709049255441012,0.25,0.0012781946596021343,synthetic
same_well_masked,0,tr001ba,gated_pf_beam,1904,4322.7945531488795,1.5067764567179065,0.017154216766357422,0.17709049255441012,0.25,0.0012781946596021343,synthetic
same_well_masked,0,tr00111,ridge_default,3483,21191.048624132443,2.466604314232322,0.018783092498779297,0.7457627118644068,1.0,0.0,synthetic
same_well_masked,0,tr00111,ridge_gr_quality,3483,22705.386279767692,2.553216898670935,0.02068185806274414,0.7457627118644068,1.0,0.0,synthetic
same_well_masked,0,tr00111,ridge_imputed_gr,3483,21924.5708566647,2.5089315537477215,0.02063894271850586,0.7457627118644068,1.0,0.0,synthetic
same_well_masked,0,tr00111,gated_pf_beam,3483,21191.048624132443,2.466604314232322,0.019692659378051758,0.7457627118644068,1.0,0.0,synthetic
same_well_masked,0,tr0007b,ridge_default,3726,86142.13320869804,4.808242755105908,0.01912069320678711,0.07798606104301853,0.19833601717659688,0.06988447342177034,synthetic
same_well_masked,0,tr0007b,ridge_gr_quality,3726,70339.29545739832,4.344877953135523,0.02100515365600586,0.07798606104301853,0.19833601717659688,0.06988447342177034,synthetic
same_well_masked,0,tr0007b,ridge_imputed_gr,3726,91195.58521500588,4.94726850944139,0.020476341247558594,0.07798606104301853,0.19833601717659688,0.06988447342177034,synthetic
same_well_masked,0,tr0007b,gated_pf_beam,3726,86142.13320869804,4.808242755105908,0.020032405853271484,0.07798606104301853,0.19833601717659688,0.06988447342177034,synthetic
same_well_masked,0,tr00247,ridge_default,1406,282.97358890441564,0.4486217148478354,0.016742467880249023,0.0,0.0,0.004607031231259563,synthetic
same_well_masked,0,tr00247,ridge_gr_quality,1406,1129.113450493186,0.8961405514623467,0.018604278564453125,0.0,0.0,0.004607031231259563,synthetic
same_well_masked,0,tr00247,ridge_imputed_gr,1406,589.5735930734563,0.6475545381302631,0.01850581169128418,0.0,0.0,0.004607031231259563,synthetic
same_well_masked,0,tr00247,gated_pf_beam,1406,282.97358890441564,0.4486217148478354,0.01733851432800293,0.0,0.0,0.004607031231259563,synthetic
same_well_masked,0,tr000d4,ridge_default,3132,5266.066871886422,1.2966784947463588,0.019134044647216797,0.13320397214929802,0.06513409961685823,0.10273405835415525,synthetic
same_well_masked,0,tr000d4,ridge_gr_quality,3132,2975.1206837450086,0.9746336842962168,0.022234439849853516,0.13320397214929802,0.06513409961685823,0.10273405835415525,synthetic
same_well_masked,0,tr000d4,ridge_imputed_gr,3132,5049.405049621175,1.2697237068375764,0.0209658145904541,0.13320397214929802,0.06513409961685823,0.10273405835415525,synthetic
same_well_masked,0,tr000d4,gated_pf_beam,3132,5266.066871886422,1.2966784947463588,0.019526958465576172,0.13320397214929802,0.06513409961685823,0.10273405835415525,synthetic
same_well_masked,0,tr001d0,ridge_default,4219,22711.659761839033,2.320169289632226,0.019274473190307617,0.5369353211523371,0.18084854230860392,0.02917015473687727,synthetic
same_well_masked,0,tr001d0,ridge_gr_quality,4219,22618.853392130717,2.315423997715976,0.020829200744628906,0.5369353211523371,0.18084854230860392,0.02917015473687727,synthetic
same_well_masked,0,tr001d0,ridge_imputed_gr,4219,39391.220591839425,3.0555891302471334,0.02099752426147461,0.5369353211523371,0.18084854230860392,0.02917015473687727,synthetic
same_well_masked,0,tr001d0,gated_pf_beam,4219,22711.659761839033,2.320169289632226,0.019869565963745117,0.5369353211523371,0.18084854230860392,0.02917015473687727,synthetic
same_well_masked,0,tr00266,ridge_default,2394,1743.1214032090147,0.8532999981762814,0.0180051326751709,0.0,0.0,0.06756832335062632,synthetic
same_well_masked,0,tr00266,ridge_gr_quality,2394,3544.181790887274,1.2167347786900324,0.019038915634155273,0.0,0.0,0.06756832335062632,synthetic
same_well_masked,0,tr00266,ridge_imputed_gr,2394,2020.4046811764865,0.9186648718059603,0.018792390823364258,0.0,0.0,0.06756832335062632,synthetic
same_well_masked,0,tr00266,gated_pf_beam,2394,1743.1214032090147,0.8532999981762814,0.01778697967529297,0.0,0.0,0.06756832335062632,synthetic
same_well_masked,0,tr002a6,ridge_default,2243,2983.159551130092,1.1532503739151336,0.01628851890563965,0.09356038363671948,0.0,0.008139713914628935,synthetic
same_well_masked,0,tr002a6,ridge_gr_quality,2243,2319.4364139159916,1.0168961398360943,0.018541336059570312,0.09356038363671948,0.0,0.008139713914628935,synthetic
same_well_masked,0,tr002a6,ridge_imputed_gr,2243,1935.5612949632869,0.9289424893100291,0.018584251403808594,0.09356038363671948,0.0,0.008139713914628935,synthetic
same_well_masked,0,tr002a6,gated_pf_beam,2243,2983.159551130092,1.1532503739151336,0.017058134078979492,0.09356038363671948,0.0,0.008139713914628935,synthetic
same_well_masked,0,tr00115,ridge_default,2285,11612.699207991336,2.254361123138701,0.017148256301879883,0.0,0.0,0.006688837296479178,synthetic
same_well_masked,0,tr00115,ridge_gr_quality,2285,8796.699599245801,1.9620803052873275,0.019156455993652344,0.0,0.0,0.006688837296479178,synthetic
same_well_masked,0,tr00115,ridge_imputed_gr,2285,11593.4395663157,2.252490920361021,0.018103837966918945,0.0,0.0,0.006688837296479178,synthetic
same_well_masked,0,tr00115,gated_pf_beam,2285,11612.699207991336,2.254361123138701,0.01761627197265625,0.0,0.0,0.006688837296479178,synthetic
same_well_masked,0,tr0021f,ridge_default,1155,946.5027341115021,0.9052529407169165,0.017288923263549805,0.0,0.0,0.007580037386073534,synthetic
same_well_masked,0,tr0021f,ridge_gr_quality,1155,85.85129199478038,0.27263551298245026,0.017904996871948242,0.0,0.0,0.007580037386073534,synthetic
same_well_masked,0,tr0021f,ridge_imputed_gr,1155,685.7104782580948,0.7705119893710832,0.03291130065917969,0.0,0.0,0.007580037386073534,synthetic
same_well_masked,0,tr0021f,gated_pf_beam,1155,946.5027341115021,0.9052529407169165,0.03384876251220703,0.0,0.0,0.007580037386073534,synthetic
same_well_masked,0,tr00181,ridge_default,2487,5723.986542010845,1.5170902224549117,0.034834861755371094,0.0,0.0,0.1085025237414357,synthetic
same_well_masked,0,tr00181,ridge_gr_quality,2487,5905.43402354296,1.5409481234737326,0.029975175857543945,0.0,0.0,0.1085025237414357,synthetic
same_well_masked,0,tr00181,ridge_imputed_gr,2487,6393.276864029652,1.6033334876530003,0.03035759925842285,0.0,0.0,0.1085025237414357,synthetic
same_well_masked,0,tr00181,gated_pf_beam,2487,5723.986542010845,1.5170902224549117,0.02947545051574707,0.0,0.0,0.1085025237414357,synthetic
same_well_masked,0,tr00204,ridge_default,2281,2293.542957703877,1.002745673362234,0.027649879455566406,0.041856348002023314,0.050416483998246386,0.03990641422675063,synthetic
same_well_masked,0,tr00204,ridge_gr_quality,2281,2240.3169378621515,0.991042064867461,0.02216196060180664,0.041856348002023314,0.050416483998246386,0.03990641422675063,synthetic
same_well_masked,0,tr00204,ridge_imputed_gr,2281,1726.9955062236627,0.870127633339269,0.019949674606323242,0.041856348002023314,0.050416483998246386,0.03990641422675063,synthetic
same_well_masked,0,tr00204,gated_pf_beam,2281,2293.542957703877,1.002745673362234,0.01854729652404785,0.041856348002023314,0.050416483998246386,0.03990641422675063,synthetic
same_well_masked,0,tr00155,ridge_default,4065,84336.8756106732,4.5548961427253545,0.018659353256225586,0.0,0.0,0.015370141318893487,synthetic
same_well_masked,0,tr00155,ridge_gr_quality,4065,68244.06572903405,4.097341583444427,0.022940874099731445,0.0,0.0,0.015370141318893487,synthetic
same_well_masked,0,tr00155,ridge_imputed_gr,4065,93638.43771586423,4.799508936439531,0.02062702178955078,0.0,0.0,0.015370141318893487,synthetic
same_well_masked,0,tr00155,gated_pf_beam,4065,84336.8756106732,4.5548961427253545,0.01944732666015625,0.0,0.0,0.015370141318893487,synthetic
same_well_masked,1,tr00122,ridge_default,2240,2648.281400855387,1.087321701487065,0.01836848258972168,0.0,0.0,0.002819112733337061,synthetic
same_well_masked,1,tr00122,ridge_gr_quality,2240,2808.5439018843817,1.1197384703191502,0.018735408782958984,0.0,0.0,0.002819112733337061,synthetic
same_well_masked,1,tr00122,ridge_imputed_gr,2240,2837.065385185703,1.125409724037385,0.018377065658569336,0.0,0.0,0.002819112733337061,synthetic
same_well_masked,1,tr00122,gated_pf_beam,2240,2648.281400855387,1.087321701487065,0.017334938049316406,0.0,0.0,0.002819112733337061,synthetic
same_well_masked,1,tr002b4,ridge_default,1257,391.813572908102,0.5583057483120973,0.01600027084350586,0.13809618838555182,0.22832140015910898,0.0014177111237642065,synthetic
same_well_masked,1,tr002b4,ridge_gr_quality,1257,2398.758122525902,1.3814195259022781,0.01799488067626953,0.13809618838555182,0.22832140015910898,0.0014177111237642065,synthetic
same_well_masked,1,tr002b4,ridge_imputed_gr,1257,594.1152964148406,0.6874921256017351,0.017673730850219727,0.13809618838555182,0.22832140015910898,0.0014177111237642065,synthetic
same_well_masked,1,tr002b4,gated_pf_beam,1257,391.813572908102,0.5583057483120973,0.017589330673217773,0.13809618838555182,0.22832140015910898,0.0014177111237642065,synthetic
same_well_masked,1,tr00040,ridge_default,2907,5511.71122860369,1.3769580583778553,0.017674684524536133,0.017849672291172736,0.059511523907808735,0.005558696071319012,synthetic
same_well_masked,1,tr00040,ridge_gr_quality,2907,2707.6837932978606,0.965109202840941,0.01921534538269043,0.017849672291172736,0.059511523907808735,0.005558696071319012,synthetic
same_well_masked,1,tr00040,ridge_imputed_gr,2907,5592.1910028647635,1.3869745186552476,0.01954960823059082,0.017849672291172736,0.059511523907808735,0.005558696071319012,synthetic
same_well_masked,1,tr00040,gated_pf_beam,2907,5511.71122860369,1.3769580583778553,0.018512248992919922,0.017849672291172736,0.059511523907808735,0.005558696071319012,synthetic
same_well_masked,1,tr00226,ridge_default,1643,1171.112187444095,0.8442682719730225,0.015605926513671875,0.023057980747705376,0.09007912355447352,0.005915852045532755,synthetic
same_well_masked,1,tr00226,ridge_gr_quality,1643,519.4030609308162,0.5622551869670415,0.018245220184326172,0.023057980747705376,0.09007912355447352,0.005915852045532755,synthetic
same_well_masked,1,tr00226,ridge_imputed_gr,1643,1094.2279521045589,0.8160844836299248,0.017264366149902344,0.023057980747705376,0.09007912355447352,0.005915852045532755,synthetic
same_well_masked,1,tr00226,gated_pf_beam,1643,1171.112187444095,0.8442682719730225,0.016408205032348633,0.023057980747705376,0.09007912355447352,0.005915852045532755,synthetic
same_well_masked,1,tr000cf,ridge_default,3159,16831.21545616902,2.308250438627257,0.018965721130371094,0.5743084331952066,1.0,0.0,synthetic
same_well_masked,1,tr000cf,ridge_gr_quality,3159,5719.844022130033,1.3456040326807543,0.020761489868164062,0.5743084331952066,1.0,0.0,synthetic
same_well_masked,1,tr000cf,ridge_imputed_gr,3159,6056.228509185903,1.3846063330172353,0.02038884162902832,0.5743084331952066,1.0,0.0,synthetic
same_well_masked,1,tr000cf,gated_pf_beam,3159,16831.21545616902,2.308250438627257,0.01940298080444336,0.5743084331952066,1.0,0.0,synthetic
same_well_masked,1,tr0026e,ridge_default,3105,31341.182274451836,3.1770707436710386,0.017067909240722656,0.05448574414091656,0.0,0.018703606636418943,synthetic
same_well_masked,1,tr0026e,ridge_gr_quality,3105,39122.852021358776,3.5496411567681703,0.01922130584716797,0.05448574414091656,0.0,0.018703606636418943,synthetic
same_well_masked,1,tr0026e,ridge_imputed_gr,3105,33185.115190979086,3.2691952744775543,0.018745899200439453,0.05448574414091656,0.0,0.018703606636418943,synthetic
same_well_masked,1,tr0026e,gated_pf_beam,3105,31341.182274451836,3.1770707436710386,0.01787281036376953,0.05448574414091656,0.0,0.018703606636418943,synthetic
same_well_masked,1,tr00214,ridge_default,3418,469.3205759696424,0.37055166438308573,0.018219947814941406,0.07154213036565982,0.10473961380924517,0.015883456232671875,synthetic
same_well_masked,1,tr00214,ridge_gr_quality,3418,14137.278400672494,2.0337467693369113,0.019890308380126953,0.07154213036565982,0.10473961380924517,0.015883456232671875,synthetic
same_well_masked,1,tr00214,ridge_imputed_gr,3418,589.9954611753797,0.41546869525805713,0.019834280014038086,0.07154213036565982,0.10473961380924517,0.015883456232671875,synthetic
same_well_masked,1,tr00214,gated_pf_beam,3418,469.3205759696424,0.37055166438308573,0.018581151962280273,0.07154213036565982,0.10473961380924517,0.015883456232671875,synthetic
same_well_masked,1,tr001f4,ridge_default,1765,621.3995976931512,0.5933529815654958,0.015643596649169922,0.29193586982531705,0.1943342776203966,0.006604231736547688,synthetic
same_well_masked,1,tr001f4,ridge_gr_quality,1765,606.8780929582402,0.586378955366283,0.017821550369262695,0.29193586982531705,0.1943342776203966,0.006604231736547688,synthetic
same_well_masked,1,tr001f4,ridge_imputed_gr,1765,512.9481375127737,0.5390938454742369,0.017429113388061523,0.29193586982531705,0.1943342776203966,0.006604231736547688,synthetic
same_well_masked,1,tr001f4,gated_pf_beam,1765,621.3995976931512,0.5933529815654958,0.016664743423461914,0.29193586982531705,0.1943342776203966,0.006604231736547688,synthetic
same_well_masked,1,tr00005,ridge_default,1572,2362.5170520178513,1.2259173882278722,0.01620173454284668,0.0,0.0,0.002965939937090322,synthetic
same_well_masked,1,tr00005,ridge_gr_quality,1572,10749.633464003029,2.614993159927007,0.018006324768066406,0.0,0.0,0.002965939937090322,synthetic
same_well_masked,1,tr00005,ridge_imputed_gr,1572,2613.5185612674413,1.2893966085102802,0.018350839614868164,0.0,0.0,0.002965939937090322,synthetic
same_well_masked,1,tr00005,gated_pf_beam,1572,2362.5170520178513,1.2259173882278722,0.016820907592773438,0.0,0.0,0.002965939937090322,synthetic
same_well_masked,1,tr00222,ridge_default,2486,23438.85605964668,3.070560394164272,0.016963720321655273,0.12127659574468086,0.0,0.08489893912493615,synthetic
same_well_masked,1,tr00222,ridge_gr_quality,2486,22220.923497246502,2.9897198157230642,0.018620967864990234,0.12127659574468086,0.0,0.08489893912493615,synthetic
same_well_masked,1,tr00222,ridge_imputed_gr,2486,28108.815684559002,3.362565182060235,0.018009662628173828,0.12127659574468086,0.0,0.08489893912493615,synthetic
same_well_masked,1,tr00222,gated_pf_beam,2486,23438.85605964668,3.070560394164272,0.017104148864746094,0.12127659574468086,0.0,0.08489893912493615,synthetic
same_well_masked,1,tr0000b,ridge_default,2073,2096.709667880894,1.0057024261369365,0.017519474029541016,0.0905908096280088,0.2190062711046792,0.0071970663828043535,synthetic
same_well_masked,1,tr0000b,ridge_gr_quality,2073,1694.8566155734338,0.9042048462816836,0.020007848739624023,0.0905908096280088,0.2190062711046792,0.0071970663828043535,synthetic
same_well_masked,1,tr0000b,ridge_imputed_gr,2073,1988.2079653844598,0.9793349499675333,0.01921248435974121,0.0905908096280088,0.2190062711046792,0.0071970663828043535,synthetic
same_well_masked,1,tr0000b,gated_pf_beam,2073,2096.709667880894,1.0057024261369365,0.018619060516357422,0.0905908096280088,0.2190062711046792,0.0071970663828043535,synthetic
same_well_masked,1,tr001fe,ridge_default,971,780.7470060437931,0.8966966531607522,0.015177726745605469,0.0,0.0,0.0015293385001320429,synthetic
same_well_masked,1,tr001fe,ridge_gr_quality,971,1609.5932375705183,1.287503607054237,0.017564773559570312,0.0,0.0,0.0015293385001320429,synthetic
same_well_masked,1,tr001fe,ridge_imputed_gr,971,604.5009372139612,0.7890215669904512,0.016757965087890625,0.0,0.0,0.0015293385001320429,synthetic
same_well_masked,1,tr001fe,gated_pf_beam,971,780.7470060437931,0.8966966531607522,0.016144990921020508,0.0,0.0,0.0015293385001320429,synthetic
same_well_masked,1,tr00017,ridge_default,1534,20243.82582366525,3.6327341468637093,0.016707181930541992,0.0,0.0,0.03343170186415864,synthetic
same_well_masked,1,tr00017,ridge_gr_quality,1534,13662.009266669531,2.9843146300931847,0.018634796142578125,0.0,0.0,0.03343170186415864,synthetic
same_well_masked,1,tr00017,ridge_imputed_gr,1534,21834.33011234599,3.7727432976277755,0.018273115158081055,0.0,0.0,0.03343170186415864,synthetic
same_well_masked,1,tr00017,gated_pf_beam,1534,20243.82582366525,3.6327341468637093,0.016972780227661133,0.0,0.0,0.03343170186415864,synthetic
same_well_masked,1,tr000f2,ridge_default,1209,4336.960448360766,1.893998280311687,0.015668869018554688,0.0,0.0,0.014462536712040452,synthetic
same_well_masked,1,tr000f2,ridge_gr_quality,1209,9332.050323755837,2.7782759891863145,0.018137693405151367,0.0,0.0,0.014462536712040452,synthetic
same_well_masked,1,tr000f2,ridge_imputed_gr,1209,3747.530805544778,1.760594964278316,0.017419099807739258,0.0,0.0,0.014462536712040452,synthetic
same_well_masked,1,tr000f2,gated_pf_beam,1209,4336.960448360766,1.893998280311687,0.018396377563476562,0.0,0.0,0.014462536712040452,synthetic
same_well_masked,1,tr002f0,ridge_default,3299,20259.688035977604,2.4781364697141504,0.018160343170166016,0.1227928292222672,0.20248560169748409,0.07098687507854619,synthetic
same_well_masked,1,tr002f0,ridge_gr_quality,3299,53671.66391793972,4.033493597687813,0.020537376403808594,0.1227928292222672,0.20248560169748409,0.07098687507854619,synthetic
same_well_masked,1,tr002f0,ridge_imputed_gr,3299,21437.393464148303,2.549146714819162,0.01962566375732422,0.1227928292222672,0.20248560169748409,0.07098687507854619,synthetic
same_well_masked,1,tr002f0,gated_pf_beam,3299,20259.688035977604,2.4781364697141504,0.018392324447631836,0.1227928292222672,0.20248560169748409,0.07098687507854619,synthetic
same_well_masked,1,tr002c8,ridge_default,1156,2862.005089564305,1.5734620902487897,0.015665292739868164,0.05030403537866224,0.0,0.0006115734782361287,synthetic
same_well_masked,1,tr002c8,ridge_gr_quality,1156,15102.099081543056,3.6144293535090477,0.017957210540771484,0.05030403537866224,0.0,0.0006115734782361287,synthetic
same_well_masked,1,tr002c8,ridge_imputed_gr,1156,2278.5858249267476,1.4039569096884321,0.01711130142211914,0.05030403537866224,0.0,0.0006115734782361287,synthetic
same_well_masked,1,tr002c8,gated_pf_beam,1156,2862.005089564305,1.5734620902487897,0.01629352569580078,0.05030403537866224,0.0,0.0006115734782361287,synthetic
same_well_masked,1,tr0012c,ridge_default,3463,19334.628560149762,2.362880024432329,0.017945051193237305,0.026458440887971113,0.0,0.010912380482587082,synthetic
same_well_masked,1,tr0012c,ridge_gr_quality,3463,27195.378702303613,2.8023431216572576,0.020297765731811523,0.026458440887971113,0.0,0.010912380482587082,synthetic
same_well_masked,1,tr0012c,ridge_imputed_gr,3463,24068.251696220854,2.636307265209913,0.019942522048950195,0.026458440887971113,0.0,0.010912380482587082,synthetic
same_well_masked,1,tr0012c,gated_pf_beam,3463,19334.628560149762,2.362880024432329,0.01846480369567871,0.026458440887971113,0.0,0.010912380482587082,synthetic
same_well_masked,1,tr00234,ridge_default,3474,1578.7069462501024,0.6741178901616197,0.01914215087890625,0.0,0.0,0.011079842283973745,synthetic
same_well_masked,1,tr00234,ridge_gr_quality,3474,1192.6123192439445,0.5859151645872022,0.021086454391479492,0.0,0.0,0.011079842283973745,synthetic
same_well_masked,1,tr00234,ridge_imputed_gr,3474,1999.786029974583,0.7587118340222275,0.020443201065063477,0.0,0.0,0.011079842283973745,synthetic
same_well_masked,1,tr00234,gated_pf_beam,3474,1578.7069462501024,0.6741178901616197,0.01944756507873535,0.0,0.0,0.011079842283973745,synthetic
same_well_masked,1,tr0023a,ridge_default,3405,2022.3488412584343,0.7706718165521131,0.01747894287109375,0.6325088339222615,0.45697503671071954,0.0094622803102799,synthetic
same_well_masked,1,tr0023a,ridge_gr_quality,3405,3984.484792477755,1.0817515562775426,0.0193479061126709,0.6325088339222615,0.45697503671071954,0.0094622803102799,synthetic
same_well_masked,1,tr0023a,ridge_imputed_gr,3405,962.5335463567773,0.5316788433527807,0.019541025161743164,0.6325088339222615,0.45697503671071954,0.0094622803102799,synthetic
same_well_masked,1,tr0023a,gated_pf_beam,3405,2022.3488412584343,0.7706718165521131,0.019421100616455078,0.6325088339222615,0.45697503671071954,0.0094622803102799,synthetic
same_well_masked,1,tr001b2,ridge_default,3868,26551.846581312555,2.62001713907104,0.018321514129638672,0.10908187352466148,0.0,0.10666594553611652,synthetic
same_well_masked,1,tr001b2,ridge_gr_quality,3868,36803.141283341734,3.0846025390685865,0.020041465759277344,0.10908187352466148,0.0,0.10666594553611652,synthetic
same_well_masked,1,tr001b2,ridge_imputed_gr,3868,22522.360483856697,2.4130355487280344,0.019974231719970703,0.10908187352466148,0.0,0.10666594553611652,synthetic
same_well_masked,1,tr001b2,gated_pf_beam,3868,26551.846581312555,2.62001713907104,0.018926620483398438,0.10908187352466148,0.0,0.10666594553611652,synthetic
same_well_masked,2,tr000b8,ridge_default,3274,4903.5633245212575,1.223817210954364,0.017379045486450195,0.1334681496461072,0.1386682956627978,0.0067947089155226716,synthetic
same_well_masked,2,tr000b8,ridge_gr_quality,3274,9384.675271505475,1.693051961837323,0.017795562744140625,0.1334681496461072,0.1386682956627978,0.0067947089155226716,synthetic
same_well_masked,2,tr000b8,ridge_imputed_gr,3274,4286.076987104154,1.1441702367110804,0.01729750633239746,0.1334681496461072,0.1386682956627978,0.0067947089155226716,synthetic
same_well_masked,2,tr000b8,gated_pf_beam,3274,4903.5633245212575,1.223817210954364,0.01724839210510254,0.1334681496461072,0.1386682956627978,0.0067947089155226716,synthetic
same_well_masked,2,tr0019e,ridge_default,1329,15.732311306008665,0.10880122253028582,0.014482259750366211,0.059974905897114184,0.0,0.05056841925178192,synthetic
same_well_masked,2,tr0019e,ridge_gr_quality,1329,91.88481517245478,0.26294164921087093,0.015836715698242188,0.059974905897114184,0.0,0.05056841925178192,synthetic
same_well_masked,2,tr0019e,ridge_imputed_gr,1329,35.42150537796092,0.16325670115651097,0.015035390853881836,0.059974905897114184,0.0,0.05056841925178192,synthetic
same_well_masked,2,tr0019e,gated_pf_beam,1329,15.732311306008665,0.10880122253028582,0.01412820816040039,0.059974905897114184,0.0,0.05056841925178192,synthetic
same_well_masked,2,tr00251,ridge_default,3264,6473.059854973375,1.408249923743895,0.017024517059326172,0.027855153203342642,0.0,0.08248652143412025,synthetic
same_well_masked,2,tr00251,ridge_gr_quality,3264,9788.012022124789,1.73169806636519,0.01961064338684082,0.027855153203342642,0.0,0.08248652143412025,synthetic
same_well_masked,2,tr00251,ridge_imputed_gr,3264,9278.879772796727,1.686058732084447,0.018089771270751953,0.027855153203342642,0.0,0.08248652143412025,synthetic
same_well_masked,2,tr00251,gated_pf_beam,3264,6473.059854973375,1.408249923743895,0.01753401756286621,0.027855153203342642,0.0,0.08248652143412025,synthetic
same_well_masked,2,tr00025,ridge_default,2665,16802.074215384513,2.5109198074996346,0.015971899032592773,0.0,0.0,0.21162063583975876,synthetic
same_well_masked,2,tr00025,ridge_gr_quality,2665,13789.421529691808,2.2747015167936855,0.01833343505859375,0.0,0.0,0.21162063583975876,synthetic
same_well_masked,2,tr00025,ridge_imputed_gr,2665,14658.443073268096,2.3452833248131375,0.017600536346435547,0.0,0.0,0.21162063583975876,synthetic
same_well_masked,2,tr00025,gated_pf_beam,2665,16803.527378677936,2.5110283862846274,0.016901731491088867,0.0,0.0,0.21162063583975876,synthetic
same_well_masked,2,tr000c9,ridge_default,1798,2919.2018250895235,1.2741988748130404,0.015416860580444336,0.024796084828711207,0.0,0.00501779134981751,synthetic
same_well_masked,2,tr000c9,ridge_gr_quality,1798,2044.9643168931243,1.0664684781826623,0.016817808151245117,0.024796084828711207,0.0,0.00501779134981751,synthetic
same_well_masked,2,tr000c9,ridge_imputed_gr,1798,1683.1089535610583,0.9675229411130888,0.016524076461791992,0.024796084828711207,0.0,0.00501779134981751,synthetic
same_well_masked,2,tr000c9,gated_pf_beam,1798,2919.2018250895235,1.2741988748130404,0.015794754028320312,0.024796084828711207,0.0,0.00501779134981751,synthetic
same_well_masked,2,tr00176,ridge_default,3439,6637.43926735913,1.3892621134745506,0.017355680465698242,0.03253929273084477,0.0,0.09146419509964808,synthetic
same_well_masked,2,tr00176,ridge_gr_quality,3439,5720.595718873736,1.2897470418906336,0.01840519905090332,0.03253929273084477,0.0,0.09146419509964808,synthetic
same_well_masked,2,tr00176,ridge_imputed_gr,3439,3554.341810165015,1.0166313716328177,0.01810288429260254,0.03253929273084477,0.0,0.09146419509964808,synthetic
same_well_masked,2,tr00176,gated_pf_beam,3439,6637.43926735913,1.3892621134745506,0.017044544219970703,0.03253929273084477,0.0,0.09146419509964808,synthetic
same_well_masked,2,tr0011d,ridge_default,1865,24160.836258530497,3.5992877057118124,0.014753103256225586,0.0581066376496191,0.1672922252010724,0.06058720581993784,synthetic
same_well_masked,2,tr0011d,ridge_gr_quality,1865,22205.148717057687,3.4505428501742794,0.016971349716186523,0.0581066376496191,0.1672922252010724,0.06058720581993784,synthetic
same_well_masked,2,tr0011d,ridge_imputed_gr,1865,24845.86713137581,3.6499562692577197,0.01577901840209961,0.0581066376496191,0.1672922252010724,0.06058720581993784,synthetic
same_well_masked,2,tr0011d,gated_pf_beam,1865,24160.836258530497,3.5992877057118124,0.015339851379394531,0.0581066376496191,0.1672922252010724,0.06058720581993784,synthetic
same_well_masked,2,tr00157,ridge_default,2398,6664.004941035638,1.6670286577879883,0.015822172164916992,0.05119266055045868,0.13511259382819016,0.004185236253511285,synthetic
same_well_masked,2,tr00157,ridge_gr_quality,2398,5629.9582107921515,1.532244235806376,0.01694345474243164,0.05119266055045868,0.13511259382819016,0.004185236253511285,synthetic
same_well_masked,2,tr00157,ridge_imputed_gr,2398,7667.152976741438,1.788102765472996,0.0173037052154541,0.05119266055045868,0.13511259382819016,0.004185236253511285,synthetic
same_well_masked,2,tr00157,gated_pf_beam,2398,6664.004941035638,1.6670286577879883,0.015763044357299805,0.05119266055045868,0.13511259382819016,0.004185236253511285,synthetic
same_well_masked,2,tr0011e,ridge_default,3354,36285.83248448321,3.2891752715158105,0.016678571701049805,0.07561978323159335,0.19439475253428742,0.0029406914236360313,synthetic
same_well_masked,2,tr0011e,ridge_gr_quality,3354,32444.711153142664,3.1102151099491224,0.018438100814819336,0.07561978323159335,0.19439475253428742,0.0029406914236360313,synthetic
same_well_masked,2,tr0011e,ridge_imputed_gr,3354,30179.500346146808,2.999677002396767,0.018375873565673828,0.07561978323159335,0.19439475253428742,0.0029406914236360313,synthetic
same_well_masked,2,tr0011e,gated_pf_beam,3354,36285.83248448321,3.2891752715158105,0.018646717071533203,0.07561978323159335,0.19439475253428742,0.0029406914236360313,synthetic
same_well_masked,2,tr00100,ridge_default,2857,31693.50402557507,3.3306577538085365,0.01668691635131836,0.03425006366182837,0.0,0.045953421550871204,synthetic
same_well_masked,2,tr00100,ridge_gr_quality,2857,28439.848791860142,3.1550665285205985,0.01857924461364746,0.03425006366182837,0.0,0.045953421550871204,synthetic
same_well_masked,2,tr00100,ridge_imputed_gr,2857,26651.465728241852,3.0542559533961935,0.01799941062927246,0.03425006366182837,0.0,0.045953421550871204,synthetic
same_well_masked,2,tr00100,gated_pf_beam,2857,31693.50402557507,3.3306577538085365,0.01719355583190918,0.03425006366182837,0.0,0.045953421550871204,synthetic
same_well_masked,2,tr00003,ridge_default,1293,33.60918348083764,0.1612240098321447,0.014407634735107422,0.6768050028425241,0.9613302397525135,1.764496717866868e-05,synthetic
same_well_masked,2,tr00003,ridge_gr_quality,1293,77.08922878125605,0.2441729712574594,0.016448497772216797,0.6768050028425241,0.9613302397525135,1.764496717866868e-05,synthetic
same_well_masked,2,tr00003,ridge_imputed_gr,1293,239.11409397091015,0.4300345261871434,0.01831960678100586,0.6768050028425241,0.9613302397525135,1.764496717866868e-05,synthetic
same_well_masked,2,tr00003,gated_pf_beam,1293,33.60918348083764,0.1612240098321447,0.014417648315429688,0.6768050028425241,0.9613302397525135,1.764496717866868e-05,synthetic
same_well_masked,2,tr000bf,ridge_default,1298,3889.406922255727,1.7310290059104536,0.014226436614990234,0.18295065950170986,0.3289676425269646,0.0005963114008596428,synthetic
same_well_masked,2,tr000bf,ridge_gr_quality,1298,6374.050311054038,2.2160032720152882,0.015930652618408203,0.18295065950170986,0.3289676425269646,0.0005963114008596428,synthetic
same_well_masked,2,tr000bf,ridge_imputed_gr,1298,2720.349670032486,1.4476881495865672,0.017270803451538086,0.18295065950170986,0.3289676425269646,0.0005963114008596428,synthetic
same_well_masked,2,tr000bf,gated_pf_beam,1298,3889.406922255727,1.7310290059104536,0.014432430267333984,0.18295065950170986,0.3289676425269646,0.0005963114008596428,synthetic
same_well_masked,2,tr001dd,ridge_default,1107,112.22164605915097,0.31839373007714816,0.013668060302734375,0.0,0.0,0.0016430131515703542,synthetic
same_well_masked,2,tr001dd,ridge_gr_quality,1107,270.675950517651,0.49448261219664313,0.01745295524597168,0.0,0.0,0.0016430131515703542,synthetic
same_well_masked,2,tr001dd,ridge_imputed_gr,1107,120.40159229678002,0.32979366177457803,0.016052961349487305,0.0,0.0,0.0016430131515703542,synthetic
same_well_masked,2,tr001dd,gated_pf_beam,1107,112.22164605915097,0.31839373007714816,0.014995813369750977,0.0,0.0,0.0016430131515703542,synthetic
same_well_masked,2,tr0018d,ridge_default,2448,1883.0105019400085,0.8770425510848389,0.015512228012084961,0.75,0.9187091503267973,3.1369874519995886e-05,synthetic
same_well_masked,2,tr0018d,ridge_gr_quality,2448,196.2725904468653,0.2831549254098367,0.02319931983947754,0.75,0.9187091503267973,3.1369874519995886e-05,synthetic
same_well_masked,2,tr0018d,ridge_imputed_gr,2448,421.7123441350576,0.41505194185096345,0.023589611053466797,0.75,0.9187091503267973,3.1369874519995886e-05,synthetic
same_well_masked,2,tr0018d,gated_pf_beam,2448,1883.0105019400085,0.8770425510848389,0.01826953887939453,0.75,0.9187091503267973,3.1369874519995886e-05,synthetic
same_well_masked,2,tr0014d,ridge_default,1766,7916.880945836903,2.117296635557416,0.01499319076538086,0.04645530603258474,0.144960362400906,0.0880883404063421,synthetic
same_well_masked,2,tr0014d,ridge_gr_quality,1766,5669.837293245506,1.7918017171784806,0.01720881462097168,0.04645530603258474,0.144960362400906,0.0880883404063421,synthetic
same_well_masked,2,tr0014d,ridge_imputed_gr,1766,6112.202673217833,1.86038797467575,0.01650834083557129,0.04645530603258474,0.144960362400906,0.0880883404063421,synthetic
same_well_masked,2,tr0014d,gated_pf_beam,1766,8069.5318337946865,2.1376117103781507,0.015587806701660156,0.04645530603258474,0.144960362400906,0.0880883404063421,synthetic
same_well_masked,2,tr0017d,ridge_default,2522,712.7724245610054,0.5316219494430805,0.016675710678100586,0.0,0.0,0.011131496520433567,synthetic
same_well_masked,2,tr0017d,ridge_gr_quality,2522,855.4540455274645,0.5824059472242694,0.01946091651916504,0.0,0.0,0.011131496520433567,synthetic
same_well_masked,2,tr0017d,ridge_imputed_gr,2522,758.5136046171787,0.5484147743427038,0.01792287826538086,0.0,0.0,0.011131496520433567,synthetic
same_well_masked,2,tr0017d,gated_pf_beam,2522,712.7724245610054,0.5316219494430805,0.01627349853515625,0.0,0.0,0.011131496520433567,synthetic
same_well_masked,2,tr00283,ridge_default,2891,3180.9454008580815,1.0489482470853022,0.01679086685180664,0.12213079255088788,0.1345555171221031,0.016513107693139822,synthetic
same_well_masked,2,tr00283,ridge_gr_quality,2891,2417.4299963922845,0.9144351414650127,0.020033836364746094,0.12213079255088788,0.1345555171221031,0.016513107693139822,synthetic
same_well_masked,2,tr00283,ridge_imputed_gr,2891,3495.0779887663866,1.0995231803209462,0.02319025993347168,0.12213079255088788,0.1345555171221031,0.016513107693139822,synthetic
same_well_masked,2,tr00283,gated_pf_beam,2891,3180.9454008580815,1.0489482470853022,0.01770162582397461,0.12213079255088788,0.1345555171221031,0.016513107693139822,synthetic
same_well_masked,2,tr00229,ridge_default,2526,25202.679444789643,3.15868766690135,0.017599105834960938,0.0,0.0,0.004273669934396707,synthetic
same_well_masked,2,tr00229,ridge_gr_quality,2526,21895.69968024382,2.944169034975714,0.019794225692749023,0.0,0.0,0.004273669934396707,synthetic
same_well_masked,2,tr00229,ridge_imputed_gr,2526,24166.817782765473,3.0930935877377115,0.017825603485107422,0.0,0.0,0.004273669934396707,synthetic
same_well_masked,2,tr00229,gated_pf_beam,2526,25202.679444789643,3.15868766690135,0.016653060913085938,0.0,0.0,0.004273669934396707,synthetic
same_well_masked,2,tr001c1,ridge_default,2723,9282.682587117843,1.8463453183421636,0.018767118453979492,0.7447835833764442,0.6136614028644877,0.001155516101671275,synthetic
same_well_masked,2,tr001c1,ridge_gr_quality,2723,5896.865151047125,1.4715898292086875,0.018265247344970703,0.7447835833764442,0.6136614028644877,0.001155516101671275,synthetic
same_well_masked,2,tr001c1,ridge_imputed_gr,2723,7330.406243817971,1.6407416436847473,0.017966508865356445,0.7447835833764442,0.6136614028644877,0.001155516101671275,synthetic
same_well_masked,2,tr001c1,gated_pf_beam,2723,9282.682587117843,1.8463453183421636,0.01793980598449707,0.7447835833764442,0.6136614028644877,0.001155516101671275,synthetic
same_well_masked,2,tr00116,ridge_default,2167,207.91647483263023,0.3097526253217103,0.0185091495513916,0.5593132825609913,0.4310106137517305,0.0019195137920175048,synthetic
same_well_masked,2,tr00116,ridge_gr_quality,2167,651.7344514631061,0.5484106546884989,0.019143104553222656,0.5593132825609913,0.4310106137517305,0.0019195137920175048,synthetic
same_well_masked,2,tr00116,ridge_imputed_gr,2167,160.2602367522909,0.2719464753251246,0.019397735595703125,0.5593132825609913,0.4310106137517305,0.0019195137920175048,synthetic
same_well_masked,2,tr00116,gated_pf_beam,2167,207.91647483263023,0.3097526253217103,0.019953012466430664,0.5593132825609913,0.4310106137517305,0.0019195137920175048,synthetic
same_well_masked,3,tr00014,ridge_default,2276,921.1330348627946,0.636172731785408,0.016840696334838867,0.13943595399401287,0.19727592267135324,0.008924824458845479,synthetic
same_well_masked,3,tr00014,ridge_gr_quality,2276,55.80569537548011,0.1565860731981966,0.017794132232666016,0.13943595399401287,0.19727592267135324,0.008924824458845479,synthetic
same_well_masked,3,tr00014,ridge_imputed_gr,2276,1403.1862382396957,0.7851841595630218,0.017395734786987305,0.13943595399401287,0.19727592267135324,0.008924824458845479,synthetic
same_well_masked,3,tr00014,gated_pf_beam,2276,921.1330348627946,0.636172731785408,0.01610112190246582,0.13943595399401287,0.19727592267135324,0.008924824458845479,synthetic
same_well_masked,3,tr00217,ridge_default,2670,2522.948956397351,0.9720723752738494,0.01514744758605957,0.10301953818827714,0.14681647940074907,0.12921173820335544,synthetic
same_well_masked,3,tr00217,ridge_gr_quality,2670,2951.5151574218976,1.0513973504567753,0.01665353775024414,0.10301953818827714,0.14681647940074907,0.12921173820335544,synthetic
same_well_masked,3,tr00217,ridge_imputed_gr,2670,2426.01912287625,0.9532163418320493,0.016676902770996094,0.10301953818827714,0.14681647940074907,0.12921173820335544,synthetic
same_well_masked,3,tr00217,gated_pf_beam,2670,2558.819029355401,0.9789582151575699,0.015348196029663086,0.10301953818827714,0.14681647940074907,0.12921173820335544,synthetic
same_well_masked,3,tr00129,ridge_default,2742,20956.559499972478,2.764561573362915,0.014766931533813477,0.09261430246189917,0.0,0.012373616687383453,synthetic
same_well_masked,3,tr00129,ridge_gr_quality,2742,27579.562605216342,3.171465284612338,0.016713857650756836,0.09261430246189917,0.0,0.012373616687383453,synthetic
same_well_masked,3,tr00129,ridge_imputed_gr,2742,20171.52668819381,2.7122871059447835,0.01659989356994629,0.09261430246189917,0.0,0.012373616687383453,synthetic
same_well_masked,3,tr00129,gated_pf_beam,2742,20956.559499972478,2.764561573362915,0.01578998565673828,0.09261430246189917,0.0,0.012373616687383453,synthetic
same_well_masked,3,tr000f9,ridge_default,2741,39305.59914368483,3.786802826299504,0.015316009521484375,0.5373202814316305,0.9193724917913171,0.010625058621717748,synthetic
same_well_masked,3,tr000f9,ridge_gr_quality,2741,66653.93549825397,4.931265443644816,0.017079830169677734,0.5373202814316305,0.9193724917913171,0.010625058621717748,synthetic
same_well_masked,3,tr000f9,ridge_imputed_gr,2741,47647.682210327075,4.169330973023701,0.01672673225402832,0.5373202814316305,0.9193724917913171,0.010625058621717748,synthetic
same_well_masked,3,tr000f9,gated_pf_beam,2741,39305.59914368483,3.786802826299504,0.01729607582092285,0.5373202814316305,0.9193724917913171,0.010625058621717748,synthetic
same_well_masked,3,tr000b5,ridge_default,2036,1299.9363268969087,0.7990466836184386,0.014284133911132812,0.0,0.0,0.002873643970392268,synthetic
same_well_masked,3,tr000b5,ridge_gr_quality,2036,703.2732651937924,0.5877236501919814,0.016255617141723633,0.0,0.0,0.002873643970392268,synthetic
same_well_masked,3,tr000b5,ridge_imputed_gr,2036,1293.8948016479405,0.7971877145835091,0.01532125473022461,0.0,0.0,0.002873643970392268,synthetic
same_well_masked,3,tr000b5,gated_pf_beam,2036,1299.9363268969087,0.7990466836184386,0.014353036880493164,0.0,0.0,0.002873643970392268,synthetic
same_well_masked,3,tr00216,ridge_default,3750,3459.578876280846,0.9604969375319349,0.01772928237915039,0.02778738614089704,0.07626666666666666,0.044016813385201574,synthetic
same_well_masked,3,tr00216,ridge_gr_quality,3750,9710.213396489402,1.6091582392865658,0.018957853317260742,0.02778738614089704,0.07626666666666666,0.044016813385201574,synthetic
same_well_masked,3,tr00216,ridge_imputed_gr,3750,3902.346258989692,1.020110616092156,0.0183560848236084,0.02778738614089704,0.07626666666666666,0.044016813385201574,synthetic
same_well_masked,3,tr00216,gated_pf_beam,3750,3459.578876280846,0.9604969375319349,0.01709747314453125,0.02778738614089704,0.07626666666666666,0.044016813385201574,synthetic
same_well_masked,3,tr0013a,ridge_default,1604,242.47971843492405,0.38880830017646517,0.015032291412353516,0.07300963941449479,0.0,0.0031204422484210014,synthetic
same_well_masked,3,tr0013a,ridge_gr_quality,1604,1083.5946123190631,0.8219231949236684,0.016652822494506836,0.07300963941449479,0.0,0.0031204422484210014,synthetic
same_well_masked,3,tr0013a,ridge_imputed_gr,1604,244.07217070667411,0.3900829334311944,0.01682734489440918,0.07300963941449479,0.0,0.0031204422484210014,synthetic
same_well_masked,3,tr0013a,gated_pf_beam,1604,242.47971843492405,0.38880830017646517,0.015249490737915039,0.07300963941449479,0.0,0.0031204422484210014,synthetic
same_well_masked,3,tr001f7,ridge_default,2240,41123.203912955076,4.284690557721336,0.014449357986450195,0.0,0.0,0.04090795786622791,synthetic
same_well_masked,3,tr001f7,ridge_gr_quality,2240,24073.958506123498,3.2783079331446916,0.015956401824951172,0.0,0.0,0.04090795786622791,synthetic
same_well_masked,3,tr001f7,ridge_imputed_gr,2240,38568.748230203404,4.149480831887038,0.01571488380432129,0.0,0.0,0.04090795786622791,synthetic
same_well_masked,3,tr001f7,gated_pf_beam,2240,41123.203912955076,4.284690557721336,0.01488947868347168,0.0,0.0,0.04090795786622791,synthetic
same_well_masked,3,tr00270,ridge_default,3169,6460.202070382481,1.427782095977876,0.01567816734313965,0.0,0.0,0.03285478871269956,synthetic
same_well_masked,3,tr00270,ridge_gr_quality,3169,6062.906634232966,1.3831819744068625,0.016874313354492188,0.0,0.0,0.03285478871269956,synthetic
same_well_masked,3,tr00270,ridge_imputed_gr,3169,7507.2246913431345,1.5391416396338857,0.016699790954589844,0.0,0.0,0.03285478871269956,synthetic
same_well_masked,3,tr00270,gated_pf_beam,3169,6460.202070382481,1.427782095977876,0.01557612419128418,0.0,0.0,0.03285478871269956,synthetic
same_well_masked,3,tr00281,ridge_default,3373,1839.3940605953158,0.7384638145463874,0.015883684158325195,0.0,0.0,0.03245142155816274,synthetic
same_well_masked,3,tr00281,ridge_gr_quality,3373,4766.26051780596,1.1887231423268654,0.018214702606201172,0.0,0.0,0.03245142155816274,synthetic
same_well_masked,3,tr00281,ridge_imputed_gr,3373,1862.555346360625,0.7430985652814036,0.017467260360717773,0.0,0.0,0.03245142155816274,synthetic
same_well_masked,3,tr00281,gated_pf_beam,3373,1839.3940605953158,0.7384638145463874,0.01661372184753418,0.0,0.0,0.03245142155816274,synthetic
same_well_masked,3,tr001ad,ridge_default,2456,1286.595807642602,0.7237805108370279,0.01680278778076172,0.0,0.0,0.004147715000236123,synthetic
same_well_masked,3,tr001ad,ridge_gr_quality,2456,3087.9573384605774,1.1212990769167572,0.018016815185546875,0.0,0.0,0.004147715000236123,synthetic
same_well_masked,3,tr001ad,ridge_imputed_gr,2456,1404.1570315450356,0.7561251058591557,0.018117666244506836,0.0,0.0,0.004147715000236123,synthetic
same_well_masked,3,tr001ad,gated_pf_beam,2456,1286.595807642602,0.7237805108370279,0.0167691707611084,0.0,0.0,0.004147715000236123,synthetic
same_well_masked,3,tr0017e,ridge_default,2720,29535.409675736028,3.295239975848855,0.014922857284545898,0.0,0.0,0.009536001553878438,synthetic
same_well_masked,3,tr0017e,ridge_gr_quality,2720,30326.715661166105,3.3390908667787382,0.01663684844970703,0.0,0.0,0.009536001553878438,synthetic
same_well_masked,3,tr0017e,ridge_imputed_gr,2720,29567.16467783895,3.2970109389503754,0.016248226165771484,0.0,0.0,0.009536001553878438,synthetic
same_well_masked,3,tr0017e,gated_pf_beam,2720,29535.409675736028,3.295239975848855,0.015189170837402344,0.0,0.0,0.009536001553878438,synthetic
same_well_masked,3,tr001f9,ridge_default,4161,21333.874180995113,2.2643106374922564,0.016326189041137695,0.0,0.0,0.10489352606626808,synthetic
same_well_masked,3,tr001f9,ridge_gr_quality,4161,16077.876922149668,1.9656920987521855,0.018123149871826172,0.0,0.0,0.10489352606626808,synthetic
same_well_masked,3,tr001f9,ridge_imputed_gr,4161,18311.360405972824,2.0977872783068148,0.017930984497070312,0.0,0.0,0.10489352606626808,synthetic
same_well_masked,3,tr001f9,gated_pf_beam,4161,21333.874180995113,2.2643106374922564,0.01681661605834961,0.0,0.0,0.10489352606626808,synthetic
same_well_masked,3,tr00182,ridge_default,2319,105.89513743813845,0.2136916905512887,0.015836477279663086,0.030051150895140655,0.0,0.002455448064484021,synthetic
same_well_masked,3,tr00182,ridge_gr_quality,2319,294.14055700795836,0.35614518809226625,0.017589569091796875,0.030051150895140655,0.0,0.002455448064484021,synthetic
same_well_masked,3,tr00182,ridge_imputed_gr,2319,79.55690369581842,0.18522029085142605,0.017300128936767578,0.030051150895140655,0.0,0.002455448064484021,synthetic
same_well_masked,3,tr00182,gated_pf_beam,2319,105.89513743813845,0.2136916905512887,0.0162355899810791,0.030051150895140655,0.0,0.002455448064484021,synthetic
same_well_masked,3,tr001da,ridge_default,3725,19414.38955353745,2.2829622551999784,0.01620793342590332,0.130506329113924,0.1653691275167785,0.05028566815376999,synthetic
same_well_masked,3,tr001da,ridge_gr_quality,3725,11488.944138484036,1.756211919340402,0.017133235931396484,0.130506329113924,0.1653691275167785,0.05028566815376999,synthetic
same_well_masked,3,tr001da,ridge_imputed_gr,3725,21400.078004576142,2.3968703310314536,0.01691746711730957,0.130506329113924,0.1653691275167785,0.05028566815376999,synthetic
same_well_masked,3,tr001da,gated_pf_beam,3725,19414.38955353745,2.2829622551999784,0.016370534896850586,0.130506329113924,0.1653691275167785,0.05028566815376999,synthetic
same_well_masked,3,tr001bb,ridge_default,2988,105186.67602945627,5.933214768835239,0.015694618225097656,0.7013492836277646,0.7971887550200804,0.011549400351782415,synthetic
same_well_masked,3,tr001bb,ridge_gr_quality,2988,109786.12540693911,6.061546379736872,0.017554521560668945,0.7013492836277646,0.7971887550200804,0.011549400351782415,synthetic
same_well_masked,3,tr001bb,ridge_imputed_gr,2988,80036.69194863811,5.175523305149081,0.017199277877807617,0.7013492836277646,0.7971887550200804,0.011549400351782415,synthetic
same_well_masked,3,tr001bb,gated_pf_beam,2988,105186.67602945627,5.933214768835239,0.016206979751586914,0.7013492836277646,0.7971887550200804,0.011549400351782415,synthetic
same_well_masked,3,tr00113,ridge_default,2511,13577.698639725288,2.32535747603849,0.01423954963684082,0.015278554127072907,0.0,0.008994370266095396,synthetic
same_well_masked,3,tr00113,ridge_gr_quality,2511,21415.414026675113,2.920383467362751,0.016583681106567383,0.015278554127072907,0.0,0.008994370266095396,synthetic
same_well_masked,3,tr00113,ridge_imputed_gr,2511,12646.24230036017,2.2441784771226363,0.01630568504333496,0.015278554127072907,0.0,0.008994370266095396,synthetic
same_well_masked,3,tr00113,gated_pf_beam,2511,13577.698639725288,2.32535747603849,0.01493072509765625,0.015278554127072907,0.0,0.008994370266095396,synthetic
same_well_masked,3,tr0001b,ridge_default,2186,7805.525482205318,1.8896266013906367,0.01689004898071289,0.0,0.0,0.004580770291249338,synthetic
same_well_masked,3,tr0001b,ridge_gr_quality,2186,10970.087055948874,2.2401647452762132,0.017492055892944336,0.0,0.0,0.004580770291249338,synthetic
same_well_masked,3,tr0001b,ridge_imputed_gr,2186,8627.75405401446,1.9866611516741137,0.016817808151245117,0.0,0.0,0.004580770291249338,synthetic
same_well_masked,3,tr0001b,gated_pf_beam,2186,7805.525482205318,1.8896266013906367,0.01579141616821289,0.0,0.0,0.004580770291249338,synthetic
same_well_masked,3,tr001ac,ridge_default,2782,7743.697137839602,1.6683824650082322,0.014729976654052734,0.5287794729542302,0.6304816678648454,0.0009929994391592268,synthetic
same_well_masked,3,tr001ac,ridge_gr_quality,2782,52.29238422016583,0.13710101150057533,0.016076087951660156,0.5287794729542302,0.6304816678648454,0.0009929994391592268,synthetic
same_well_masked,3,tr001ac,ridge_imputed_gr,2782,7043.282556161377,1.5911421951919975,0.015973806381225586,0.5287794729542302,0.6304816678648454,0.0009929994391592268,synthetic
same_well_masked,3,tr001ac,gated_pf_beam,2782,7743.697137839602,1.6683824650082322,0.014859437942504883,0.5287794729542302,0.6304816678648454,0.0009929994391592268,synthetic
same_well_masked,3,tr00241,ridge_default,2726,16553.11935722491,2.4642059253863233,0.0158383846282959,0.5477127397934087,0.9537784299339692,0.00040409496545528876,synthetic
same_well_masked,3,tr00241,ridge_gr_quality,2726,36644.824792586616,3.666430010445009,0.018163442611694336,0.5477127397934087,0.9537784299339692,0.00040409496545528876,synthetic
same_well_masked,3,tr00241,ridge_imputed_gr,2726,17707.736679531263,2.5486993129141444,0.017711639404296875,0.5477127397934087,0.9537784299339692,0.00040409496545528876,synthetic
same_well_masked,3,tr00241,gated_pf_beam,2726,16553.11935722491,2.4642059253863233,0.0166013240814209,0.5477127397934087,0.9537784299339692,0.00040409496545528876,synthetic
same_well_masked,4,tr002aa,ridge_default,4228,38488.628301192475,3.017162681782769,0.020137310028076172,0.0,0.0,0.013224865282212991,synthetic
same_well_masked,4,tr002aa,ridge_gr_quality,4228,60043.28957739522,3.7684672865792255,0.02041006088256836,0.0,0.0,0.013224865282212991,synthetic
same_well_masked,4,tr002aa,ridge_imputed_gr,4228,34011.80675809409,2.836268633791723,0.01840829849243164,0.0,0.0,0.013224865282212991,synthetic
same_well_masked,4,tr002aa,gated_pf_beam,4228,38488.628301192475,3.017162681782769,0.017548084259033203,0.0,0.0,0.013224865282212991,synthetic
same_well_masked,4,tr00297,ridge_default,1532,2094.1450885759446,1.1691601414721913,0.014730453491210938,0.0,0.0,0.0017105819503196568,synthetic
same_well_masked,4,tr00297,ridge_gr_quality,1532,4973.960120531606,1.8018629974122913,0.015910863876342773,0.0,0.0,0.0017105819503196568,synthetic
same_well_masked,4,tr00297,ridge_imputed_gr,1532,2813.608227602926,1.3551969950166547,0.015574216842651367,0.0,0.0,0.0017105819503196568,synthetic
same_well_masked,4,tr00297,gated_pf_beam,1532,2094.1450885759446,1.1691601414721913,0.01457977294921875,0.0,0.0,0.0017105819503196568,synthetic
same_well_masked,4,tr00038,ridge_default,2947,253.9014683187085,0.29352327084154733,0.01588726043701172,0.0766360951344629,0.0,0.004297376805953555,synthetic
same_well_masked,4,tr00038,ridge_gr_quality,2947,182.32313762125233,0.24873152072026208,0.018011808395385742,0.0766360951344629,0.0,0.004297376805953555,synthetic
same_well_masked,4,tr00038,ridge_imputed_gr,2947,227.87273645377817,0.27807126713787134,0.017042875289916992,0.0766360951344629,0.0,0.004297376805953555,synthetic
same_well_masked,4,tr00038,gated_pf_beam,2947,253.9014683187085,0.29352327084154733,0.016269207000732422,0.0766360951344629,0.0,0.004297376805953555,synthetic
same_well_masked,4,tr00032,ridge_default,2100,2968.648635097642,1.1889668654715964,0.014368057250976562,0.07471783295711065,0.12761904761904763,0.016956575952579343,synthetic
same_well_masked,4,tr00032,ridge_gr_quality,2100,13670.776965987046,2.5514493515112475,0.016292572021484375,0.07471783295711065,0.12761904761904763,0.016956575952579343,synthetic
same_well_masked,4,tr00032,ridge_imputed_gr,2100,2693.1287062235324,1.132449663807988,0.015532255172729492,0.07471783295711065,0.12761904761904763,0.016956575952579343,synthetic
same_well_masked,4,tr00032,gated_pf_beam,2100,2968.648635097642,1.1889668654715964,0.015131235122680664,0.07471783295711065,0.12761904761904763,0.016956575952579343,synthetic
same_well_masked,4,tr00184,ridge_default,1121,656.6834088087272,0.7653766622748405,0.013894796371459961,0.1776333604115895,0.0,0.0051690137305659,synthetic
same_well_masked,4,tr00184,ridge_gr_quality,1121,813.7686012488,0.8520158188783302,0.015468835830688477,0.1776333604115895,0.0,0.0051690137305659,synthetic
same_well_masked,4,tr00184,ridge_imputed_gr,1121,976.5235729590687,0.9333371647595425,0.015062093734741211,0.1776333604115895,0.0,0.0051690137305659,synthetic
same_well_masked,4,tr00184,gated_pf_beam,1121,656.6834088087272,0.7653766622748405,0.014012813568115234,0.1776333604115895,0.0,0.0051690137305659,synthetic
same_well_masked,4,tr0000f,ridge_default,2649,41530.49499257261,3.959520306072289,0.016214609146118164,0.5366584900517852,0.7889769724424311,0.00018643245720285903,synthetic
same_well_masked,4,tr0000f,ridge_gr_quality,2649,47500.58243323376,4.234561925079439,0.01778435707092285,0.5366584900517852,0.7889769724424311,0.00018643245720285903,synthetic
same_well_masked,4,tr0000f,ridge_imputed_gr,2649,37647.736602402816,3.7698880749363513,0.017222166061401367,0.5366584900517852,0.7889769724424311,0.00018643245720285903,synthetic
same_well_masked,4,tr0000f,gated_pf_beam,2649,41530.49499257261,3.959520306072289,0.016269445419311523,0.5366584900517852,0.7889769724424311,0.00018643245720285903,synthetic
same_well_masked,4,tr001f3,ridge_default,1722,1234.4588496750769,0.8466847452761387,0.014143705368041992,0.0,0.0,0.0021316721225598145,synthetic
same_well_masked,4,tr001f3,ridge_gr_quality,1722,946.6055902304597,0.7414262514321261,0.015951871871948242,0.0,0.0,0.0021316721225598145,synthetic
same_well_masked,4,tr001f3,ridge_imputed_gr,1722,1709.775887992097,0.9964442847138844,0.015241384506225586,0.0,0.0,0.0021316721225598145,synthetic
same_well_masked,4,tr001f3,gated_pf_beam,1722,1234.4588496750769,0.8466847452761387,0.014426946640014648,0.0,0.0,0.0021316721225598145,synthetic
same_well_masked,4,tr00063,ridge_default,1178,56.70608362417613,0.21940280811939447,0.014049530029296875,0.08648648648648649,0.0,0.0008940141820580819,synthetic
same_well_masked,4,tr00063,ridge_gr_quality,1178,14.37782770432446,0.110477539237607,0.01557302474975586,0.08648648648648649,0.0,0.0008940141820580819,synthetic
same_well_masked,4,tr00063,ridge_imputed_gr,1178,29.661604370765737,0.15868090684104438,0.01506805419921875,0.08648648648648649,0.0,0.0008940141820580819,synthetic
same_well_masked,4,tr00063,gated_pf_beam,1178,56.70608362417613,0.21940280811939447,0.014643430709838867,0.08648648648648649,0.0,0.0008940141820580819,synthetic
same_well_masked,4,tr00169,ridge_default,2631,4775.781966030154,1.347292280954407,0.015804052352905273,0.14203346927295735,0.12770809578107184,0.07060879204310487,synthetic
same_well_masked,4,tr00169,ridge_gr_quality,2631,4378.1046475945495,1.2899790138503366,0.0172274112701416,0.14203346927295735,0.12770809578107184,0.07060879204310487,synthetic
same_well_masked,4,tr00169,ridge_imputed_gr,2631,3519.603466563661,1.1566086723221416,0.01703810691833496,0.14203346927295735,0.12770809578107184,0.07060879204310487,synthetic
same_well_masked,4,tr00169,gated_pf_beam,2631,4775.781966030154,1.347292280954407,0.01633620262145996,0.14203346927295735,0.12770809578107184,0.07060879204310487,synthetic
same_well_masked,4,tr000ad,ridge_default,2093,7549.99803765443,1.8992791699323597,0.014391899108886719,0.11882880957469544,0.03870043000477783,0.005488251163621674,synthetic
same_well_masked,4,tr000ad,ridge_gr_quality,2093,5753.126909644376,1.6579344775333484,0.015996217727661133,0.11882880957469544,0.03870043000477783,0.005488251163621674,synthetic
same_well_masked,4,tr000ad,ridge_imputed_gr,2093,8846.566214559589,2.055903623891648,0.01534271240234375,0.11882880957469544,0.03870043000477783,0.005488251163621674,synthetic
same_well_masked,4,tr000ad,gated_pf_beam,2093,7549.99803765443,1.8992791699323597,0.01429438591003418,0.11882880957469544,0.03870043000477783,0.005488251163621674,synthetic
same_well_masked,4,tr001aa,ridge_default,3783,29131.697898313374,2.7750111224394285,0.015837669372558594,0.06334214834403729,0.08009516256938938,0.006226682954604902,synthetic
same_well_masked,4,tr001aa,ridge_gr_quality,3783,9011.804822353086,1.543432773731862,0.017566204071044922,0.06334214834403729,0.08009516256938938,0.006226682954604902,synthetic
same_well_masked,4,tr001aa,ridge_imputed_gr,3783,28990.26211886276,2.7682665206177934,0.017741918563842773,0.06334214834403729,0.08009516256938938,0.006226682954604902,synthetic
same_well_masked,4,tr001aa,gated_pf_beam,3783,29131.697898313374,2.7750111224394285,0.01649308204650879,0.06334214834403729,0.08009516256938938,0.006226682954604902,synthetic
same_well_masked,4,tr00001,ridge_default,3072,2703.8262563249646,0.9381640454352583,0.016471147537231445,0.02426903963943139,0.0,0.11549048780480069,synthetic
same_well_masked,4,tr00001,ridge_gr_quality,3072,972.9782751144476,0.5627829945285164,0.01818251609802246,0.02426903963943139,0.0,0.11549048780480069,synthetic
same_well_masked,4,tr00001,ridge_imputed_gr,3072,3216.2165719521718,1.0232035470434744,0.017518281936645508,0.02426903963943139,0.0,0.11549048780480069,synthetic
same_well_masked,4,tr00001,gated_pf_beam,3072,2703.8262563249646,0.9381640454352583,0.01686882972717285,0.02426903963943139,0.0,0.11549048780480069,synthetic
same_well_masked,4,tr00178,ridge_default,2025,564.408293241728,0.5279395276077837,0.015761613845825195,0.04292307692307695,0.0,0.009488664920545602,synthetic
same_well_masked,4,tr00178,ridge_gr_quality,2025,1403.8953986606293,0.8326353813950786,0.01671004295349121,0.04292307692307695,0.0,0.009488664920545602,synthetic
same_well_masked,4,tr00178,ridge_imputed_gr,2025,397.7705256259571,0.44320411685588335,0.016573190689086914,0.04292307692307695,0.0,0.009488664920545602,synthetic
same_well_masked,4,tr00178,gated_pf_beam,2025,564.408293241728,0.5279395276077837,0.015324115753173828,0.04292307692307695,0.0,0.009488664920545602,synthetic
same_well_masked,4,tr00298,ridge_default,2727,43157.730343378265,3.9782010676031434,0.016329050064086914,0.0,0.0,0.003374252441123546,synthetic
same_well_masked,4,tr00298,ridge_gr_quality,2727,17883.39568045635,2.560839876470469,0.018001317977905273,0.0,0.0,0.003374252441123546,synthetic
same_well_masked,4,tr00298,ridge_imputed_gr,2727,45233.69019296201,4.072756454613992,0.017688512802124023,0.0,0.0,0.003374252441123546,synthetic
same_well_masked,4,tr00298,gated_pf_beam,2727,43157.730343378265,3.9782010676031434,0.019168853759765625,0.0,0.0,0.003374252441123546,synthetic
same_well_masked,4,tr0003e,ridge_default,2209,35321.6206333613,3.998733425173011,0.014629364013671875,0.0887814313346228,0.16342236306020824,0.009454083744617127,synthetic
same_well_masked,4,tr0003e,ridge_gr_quality,2209,25601.582296643024,3.404360523417151,0.016762971878051758,0.0887814313346228,0.16342236306020824,0.009454083744617127,synthetic
same_well_masked,4,tr0003e,ridge_imputed_gr,2209,37965.116299353685,4.145667905280808,0.0161745548248291,0.0887814313346228,0.16342236306020824,0.009454083744617127,synthetic
same_well_masked,4,tr0003e,gated_pf_beam,2209,35321.6206333613,3.998733425173011,0.015215396881103516,0.0887814313346228,0.16342236306020824,0.009454083744617127,synthetic
same_well_masked,4,tr00058,ridge_default,3763,27655.684036187035,2.7109723819992224,0.01690220832824707,0.0,0.0,0.0106213012185116,synthetic
same_well_masked,4,tr00058,ridge_gr_quality,3763,16142.526009074762,2.0711837890013896,0.01889944076538086,0.0,0.0,0.0106213012185116,synthetic
same_well_masked,4,tr00058,ridge_imputed_gr,3763,29727.361109892285,2.8106778437785045,0.01837897300720215,0.0,0.0,0.0106213012185116,synthetic
same_well_masked,4,tr00058,gated_pf_beam,3763,27655.684036187035,2.7109723819992224,0.017667293548583984,0.0,0.0,0.0106213012185116,synthetic
same_well_masked,4,tr00285,ridge_default,3226,61481.35994072238,4.365555874907355,0.016321897506713867,0.0974090682610862,0.2259764414135152,0.12759663342371858,synthetic
same_well_masked,4,tr00285,ridge_gr_quality,3226,45302.4455579376,3.7473878299460512,0.017734289169311523,0.0974090682610862,0.2259764414135152,0.12759663342371858,synthetic
same_well_masked,4,tr00285,ridge_imputed_gr,3226,60154.99882266218,4.318209214382291,0.018375635147094727,0.0974090682610862,0.2259764414135152,0.12759663342371858,synthetic
same_well_masked,4,tr00285,gated_pf_beam,3226,61220.72194361114,4.356292594099888,0.017081499099731445,0.0974090682610862,0.2259764414135152,0.12759663342371858,synthetic
same_well_masked,4,tr001e0,ridge_default,2048,1822.6571835345578,0.9433818568839096,0.01509237289428711,0.20670491215489428,0.0,0.002532391651396934,synthetic
same_well_masked,4,tr001e0,ridge_gr_quality,2048,4786.294332656065,1.5287438567717024,0.01677703857421875,0.20670491215489428,0.0,0.002532391651396934,synthetic
same_well_masked,4,tr001e0,ridge_imputed_gr,2048,1209.0502628109482,0.7683466493960641,0.016890287399291992,0.20670491215489428,0.0,0.002532391651396934,synthetic
same_well_masked,4,tr001e0,gated_pf_beam,2048,1822.6571835345578,0.9433818568839096,0.0164947509765625,0.20670491215489428,0.0,0.002532391651396934,synthetic
same_well_masked,4,tr0010c,ridge_default,3274,30044.35583600599,3.0292987870320123,0.01656627655029297,0.0,0.0,0.011444826401740486,synthetic
same_well_masked,4,tr0010c,ridge_gr_quality,3274,20402.218897676124,2.4963148708721836,0.018755197525024414,0.0,0.0,0.011444826401740486,synthetic
same_well_masked,4,tr0010c,ridge_imputed_gr,3274,28336.000671586233,2.941913773352828,0.018054962158203125,0.0,0.0,0.011444826401740486,synthetic
same_well_masked,4,tr0010c,gated_pf_beam,3274,30044.35583600599,3.0292987870320123,0.016757965087890625,0.0,0.0,0.011444826401740486,synthetic
same_well_masked,4,tr002ba,ridge_default,3198,619.8887572221887,0.44026853665935134,0.016112089157104492,0.0,0.0,0.09387509834234628,synthetic
same_well_masked,4,tr002ba,ridge_gr_quality,3198,1884.667540466411,0.7676763222417278,0.01819586753845215,0.0,0.0,0.09387509834234628,synthetic
same_well_masked,4,tr002ba,ridge_imputed_gr,3198,1972.2802842065016,0.7853171593152531,0.01750946044921875,0.0,0.0,0.09387509834234628,synthetic
same_well_masked,4,tr002ba,gated_pf_beam,3198,619.8887572221887,0.44026853665935134,0.016077280044555664,0.0,0.0,0.09387509834234628,synthetic
unseen_well,0,tr00254,ridge_default,3631,38292.71797068618,3.2474686865190607,0.019132375717163086,0.057868830650525505,0.1321949876067199,0.11608563242501792,synthetic
unseen_well,0,tr00254,ridge_gr_quality,3631,36360.102276289115,3.1644586391254412,0.019053220748901367,0.057868830650525505,0.1321949876067199,0.11608563242501792,synthetic
unseen_well,0,tr00254,ridge_imputed_gr,3631,32189.813747523473,2.9774611771246233,0.018528223037719727,0.057868830650525505,0.1321949876067199,0.11608563242501792,synthetic
unseen_well,0,tr00254,gated_pf_beam,3631,38292.71797068618,3.2474686865190607,0.01778554916381836,0.057868830650525505,0.1321949876067199,0.11608563242501792,synthetic
unseen_well,0,tr00077,ridge_default,1941,255.3972295926789,0.36273989528229034,0.015271663665771484,0.05760626398210289,0.0,0.0027367301891627676,synthetic
unseen_well,0,tr00077,ridge_gr_quality,1941,97.41805571722648,0.2240304035141785,0.01698136329650879,0.05760626398210289,0.0,0.0027367301891627676,synthetic
unseen_well,0,tr00077,ridge_imputed_gr,1941,172.96197091508492,0.2985125160932796,0.017078161239624023,0.05760626398210289,0.0,0.0027367301891627676,synthetic
unseen_well,0,tr00077,gated_pf_beam,1941,255.3972295926789,0.36273989528229034,0.015863656997680664,0.05760626398210289,0.0,0.0027367301891627676,synthetic
unseen_well,0,tr0025f,ridge_default,4221,101036.875768804,4.89251626624735,0.01805734634399414,0.049180327868852514,0.11158493248045487,0.06581176748779603,synthetic
unseen_well,0,tr0025f,ridge_gr_quality,4221,89049.36622903784,4.593119454457747,0.019272327423095703,0.049180327868852514,0.11158493248045487,0.06581176748779603,synthetic
unseen_well,0,tr0025f,ridge_imputed_gr,4221,90781.09023839004,4.637565120150508,0.01887798309326172,0.049180327868852514,0.11158493248045487,0.06581176748779603,synthetic
unseen_well,0,tr0025f,gated_pf_beam,4221,101036.875768804,4.89251626624735,0.018228769302368164,0.049180327868852514,0.11158493248045487,0.06581176748779603,synthetic
unseen_well,0,tr00036,ridge_default,1863,7100.797106008751,1.9523025625563843,0.015638351440429688,0.0,0.0,0.0691583452791564,synthetic
unseen_well,0,tr00036,ridge_gr_quality,1863,7855.072259374366,2.053376865947756,0.017316102981567383,0.0,0.0,0.0691583452791564,synthetic
unseen_well,0,tr00036,ridge_imputed_gr,1863,8498.973670232832,2.135879829577131,0.01688098907470703,0.0,0.0,0.0691583452791564,synthetic
unseen_well,0,tr00036,gated_pf_beam,1863,7100.797106008751,1.9523025625563843,0.015665292739868164,0.0,0.0,0.0691583452791564,synthetic
unseen_well,0,tr002cd,ridge_default,3265,27256.50295104292,2.8893055674126,0.015968799591064453,0.5598207617625093,0.47473200612557426,0.007433363474530208,synthetic
unseen_well,0,tr002cd,ridge_gr_quality,3265,25559.90954318457,2.7979378505196406,0.018510103225708008,0.5598207617625093,0.47473200612557426,0.007433363474530208,synthetic
unseen_well,0,tr002cd,ridge_imputed_gr,3265,22442.710690602125,2.6217788924076846,0.018067121505737305,0.5598207617625093,0.47473200612557426,0.007433363474530208,synthetic
unseen_well,0,tr002cd,gated_pf_beam,3265,27256.50295104292,2.8893055674126,0.016609907150268555,0.5598207617625093,0.47473200612557426,0.007433363474530208,synthetic
unseen_well,0,tr002d1,ridge_default,2530,36880.46855948765,3.818017849643025,0.014742374420166016,0.0,0.0,0.2932510046417126,synthetic
unseen_well,0,tr002d1,ridge_gr_quality,2530,40193.25924182517,3.985807789137192,0.016129255294799805,0.0,0.0,0.2932510046417126,synthetic
unseen_well,0,tr002d1,ridge_imputed_gr,2530,34002.418164708826,3.6660184088726577,0.015427350997924805,0.0,0.0,0.2932510046417126,synthetic
unseen_well,0,tr002d1,gated_pf_beam,2530,37188.21384703274,3.8339142861790587,0.014781951904296875,0.0,0.0,0.2932510046417126,synthetic
unseen_well,0,tr000e6,ridge_default,3895,19178.885816011643,2.2190033391724415,0.017387866973876953,0.14774552192711554,0.1417201540436457,0.015534545374234283,synthetic
unseen_well,0,tr000e6,ridge_gr_quality,3895,22192.80442959657,2.386999686717483,0.018816709518432617,0.14774552192711554,0.1417201540436457,0.015534545374234283,synthetic
unseen_well,0,tr000e6,ridge_imputed_gr,3895,18901.615376399095,2.202904802827551,0.018699169158935547,0.14774552192711554,0.1417201540436457,0.015534545374234283,synthetic
unseen_well,0,tr000e6,gated_pf_beam,3895,19178.885816011643,2.2190033391724415,0.018337249755859375,0.14774552192711554,0.1417201540436457,0.015534545374234283,synthetic
unseen_well,0,tr001ba,ridge_default,2261,1320.5605526678025,0.7642384410712786,0.014619588851928711,0.17709049255441012,0.17116320212295444,0.009137338426327366,synthetic
unseen_well,0,tr001ba,ridge_gr_quality,2261,1902.6735190161467,0.9173432205352019,0.016241788864135742,0.17709049255441012,0.17116320212295444,0.009137338426327366,synthetic
unseen_well,0,tr001ba,ridge_imputed_gr,2261,1259.1903469492802,0.7462690176354404,0.015681028366088867,0.17709049255441012,0.17116320212295444,0.009137338426327366,synthetic
unseen_well,0,tr001ba,gated_pf_beam,2261,1320.5605526678025,0.7642384410712786,0.014916419982910156,0.17709049255441012,0.17116320212295444,0.009137338426327366,synthetic
unseen_well,0,tr00111,ridge_default,3483,7103.42642130417,1.428095352861975,0.01700878143310547,0.7457627118644068,0.5638817111685329,0.015953706070707407,synthetic
unseen_well,0,tr00111,ridge_gr_quality,3483,17309.110963436127,2.2292595910461093,0.019648075103759766,0.7457627118644068,0.5638817111685329,0.015953706070707407,synthetic
unseen_well,0,tr00111,ridge_imputed_gr,3483,3967.4215749475197,1.0672777070546096,0.018634796142578125,0.7457627118644068,0.5638817111685329,0.015953706070707407,synthetic
unseen_well,0,tr00111,gated_pf_beam,3483,7103.42642130417,1.428095352861975,0.017251968383789062,0.7457627118644068,0.5638817111685329,0.015953706070707407,synthetic
unseen_well,0,tr0007b,ridge_default,4396,22666.0117221225,2.270694524139452,0.01752924919128418,0.07798606104301853,0.0,0.0436023064710049,synthetic
unseen_well,0,tr0007b,ridge_gr_quality,4396,35335.68417373471,2.835162202855449,0.020134449005126953,0.07798606104301853,0.0,0.0436023064710049,synthetic
unseen_well,0,tr0007b,ridge_imputed_gr,4396,22801.697924080418,2.2774809450305717,0.01946878433227539,0.07798606104301853,0.0,0.0436023064710049,synthetic
unseen_well,0,tr0007b,gated_pf_beam,4396,22666.0117221225,2.270694524139452,0.018344640731811523,0.07798606104301853,0.0,0.0436023064710049,synthetic
unseen_well,0,tr00247,ridge_default,1406,2976.0034459367926,1.4548695507253822,0.015223503112792969,0.0,0.0,0.0016810838391281121,synthetic
unseen_well,0,tr00247,ridge_gr_quality,1406,5087.771814112837,1.9022655905619903,0.016776561737060547,0.0,0.0,0.0016810838391281121,synthetic
unseen_well,0,tr00247,ridge_imputed_gr,1406,3650.544556216305,1.611336209030326,0.016330480575561523,0.0,0.0,0.0016810838391281121,synthetic
unseen_well,0,tr00247,gated_pf_beam,1406,2976.0034459367926,1.4548695507253822,0.01514124870300293,0.0,0.0,0.0016810838391281121,synthetic
unseen_well,0,tr000d4,ridge_default,3132,29262.596013841834,3.0566488472763993,0.017497539520263672,0.13320397214929802,0.16666666666666666,0.2545078603194593,synthetic
unseen_well,0,tr000d4,ridge_gr_quality,3132,22000.39856323209,2.650357126905346,0.11145520210266113,0.13320397214929802,0.16666666666666666,0.2545078603194593,synthetic
unseen_well,0,tr000d4,ridge_imputed_gr,3132,25578.624683244383,2.8577729298411185,0.019231796264648438,0.13320397214929802,0.16666666666666666,0.2545078603194593,synthetic
unseen_well,0,tr000d4,gated_pf_beam,3132,29255.34986970331,3.056270372833414,0.0176546573638916,0.13320397214929802,0.16666666666666666,0.2545078603194593,synthetic
unseen_well,0,tr001d0,ridge_default,4502,2896.6355068802804,0.8021289291272036,0.016544103622436523,0.5369353211523371,0.9044868947134607,0.013944133574302225,synthetic
unseen_well,0,tr001d0,ridge_gr_quality,4502,1641.6489307962006,0.6038615796469058,0.01874065399169922,0.5369353211523371,0.9044868947134607,0.013944133574302225,synthetic
unseen_well,0,tr001d0,ridge_imputed_gr,4502,2234.0887267996254,0.7044456038588128,0.018282413482666016,0.5369353211523371,0.9044868947134607,0.013944133574302225,synthetic
unseen_well,0,tr001d0,gated_pf_beam,4502,2896.6355068802804,0.8021289291272036,0.01743602752685547,0.5369353211523371,0.9044868947134607,0.013944133574302225,synthetic
unseen_well,0,tr00266,ridge_default,3008,1634.4019802450066,0.7371239530471926,0.015411853790283203,0.0,0.0,0.1309256295068192,synthetic
unseen_well,0,tr00266,ridge_gr_quality,3008,1952.1233855231037,0.8055912048527704,0.016866683959960938,0.0,0.0,0.1309256295068192,synthetic
unseen_well,0,tr00266,ridge_imputed_gr,3008,1812.603499578212,0.7762694432540744,0.016232013702392578,0.0,0.0,0.1309256295068192,synthetic
unseen_well,0,tr00266,gated_pf_beam,3008,1634.4019802450066,0.7371239530471926,0.015609502792358398,0.0,0.0,0.1309256295068192,synthetic
unseen_well,0,tr002a6,ridge_default,2666,237.62460851351506,0.298549009494816,0.014777421951293945,0.09356038363671948,0.18754688672168043,0.0014329135529659598,synthetic
unseen_well,0,tr002a6,ridge_gr_quality,2666,132.07000638452615,0.2225727679961335,0.01624441146850586,0.09356038363671948,0.18754688672168043,0.0014329135529659598,synthetic
unseen_well,0,tr002a6,ridge_imputed_gr,2666,272.0819476910172,0.3194624304127838,0.01594066619873047,0.09356038363671948,0.18754688672168043,0.0014329135529659598,synthetic
unseen_well,0,tr002a6,gated_pf_beam,2666,237.62460851351506,0.298549009494816,0.015515804290771484,0.09356038363671948,0.18754688672168043,0.0014329135529659598,synthetic
unseen_well,0,tr00115,ridge_default,2285,2601.881309140186,1.0670889887484445,0.015041828155517578,0.0,0.0,0.035228254894774505,synthetic
unseen_well,0,tr00115,ridge_gr_quality,2285,4038.125966735769,1.3293729238113359,0.01647782325744629,0.0,0.0,0.035228254894774505,synthetic
unseen_well,0,tr00115,ridge_imputed_gr,2285,2115.718802327632,0.9622454597813703,0.016450881958007812,0.0,0.0,0.035228254894774505,synthetic
unseen_well,0,tr00115,gated_pf_beam,2285,2601.881309140186,1.0670889887484445,0.015333175659179688,0.0,0.0,0.035228254894774505,synthetic
unseen_well,0,tr0021f,ridge_default,1155,1972.8926404293704,1.3069553000068155,0.014412879943847656,0.0,0.0,0.008732331423544695,synthetic
unseen_well,0,tr0021f,ridge_gr_quality,1155,1802.9025634923653,1.2493816872462515,0.016434669494628906,0.0,0.0,0.008732331423544695,synthetic
unseen_well,0,tr0021f,ridge_imputed_gr,1155,1937.8953777334796,1.2953113509396659,0.015896320343017578,0.0,0.0,0.008732331423544695,synthetic
unseen_well,0,tr0021f,gated_pf_beam,1155,1972.8926404293704,1.3069553000068155,0.014374017715454102,0.0,0.0,0.008732331423544695,synthetic
unseen_well,0,tr00181,ridge_default,2487,4478.1768469922035,1.3418770568807534,0.015759706497192383,0.0,0.0,0.00824863316368722,synthetic
unseen_well,0,tr00181,ridge_gr_quality,2487,4794.651960293124,1.3884832696962637,0.017728328704833984,0.0,0.0,0.00824863316368722,synthetic
unseen_well,0,tr00181,ridge_imputed_gr,2487,3999.9498412069647,1.268204763339074,0.017293930053710938,0.0,0.0,0.00824863316368722,synthetic
unseen_well,0,tr00181,gated_pf_beam,2487,4478.1768469922035,1.3418770568807534,0.01638650894165039,0.0,0.0,0.00824863316368722,synthetic
unseen_well,0,tr00204,ridge_default,2281,8223.930309017293,1.898790578070028,0.016638755798339844,0.041856348002023314,0.0,0.1511276922138168,synthetic
unseen_well,0,tr00204,ridge_gr_quality,2281,15167.162747205344,2.578632967701191,0.017912864685058594,0.041856348002023314,0.0,0.1511276922138168,synthetic
unseen_well,0,tr00204,ridge_imputed_gr,2281,7657.507394292927,1.832234556398096,0.018355846405029297,0.041856348002023314,0.0,0.1511276922138168,synthetic
unseen_well,0,tr00204,gated_pf_beam,2281,8223.930309017293,1.898790578070028,0.01730513572692871,0.041856348002023314,0.0,0.1511276922138168,synthetic
unseen_well,0,tr00155,ridge_default,4530,1262.4264398824128,0.5279027688006342,0.018021106719970703,0.0,0.0,0.024336190161887202,synthetic
unseen_well,0,tr00155,ridge_gr_quality,4530,914.1633230745614,0.4492238396098927,0.019438505172729492,0.0,0.0,0.024336190161887202,synthetic
unseen_well,0,tr00155,ridge_imputed_gr,4530,1282.6678863222705,0.5321180731564665,0.018759727478027344,0.0,0.0,0.024336190161887202,synthetic
unseen_well,0,tr00155,gated_pf_beam,4530,1262.4264398824128,0.5279027688006342,0.017865657806396484,0.0,0.0,0.024336190161887202,synthetic
unseen_well,1,tr00122,ridge_default,2240,1129.2983761587711,0.7100359573888957,0.01691722869873047,0.0,0.0,0.0015469127667662678,synthetic
unseen_well,1,tr00122,ridge_gr_quality,2240,1997.4251938438706,0.9443027458517509,0.017049551010131836,0.0,0.0,0.0015469127667662678,synthetic
unseen_well,1,tr00122,ridge_imputed_gr,2240,1650.2529829482644,0.8583239957459726,0.016923904418945312,0.0,0.0,0.0015469127667662678,synthetic
unseen_well,1,tr00122,gated_pf_beam,2240,1129.2983761587711,0.7100359573888957,0.015514850616455078,0.0,0.0,0.0015469127667662678,synthetic
unseen_well,1,tr002b4,ridge_default,1257,685.1664536096424,0.7382958153116113,0.014675140380859375,0.13809618838555182,0.3937947494033413,0.012973883166065387,synthetic
unseen_well,1,tr002b4,ridge_gr_quality,1257,386.53377210554095,0.554531324400956,0.01651740074157715,0.13809618838555182,0.3937947494033413,0.012973883166065387,synthetic
unseen_well,1,tr002b4,ridge_imputed_gr,1257,622.577084527408,0.7037670456313178,0.016372203826904297,0.13809618838555182,0.3937947494033413,0.012973883166065387,synthetic
unseen_well,1,tr002b4,gated_pf_beam,1257,685.1664536096424,0.7382958153116113,0.015004634857177734,0.13809618838555182,0.3937947494033413,0.012973883166065387,synthetic
unseen_well,1,tr00040,ridge_default,2907,10847.85328409238,1.9317431704743686,0.01605057716369629,0.017849672291172736,0.0,0.03034874777380775,synthetic
unseen_well,1,tr00040,ridge_gr_quality,2907,11975.539441922056,2.029668103804239,0.01756739616394043,0.017849672291172736,0.0,0.03034874777380775,synthetic
unseen_well,1,tr00040,ridge_imputed_gr,2907,11439.844498243368,1.9837527631223395,0.01766180992126465,0.017849672291172736,0.0,0.03034874777380775,synthetic
unseen_well,1,tr00040,gated_pf_beam,2907,10847.85328409238,1.9317431704743686,0.017958879470825195,0.017849672291172736,0.0,0.03034874777380775,synthetic
unseen_well,1,tr00226,ridge_default,1643,582.8088811236655,0.5955857508062123,0.014200925827026367,0.023057980747705376,0.0,0.005865868025679292,synthetic
unseen_well,1,tr00226,ridge_gr_quality,1643,400.0922464251627,0.49347060277539073,0.01631641387939453,0.023057980747705376,0.0,0.005865868025679292,synthetic
unseen_well,1,tr00226,ridge_imputed_gr,1643,606.9853776697898,0.6078134872999736,0.016309022903442383,0.023057980747705376,0.0,0.005865868025679292,synthetic
unseen_well,1,tr00226,gated_pf_beam,1643,582.8088811236655,0.5955857508062123,0.0154266357421875,0.023057980747705376,0.0,0.005865868025679292,synthetic
unseen_well,1,tr000cf,ridge_default,3159,13998.803918239466,2.1050899227479962,0.019324779510498047,0.5743084331952066,0.08895220006331117,0.13925629686147828,synthetic
unseen_well,1,tr000cf,ridge_gr_quality,3159,17483.926784886135,2.352581495149951,0.019580602645874023,0.5743084331952066,0.08895220006331117,0.13925629686147828,synthetic
unseen_well,1,tr000cf,ridge_imputed_gr,3159,11385.074647007688,1.8984236181467042,0.01953125,0.5743084331952066,0.08895220006331117,0.13925629686147828,synthetic
unseen_well,1,tr000cf,gated_pf_beam,3159,13983.947600329773,2.1039726063290125,0.018395662307739258,0.5743084331952066,0.08895220006331117,0.13925629686147828,synthetic
unseen_well,1,tr0026e,ridge_default,3394,87928.03906842657,5.089882712869521,0.01699686050415039,0.05448574414091656,0.12080141426045964,0.046881896625200405,synthetic
unseen_well,1,tr0026e,ridge_gr_quality,3394,88545.74023362384,5.107729830069142,0.01903510093688965,0.05448574414091656,0.12080141426045964,0.046881896625200405,synthetic
unseen_well,1,tr0026e,ridge_imputed_gr,3394,87386.78066089332,5.074192640695563,0.018717050552368164,0.05448574414091656,0.12080141426045964,0.046881896625200405,synthetic
unseen_well,1,tr0026e,gated_pf_beam,3394,87928.03906842657,5.089882712869521,0.017174482345581055,0.05448574414091656,0.12080141426045964,0.046881896625200405,synthetic
unseen_well,1,tr00214,ridge_default,3418,15728.962144387991,2.1451813095641707,0.01745748519897461,0.07154213036565982,0.07957870099473376,0.004942194903618273,synthetic
unseen_well,1,tr00214,ridge_gr_quality,3418,9899.443724976201,1.701842505202811,0.019496440887451172,0.07154213036565982,0.07957870099473376,0.004942194903618273,synthetic
unseen_well,1,tr00214,ridge_imputed_gr,3418,14471.034845553862,2.057613333182961,0.01937389373779297,0.07154213036565982,0.07957870099473376,0.004942194903618273,synthetic
unseen_well,1,tr00214,gated_pf_beam,3418,15728.962144387991,2.1451813095641707,0.01828455924987793,0.07154213036565982,0.07957870099473376,0.004942194903618273,synthetic
unseen_well,1,tr001f4,ridge_default,1765,953.5595864333648,0.7350240736969692,0.015333175659179688,0.29193586982531705,0.403399433427762,0.0018843853411605008,synthetic
unseen_well,1,tr001f4,ridge_gr_quality,1765,2765.59208233513,1.251761836522432,0.016957521438598633,0.29193586982531705,0.403399433427762,0.0018843853411605008,synthetic
unseen_well,1,tr001f4,ridge_imputed_gr,1765,1139.1741675566766,0.8033831324711725,0.016600608825683594,0.29193586982531705,0.403399433427762,0.0018843853411605008,synthetic
unseen_well,1,tr001f4,gated_pf_beam,1765,953.5595864333648,0.7350240736969692,0.015839815139770508,0.29193586982531705,0.403399433427762,0.0018843853411605008,synthetic
unseen_well,1,tr00005,ridge_default,1572,3840.2418645704847,1.5629785505477414,0.01595783233642578,0.0,0.0,0.01960900890269702,synthetic
unseen_well,1,tr00005,ridge_gr_quality,1572,7047.18362340169,2.1172957366085203,0.017293453216552734,0.0,0.0,0.01960900890269702,synthetic
unseen_well,1,tr00005,ridge_imputed_gr,1572,3731.991864377639,1.5407922073382987,0.017960548400878906,0.0,0.0,0.01960900890269702,synthetic
unseen_well,1,tr00005,gated_pf_beam,1572,3840.2418645704847,1.5629785505477414,0.01687002182006836,0.0,0.0,0.01960900890269702,synthetic
unseen_well,1,tr00222,ridge_default,2954,49891.6213574188,4.1096852659185705,0.016709089279174805,0.12127659574468086,0.24678402166553826,0.019125125939737638,synthetic
unseen_well,1,tr00222,ridge_gr_quality,2954,51597.4543152492,4.179351437864633,0.01900196075439453,0.12127659574468086,0.24678402166553826,0.019125125939737638,synthetic
unseen_well,1,tr00222,ridge_imputed_gr,2954,48018.77394312809,4.031812138591833,0.01845097541809082,0.12127659574468086,0.24678402166553826,0.019125125939737638,synthetic
unseen_well,1,tr00222,gated_pf_beam,2954,49891.6213574188,4.1096852659185705,0.0171658992767334,0.12127659574468086,0.24678402166553826,0.019125125939737638,synthetic
unseen_well,1,tr0000b,ridge_default,2073,23168.62046300786,3.3431082289526626,0.01746368408203125,0.0905908096280088,0.10226724553786783,0.033700465183596165,synthetic
unseen_well,1,tr0000b,ridge_gr_quality,2073,29222.314855233177,3.754547964453529,0.019243955612182617,0.0905908096280088,0.10226724553786783,0.033700465183596165,synthetic
unseen_well,1,tr0000b,ridge_imputed_gr,2073,22950.014303767355,3.327298998012399,0.019140005111694336,0.0905908096280088,0.10226724553786783,0.033700465183596165,synthetic
unseen_well,1,tr0000b,gated_pf_beam,2073,23168.62046300786,3.3431082289526626,0.01804494857788086,0.0905908096280088,0.10226724553786783,0.033700465183596165,synthetic
unseen_well,1,tr001fe,ridge_default,971,2235.380741060855,1.5172814124998921,0.015340328216552734,0.0,0.0,0.00212158114147977,synthetic
unseen_well,1,tr001fe,ridge_gr_quality,971,1186.8370812480025,1.1055692184828823,0.017108678817749023,0.0,0.0,0.00212158114147977,synthetic
unseen_well,1,tr001fe,ridge_imputed_gr,971,2103.964786901519,1.4720061298250606,0.016645193099975586,0.0,0.0,0.00212158114147977,synthetic
unseen_well,1,tr001fe,gated_pf_beam,971,2235.380741060855,1.5172814124998921,0.015587568283081055,0.0,0.0,0.00212158114147977,synthetic
unseen_well,1,tr00017,ridge_default,1534,434.55025029064126,0.5322397695480428,0.016070842742919922,0.0,0.0,0.00048327074085507455,synthetic
unseen_well,1,tr00017,ridge_gr_quality,1534,1233.9624334308007,0.8968881569021834,0.018085241317749023,0.0,0.0,0.00048327074085507455,synthetic
unseen_well,1,tr00017,ridge_imputed_gr,1534,224.76629156914308,0.3827832366209802,0.017856836318969727,0.0,0.0,0.00048327074085507455,synthetic
unseen_well,1,tr00017,gated_pf_beam,1534,434.55025029064126,0.5322397695480428,0.016862869262695312,0.0,0.0,0.00048327074085507455,synthetic
unseen_well,1,tr000f2,ridge_default,1209,5314.155707154812,2.0965440283534456,0.015463590621948242,0.0,0.0,0.03315521422378542,synthetic
unseen_well,1,tr000f2,ridge_gr_quality,1209,1635.7337352571342,1.163169899214778,0.01760268211364746,0.0,0.0,0.03315521422378542,synthetic
unseen_well,1,tr000f2,ridge_imputed_gr,1209,3569.7185449590947,1.7183191781931786,0.016991376876831055,0.0,0.0,0.03315521422378542,synthetic
unseen_well,1,tr000f2,gated_pf_beam,1209,5314.155707154812,2.0965440283534456,0.015839338302612305,0.0,0.0,0.03315521422378542,synthetic
unseen_well,1,tr002f0,ridge_default,3299,1933.8825320379901,0.7656387182439256,0.017693281173706055,0.1227928292222672,0.10093967869051228,0.038344806239850045,synthetic
unseen_well,1,tr002f0,ridge_gr_quality,3299,2520.418533356382,0.8740679066716095,0.020176172256469727,0.1227928292222672,0.10093967869051228,0.038344806239850045,synthetic
unseen_well,1,tr002f0,ridge_imputed_gr,3299,5626.728596286177,1.3059809018050037,0.019974470138549805,0.1227928292222672,0.10093967869051228,0.038344806239850045,synthetic
unseen_well,1,tr002f0,gated_pf_beam,3299,1933.8825320379901,0.7656387182439256,0.018869638442993164,0.1227928292222672,0.10093967869051228,0.038344806239850045,synthetic
unseen_well,1,tr002c8,ridge_default,1156,136.84009753992933,0.344054918289576,0.01589679718017578,0.05030403537866224,0.19636678200692043,0.0010924671274183469,synthetic
unseen_well,1,tr002c8,ridge_gr_quality,1156,985.3388647549978,0.9232384633282363,0.016935110092163086,0.05030403537866224,0.19636678200692043,0.0010924671274183469,synthetic
unseen_well,1,tr002c8,ridge_imputed_gr,1156,182.00258109859493,0.3967892124932754,0.015881061553955078,0.05030403537866224,0.19636678200692043,0.0010924671274183469,synthetic
unseen_well,1,tr002c8,gated_pf_beam,1156,136.84009753992933,0.344054918289576,0.016908645629882812,0.05030403537866224,0.19636678200692043,0.0010924671274183469,synthetic
unseen_well,1,tr0012c,ridge_default,4085,69409.56152977199,4.1220534605813075,0.017253398895263672,0.026458440887971113,0.06119951040391677,0.02184996409882291,synthetic
unseen_well,1,tr0012c,ridge_gr_quality,4085,88748.97808773283,4.661070266716513,0.018261194229125977,0.026458440887971113,0.06119951040391677,0.02184996409882291,synthetic
unseen_well,1,tr0012c,ridge_imputed_gr,4085,76817.74742280085,4.336454096428164,0.01728677749633789,0.026458440887971113,0.06119951040391677,0.02184996409882291,synthetic
unseen_well,1,tr0012c,gated_pf_beam,4085,69409.56152977199,4.1220534605813075,0.017136573791503906,0.026458440887971113,0.06119951040391677,0.02184996409882291,synthetic
unseen_well,1,tr00234,ridge_default,3474,685.6499527070193,0.4442590853528415,0.017316579818725586,0.0,0.0,0.005906633984338064,synthetic
unseen_well,1,tr00234,ridge_gr_quality,3474,1376.9343342137097,0.6295666405760602,0.017989397048950195,0.0,0.0,0.005906633984338064,synthetic
unseen_well,1,tr00234,ridge_imputed_gr,3474,933.9708456521788,0.5185035722337551,0.017829418182373047,0.0,0.0,0.005906633984338064,synthetic
unseen_well,1,tr00234,gated_pf_beam,3474,685.6499527070193,0.4442590853528415,0.018236637115478516,0.0,0.0,0.005906633984338064,synthetic
unseen_well,1,tr0023a,ridge_default,3753,723.8715113778507,0.43917889356576617,0.017485380172729492,0.6325088339222615,0.8374633626432187,0.005561710267638861,synthetic
unseen_well,1,tr0023a,ridge_gr_quality,3753,2380.7051847879643,0.7964591880020814,0.018296003341674805,0.6325088339222615,0.8374633626432187,0.005561710267638861,synthetic
unseen_well,1,tr0023a,ridge_imputed_gr,3753,413.2458296016422,0.3318294731550646,0.01891636848449707,0.6325088339222615,0.8374633626432187,0.005561710267638861,synthetic
unseen_well,1,tr0023a,gated_pf_beam,3753,723.8715113778507,0.43917889356576617,0.01638627052307129,0.6325088339222615,0.8374633626432187,0.005561710267638861,synthetic
unseen_well,1,tr001b2,ridge_default,3868,96835.46938223157,5.00350108505295,0.017659902572631836,0.10908187352466148,0.250258531540848,0.007196294101835424,synthetic
unseen_well,1,tr001b2,ridge_gr_quality,3868,102651.98272441582,5.151579880468107,0.017961978912353516,0.10908187352466148,0.250258531540848,0.007196294101835424,synthetic
unseen_well,1,tr001b2,ridge_imputed_gr,3868,101287.71733507344,5.1172326145692795,0.017774105072021484,0.10908187352466148,0.250258531540848,0.007196294101835424,synthetic
unseen_well,1,tr001b2,gated_pf_beam,3868,96835.46938223157,5.00350108505295,0.016324281692504883,0.10908187352466148,0.250258531540848,0.007196294101835424,synthetic
unseen_well,2,tr000b8,ridge_default,3449,66430.27347505641,4.388705339107437,0.018220186233520508,0.1334681496461072,0.16236590316033633,0.022005194307264577,synthetic
unseen_well,2,tr000b8,ridge_gr_quality,3449,62812.16421378279,4.267517213126679,0.018065929412841797,0.1334681496461072,0.16236590316033633,0.022005194307264577,synthetic
unseen_well,2,tr000b8,ridge_imputed_gr,3449,56794.982715977996,4.057965857345863,0.017374277114868164,0.1334681496461072,0.16236590316033633,0.022005194307264577,synthetic
unseen_well,2,tr000b8,gated_pf_beam,3449,66430.27347505641,4.388705339107437,0.016858339309692383,0.1334681496461072,0.16236590316033633,0.022005194307264577,synthetic
unseen_well,2,tr0019e,ridge_default,1329,2012.9269182813468,1.2306980524173008,0.013974666595458984,0.059974905897114184,0.21369450714823177,0.0576668100786648,synthetic
unseen_well,2,tr0019e,ridge_gr_quality,1329,2708.8637292221792,1.4276807001239915,0.01587677001953125,0.059974905897114184,0.21369450714823177,0.0576668100786648,synthetic
unseen_well,2,tr0019e,ridge_imputed_gr,1329,2219.79798010517,1.2923919238973065,0.015322685241699219,0.059974905897114184,0.21369450714823177,0.0576668100786648,synthetic
unseen_well,2,tr0019e,gated_pf_beam,1329,2012.9269182813468,1.2306980524173008,0.014707565307617188,0.059974905897114184,0.21369450714823177,0.0576668100786648,synthetic
unseen_well,2,tr00251,ridge_default,3264,1466.7730225169141,0.670357359728154,0.01693868637084961,0.027855153203342642,0.08425245098039216,0.10526729413750324,synthetic
unseen_well,2,tr00251,ridge_gr_quality,3264,4103.80651037491,1.1212910689320694,0.018632888793945312,0.027855153203342642,0.08425245098039216,0.10526729413750324,synthetic
unseen_well,2,tr00251,ridge_imputed_gr,3264,2155.922111305179,0.8127209562502387,0.0181734561920166,0.027855153203342642,0.08425245098039216,0.10526729413750324,synthetic
unseen_well,2,tr00251,gated_pf_beam,3264,1466.7730225169141,0.670357359728154,0.016819477081298828,0.027855153203342642,0.08425245098039216,0.10526729413750324,synthetic
unseen_well,2,tr00025,ridge_default,2665,8210.24701954366,1.755211700165858,0.01567244529724121,0.0,0.0,0.12205373270799548,synthetic
unseen_well,2,tr00025,ridge_gr_quality,2665,22303.187833312055,2.8929096107988195,0.01790165901184082,0.0,0.0,0.12205373270799548,synthetic
unseen_well,2,tr00025,ridge_imputed_gr,2665,7477.859423513938,1.6750973115597563,0.01758098602294922,0.0,0.0,0.12205373270799548,synthetic
unseen_well,2,tr00025,gated_pf_beam,2665,8210.24701954366,1.755211700165858,0.016329050064086914,0.0,0.0,0.12205373270799548,synthetic
unseen_well,2,tr000c9,ridge_default,1798,104.72644270163725,0.24134223608287997,0.015207290649414062,0.024796084828711207,0.10956618464961068,0.0021657192560490326,synthetic
unseen_well,2,tr000c9,ridge_gr_quality,1798,1086.918628743213,0.7775058625988203,0.01671886444091797,0.024796084828711207,0.10956618464961068,0.0021657192560490326,synthetic
unseen_well,2,tr000c9,ridge_imputed_gr,1798,203.88136461337425,0.33673939103004735,0.016897916793823242,0.024796084828711207,0.10956618464961068,0.0021657192560490326,synthetic
unseen_well,2,tr000c9,gated_pf_beam,1798,104.72644270163725,0.24134223608287997,0.015638351440429688,0.024796084828711207,0.10956618464961068,0.0021657192560490326,synthetic
unseen_well,2,tr00176,ridge_default,3439,10681.981146029673,1.7624216357353526,0.016119003295898438,0.03253929273084477,0.0,0.01755216270158296,synthetic
unseen_well,2,tr00176,ridge_gr_quality,3439,5688.663505752967,1.2861423376717145,0.01778411865234375,0.03253929273084477,0.0,0.01755216270158296,synthetic
unseen_well,2,tr00176,ridge_imputed_gr,3439,10140.647294453207,1.7171836743857578,0.018172502517700195,0.03253929273084477,0.0,0.01755216270158296,synthetic
unseen_well,2,tr00176,gated_pf_beam,3439,10681.981146029673,1.7624216357353526,0.016895771026611328,0.03253929273084477,0.0,0.01755216270158296,synthetic
unseen_well,2,tr0011d,ridge_default,1865,16931.589918899062,3.0130716043113335,0.014806747436523438,0.0581066376496191,0.0,0.006672299006025039,synthetic
unseen_well,2,tr0011d,ridge_gr_quality,1865,28949.788704447295,3.9398826008589176,0.016582250595092773,0.0581066376496191,0.0,0.006672299006025039,synthetic
unseen_well,2,tr0011d,ridge_imputed_gr,1865,16224.862006577612,2.949518250896925,0.016133546829223633,0.0581066376496191,0.0,0.006672299006025039,synthetic
unseen_well,2,tr0011d,gated_pf_beam,1865,16931.589918899062,3.0130716043113335,0.014576435089111328,0.0581066376496191,0.0,0.006672299006025039,synthetic
unseen_well,2,tr00157,ridge_default,2852,3911.782251758805,1.1711501419093933,0.014907121658325195,0.05119266055045868,0.0,0.015961465880176284,synthetic
unseen_well,2,tr00157,ridge_gr_quality,2852,4185.653501077055,1.211453854743498,0.01668548583984375,0.05119266055045868,0.0,0.015961465880176284,synthetic
unseen_well,2,tr00157,ridge_imputed_gr,2852,3192.180099698285,1.057959231169647,0.016450166702270508,0.05119266055045868,0.0,0.015961465880176284,synthetic
unseen_well,2,tr00157,gated_pf_beam,2852,3911.782251758805,1.1711501419093933,0.015648841857910156,0.05119266055045868,0.0,0.015961465880176284,synthetic
unseen_well,2,tr0011e,ridge_default,3354,1401.5912250198119,0.6464413905245909,0.016248226165771484,0.07561978323159335,0.0,0.00659622234029485,synthetic
unseen_well,2,tr0011e,ridge_gr_quality,3354,2067.4525828258065,0.7851203780301167,0.017674684524536133,0.07561978323159335,0.0,0.00659622234029485,synthetic
unseen_well,2,tr0011e,ridge_imputed_gr,3354,494.18663316773814,0.38385214166010295,0.018323659896850586,0.07561978323159335,0.0,0.00659622234029485,synthetic
unseen_well,2,tr0011e,gated_pf_beam,3354,1401.5912250198119,0.6464413905245909,0.017307519912719727,0.07561978323159335,0.0,0.00659622234029485,synthetic
unseen_well,2,tr00100,ridge_default,2857,26337.39455747139,3.036206353752346,0.01659226417541504,0.03425006366182837,0.10990549527476373,0.02665522557508607,synthetic
unseen_well,2,tr00100,ridge_gr_quality,2857,20833.890280498978,2.7004122295466515,0.017724275588989258,0.03425006366182837,0.10990549527476373,0.02665522557508607,synthetic
unseen_well,2,tr00100,ridge_imputed_gr,2857,23849.74196536277,2.88926064577617,0.017323970794677734,0.03425006366182837,0.10990549527476373,0.02665522557508607,synthetic
unseen_well,2,tr00100,gated_pf_beam,2857,26337.39455747139,3.036206353752346,0.016207456588745117,0.03425006366182837,0.10990549527476373,0.02665522557508607,synthetic
unseen_well,2,tr00003,ridge_default,1293,1051.1912511508046,0.9016575143174591,0.013389348983764648,0.6768050028425241,0.9149265274555298,0.0058785737387732255,synthetic
unseen_well,2,tr00003,ridge_gr_quality,1293,4834.8498595454075,1.9337139648935389,0.01562666893005371,0.6768050028425241,0.9149265274555298,0.0058785737387732255,synthetic
unseen_well,2,tr00003,ridge_imputed_gr,1293,611.8447087100546,0.6878937155478455,0.014621496200561523,0.6768050028425241,0.9149265274555298,0.0058785737387732255,synthetic
unseen_well,2,tr00003,gated_pf_beam,1293,1051.1912511508046,0.9016575143174591,0.013900041580200195,0.6768050028425241,0.9149265274555298,0.0058785737387732255,synthetic
unseen_well,2,tr000bf,ridge_default,1298,982.88491206749,0.8701897992086304,0.01373434066772461,0.18295065950170986,0.31741140215716485,0.0039927272625265705,synthetic
unseen_well,2,tr000bf,ridge_gr_quality,1298,719.7179434918462,0.7446356403615434,0.01566338539123535,0.18295065950170986,0.31741140215716485,0.0039927272625265705,synthetic
unseen_well,2,tr000bf,ridge_imputed_gr,1298,1137.4752130803,0.9361245279357894,0.015481948852539062,0.18295065950170986,0.31741140215716485,0.0039927272625265705,synthetic
unseen_well,2,tr000bf,gated_pf_beam,1298,982.88491206749,0.8701897992086304,0.014527559280395508,0.18295065950170986,0.31741140215716485,0.0039927272625265705,synthetic
unseen_well,2,tr001dd,ridge_default,1107,194.73802801898273,0.4194223541112932,0.014031648635864258,0.0,0.0,0.0011113282362958166,synthetic
unseen_well,2,tr001dd,ridge_gr_quality,1107,235.431774310513,0.46116753595137083,0.015538930892944336,0.0,0.0,0.0011113282362958166,synthetic
unseen_well,2,tr001dd,ridge_imputed_gr,1107,172.74159433723918,0.395025063338998,0.014897584915161133,0.0,0.0,0.0011113282362958166,synthetic
unseen_well,2,tr001dd,gated_pf_beam,1107,194.73802801898273,0.4194223541112932,0.013931751251220703,0.0,0.0,0.0011113282362958166,synthetic
unseen_well,2,tr0018d,ridge_default,2776,661.0164996945546,0.4879737038251544,0.014786720275878906,0.75,0.6714697406340058,0.02326578533625859,synthetic
unseen_well,2,tr0018d,ridge_gr_quality,2776,1840.7481941996712,0.8143056735029033,0.016276836395263672,0.75,0.6714697406340058,0.02326578533625859,synthetic
unseen_well,2,tr0018d,ridge_imputed_gr,2776,752.4389555487198,0.5206260625012838,0.015655517578125,0.75,0.6714697406340058,0.02326578533625859,synthetic
unseen_well,2,tr0018d,gated_pf_beam,2776,661.0164996945546,0.4879737038251544,0.014689922332763672,0.75,0.6714697406340058,0.02326578533625859,synthetic
unseen_well,2,tr0014d,ridge_default,1766,5097.245039271766,1.698917955433159,0.013799190521240234,0.04645530603258474,0.0,0.007868573850988783,synthetic
unseen_well,2,tr0014d,ridge_gr_quality,1766,7791.988385788436,2.10052956513681,0.01563239097595215,0.04645530603258474,0.0,0.007868573850988783,synthetic
unseen_well,2,tr0014d,ridge_imputed_gr,1766,4525.467952714495,1.6007974995626928,0.015872716903686523,0.04645530603258474,0.0,0.007868573850988783,synthetic
unseen_well,2,tr0014d,gated_pf_beam,1766,5097.245039271766,1.698917955433159,0.014579296112060547,0.04645530603258474,0.0,0.007868573850988783,synthetic
unseen_well,2,tr0017d,ridge_default,2522,67.08157341262896,0.1630906558306818,0.014723539352416992,0.0,0.0,0.005637156041252275,synthetic
unseen_well,2,tr0017d,ridge_gr_quality,2522,62.05005666560736,0.15685506610476727,0.016068696975708008,0.0,0.0,0.005637156041252275,synthetic
unseen_well,2,tr0017d,ridge_imputed_gr,2522,144.00913533354077,0.2389584982610453,0.01595473289489746,0.0,0.0,0.005637156041252275,synthetic
unseen_well,2,tr0017d,gated_pf_beam,2522,67.08157341262896,0.1630906558306818,0.01493215560913086,0.0,0.0,0.005637156041252275,synthetic
unseen_well,2,tr00283,ridge_default,2891,13206.97877232372,2.1373600817601943,0.01565837860107422,0.12213079255088788,0.18920788654444828,0.04819480848940706,synthetic
unseen_well,2,tr00283,ridge_gr_quality,2891,21064.712207742414,2.6993159393091384,0.017525911331176758,0.12213079255088788,0.18920788654444828,0.04819480848940706,synthetic
unseen_well,2,tr00283,ridge_imputed_gr,2891,12950.07490777864,2.1164698903786707,0.016792774200439453,0.12213079255088788,0.18920788654444828,0.04819480848940706,synthetic
unseen_well,2,tr00283,gated_pf_beam,2891,13206.97877232372,2.1373600817601943,0.015924930572509766,0.12213079255088788,0.18920788654444828,0.04819480848940706,synthetic
unseen_well,2,tr00229,ridge_default,2526,31454.977453699143,3.5288078916348766,0.014845848083496094,0.0,0.0,0.005836064748744858,synthetic
unseen_well,2,tr00229,ridge_gr_quality,2526,43055.433378738504,4.1285477259816235,0.016472578048706055,0.0,0.0,0.005836064748744858,synthetic
unseen_well,2,tr00229,ridge_imputed_gr,2526,28444.64929190481,3.3557037917856514,0.016370058059692383,0.0,0.0,0.005836064748744858,synthetic
unseen_well,2,tr00229,gated_pf_beam,2526,31454.977453699143,3.5288078916348766,0.015106916427612305,0.0,0.0,0.005836064748744858,synthetic
unseen_well,2,tr001c1,ridge_default,2723,6002.579797900671,1.484722022834652,0.014857769012451172,0.7447835833764442,0.9889827396254132,0.0005973752107273434,synthetic
unseen_well,2,tr001c1,ridge_gr_quality,2723,6969.611916710682,1.5998544641750483,0.01651144027709961,0.7447835833764442,0.9889827396254132,0.0005973752107273434,synthetic
unseen_well,2,tr001c1,ridge_imputed_gr,2723,6176.574898668978,1.5060869151742597,0.015931129455566406,0.7447835833764442,0.9889827396254132,0.0005973752107273434,synthetic
unseen_well,2,tr001c1,gated_pf_beam,2723,6002.579797900671,1.484722022834652,0.015051126480102539,0.7447835833764442,0.9889827396254132,0.0005973752107273434,synthetic
unseen_well,2,tr00116,ridge_default,2167,1185.953421704935,0.739783022887725,0.015764951705932617,0.5593132825609913,0.22519612367328104,0.0010536913328330476,synthetic
unseen_well,2,tr00116,ridge_gr_quality,2167,1353.9179177542474,0.790436000833749,0.017138242721557617,0.5593132825609913,0.22519612367328104,0.0010536913328330476,synthetic
unseen_well,2,tr00116,ridge_imputed_gr,2167,1054.7274794191258,0.6976549418025146,0.017080307006835938,0.5593132825609913,0.22519612367328104,0.0010536913328330476,synthetic
unseen_well,2,tr00116,gated_pf_beam,2167,1185.953421704935,0.739783022887725,0.01577305793762207,0.5593132825609913,0.22519612367328104,0.0010536913328330476,synthetic
unseen_well,3,tr00014,ridge_default,2276,2418.5138741636833,1.0308326429065773,0.018756389617919922,0.13943595399401287,0.22100175746924428,0.0032383790816614137,synthetic
unseen_well,3,tr00014,ridge_gr_quality,2276,4636.776005719724,1.4273218998097466,0.022078275680541992,0.13943595399401287,0.22100175746924428,0.0032383790816614137,synthetic
unseen_well,3,tr00014,ridge_imputed_gr,2276,3700.4325586672476,1.275087880542011,0.018815040588378906,0.13943595399401287,0.22100175746924428,0.0032383790816614137,synthetic
unseen_well,3,tr00014,gated_pf_beam,2276,2418.5138741636833,1.0308326429065773,0.01749420166015625,0.13943595399401287,0.22100175746924428,0.0032383790816614137,synthetic
unseen_well,3,tr00217,ridge_default,2670,10792.86955086784,2.0105405342905693,0.016872406005859375,0.10301953818827714,0.0,0.1413731452071608,synthetic
unseen_well,3,tr00217,ridge_gr_quality,2670,5458.355935869162,1.4298000090462302,0.01837325096130371,0.10301953818827714,0.0,0.1413731452071608,synthetic
unseen_well,3,tr00217,ridge_imputed_gr,2670,11227.192917128861,2.050595320257996,0.018929004669189453,0.10301953818827714,0.0,0.1413731452071608,synthetic
unseen_well,3,tr00217,gated_pf_beam,2670,10786.865731768408,2.009981248330405,0.019016265869140625,0.10301953818827714,0.0,0.1413731452071608,synthetic
unseen_well,3,tr00129,ridge_default,3029,65713.26855180105,4.657757759507598,0.017375469207763672,0.09261430246189917,0.19742489270386265,0.004169423038921291,synthetic
unseen_well,3,tr00129,ridge_gr_quality,3029,75732.53432909967,5.000248733631569,0.02024102210998535,0.09261430246189917,0.19742489270386265,0.004169423038921291,synthetic
unseen_well,3,tr00129,ridge_imputed_gr,3029,66547.38105091761,4.687225499423114,0.018860578536987305,0.09261430246189917,0.19742489270386265,0.004169423038921291,synthetic
unseen_well,3,tr00129,gated_pf_beam,3029,65713.26855180105,4.657757759507598,0.017577648162841797,0.09261430246189917,0.19742489270386265,0.004169423038921291,synthetic
unseen_well,3,tr000f9,ridge_default,2741,4872.613841316579,1.3332957031636443,0.017794370651245117,0.5373202814316305,0.09595038307187158,0.12475277022280393,synthetic
unseen_well,3,tr000f9,ridge_gr_quality,2741,12387.09611972138,2.125838343094543,0.019263744354248047,0.5373202814316305,0.09595038307187158,0.12475277022280393,synthetic
unseen_well,3,tr000f9,ridge_imputed_gr,2741,5953.655732488471,1.4737958908193043,0.020768165588378906,0.5373202814316305,0.09595038307187158,0.12475277022280393,synthetic
unseen_well,3,tr000f9,gated_pf_beam,2741,4872.613841316579,1.3332957031636443,0.016719341278076172,0.5373202814316305,0.09595038307187158,0.12475277022280393,synthetic
unseen_well,3,tr000b5,ridge_default,2036,757.6926027780073,0.610039051045581,0.014427900314331055,0.0,0.0,0.0018675290519612447,synthetic
unseen_well,3,tr000b5,ridge_gr_quality,2036,575.5606557992385,0.531687760029,0.016126632690429688,0.0,0.0,0.0018675290519612447,synthetic
unseen_well,3,tr000b5,ridge_imputed_gr,2036,650.7923800606316,0.565369456921369,0.016083240509033203,0.0,0.0,0.0018675290519612447,synthetic
unseen_well,3,tr000b5,gated_pf_beam,2036,757.6926027780073,0.610039051045581,0.015247821807861328,0.0,0.0,0.0018675290519612447,synthetic
unseen_well,3,tr00216,ridge_default,4723,94457.07705744728,4.472066762232226,0.018335580825805664,0.02778738614089704,0.0,0.1458121935157573,synthetic
unseen_well,3,tr00216,ridge_gr_quality,4723,110613.23455086727,4.8394340216144105,0.019774675369262695,0.02778738614089704,0.0,0.1458121935157573,synthetic
unseen_well,3,tr00216,ridge_imputed_gr,4723,89934.17381547063,4.363685091636312,0.01893758773803711,0.02778738614089704,0.0,0.1458121935157573,synthetic
unseen_well,3,tr00216,gated_pf_beam,4723,94772.39275664589,4.47952484825252,0.018617868423461914,0.02778738614089704,0.0,0.1458121935157573,synthetic
unseen_well,3,tr0013a,ridge_default,1604,243.83512237460488,0.389893458794964,0.014987945556640625,0.07300963941449479,0.0,0.0016332283543252714,synthetic
unseen_well,3,tr0013a,ridge_gr_quality,1604,554.354054266699,0.5878837178833124,0.016797780990600586,0.07300963941449479,0.0,0.0016332283543252714,synthetic
unseen_well,3,tr0013a,ridge_imputed_gr,1604,347.4344586132928,0.465408448648201,0.01691436767578125,0.07300963941449479,0.0,0.0016332283543252714,synthetic
unseen_well,3,tr0013a,gated_pf_beam,1604,243.83512237460488,0.389893458794964,0.015329837799072266,0.07300963941449479,0.0,0.0016332283543252714,synthetic
unseen_well,3,tr001f7,ridge_default,2240,5934.016139917754,1.6276100110829894,0.015001296997070312,0.0,0.0,0.014901425277986626,synthetic
unseen_well,3,tr001f7,ridge_gr_quality,2240,12983.11706932816,2.4074954633290737,0.01615595817565918,0.0,0.0,0.014901425277986626,synthetic
unseen_well,3,tr001f7,ridge_imputed_gr,2240,6637.328370555863,1.7213637101349564,0.016067981719970703,0.0,0.0,0.014901425277986626,synthetic
unseen_well,3,tr001f7,gated_pf_beam,2240,5934.016139917754,1.6276100110829894,0.015354156494140625,0.0,0.0,0.014901425277986626,synthetic
unseen_well,3,tr00270,ridge_default,3169,65.27990938656036,0.14352536231118662,0.01657271385192871,0.0,0.0,0.027586014212056063,synthetic
unseen_well,3,tr00270,ridge_gr_quality,3169,251.09309372515844,0.28148565298871775,0.01827216148376465,0.0,0.0,0.027586014212056063,synthetic
unseen_well,3,tr00270,ridge_imputed_gr,3169,62.80636695162173,0.14077992079919546,0.017638444900512695,0.0,0.0,0.027586014212056063,synthetic
unseen_well,3,tr00270,gated_pf_beam,3169,65.27990938656036,0.14352536231118662,0.017888307571411133,0.0,0.0,0.027586014212056063,synthetic
unseen_well,3,tr00281,ridge_default,3985,72607.59637282895,4.268515542518258,0.02022695541381836,0.0,0.0,0.026336168513675352,synthetic
unseen_well,3,tr00281,ridge_gr_quality,3985,68010.68374137631,4.131182754540384,0.021430253982543945,0.0,0.0,0.026336168513675352,synthetic
unseen_well,3,tr00281,ridge_imputed_gr,3985,67540.53457312126,4.1168788220462735,0.023171186447143555,0.0,0.0,0.026336168513675352,synthetic
unseen_well,3,tr00281,gated_pf_beam,3985,72607.59637282895,4.268515542518258,0.020111799240112305,0.0,0.0,0.026336168513675352,synthetic
unseen_well,3,tr001ad,ridge_default,2456,9936.791857597638,2.0114484888884943,0.027410268783569336,0.0,0.0,0.006602840581960632,synthetic
unseen_well,3,tr001ad,ridge_gr_quality,2456,18687.5699144978,2.758431692996188,0.02081894874572754,0.0,0.0,0.006602840581960632,synthetic
unseen_well,3,tr001ad,ridge_imputed_gr,2456,11708.57568553261,2.183422858001978,0.02103400230407715,0.0,0.0,0.006602840581960632,synthetic
unseen_well,3,tr001ad,gated_pf_beam,2456,9936.791857597638,2.0114484888884943,0.020068645477294922,0.0,0.0,0.006602840581960632,synthetic
unseen_well,3,tr0017e,ridge_default,2720,17265.05199604801,2.5194137387063593,0.01916980743408203,0.0,0.0,0.00843205359469003,synthetic
unseen_well,3,tr0017e,ridge_gr_quality,2720,16657.094878423544,2.4746579441605445,0.018585205078125,0.0,0.0,0.00843205359469003,synthetic
unseen_well,3,tr0017e,ridge_imputed_gr,2720,18018.876993572216,2.5738273310363664,0.01853346824645996,0.0,0.0,0.00843205359469003,synthetic
unseen_well,3,tr0017e,gated_pf_beam,2720,17265.05199604801,2.5194137387063593,0.017391443252563477,0.0,0.0,0.00843205359469003,synthetic
unseen_well,3,tr001f9,ridge_default,4181,3454.3667692177187,0.9089586769471125,0.018091678619384766,0.0,0.0,0.03522286048359446,synthetic
unseen_well,3,tr001f9,ridge_gr_quality,4181,1876.4592384729856,0.6699300885023323,0.019423961639404297,0.0,0.0,0.03522286048359446,synthetic
unseen_well,3,tr001f9,ridge_imputed_gr,4181,2206.464780615708,0.7264544961958879,0.0197451114654541,0.0,0.0,0.03522286048359446,synthetic
unseen_well,3,tr001f9,gated_pf_beam,4181,3454.3667692177187,0.9089586769471125,0.01917886734008789,0.0,0.0,0.03522286048359446,synthetic
unseen_well,3,tr00182,ridge_default,2319,3481.80556911048,1.225326662029629,0.019452571868896484,0.030051150895140655,0.0,0.01258645122394041,synthetic
unseen_well,3,tr00182,ridge_gr_quality,2319,4109.798202212888,1.3312507780225789,0.019532442092895508,0.030051150895140655,0.0,0.01258645122394041,synthetic
unseen_well,3,tr00182,ridge_imputed_gr,2319,3536.0213679442963,1.2348296986323801,0.019471406936645508,0.030051150895140655,0.0,0.01258645122394041,synthetic
unseen_well,3,tr00182,gated_pf_beam,2319,3481.80556911048,1.225326662029629,0.017949819564819336,0.030051150895140655,0.0,0.01258645122394041,synthetic
unseen_well,3,tr001da,ridge_default,3975,2157.724812851048,0.7367658055919614,0.01818680763244629,0.130506329113924,0.1270440251572327,0.0670116059853271,synthetic
unseen_well,3,tr001da,ridge_gr_quality,3975,2340.1896944976884,0.7672854535107712,0.01960015296936035,0.130506329113924,0.1270440251572327,0.0670116059853271,synthetic
unseen_well,3,tr001da,ridge_imputed_gr,3975,2261.793208832854,0.7543239230187876,0.019695043563842773,0.130506329113924,0.1270440251572327,0.0670116059853271,synthetic
unseen_well,3,tr001da,gated_pf_beam,3975,2157.724812851048,0.7367658055919614,0.018280982971191406,0.130506329113924,0.1270440251572327,0.0670116059853271,synthetic
unseen_well,3,tr001bb,ridge_default,2988,39989.51949112782,3.6583293077128287,0.016773223876953125,0.7013492836277646,0.9203480589022758,0.00595511465273213,synthetic
unseen_well,3,tr001bb,ridge_gr_quality,2988,40079.57986804349,3.662446451767281,0.02290034294128418,0.7013492836277646,0.9203480589022758,0.00595511465273213,synthetic
unseen_well,3,tr001bb,ridge_imputed_gr,2988,18411.749268821543,2.4823169309450543,0.01891183853149414,0.7013492836277646,0.9203480589022758,0.00595511465273213,synthetic
unseen_well,3,tr001bb,gated_pf_beam,2988,39989.51949112782,3.6583293077128287,0.01801896095275879,0.7013492836277646,0.9203480589022758,0.00595511465273213,synthetic
unseen_well,3,tr00113,ridge_default,2656,15683.769237566336,2.4300274892439595,0.015705108642578125,0.015278554127072907,0.04781626506024096,0.02657903352621844,synthetic
unseen_well,3,tr00113,ridge_gr_quality,2656,22122.00042319374,2.886012201012884,0.017383813858032227,0.015278554127072907,0.04781626506024096,0.02657903352621844,synthetic
unseen_well,3,tr00113,ridge_imputed_gr,2656,17551.482316749178,2.570649494598058,0.018498897552490234,0.015278554127072907,0.04781626506024096,0.02657903352621844,synthetic
unseen_well,3,tr00113,gated_pf_beam,2656,15683.769237566336,2.4300274892439595,0.016981124877929688,0.015278554127072907,0.04781626506024096,0.02657903352621844,synthetic
unseen_well,3,tr0001b,ridge_default,2186,4577.868922802476,1.4471268380670765,0.01651453971862793,0.0,0.0,0.0014851500786974357,synthetic
unseen_well,3,tr0001b,ridge_gr_quality,2186,4817.822829628508,1.4845688161284103,0.01888251304626465,0.0,0.0,0.0014851500786974357,synthetic
unseen_well,3,tr0001b,ridge_imputed_gr,2186,4559.341253834869,1.4441954445585454,0.018931865692138672,0.0,0.0,0.0014851500786974357,synthetic
unseen_well,3,tr0001b,gated_pf_beam,2186,4577.868922802476,1.4471268380670765,0.017941951751708984,0.0,0.0,0.0014851500786974357,synthetic
unseen_well,3,tr001ac,ridge_default,2782,1588.6005507620532,0.7556641022018957,0.01917552947998047,0.5287794729542302,0.4820273184759166,0.04404889587249875,synthetic
unseen_well,3,tr001ac,ridge_gr_quality,2782,5151.567089718555,1.360790025341608,0.018301725387573242,0.5287794729542302,0.4820273184759166,0.04404889587249875,synthetic
unseen_well,3,tr001ac,ridge_imputed_gr,2782,2127.7564357163437,0.8745454679997908,0.01818680763244629,0.5287794729542302,0.4820273184759166,0.04404889587249875,synthetic
unseen_well,3,tr001ac,gated_pf_beam,2782,1588.6005507620532,0.7556641022018957,0.016498565673828125,0.5287794729542302,0.4820273184759166,0.04404889587249875,synthetic
unseen_well,3,tr00241,ridge_default,2726,22439.62274447472,2.8690944798728397,0.025003910064697266,0.5477127397934087,0.0,0.04313202059224182,synthetic
unseen_well,3,tr00241,ridge_gr_quality,2726,24667.725454298197,3.00816481582547,0.019389629364013672,0.5477127397934087,0.0,0.04313202059224182,synthetic
unseen_well,3,tr00241,ridge_imputed_gr,2726,24313.768969568944,2.986504800030446,0.01936483383178711,0.5477127397934087,0.0,0.04313202059224182,synthetic
unseen_well,3,tr00241,gated_pf_beam,2726,22439.62274447472,2.8690944798728397,0.018236875534057617,0.5477127397934087,0.0,0.04313202059224182,synthetic
unseen_well,4,tr002aa,ridge_default,4228,703.4605974321778,0.40789877303396654,0.02326798439025879,0.0,0.0,0.013094057861671856,synthetic
unseen_well,4,tr002aa,ridge_gr_quality,4228,725.8320153581442,0.4143339982427762,0.02187347412109375,0.0,0.0,0.013094057861671856,synthetic
unseen_well,4,tr002aa,ridge_imputed_gr,4228,675.6964486489032,0.39976827744352894,0.021680593490600586,0.0,0.0,0.013094057861671856,synthetic
unseen_well,4,tr002aa,gated_pf_beam,4228,703.4605974321778,0.40789877303396654,0.019454479217529297,0.0,0.0,0.013094057861671856,synthetic
unseen_well,4,tr00297,ridge_default,1532,1925.3816047098421,1.121060437434036,0.015290498733520508,0.0,0.0,0.001813546935551666,synthetic
unseen_well,4,tr00297,ridge_gr_quality,1532,2521.1579022748456,1.2828345283287137,0.017713546752929688,0.0,0.0,0.001813546935551666,synthetic
unseen_well,4,tr00297,ridge_imputed_gr,1532,2330.715397563947,1.2334320808819554,0.01778411865234375,0.0,0.0,0.001813546935551666,synthetic
unseen_well,4,tr00297,gated_pf_beam,1532,1925.3816047098421,1.121060437434036,0.01553654670715332,0.0,0.0,0.001813546935551666,synthetic
unseen_well,4,tr00038,ridge_default,3286,65756.05670554697,4.473362585996167,0.016399860382080078,0.0766360951344629,0.16372489348752284,0.012263817700237562,synthetic
unseen_well,4,tr00038,ridge_gr_quality,3286,71754.37688202532,4.672942306487878,0.017853736877441406,0.0766360951344629,0.16372489348752284,0.012263817700237562,synthetic
unseen_well,4,tr00038,ridge_imputed_gr,3286,62434.4968369378,4.358916287117049,0.018017053604125977,0.0766360951344629,0.16372489348752284,0.012263817700237562,synthetic
unseen_well,4,tr00038,gated_pf_beam,3286,65756.05670554697,4.473362585996167,0.016916275024414062,0.0766360951344629,0.16372489348752284,0.012263817700237562,synthetic
unseen_well,4,tr00032,ridge_default,2100,9263.348421715555,2.1002662440878836,0.014912128448486328,0.07471783295711065,0.07285714285714286,0.016567017827316673,synthetic
unseen_well,4,tr00032,ridge_gr_quality,2100,13048.072454285333,2.492662800174538,0.017075777053833008,0.07471783295711065,0.07285714285714286,0.016567017827316673,synthetic
unseen_well,4,tr00032,ridge_imputed_gr,2100,9720.704941839524,2.1514895108184184,0.01593637466430664,0.07471783295711065,0.07285714285714286,0.016567017827316673,synthetic
unseen_well,4,tr00032,gated_pf_beam,2100,9263.348421715555,2.1002662440878836,0.01508951187133789,0.07471783295711065,0.07285714285714286,0.016567017827316673,synthetic
unseen_well,4,tr00184,ridge_default,1121,2064.7441197543794,1.3571576925534754,0.01429891586303711,0.1776333604115895,0.4701159678858162,0.0006419783731887831,synthetic
unseen_well,4,tr00184,ridge_gr_quality,1121,1933.1485234717507,1.3131967666605273,0.015908479690551758,0.1776333604115895,0.4701159678858162,0.0006419783731887831,synthetic
unseen_well,4,tr00184,ridge_imputed_gr,1121,1914.516203960641,1.3068529330896133,0.01551508903503418,0.1776333604115895,0.4701159678858162,0.0006419783731887831,synthetic
unseen_well,4,tr00184,gated_pf_beam,1121,2064.7441197543794,1.3571576925534754,0.014988422393798828,0.1776333604115895,0.4701159678858162,0.0006419783731887831,synthetic
unseen_well,4,tr0000f,ridge_default,2649,9260.451856280279,1.8697136987568694,0.01704239845275879,0.5366584900517852,0.7146092865232163,0.031191290968633607,synthetic
unseen_well,4,tr0000f,ridge_gr_quality,2649,15188.290172593344,2.394492404276671,0.018717288970947266,0.5366584900517852,0.7146092865232163,0.031191290968633607,synthetic
unseen_well,4,tr0000f,ridge_imputed_gr,2649,4959.039113236158,1.3682258385776498,0.01857137680053711,0.5366584900517852,0.7146092865232163,0.031191290968633607,synthetic
unseen_well,4,tr0000f,gated_pf_beam,2649,9260.451856280279,1.8697136987568694,0.01859879493713379,0.5366584900517852,0.7146092865232163,0.031191290968633607,synthetic
unseen_well,4,tr001f3,ridge_default,1722,1883.6955475857567,1.0458966743507587,0.014663934707641602,0.0,0.0,0.002832298360609025,synthetic
unseen_well,4,tr001f3,ridge_gr_quality,1722,4410.80696145474,1.6004512577667191,0.01661372184753418,0.0,0.0,0.002832298360609025,synthetic
unseen_well,4,tr001f3,ridge_imputed_gr,1722,1821.4126686353443,1.0284604679650389,0.016012191772460938,0.0,0.0,0.002832298360609025,synthetic
unseen_well,4,tr001f3,gated_pf_beam,1722,1883.6955475857567,1.0458966743507587,0.01517176628112793,0.0,0.0,0.002832298360609025,synthetic
unseen_well,4,tr00063,ridge_default,1178,210.27338707759,0.4224929923546497,0.0188906192779541,0.08648648648648649,0.3777589134125637,0.002003530481316437,synthetic
unseen_well,4,tr00063,ridge_gr_quality,1178,36.76956115568095,0.17667356725936736,0.01728510856628418,0.08648648648648649,0.3777589134125637,0.002003530481316437,synthetic
unseen_well,4,tr00063,ridge_imputed_gr,1178,551.5491301745349,0.6842573274223551,0.017070531845092773,0.08648648648648649,0.3777589134125637,0.002003530481316437,synthetic
unseen_well,4,tr00063,gated_pf_beam,1178,210.27338707759,0.4224929923546497,0.015785932540893555,0.08648648648648649,0.3777589134125637,0.002003530481316437,synthetic
unseen_well,4,tr00169,ridge_default,2631,521.7954947679867,0.4453379836867411,0.016562223434448242,0.14203346927295735,0.29038388445458,0.1986491920429796,synthetic
unseen_well,4,tr00169,ridge_gr_quality,2631,825.8848572016836,0.5602725273505016,0.018291473388671875,0.14203346927295735,0.29038388445458,0.1986491920429796,synthetic
unseen_well,4,tr00169,ridge_imputed_gr,2631,889.8666975348841,0.5815700768516203,0.01841425895690918,0.14203346927295735,0.29038388445458,0.1986491920429796,synthetic
unseen_well,4,tr00169,gated_pf_beam,2631,544.7694620818146,0.45503620552624635,0.017377614974975586,0.14203346927295735,0.29038388445458,0.1986491920429796,synthetic
unseen_well,4,tr000ad,ridge_default,2093,26102.46980666428,3.531475412479343,0.01502847671508789,0.11882880957469544,0.1347348303870043,0.02717211159443345,synthetic
unseen_well,4,tr000ad,ridge_gr_quality,2093,29964.57565175639,3.7837240174095452,0.01713871955871582,0.11882880957469544,0.1347348303870043,0.02717211159443345,synthetic
unseen_well,4,tr000ad,ridge_imputed_gr,2093,25445.971606436862,3.4867828800448346,0.016351938247680664,0.11882880957469544,0.1347348303870043,0.02717211159443345,synthetic
unseen_well,4,tr000ad,gated_pf_beam,2093,26275.378081801584,3.5431527257964706,0.015469551086425781,0.11882880957469544,0.1347348303870043,0.02717211159443345,synthetic
unseen_well,4,tr001aa,ridge_default,3783,14895.502401592672,1.98430948028747,0.017086029052734375,0.06334214834403729,0.07665873645255089,0.020134085555179107,synthetic
unseen_well,4,tr001aa,ridge_gr_quality,3783,18940.024158651904,2.237546624737139,0.019044160842895508,0.06334214834403729,0.07665873645255089,0.020134085555179107,synthetic
unseen_well,4,tr001aa,ridge_imputed_gr,3783,15399.944018444136,2.017629412927498,0.01874852180480957,0.06334214834403729,0.07665873645255089,0.020134085555179107,synthetic
unseen_well,4,tr001aa,gated_pf_beam,3783,14895.502401592672,1.98430948028747,0.017945051193237305,0.06334214834403729,0.07665873645255089,0.020134085555179107,synthetic
unseen_well,4,tr00001,ridge_default,3072,7307.90470226321,1.5423602784697568,0.016933441162109375,0.02426903963943139,0.0830078125,0.14381774178077866,synthetic
unseen_well,4,tr00001,ridge_gr_quality,3072,4836.041446931253,1.254684120342487,0.019068002700805664,0.02426903963943139,0.0830078125,0.14381774178077866,synthetic
unseen_well,4,tr00001,ridge_imputed_gr,3072,7090.676784219386,1.5192639716969578,0.019123315811157227,0.02426903963943139,0.0830078125,0.14381774178077866,synthetic
unseen_well,4,tr00001,gated_pf_beam,3072,7307.90470226321,1.5423602784697568,0.017688751220703125,0.02426903963943139,0.0830078125,0.14381774178077866,synthetic
unseen_well,4,tr00178,ridge_default,2025,714.320020843719,0.5939281333437112,0.016435623168945312,0.04292307692307695,0.16,0.006419248257465192,synthetic
unseen_well,4,tr00178,ridge_gr_quality,2025,657.1429374016225,0.5696622076420518,0.018210649490356445,0.04292307692307695,0.16,0.006419248257465192,synthetic
unseen_well,4,tr00178,ridge_imputed_gr,2025,671.5509185530307,0.5758733222125023,0.017615556716918945,0.04292307692307695,0.16,0.006419248257465192,synthetic
unseen_well,4,tr00178,gated_pf_beam,2025,714.320020843719,0.5939281333437112,0.017128705978393555,0.04292307692307695,0.16,0.006419248257465192,synthetic
unseen_well,4,tr00298,ridge_default,2727,11078.933077160542,2.015609518185135,0.0170285701751709,0.0,0.0,0.0013633369851704848,synthetic
unseen_well,4,tr00298,ridge_gr_quality,2727,9341.86907040179,1.850863193738762,0.01884627342224121,0.0,0.0,0.0013633369851704848,synthetic
unseen_well,4,tr00298,ridge_imputed_gr,2727,15521.72730323673,2.3857638605081206,0.01855921745300293,0.0,0.0,0.0013633369851704848,synthetic
unseen_well,4,tr00298,gated_pf_beam,2727,11078.933077160542,2.015609518185135,0.01796412467956543,0.0,0.0,0.0013633369851704848,synthetic
unseen_well,4,tr0003e,ridge_default,2209,9470.338561031955,2.070546053623883,0.01481485366821289,0.0887814313346228,0.08012675418741512,0.004884981843888001,synthetic
unseen_well,4,tr0003e,ridge_gr_quality,2209,9166.194069698071,2.0370264401414264,0.019179582595825195,0.0887814313346228,0.08012675418741512,0.004884981843888001,synthetic
unseen_well,4,tr0003e,ridge_imputed_gr,2209,10530.557933691169,2.1833724846740363,0.017812252044677734,0.0887814313346228,0.08012675418741512,0.004884981843888001,synthetic
unseen_well,4,tr0003e,gated_pf_beam,2209,9470.338561031955,2.070546053623883,0.016556739807128906,0.0887814313346228,0.08012675418741512,0.004884981843888001,synthetic
unseen_well,4,tr00058,ridge_default,3763,52188.17002587654,3.7240793423538703,0.018717288970947266,0.0,0.0,0.00915859093805249,synthetic
unseen_well,4,tr00058,ridge_gr_quality,3763,49659.85302164137,3.632750788913357,0.02234482765197754,0.0,0.0,0.00915859093805249,synthetic
unseen_well,4,tr00058,ridge_imputed_gr,3763,51006.9677649896,3.681693613281171,0.023792743682861328,0.0,0.0,0.00915859093805249,synthetic
unseen_well,4,tr00058,gated_pf_beam,3763,52188.17002587654,3.7240793423538703,0.01917243003845215,0.0,0.0,0.00915859093805249,synthetic
unseen_well,4,tr00285,ridge_default,3226,36245.03355372529,3.3519078573967054,0.017974138259887695,0.0974090682610862,0.04432734035957842,0.11942734282794348,synthetic
unseen_well,4,tr00285,ridge_gr_quality,3226,36345.90929756875,3.356569065115893,0.01991415023803711,0.0974090682610862,0.04432734035957842,0.11942734282794348,synthetic
unseen_well,4,tr00285,ridge_imputed_gr,3226,41003.00371287874,3.56513233146821,0.01972198486328125,0.0974090682610862,0.04432734035957842,0.11942734282794348,synthetic
unseen_well,4,tr00285,gated_pf_beam,3226,36245.03355372529,3.3519078573967054,0.01889967918395996,0.0974090682610862,0.04432734035957842,0.11942734282794348,synthetic
unseen_well,4,tr001e0,ridge_default,2048,2276.777269167912,1.0543754791159052,0.01622915267944336,0.20670491215489428,0.30224609375,0.0053283456707416054,synthetic
unseen_well,4,tr001e0,ridge_gr_quality,2048,1263.3062864701792,0.7853972069536007,0.01836991310119629,0.20670491215489428,0.30224609375,0.0053283456707416054,synthetic
unseen_well,4,tr001e0,ridge_imputed_gr,2048,2184.373857157386,1.0327578600234082,0.018503904342651367,0.20670491215489428,0.30224609375,0.0053283456707416054,synthetic
unseen_well,4,tr001e0,gated_pf_beam,2048,2276.777269167912,1.0543754791159052,0.01662158966064453,0.20670491215489428,0.30224609375,0.0053283456707416054,synthetic
unseen_well,4,tr0010c,ridge_default,3274,31214.180493707485,3.087710901524798,0.017810821533203125,0.0,0.0,0.024377161538368036,synthetic
unseen_well,4,tr0010c,ridge_gr_quality,3274,36908.95356843647,3.357581232278521,0.020213842391967773,0.0,0.0,0.024377161538368036,synthetic
unseen_well,4,tr0010c,ridge_imputed_gr,3274,26539.148461098444,2.847109394853134,0.020669221878051758,0.0,0.0,0.024377161538368036,synthetic
unseen_well,4,tr0010c,gated_pf_beam,3274,31214.180493707485,3.087710901524798,0.019457340240478516,0.0,0.0,0.024377161538368036,synthetic
unseen_well,4,tr002ba,ridge_default,4116,653.7874378019055,0.3985479712338436,0.018251895904541016,0.0,0.0,0.01751870740651522,synthetic
unseen_well,4,tr002ba,ridge_gr_quality,4116,1130.4723104722532,0.5240735985098528,0.01952672004699707,0.0,0.0,0.01751870740651522,synthetic
unseen_well,4,tr002ba,ridge_imputed_gr,4116,703.2653110309524,0.4133537814596303,0.020212411880493164,0.0,0.0,0.01751870740651522,synthetic
unseen_well,4,tr002ba,gated_pf_beam,4116,653.7874378019055,0.3985479712338436,0.018367528915405273,0.0,0.0,0.01751870740651522,synthetic
